{"type": "FeatureCollection", "name": "g102-osm-route", "crs": {"type": "name", "properties": {"name": "urn:ogc:def:crs:OGC:1.3:CRS84"}}, "features": [{"type": "Feature", "properties": {"osmWayId": 5202950, "highway": "trunk", "name": "朝阳路", "name:en": "Chaoyang Road", "name:fr": "Route Cháoyáng", "name:zh": "朝阳路", "name:zh-Latn-pinyin": "cháoyáng lù", "oneway": "yes", "ref": "G102", "sourceMembership": "g102-tag"}, "geometry": {"type": "LineString", "coordinates": [[116.4856164, 39.9142401], [116.4878046, 39.9142781], [116.4898846, 39.9143471]]}}, {"type": "Feature", "properties": {"osmWayId": 22788324, "highway": "trunk", "name": "朝阳北路", "oneway": "yes", "ref": "G102", "trolley_wire": "yes", "sourceMembership": "g102-tag"}, "geometry": {"type": "LineString", "coordinates": [[116.4465909, 39.920324], [116.4466192, 39.9204693], [116.4466451, 39.9206027], [116.4466807, 39.9213796], [116.4466856, 39.9214863], [116.4466932, 39.9216516]]}}, {"type": "Feature", "properties": {"osmWayId": 29377362, "highway": "motorway", "lanes": "2", "loc_name": "通燕高速", "name": "通燕高速", "oneway": "yes", "ref": "G102", "short_name": "京哈线", "sourceMembership": "g102-tag"}, "geometry": {"type": "LineString", "coordinates": [[116.681608, 39.922539], [116.6864893, 39.9224173], [116.7021198, 39.9223133]]}}, {"type": "Feature", "properties": {"osmWayId": 29377719, "bridge": "yes", "highway": "motorway", "lanes": "2", "layer": "2", "name": "通州北关桥", "name:zh": "通州北关桥", "name:zh-Hans": "通州北关桥", "name:zh-Hant": "通州北關橋", "oneway": "yes", "ref": "G102", "sourceMembership": "g102-tag"}, "geometry": {"type": "LineString", "coordinates": [[116.6513028, 39.9214168], [116.6485096, 39.9211993], [116.6471123, 39.9211061], [116.645712, 39.921016], [116.6447676, 39.9209634], [116.6442177, 39.9209526], [116.6436757, 39.9209706], [116.6429989, 39.9210283], [116.6423722, 39.9211076], [116.6395677, 39.9215069], [116.6390366, 39.9215634], [116.6385525, 39.9215934], [116.6380966, 39.921597], [116.6376626, 39.9215778], [116.6372162, 39.9215238], [116.636743, 39.9214264], [116.6362918, 39.9212919], [116.6358783, 39.9211261], [116.6354067, 39.9208822], [116.6349978, 39.920619], [116.6345639, 39.9202706], [116.6336876, 39.919374], [116.6330024, 39.9186577], [116.632623, 39.918281], [116.632225, 39.917937]]}}, {"type": "Feature", "properties": {"osmWayId": 29377722, "highway": "motorway", "lanes": "2", "loc_name": "通燕高速", "name": "通燕高速", "oneway": "yes", "ref": "G102", "short_name": "京哈线", "sourceMembership": "g102-tag"}, "geometry": {"type": "LineString", "coordinates": [[116.6513159, 39.9213266], [116.6535297, 39.9214862]]}}, {"type": "Feature", "properties": {"osmWayId": 29377734, "bridge": "yes", "highway": "motorway", "lanes": "2", "layer": "2", "name": "通州北关桥", "name:zh": "通州北关桥", "name:zh-Hans": "通州北关桥", "name:zh-Hant": "通州北關橋", "oneway": "yes", "ref": "G102", "sourceMembership": "g102-tag"}, "geometry": {"type": "LineString", "coordinates": [[116.6323224, 39.9178812], [116.6327299, 39.9182216], [116.6330917, 39.9185975], [116.6337955, 39.9193199], [116.6346838, 39.920204], [116.63509, 39.9205406], [116.6354708, 39.9207897], [116.6359236, 39.9210276], [116.6363262, 39.9211838], [116.636768, 39.921316], [116.6372427, 39.9214157], [116.6376641, 39.9214782], [116.6381059, 39.9214986], [116.6385461, 39.9214962], [116.6390114, 39.9214613], [116.6395613, 39.9213989], [116.6423505, 39.9210113], [116.6429886, 39.9209229], [116.6436621, 39.9208686], [116.6442035, 39.9208513], [116.6447726, 39.9208606], [116.6457253, 39.9209141], [116.6468707, 39.9209872], [116.6471323, 39.9210039], [116.6485209, 39.9211005], [116.650438, 39.9212556], [116.6513159, 39.9213266]]}}, {"type": "Feature", "properties": {"osmWayId": 29377875, "highway": "motorway", "lanes": "2", "loc_name": "通燕高速", "name": "通燕高速", "oneway": "yes", "ref": "G102", "short_name": "京哈线", "sourceMembership": "g102-tag"}, "geometry": {"type": "LineString", "coordinates": [[116.632225, 39.917937], [116.6317981, 39.917641], [116.6313813, 39.9173942], [116.6310522, 39.9172087]]}}, {"type": "Feature", "properties": {"osmWayId": 30324856, "bicycle": "yes", "foot": "yes", "highway": "trunk", "horse": "yes", "lanes": "2", "name": "萧红大道", "ref": "G102", "source": "yahoo imagery", "sourceMembership": "g102-tag"}, "geometry": {"type": "LineString", "coordinates": [[126.6255361, 45.9771462], [126.6250517, 45.9769998], [126.624904, 45.9769515], [126.6232821, 45.9764979], [126.6211658, 45.9758864], [126.6191312, 45.9753324], [126.6175263, 45.9749032], [126.6171935, 45.9748245], [126.6169215, 45.9747609], [126.6167328, 45.9747231], [126.6162014, 45.974621], [126.6156883, 45.9745504], [126.6150845, 45.974483], [126.6124707, 45.9741991], [126.6117904, 45.9741258], [126.6109157, 45.9740412], [126.6100971, 45.9739588], [126.6089875, 45.9738306]]}}, {"type": "Feature", "properties": {"osmWayId": 30609019, "highway": "trunk", "lanes": "2", "name": "京抚线;同哈线", "name:en": "Jiatong Expressway", "note": "not really sure its a road", "ref": "G102;G221", "source": "Bing", "sourceMembership": "g102-tag"}, "geometry": {"type": "LineString", "coordinates": [[132.4918251, 47.329474], [132.4919002, 47.3293715], [132.4928116, 47.328154], [132.4926513, 47.3280922], [132.4924195, 47.3280131], [132.4867055, 47.326184], [132.4808129, 47.3244468], [132.4803563, 47.3242945], [132.4799059, 47.3241206], [132.4795494, 47.3239257], [132.4792586, 47.3237417], [132.4790065, 47.3235111], [132.4787744, 47.3232652], [132.4785906, 47.3229981], [132.4784188, 47.3226516], [132.4770533, 47.3189217], [132.4768284, 47.3183219], [132.4760511, 47.3162488], [132.4758914, 47.3158889], [132.475757, 47.3156953], [132.4755971, 47.3154868], [132.4753736, 47.3153095], [132.4749809, 47.3151169], [132.4745437, 47.3149492], [132.4742108, 47.314818], [132.4739453, 47.3146859], [132.4736093, 47.3144678], [132.4727609, 47.3138538], [132.4718319, 47.3131214], [132.4715943, 47.3128884], [132.4714182, 47.3126425], [132.4713532, 47.3124356], [132.4712875, 47.3122052], [132.4712863, 47.3120515], [132.4713014, 47.3117379], [132.4714316, 47.3113926], [132.4738745, 47.3074648], [132.4739611, 47.3072633], [132.4740034, 47.3070489], [132.474044, 47.3067937], [132.4740305, 47.3064917], [132.4738647, 47.3040882], [132.4738239, 47.303496], [132.4737594, 47.3032244], [132.4736649, 47.303005], [132.4735065, 47.3027316], [132.4733703, 47.3025365], [132.4731305, 47.302298], [132.4728748, 47.3020851], [132.4725159, 47.3018637], [132.4720054, 47.3016093], [132.4714956, 47.3013856], [132.4707581, 47.3010778], [132.467996, 47.3000769], [132.4631195, 47.2984574], [132.4620748, 47.298118], [132.461565, 47.2979881], [132.4610125, 47.2978705], [132.460385, 47.2977519], [132.4596255, 47.2976366], [132.4589089, 47.2975708], [132.4583755, 47.2975509], [132.4578295, 47.297546], [132.4572071, 47.2975718], [132.448629, 47.2980126], [132.4478668, 47.2980486], [132.4474477, 47.2980975], [132.4471636, 47.2981566], [132.446884, 47.2982475], [132.4466734, 47.2983373], [132.4464921, 47.2984356], [132.4462825, 47.298577], [132.4461213, 47.2987144], [132.4458824, 47.2989863], [132.4430838, 47.3024016], [132.4428979, 47.3025869], [132.4427245, 47.302694], [132.442505, 47.3027684], [132.4423109, 47.3028175], [132.4421267, 47.3028287], [132.4418787, 47.3028183], [132.4415274, 47.3027729], [132.4409226, 47.3026721], [132.4404632, 47.3025981], [132.4398263, 47.3024739], [132.4356376, 47.3015407], [132.4318609, 47.3006278], [132.4315281, 47.3005729], [132.4311631, 47.3005756], [132.4308038, 47.3006434], [132.430461, 47.3007841], [132.4291728, 47.3016179], [132.4225319, 47.3057552], [132.4222811, 47.3058658], [132.4220005, 47.3059547], [132.4216891, 47.3060269], [132.4214171, 47.30605], [132.4212127, 47.3060467], [132.4209343, 47.30601], [132.4201388, 47.3058749], [132.405101, 47.3030169], [132.4020475, 47.302767], [132.3994589, 47.3028099], [132.3989828, 47.302852], [132.3970919, 47.3031166], [132.3951001, 47.303501], [132.3929013, 47.3042217], [132.3908955, 47.305034], [132.3782575, 47.3111793], [132.3774272, 47.3115694], [132.3767448, 47.3118522], [132.3758286, 47.3122168], [132.3750239, 47.312486], [132.374053, 47.3127915], [132.3731291, 47.3130269], [132.3723096, 47.313217], [132.371521, 47.3133734], [132.3705178, 47.313537], [132.3696208, 47.3136489], [132.3685706, 47.3137625], [132.3676962, 47.3138135], [132.3666125, 47.3138316], [132.3656189, 47.3138235], [132.3647189, 47.3137844], [132.3638445, 47.3137116], [132.3629862, 47.3136134], [132.361688, 47.3134425], [132.3603939, 47.313227], [132.3473389, 47.3108543]]}}, {"type": "Feature", "properties": {"osmWayId": 30886712, "highway": "trunk", "lanes": "4", "name": "白山路", "oneway": "yes", "ref": "G102", "source": "yahoo imagery", "sourceMembership": "g102-tag"}, "geometry": {"type": "LineString", "coordinates": [[123.4072353, 41.8575881], [123.4056951, 41.8575341], [123.4055606, 41.8575284], [123.4047255, 41.8574844], [123.4037735, 41.8574344]]}}, {"type": "Feature", "properties": {"osmWayId": 31098818, "highway": "trunk", "name": "朝阳门外大街", "name:en": "Chaoyangmen Outer Street", "name:zh": "朝阳门外大街", "name:zh-Latn-pinyin": "cháoyángmén wài dàJiē", "oneway": "yes", "ref": "G102", "trolley_wire": "yes", "sourceMembership": "g102-tag"}, "geometry": {"type": "LineString", "coordinates": [[116.4442489, 39.921456], [116.4444434, 39.9214164]]}}, {"type": "Feature", "properties": {"osmWayId": 31098940, "bridge": "yes", "highway": "trunk", "layer": "1", "name": "朝阳路", "oneway": "yes", "ref": "G102", "trolley_wire": "yes", "sourceMembership": "g102-tag"}, "geometry": {"type": "LineString", "coordinates": [[116.4856212, 39.9143327], [116.484032, 39.9143206]]}}, {"type": "Feature", "properties": {"osmWayId": 31098951, "highway": "trunk", "name": "朝阳路", "name:zh-Latn-pinyin": "cháoyáng lù", "oneway": "yes", "ref": "G102", "trolley_wire": "yes", "sourceMembership": "g102-tag"}, "geometry": {"type": "LineString", "coordinates": [[116.4819791, 39.9142795], [116.4788114, 39.9142162], [116.4786684, 39.9142133]]}}, {"type": "Feature", "properties": {"osmWayId": 31098955, "bridge": "yes", "highway": "trunk", "layer": "1", "name": "朝阳路", "oneway": "yes", "ref": "G102", "trolley_wire": "yes", "sourceMembership": "g102-tag"}, "geometry": {"type": "LineString", "coordinates": [[116.481983, 39.9141809], [116.4834521, 39.914197]]}}, {"type": "Feature", "properties": {"osmWayId": 31757284, "highway": "trunk", "name": "朝阳路", "name:en": "Chaoyang Road", "name:fr": "Route Cháoyáng", "name:zh": "朝阳路", "name:zh-Latn-pinyin": "cháoyáng lù", "oneway": "yes", "ref": "G102", "sourceMembership": "g102-tag"}, "geometry": {"type": "LineString", "coordinates": [[116.523878, 39.9157365], [116.5249645, 39.9156601], [116.5279907, 39.9154472], [116.5298072, 39.9153176], [116.5308102, 39.9152577], [116.5333351, 39.915119], [116.5344537, 39.9150575], [116.5385372, 39.9149175], [116.5414167, 39.9148144], [116.5440007, 39.9147218], [116.544492, 39.9147167], [116.5480493, 39.9147208], [116.5499761, 39.9147341], [116.5501918, 39.9147366], [116.5521092, 39.9147584], [116.5531507, 39.9147822], [116.5556728, 39.9149161], [116.5564489, 39.9149366], [116.5572667, 39.9149241], [116.5576585, 39.914902], [116.5580468, 39.9148812], [116.5582576, 39.9148658], [116.5600649, 39.9147336], [116.5635472, 39.9144792], [116.5644551, 39.9144283], [116.5650058, 39.9143764], [116.5655612, 39.9143203], [116.5673985, 39.9140789], [116.5707956, 39.9136488], [116.570969, 39.9136269], [116.5710525, 39.9136168], [116.5732232, 39.9133558], [116.5766949, 39.9129432], [116.5778606, 39.9128115], [116.5783391, 39.9127512], [116.5789337, 39.9126555], [116.5795585, 39.9125424], [116.5799582, 39.9124353], [116.580451, 39.9123045], [116.5810454, 39.9121406], [116.5815074, 39.9120027], [116.5845405, 39.911154], [116.5851789, 39.9110356], [116.5856457, 39.9109519], [116.5863352, 39.9108631], [116.5869499, 39.9107964], [116.587507, 39.9107369], [116.5882242, 39.9106978], [116.5886775, 39.9106975]]}}, {"type": "Feature", "properties": {"osmWayId": 38240749, "highway": "trunk", "name": "京抚线", "ref": "G102", "source": "Bing", "sourceMembership": "g102-tag"}, "geometry": {"type": "LineString", "coordinates": [[133.0634129, 47.4008183], [133.0651027, 47.4178939], [133.0668703, 47.4359872], [133.0668872, 47.436158], [133.0672833, 47.4401599], [133.0674577, 47.4415604], [133.0677044, 47.4428901], [133.06797, 47.4439223], [133.0682753, 47.4448234], [133.0697, 47.4490285], [133.0722749, 47.4565862], [133.0738413, 47.4613684], [133.0851619, 47.5004142], [133.085428, 47.5012202], [133.0857895, 47.5018725], [133.0998777, 47.5227045], [133.1034516, 47.5279879], [133.1068567, 47.5332355], [133.1070241, 47.5335034], [133.1076629, 47.5345258], [133.1102675, 47.5386944], [133.1103573, 47.5388382], [133.1105384, 47.5391281], [133.1113578, 47.5404394], [133.112496, 47.5422608], [133.1125372, 47.5423269], [133.1126194, 47.5424584], [133.1142323, 47.5450395], [133.1154664, 47.5470142], [133.1158884, 47.5476895], [133.1175425, 47.5503363], [133.1192967, 47.5531429], [133.119329, 47.5531947], [133.1201186, 47.554107], [133.1210638, 47.554771], [133.1222676, 47.5552981], [133.1239981, 47.5557928], [133.1354978, 47.5589111], [133.1425644, 47.5607589], [133.1805443, 47.5706975], [133.186777, 47.5723114], [133.1902471, 47.5732045], [133.190825, 47.57335], [133.1913149, 47.5734494], [133.192008, 47.5735354], [133.1927379, 47.5735599], [133.204315, 47.5737046]]}}, {"type": "Feature", "properties": {"osmWayId": 41958779, "highway": "trunk", "lanes": "3", "name": "卫星路", "name:en": "Weixing Road", "name:zh": "卫星路", "name:zh-Latn-pinyin": "Wèixīng Lù", "oneway": "yes", "ref": "G102", "sourceMembership": "g102-tag"}, "geometry": {"type": "LineString", "coordinates": [[125.3964075, 43.8366473], [125.3963828, 43.8365567], [125.3963365, 43.836483], [125.3962365, 43.8363844], [125.3958401, 43.8360714], [125.3929919, 43.8338157], [125.3907483, 43.8320308]]}}, {"type": "Feature", "properties": {"osmWayId": 41958780, "highway": "trunk", "lanes": "3", "name": "世纪大街", "name:en": "Shiji Street", "name:zh": "世纪大街", "oneway": "yes", "ref": "G102", "surface": "asphalt", "sourceMembership": "g102-tag"}, "geometry": {"type": "LineString", "coordinates": [[125.3989973, 43.8381384], [125.3990916, 43.838218], [125.4020515, 43.8407132], [125.402466, 43.8410539], [125.4025409, 43.8411371], [125.403184, 43.8418512], [125.4035005, 43.8422481], [125.4036824, 43.842545], [125.4038259, 43.8428893], [125.4039459, 43.843259], [125.4040666, 43.843739], [125.4041078, 43.8440311], [125.404135, 43.8444399], [125.4041442, 43.8448069], [125.4041288, 43.8453506]]}}, {"type": "Feature", "properties": {"osmWayId": 41958781, "highway": "trunk", "junction": "roundabout", "name": "世纪广场", "name:en": "Century Plaza", "name:zh": "世纪广场", "name:zh-Latn-pinyin": "Shìjì Guǎngchǎng", "ref": "G102", "sourceMembership": "g102-tag"}, "geometry": {"type": "LineString", "coordinates": [[125.3978153, 43.8384963], [125.3974255, 43.8384642], [125.3970568, 43.8383674], [125.3967417, 43.8382187], [125.3964459, 43.838034], [125.3963494, 43.8379283], [125.3962692, 43.8378143], [125.3961892, 43.8376837], [125.3961463, 43.8375405], [125.3961543, 43.8374619], [125.3961542, 43.8371203], [125.396287, 43.8367923], [125.3963259, 43.8367484], [125.3964075, 43.8366473], [125.3967057, 43.8363877], [125.3968782, 43.8363042], [125.3971909, 43.8361706], [125.3975239, 43.8361029], [125.3978691, 43.836086], [125.3982119, 43.8361208], [125.3984319, 43.8361686], [125.3985373, 43.8362058], [125.3988182, 43.83633], [125.3990599, 43.8364915], [125.3992529, 43.836684], [125.3993482, 43.8368412], [125.3994564, 43.8372539], [125.3994112, 43.8376334], [125.3992474, 43.8379043], [125.399082, 43.8380591], [125.3989973, 43.8381384], [125.3988167, 43.8382524], [125.3985099, 43.8383851], [125.3981709, 43.8384677], [125.3978153, 43.8384963]]}}, {"type": "Feature", "properties": {"osmWayId": 42498820, "highway": "trunk", "name": "京抚线", "ref": "G102", "source": "bing", "sourceMembership": "g102-tag"}, "geometry": {"type": "LineString", "coordinates": [[119.2110486, 39.895491], [119.2105402, 39.8955469], [119.2090756, 39.8957078], [119.2073487, 39.896082], [119.202229, 39.8970192], [119.1989565, 39.8976417], [119.1911682, 39.8990491], [119.1756456, 39.9018647], [119.1658469, 39.9036458], [119.1649714, 39.9036699], [119.1609838, 39.9030999], [119.1589722, 39.9027719], [119.1550948, 39.9021397], [119.154009, 39.9019627], [119.153135, 39.9018909], [119.1523651, 39.9020106], [119.15172, 39.902306], [119.1511061, 39.9028567], [119.1500657, 39.904046], [119.1484738, 39.9055944], [119.1472172, 39.9063064], [119.1459662, 39.9070151], [119.1430626, 39.9084665], [119.1425015, 39.908747], [119.1409824, 39.9090742], [119.1367459, 39.9097565], [119.135135, 39.910016], [119.1338864, 39.9102314], [119.1330541, 39.9102793], [119.1321281, 39.9102314], [119.1292356, 39.9097925], [119.1277086, 39.9095017], [119.1262182, 39.9092977], [119.1247199, 39.9092258], [119.1230324, 39.9093376], [119.1219107, 39.9093456], [119.1203292, 39.9093615], [119.1196737, 39.9093296], [119.1190286, 39.9091939], [119.118165, 39.9087949], [119.1132228, 39.9059216], [119.1096436, 39.9038704], [119.1085151, 39.9033642], [119.1079372, 39.9032877], [119.1071673, 39.9032957], [119.1064709, 39.9033795]]}}, {"type": "Feature", "properties": {"osmWayId": 42500934, "highway": "motorway", "lanes": "2", "loc_name": "通燕高速", "name": "通燕高速", "oneway": "yes", "ref": "G102", "short_name": "京哈线", "sourceMembership": "g102-tag"}, "geometry": {"type": "LineString", "coordinates": [[116.7880532, 39.9413339], [116.7870006, 39.9411589], [116.7857087, 39.9410003]]}}, {"type": "Feature", "properties": {"osmWayId": 42501199, "highway": "motorway", "lanes": "2", "loc_name": "通燕高速", "name": "通燕高速", "oneway": "yes", "ref": "G102", "short_name": "京哈线", "sourceMembership": "g102-tag"}, "geometry": {"type": "LineString", "coordinates": [[116.756844, 39.9334358], [116.7590913, 39.9340104], [116.7593503, 39.934094], [116.7602065, 39.93439], [116.761314, 39.9347864], [116.7621437, 39.9351199], [116.7633225, 39.9356525], [116.7663782, 39.937033], [116.7670301, 39.937322], [116.7678493, 39.9376615], [116.7685335, 39.9379274], [116.7689164, 39.9380608], [116.7692993, 39.9381942]]}}, {"type": "Feature", "properties": {"osmWayId": 42676413, "highway": "trunk", "lanes": "2", "name": "京抚线;沈盘线", "oneway": "yes", "ref": "G102;S102", "source": "bing", "sourceMembership": "g102-tag"}, "geometry": {"type": "LineString", "coordinates": [[123.1447899, 41.6937575], [123.1419833, 41.6931897], [123.1407903, 41.6928692], [123.1400281, 41.6925674], [123.1396573, 41.6924206], [123.1389278, 41.6920296], [123.1370996, 41.6907734], [123.1340983, 41.6887655], [123.1331428, 41.6881263], [123.1324304, 41.6876904], [123.1317437, 41.6874468], [123.1311601, 41.6872674], [123.1304992, 41.6871648], [123.129804, 41.6871135], [123.1292174, 41.6871418], [123.1287344, 41.6871652], [123.1266197, 41.6872674], [123.1259502, 41.6872481], [123.1253322, 41.6871712], [123.1249912, 41.6871044], [123.1246455, 41.6870366], [123.1240619, 41.6868507], [123.1234611, 41.6865815], [123.1232317, 41.6864319], [123.1228517, 41.6861841], [123.1205418, 41.6844866], [123.1198732, 41.6839917], [123.1193266, 41.6835458], [123.118766, 41.6830943], [123.1183899, 41.6827674], [123.117846, 41.6822317], [123.1174537, 41.681854], [123.1159792, 41.6804929], [123.1151531, 41.6797557], [123.1142411, 41.6789544], [123.1132755, 41.6782172], [123.11187, 41.6771754], [123.1099388, 41.6757651], [123.1084899, 41.6747365], [123.1073419, 41.6738951], [123.1053469, 41.6724474], [123.1031684, 41.6708738], [123.1014732, 41.6695707], [123.1010894, 41.6692737], [123.0996708, 41.6681762], [123.0981473, 41.6671984], [123.0966453, 41.6663328], [123.0923108, 41.6640886], [123.0905835, 41.6630675], [123.09015, 41.6627245], [123.089929, 41.6625497], [123.0878798, 41.6605507], [123.0858842, 41.6588033], [123.0848208, 41.6578773], [123.0837063, 41.6569067], [123.0822098, 41.6555301], [123.0815846, 41.6550941], [123.0805501, 41.6543725], [123.0785405, 41.653134], [123.0774065, 41.6524783], [123.0747887, 41.6506474], [123.0734354, 41.6497019], [123.073219, 41.6495507], [123.0716108, 41.6485245], [123.0705667, 41.6478665], [123.0699596, 41.6474839], [123.0691205, 41.6467733], [123.0686142, 41.6462276], [123.0680349, 41.6454058], [123.067522, 41.644289], [123.0660736, 41.6409889], [123.0652849, 41.6391779], [123.0645858, 41.6374499], [123.0637399, 41.6362432], [123.0628547, 41.6351859], [123.0616848, 41.6339133], [123.0607936, 41.6330813], [123.0602232, 41.6325487], [123.0597728, 41.6321282], [123.0560586, 41.6286604], [123.0555486, 41.6280435], [123.0551013, 41.627426], [123.0548132, 41.6269717], [123.0539326, 41.6259545], [123.0527163, 41.6245956], [123.0516742, 41.6235534], [123.048778, 41.6210807], [123.0444478, 41.6171358], [123.0403778, 41.6121229], [123.0393704, 41.6113031], [123.0247685, 41.6021053], [123.0021754, 41.5880712], [123.0011822, 41.5875585], [123.0002729, 41.5872592], [122.98852, 41.5842398], [122.9867757, 41.5839816], [122.978385, 41.5830505], [122.969572, 41.5814347], [122.9468963, 41.5765883], [122.9417308, 41.5754843], [122.9401898, 41.5750943], [122.9390021, 41.5744835], [122.9375861, 41.5731563], [122.9369215, 41.5721192], [122.9287571, 41.5585273], [122.9287274, 41.5584779], [122.9280974, 41.5574289], [122.9277834, 41.5566748], [122.9267359, 41.5517486], [122.926532, 41.5511801], [122.9236736, 41.5459624], [122.9232433, 41.5450125], [122.9206033, 41.5388432], [122.9194233, 41.5372252], [122.9188381, 41.5366405], [122.9163549, 41.534524], [122.9158336, 41.5341283], [122.91398, 41.5330683], [122.910631, 41.5313291], [122.9101891, 41.5310315], [122.9025951, 41.5253324], [122.9010221, 41.5241519], [122.8980212, 41.5222432], [122.8974261, 41.521839], [122.894254, 41.5195351], [122.8928663, 41.5185272], [122.890267, 41.5166808], [122.8882288, 41.5152871], [122.8869904, 41.5144016], [122.8864402, 41.5139917], [122.8859665, 41.5135278], [122.8856466, 41.5131867], [122.8852235, 41.5126114], [122.8849551, 41.5121785], [122.8846705, 41.5114445], [122.8844014, 41.5105676], [122.8838508, 41.5089379], [122.8829513, 41.5062752], [122.882848, 41.5060386], [122.8824907, 41.5056493], [122.8794919, 41.5034955], [122.8779991, 41.502713], [122.8772142, 41.5024109], [122.8692278, 41.4993497], [122.8559977, 41.4943192], [122.8532488, 41.4935915], [122.8478918, 41.4921733], [122.8461273, 41.4918825], [122.8444416, 41.4918825], [122.8431872, 41.4919659], [122.8216979, 41.4961718], [122.8213896, 41.4962365], [122.8151085, 41.4974572], [122.7801636, 41.5039401], [122.7762879, 41.5046697]]}}, {"type": "Feature", "properties": {"osmWayId": 42676453, "highway": "trunk", "name": "沈辽路", "oneway": "yes", "ref": "S102;G102", "sourceMembership": "g102-tag"}, "geometry": {"type": "LineString", "coordinates": [[123.2301635, 41.735001], [123.2307044, 41.7357338], [123.2313246, 41.7365567], [123.2325702, 41.7374878], [123.2334822, 41.73784], [123.23677, 41.7386026], [123.2381678, 41.7388458], [123.2383037, 41.7388768], [123.239653, 41.7393611], [123.239821, 41.739414], [123.2415524, 41.7400616], [123.244144, 41.7411849], [123.2442549, 41.7412231], [123.2465331, 41.7422396], [123.2497617, 41.7437431], [123.2528173, 41.7451438], [123.2535225, 41.7454642], [123.2550599, 41.7465253], [123.2573802, 41.7481676], [123.2596381, 41.749733], [123.2597969, 41.7498427], [123.2602183, 41.7501165], [123.2609585, 41.7506616], [123.2615524, 41.7510553], [123.2623113, 41.7514837], [123.2628391, 41.7517548], [123.2640593, 41.7522662], [123.2665676, 41.7533026], [123.2666603, 41.753343]]}}, {"type": "Feature", "properties": {"osmWayId": 42676551, "bridge": "yes", "highway": "trunk", "layer": "1", "name": "沈辽路", "oneway": "yes", "ref": "S102;G102", "sourceMembership": "g102-tag"}, "geometry": {"type": "LineString", "coordinates": [[123.229831, 41.7343984], [123.2301635, 41.735001]]}}, {"type": "Feature", "properties": {"osmWayId": 42712358, "highway": "trunk", "name": "朝阳路", "name:en": "Chaoyang Road", "name:fr": "Route Cháoyáng", "name:zh": "朝阳路", "name:zh-Latn-pinyin": "cháoyáng lù", "oneway": "yes", "ref": "G102", "sourceMembership": "g102-tag"}, "geometry": {"type": "LineString", "coordinates": [[116.515322, 39.9157447], [116.5151585, 39.9157225], [116.5124796, 39.9154123], [116.5123782, 39.9153998]]}}, {"type": "Feature", "properties": {"osmWayId": 42712367, "highway": "trunk", "lanes": "3", "name": "朝阳路", "name:en": "Chaoyang Road", "name:fr": "Route Cháoyáng", "name:zh": "朝阳路", "name:zh-Latn-pinyin": "cháoyáng lù", "oneway": "yes", "ref": "G102", "surface": "asphalt", "sourceMembership": "g102-tag"}, "geometry": {"type": "LineString", "coordinates": [[116.5934485, 39.9114019], [116.5931169, 39.9112527], [116.5930427, 39.9112193], [116.5929631, 39.9111835], [116.5926264, 39.9110521], [116.592375, 39.9109975], [116.5903523, 39.9108726], [116.5903192, 39.9108706]]}}, {"type": "Feature", "properties": {"osmWayId": 42749476, "highway": "trunk", "name": "朝阳路", "name:en": "Chaoyang Road", "name:fr": "Route Cháoyáng", "name:zh": "朝阳路", "name:zh-Latn-pinyin": "cháoyáng lù", "oneway": "yes", "ref": "G102", "sourceMembership": "g102-tag"}, "geometry": {"type": "LineString", "coordinates": [[116.6177911, 39.9128277], [116.6149431, 39.9126295], [116.6140958, 39.9125686], [116.60921, 39.9122162], [116.6067232, 39.912036], [116.6060315, 39.9119859], [116.6041809, 39.9118517], [116.5998477, 39.9115367], [116.5997555, 39.91153], [116.5957019, 39.9112363], [116.5955685, 39.9112275], [116.5952651, 39.9112514], [116.5950329, 39.9112993], [116.5947788, 39.9113742], [116.5947112, 39.9113965], [116.5945186, 39.9114601]]}}, {"type": "Feature", "properties": {"osmWayId": 42986774, "highway": "trunk", "lanes": "2", "name": "京哈公路", "oneway": "yes", "ref": "G102", "source": "Yahoo", "sourceMembership": "g102-tag"}, "geometry": {"type": "LineString", "coordinates": [[116.8555918, 39.9464855], [116.8588374, 39.9467144], [116.8605697, 39.9468419], [116.8619666, 39.9469448], [116.8622025, 39.9469636], [116.862438, 39.9469828], [116.8627119, 39.9470051], [116.8656309, 39.9472266], [116.8670568, 39.9473698], [116.8686667, 39.9475723], [116.8726877, 39.9480637], [116.8748575, 39.9483458], [116.8760169, 39.9484882], [116.8769085, 39.9485908], [116.8780056, 39.9486953], [116.8789015, 39.9487605], [116.8808856, 39.9488441], [116.8834561, 39.9489821], [116.8844499, 39.9490736], [116.8849147, 39.9491517], [116.8887514, 39.9498233], [116.8919885, 39.95039], [116.89507, 39.9509056], [116.8982526, 39.9513505], [116.8994165, 39.9514973], [116.905468, 39.9522603], [116.9080018, 39.9525797]]}}, {"type": "Feature", "properties": {"osmWayId": 44776996, "bridge": "yes", "highway": "trunk", "lanes": "2", "layer": "1", "name": "佳木斯松花江公路大桥", "oneway": "yes", "ref": "G102", "source": "Bing", "sourceMembership": "g102-tag"}, "geometry": {"type": "LineString", "coordinates": [[130.2663856, 46.840061], [130.2814979, 46.8325148]]}}, {"type": "Feature", "properties": {"osmWayId": 44813227, "highway": "trunk", "lanes": "6", "name": "京抚线", "oneway": "yes", "ref": "G102", "source": "Yahoo hires", "surface": "asphalt", "sourceMembership": "g102-tag"}, "geometry": {"type": "LineString", "coordinates": [[123.608338, 42.0099321], [123.6088923, 42.0119579], [123.6089625, 42.0122193], [123.6095103, 42.0142596], [123.6098284, 42.0154146], [123.6100144, 42.01609], [123.6102339, 42.0170203], [123.6103315, 42.0176365], [123.6104209, 42.018452], [123.6104169, 42.0207206], [123.6104152, 42.0216815], [123.6104128, 42.0230065], [123.6104068, 42.0243224], [123.6103884, 42.0283399], [123.6103884, 42.034023], [123.6103965, 42.0344337], [123.6104453, 42.0348625], [123.6105022, 42.0352248], [123.6105998, 42.0355993], [123.6107787, 42.0361851], [123.6120715, 42.0396514], [123.6132424, 42.0428639], [123.6136896, 42.0440353], [123.6139335, 42.0446271], [123.6156068, 42.0481986], [123.616013, 42.0490625], [123.6190235, 42.0554647], [123.6200236, 42.0576441], [123.6201455, 42.0580365], [123.6202756, 42.0585617], [123.6203651, 42.059099], [123.6203813, 42.0595276], [123.6203325, 42.0601917], [123.6202374, 42.0615846], [123.6201049, 42.0635239], [123.6200398, 42.0641094], [123.6199016, 42.0653589], [123.6198528, 42.0659324], [123.6198447, 42.0664394], [123.6198853, 42.0670128], [123.6199341, 42.0674052], [123.6200317, 42.0678036], [123.6201537, 42.0681476], [123.6203244, 42.0685339], [123.6205521, 42.0689444], [123.6207352, 42.0692462], [123.6207939, 42.069343], [123.6209668, 42.0695902], [123.6214384, 42.0701938], [123.6224222, 42.0714009], [123.6234382, 42.0727114], [123.6246989, 42.0745032], [123.6251217, 42.0750886], [123.6254713, 42.0755171], [123.6277724, 42.0782088], [123.6299189, 42.0807073], [123.6303092, 42.0810995], [123.6307158, 42.0814435], [123.6311142, 42.0817573], [123.6315207, 42.0820289], [123.6320655, 42.0823306], [123.63624, 42.0847369], [123.6371081, 42.0852138], [123.6376283, 42.0855563], [123.6381521, 42.0859447], [123.638681, 42.0864252], [123.6390624, 42.0868339], [123.6393341, 42.0871841], [123.6396237, 42.0876352], [123.6398912, 42.0881269], [123.6400737, 42.0885372], [123.6418854, 42.0934797], [123.6422959, 42.0945995], [123.6430229, 42.0966136]]}}, {"type": "Feature", "properties": {"osmWayId": 50362315, "alt_name:ru": "Годао 102", "bridge": "yes", "highway": "trunk", "layer": "1", "name": "京抚线", "name:ru": "Пекин — Харбин", "note": "trunk road superceded by G1", "ref": "G102", "source": "digitalGlobe Premium", "sourceMembership": "g102-tag"}, "geometry": {"type": "LineString", "coordinates": [[126.1753371, 45.1404059], [126.172856, 45.143998]]}}, {"type": "Feature", "properties": {"osmWayId": 51437885, "highway": "trunk", "lanes": "4", "name": "利民大道", "oneway": "yes", "ref": "G102;G202", "source": "GPS", "sourceMembership": "g102-tag"}, "geometry": {"type": "LineString", "coordinates": [[126.5371799, 45.8515417], [126.5370306, 45.8513826], [126.5352308, 45.8492632]]}}, {"type": "Feature", "properties": {"osmWayId": 51437886, "highway": "trunk", "oneway": "yes", "ref": "G102;G301", "source": "GPS", "sourceMembership": "g102-tag"}, "geometry": {"type": "LineString", "coordinates": [[126.5310922, 45.8391041], [126.5311236, 45.8391398], [126.5311995, 45.8392602], [126.5312609, 45.8393822], [126.5312723, 45.8395034], [126.5312808, 45.8396254], [126.5312617, 45.8397527], [126.5312188, 45.839877], [126.5311527, 45.8399964], [126.5310646, 45.8401086], [126.530956, 45.8402118], [126.5308289, 45.8403041], [126.5306854, 45.8403839], [126.5304831, 45.8404654], [126.530264, 45.8405221], [126.5300344, 45.8405524]]}}, {"type": "Feature", "properties": {"osmWayId": 52330663, "highway": "trunk", "lanes": "2", "name": "萧红大道", "oneway": "yes", "ref": "G102", "source": "yahoo imagery", "sourceMembership": "g102-tag"}, "geometry": {"type": "LineString", "coordinates": [[126.5946693, 45.9726107], [126.5976784, 45.9725759], [126.5978996, 45.9725742], [126.5981793, 45.9725847], [126.5984311, 45.9726042], [126.6006737, 45.9728546], [126.6021841, 45.9730146], [126.606096, 45.973447], [126.6064717, 45.9734838], [126.607498, 45.9736119], [126.6086467, 45.9737456], [126.6089875, 45.9738306]]}}, {"type": "Feature", "properties": {"osmWayId": 52493240, "bridge": "yes", "highway": "trunk", "lanes": "3", "layer": "1", "name": "沈辽路", "oneway": "yes", "ref": "G102", "sourceMembership": "g102-tag"}, "geometry": {"type": "LineString", "coordinates": [[123.3196457, 41.7697247], [123.3191755, 41.7691699], [123.3188769, 41.7688885], [123.318541, 41.7685969], [123.31819, 41.7683512], [123.3180547, 41.768269], [123.3176048, 41.7680018], [123.3172995, 41.7678527], [123.3168808, 41.7676895], [123.316148, 41.767405], [123.3140899, 41.7666061], [123.3138981, 41.7665372], [123.3133558, 41.7663218], [123.3129068, 41.7660924], [123.312434, 41.7658105], [123.3114272, 41.7650847], [123.3099499, 41.7640685], [123.3080579, 41.762767], [123.3075155, 41.7624137], [123.3066003, 41.7619478], [123.3060107, 41.7617112], [123.3053557, 41.7614954], [123.3048388, 41.7613664], [123.3035135, 41.7610897], [123.3009658, 41.7605859], [123.3003646, 41.7604717], [123.298512, 41.7600951], [123.2972822, 41.759885], [123.2966151, 41.7597748], [123.2951015, 41.7595866], [123.2915328, 41.7592177], [123.2907182, 41.7591129], [123.2900657, 41.7590101], [123.2895753, 41.7589107], [123.2888653, 41.7587189], [123.2883094, 41.7585292], [123.2878907, 41.7583444], [123.2863121, 41.7576161], [123.285881, 41.7574521], [123.2854236, 41.7573053], [123.285098, 41.757234], [123.2830595, 41.7568485], [123.2819298, 41.7566412], [123.2796448, 41.7561908], [123.2780893, 41.7558342], [123.2768183, 41.7555467], [123.2765527, 41.7554971], [123.2761921, 41.7554627], [123.2758232, 41.7554627], [123.2735549, 41.7555753], [123.2730098, 41.7555941], [123.2726031, 41.7555847], [123.2724396, 41.7555753], [123.2721084, 41.7555315], [123.2718547, 41.7554862], [123.2716514, 41.7554346]]}}, {"type": "Feature", "properties": {"osmWayId": 53557576, "highway": "trunk", "lanes": "4", "layer": "1", "name": "白山东路", "oneway": "yes", "ref": "G102", "sourceMembership": "g102-tag"}, "geometry": {"type": "LineString", "coordinates": [[123.4154603, 41.8591992], [123.421265, 41.8600642], [123.4220732, 41.8601911]]}}, {"type": "Feature", "properties": {"osmWayId": 53564685, "highway": "trunk", "name": "重工北街", "oneway": "yes", "ref": "G102", "sourceMembership": "g102-tag"}, "geometry": {"type": "LineString", "coordinates": [[123.3312517, 41.8281416], [123.3311009, 41.8278295], [123.3310554, 41.8277323], [123.3309405, 41.827488]]}}, {"type": "Feature", "properties": {"osmWayId": 53564693, "bridge": "yes", "highway": "trunk", "lanes": "3", "layer": "1", "name": "重工北街", "oneway": "yes", "ref": "G102", "sourceMembership": "g102-tag"}, "geometry": {"type": "LineString", "coordinates": [[123.3313502, 41.8280823], [123.3317943, 41.8290585], [123.3320678, 41.8294383], [123.3322762, 41.8297242], [123.3327005, 41.8301565], [123.3332737, 41.8306099], [123.3335829, 41.8308026], [123.3387317, 41.8336643], [123.3393745, 41.8340793], [123.3399543, 41.8345147], [123.3403192, 41.834823], [123.3406901, 41.8351611], [123.3410989, 41.8355732]]}}, {"type": "Feature", "properties": {"osmWayId": 53564694, "bridge": "yes", "highway": "trunk", "lanes": "3", "layer": "1", "name": "重工北街", "oneway": "yes", "ref": "G102", "sourceMembership": "g102-tag"}, "geometry": {"type": "LineString", "coordinates": [[123.3409874, 41.8356403], [123.3405684, 41.8352314], [123.3401974, 41.834897], [123.3398323, 41.8345806], [123.3392699, 41.8341532], [123.3386402, 41.8337376], [123.3338002, 41.8310766], [123.3334732, 41.8308955], [123.3331656, 41.830694], [123.3325669, 41.83022], [123.3321542, 41.8297766], [123.3318149, 41.8293426], [123.3315021, 41.8287878], [123.3312517, 41.8281416]]}}, {"type": "Feature", "properties": {"osmWayId": 53583433, "bridge": "yes", "highway": "trunk", "lanes": "4", "layer": "2", "name": "重工北街", "oneway": "yes", "ref": "G102;G304", "sourceMembership": "g102-tag"}, "geometry": {"type": "LineString", "coordinates": [[123.3209045, 41.8021966], [123.3208953, 41.8033653]]}}, {"type": "Feature", "properties": {"osmWayId": 53583434, "highway": "trunk", "name": "重工北街", "oneway": "yes", "ref": "G102;G304", "sourceMembership": "g102-tag"}, "geometry": {"type": "LineString", "coordinates": [[123.3208953, 41.8033653], [123.3209175, 41.8038247], [123.3210056, 41.8044684], [123.3210589, 41.8048416], [123.3212274, 41.805207], [123.3214457, 41.8057068]]}}, {"type": "Feature", "properties": {"osmWayId": 53613510, "highway": "trunk", "name": "重工北街", "oneway": "yes", "ref": "G102", "source": "yahoo imagery", "sourceMembership": "g102-tag"}, "geometry": {"type": "LineString", "coordinates": [[123.3410989, 41.8355732], [123.3414598, 41.8359787], [123.3415841, 41.8361265], [123.3416194, 41.8361665], [123.34199, 41.8367483], [123.3421096, 41.83693], [123.342724, 41.8378408]]}}, {"type": "Feature", "properties": {"osmWayId": 53652191, "bridge": "yes", "highway": "trunk", "lanes": "3", "layer": "3", "name": "白山路", "oneway": "yes", "ref": "G102", "source": "yahoo imagery", "sourceMembership": "g102-tag"}, "geometry": {"type": "LineString", "coordinates": [[123.4154509, 41.8592661], [123.4152283, 41.8592182], [123.4144987, 41.8590584], [123.4139838, 41.8588746], [123.4133659, 41.8585248], [123.4129109, 41.8582673], [123.4123753, 41.858043], [123.4120847, 41.8579556], [123.4111621, 41.8577878], [123.4075152, 41.8576023], [123.4072353, 41.8575881]]}}, {"type": "Feature", "properties": {"osmWayId": 53652197, "bridge": "yes", "highway": "trunk", "lanes": "3", "layer": "3", "name": "白山路", "oneway": "yes", "ref": "G102", "source": "yahoo imagery", "sourceMembership": "g102-tag"}, "geometry": {"type": "LineString", "coordinates": [[123.4047338, 41.8573794], [123.4057698, 41.8574001], [123.4083206, 41.8575048], [123.4097673, 41.8575641], [123.4104459, 41.8576012]]}}, {"type": "Feature", "properties": {"osmWayId": 53654747, "highway": "trunk", "lanes": "4", "name": "金山路", "oneway": "yes", "ref": "G102", "sourceMembership": "g102-tag"}, "geometry": {"type": "LineString", "coordinates": [[123.473038, 41.8469346], [123.4688217, 41.8481354]]}}, {"type": "Feature", "properties": {"osmWayId": 57681506, "bridge": "yes", "highway": "trunk", "layer": "1", "name": "京抚线", "ref": "G102", "source": "GPS", "sourceMembership": "g102-tag"}, "geometry": {"type": "LineString", "coordinates": [[124.0768775, 42.5906094], [124.0760056, 42.5869898]]}}, {"type": "Feature", "properties": {"osmWayId": 57681521, "highway": "trunk", "name": "长沈路", "oneway": "yes", "ref": "G102", "source": "GPS", "sourceMembership": "g102-tag"}, "geometry": {"type": "LineString", "coordinates": [[125.1952363, 43.8134893], [125.1952258, 43.8132904], [125.1951816, 43.8131501], [125.1950843, 43.8130285], [125.1926849, 43.8112689], [125.1918678, 43.8106696], [125.1863896, 43.8066519], [125.1861952, 43.806518], [125.1827579, 43.8040055], [125.1805577, 43.8023282], [125.1753939, 43.7979295], [125.1752493, 43.7978063], [125.1648514, 43.7889481], [125.1647143, 43.7888309], [125.1646101, 43.7887422]]}}, {"type": "Feature", "properties": {"osmWayId": 58478986, "bridge": "yes", "highway": "trunk", "layer": "1", "name": "滦河特大桥", "ref": "G102", "source": "bing", "sourceMembership": "g102-tag"}, "geometry": {"type": "LineString", "coordinates": [[118.8070532, 39.8830384], [118.799177, 39.8792253]]}}, {"type": "Feature", "properties": {"osmWayId": 58478988, "highway": "trunk", "name": "京抚线", "ref": "G102", "source": "bing", "sourceMembership": "g102-tag"}, "geometry": {"type": "LineString", "coordinates": [[118.799177, 39.8792253], [118.7928487, 39.8761732], [118.7789096, 39.8694668], [118.7766474, 39.868417], [118.7737132, 39.8672895], [118.7696032, 39.8659968], [118.7637992, 39.8642432], [118.7605802, 39.8633336], [118.7593328, 39.8630927], [118.7586909, 39.8629901], [118.7579681, 39.8629285], [118.7563242, 39.862929], [118.7522399, 39.8632837], [118.7505228, 39.8634323], [118.7333829, 39.8649155], [118.7267774, 39.8655147], [118.722951, 39.8657919], [118.7212616, 39.8659143], [118.719578, 39.8659425], [118.7135664, 39.8656058], [118.7126121, 39.865641], [118.7117302, 39.8657235], [118.7042157, 39.8665236], [118.7023995, 39.866717], [118.6986718, 39.8669696], [118.6966554, 39.867036], [118.6944208, 39.8670417], [118.6879393, 39.8666859], [118.6844799, 39.8665553], [118.6821797, 39.8663326], [118.6781973, 39.8658385], [118.6769575, 39.8656798]]}}, {"type": "Feature", "properties": {"osmWayId": 58489536, "bridge": "yes", "highway": "trunk", "layer": "1", "name": "青龙河大桥", "ref": "G102", "source": "bing", "sourceMembership": "g102-tag"}, "geometry": {"type": "LineString", "coordinates": [[118.8552823, 39.892307], [118.8470535, 39.8926356]]}}, {"type": "Feature", "properties": {"osmWayId": 58489537, "highway": "trunk", "name": "京抚线", "ref": "G102", "source": "bing", "sourceMembership": "g102-tag"}, "geometry": {"type": "LineString", "coordinates": [[118.8470535, 39.8926356], [118.8342686, 39.8931279], [118.8313948, 39.8931466], [118.8302782, 39.8931348], [118.8288842, 39.8929993], [118.8274919, 39.8927246], [118.8266576, 39.8924735], [118.8256317, 39.8920875], [118.8194649, 39.8890842], [118.8145468, 39.886689]]}}, {"type": "Feature", "properties": {"osmWayId": 58613173, "highway": "trunk", "lanes": "3", "name": "南四环快速路", "name:en": "South 4th Ring Expressway", "name:zh": "南四环快速路", "oneway": "yes", "ref": "G102;G334", "sourceMembership": "g102-tag"}, "geometry": {"type": "LineString", "coordinates": [[125.2423299, 43.8023338], [125.2409531, 43.802347], [125.2402952, 43.8024037], [125.2393182, 43.8024111], [125.2377738, 43.8024747], [125.2368117, 43.8025184], [125.2342552, 43.802709], [125.2324985, 43.8028682], [125.2307009, 43.8030749], [125.2285983, 43.8033672], [125.2264582, 43.803658], [125.2241681, 43.8039677]]}}, {"type": "Feature", "properties": {"osmWayId": 58806286, "highway": "trunk", "lanes": "2", "name": "京抚线", "ref": "G102", "surface": "asphalt", "sourceMembership": "g102-tag"}, "geometry": {"type": "LineString", "coordinates": [[127.6218734, 46.0488192], [127.6223385, 46.0485269], [127.6231398, 46.0480833], [127.6246273, 46.0471401], [127.6259213, 46.0462954], [127.6267302, 46.0456889], [127.6303966, 46.043355], [127.635651, 46.039845], [127.638557, 46.03783], [127.64183, 46.035645], [127.643669, 46.034557], [127.645333, 46.0336929], [127.6471706, 46.0328326], [127.648979, 46.0321312], [127.6514443, 46.0313574], [127.6556615, 46.0301221], [127.677315, 46.023838], [127.6886809, 46.0205245], [127.7069171, 46.0152077], [127.7090049, 46.014599], [127.7130549, 46.0134181], [127.7151928, 46.0127947], [127.7258426, 46.0096894], [127.7432258, 46.0046203], [127.7472398, 46.0034469], [127.7742458, 45.995552], [127.785507, 45.992115], [127.787933, 45.991474], [127.790062, 45.991058], [127.791534, 45.990822], [127.7927854, 45.9906812], [127.798317, 45.990059], [127.8024113, 45.9896327], [127.807114, 45.989143], [127.8120492, 45.9885664], [127.813629, 45.988426], [127.816963, 45.988312], [127.818634, 45.988323], [127.8208266, 45.988396]]}}, {"type": "Feature", "properties": {"osmWayId": 71533710, "bridge": "yes", "highway": "trunk", "layer": "1", "name": "岭东街", "oneway": "yes", "ref": "G102", "source": "GPS", "surface": "asphalt", "sourceMembership": "g102-tag"}, "geometry": {"type": "LineString", "coordinates": [[123.8735959, 42.2943753], [123.8713161, 42.2936782]]}}, {"type": "Feature", "properties": {"osmWayId": 74663206, "highway": "trunk", "lanes": "4", "name": "长安东路", "oneway": "yes", "ref": "G102;G221", "sourceMembership": "g102-tag"}, "geometry": {"type": "LineString", "coordinates": [[130.3587077, 46.8101701], [130.3618824, 46.810825], [130.3630669, 46.8110889], [130.3653127, 46.8115891], [130.3672837, 46.8120282], [130.3696788, 46.8125831], [130.3698134, 46.8126143], [130.3747933, 46.8139228], [130.3752273, 46.8140377], [130.3797088, 46.8152195], [130.3817366, 46.8157366], [130.3874191, 46.8172273], [130.3886693, 46.8175027], [130.3889077, 46.8175598], [130.3910662, 46.8180774], [130.3913793, 46.8181659], [130.3915749, 46.8182397], [130.3918826, 46.8183718], [130.3921389, 46.8185018], [130.3923891, 46.8186449], [130.3954594, 46.8207861], [130.3997894, 46.8238244]]}}, {"type": "Feature", "properties": {"osmWayId": 74738888, "bridge": "yes", "highway": "trunk", "lanes": "2", "layer": "1", "name": "京抚线", "oneway": "yes", "ref": "G102", "source": "Bing", "sourceMembership": "g102-tag"}, "geometry": {"type": "LineString", "coordinates": [[124.7090017, 43.4378968], [124.7063293, 43.4367496]]}}, {"type": "Feature", "properties": {"osmWayId": 80587195, "bridge": "yes", "highway": "trunk", "layer": "1", "name": "京抚线", "oneway": "yes", "ref": "G102", "source": "bing", "sourceMembership": "g102-tag"}, "geometry": {"type": "LineString", "coordinates": [[121.3779134, 41.1753715], [121.378073, 41.175438], [121.3913, 41.1809435]]}}, {"type": "Feature", "properties": {"osmWayId": 80587282, "bridge": "yes", "highway": "trunk", "layer": "1", "name": "京抚线", "ref": "G102", "source": "bing", "sourceMembership": "g102-tag"}, "geometry": {"type": "LineString", "coordinates": [[121.2397252, 41.0880939], [121.2283949, 41.08327]]}}, {"type": "Feature", "properties": {"osmWayId": 82226052, "highway": "trunk", "lanes": "6", "name": "京抚线", "oneway": "yes", "ref": "G102", "source": "GPS;Yahoo hires", "sourceMembership": "g102-tag"}, "geometry": {"type": "LineString", "coordinates": [[123.7353513, 42.1845149], [123.7325864, 42.1822886], [123.7313165, 42.1812956], [123.7308835, 42.180898], [123.7304014, 42.1804328], [123.7298345, 42.1798147], [123.7279552, 42.1776134], [123.7260339, 42.1753325], [123.7255236, 42.1746975], [123.7241942, 42.1731128], [123.7203345, 42.1685113], [123.7186409, 42.1664768], [123.7174596, 42.1650403], [123.7170099, 42.1645032], [123.7166239, 42.1641212], [123.7165782, 42.164076], [123.7161326, 42.1636897], [123.715548, 42.1632341], [123.7148936, 42.1628278], [123.7143687, 42.1625612], [123.713824, 42.1623385], [123.7133308, 42.162177], [123.7112841, 42.1615083], [123.7032077, 42.1589922], [123.7023912, 42.1587232], [123.7015779, 42.1583992], [123.7009979, 42.1581183], [123.700328, 42.1577341], [123.6990461, 42.1568601], [123.6937564, 42.1530233], [123.6927415, 42.1523547], [123.6922112, 42.1520362], [123.6911513, 42.1514113], [123.6898008, 42.1506551], [123.6870386, 42.1490569], [123.686029, 42.1485506], [123.6856177, 42.1483733], [123.6854409, 42.148297], [123.6842608, 42.1478887], [123.67814, 42.1462383], [123.6779881, 42.1461969], [123.6732498, 42.1449019], [123.6723636, 42.144641], [123.6717796, 42.1444045], [123.67115, 42.1440883], [123.6707214, 42.1438199], [123.6702826, 42.1434805], [123.6700082, 42.143214], [123.6696865, 42.1428658], [123.6692223, 42.1422788], [123.6676401, 42.1399378], [123.6664155, 42.1380956], [123.6646372, 42.1354575], [123.6637257, 42.1340705], [123.6633163, 42.1332976], [123.6629476, 42.1325622], [123.6625357, 42.1317303], [123.6606111, 42.1275849], [123.6596943, 42.125804], [123.6589199, 42.1243799], [123.6574181, 42.1215253], [123.6569154, 42.1206138], [123.6564276, 42.1198626], [123.6559872, 42.1192166], [123.6540852, 42.1168279], [123.6525934, 42.1149104], [123.6508453, 42.1126879], [123.6483741, 42.1095237], [123.6478491, 42.1088535], [123.6474439, 42.1082683], [123.6471471, 42.1077738], [123.6468951, 42.1072852], [123.6466916, 42.1068676], [123.6462133, 42.1056442], [123.6457638, 42.104421], [123.6441074, 42.0999131], [123.6430838, 42.0971437]]}}, {"type": "Feature", "properties": {"osmWayId": 82226053, "bridge": "yes", "highway": "trunk", "layer": "1", "name": "凡河大桥", "oneway": "yes", "ref": "G102", "source": "GPS", "sourceMembership": "g102-tag"}, "geometry": {"type": "LineString", "coordinates": [[123.7434941, 42.1981017], [123.7434986, 42.1965941]]}}, {"type": "Feature", "properties": {"osmWayId": 89975786, "bridge": "yes", "foot": "no", "highway": "trunk", "lanes": "3", "layer": "1", "name": "西湖大路", "oneway": "yes", "ref": "G102;G334", "source": "GPS+photo", "sourceMembership": "g102-tag"}, "geometry": {"type": "LineString", "coordinates": [[125.2032227, 43.8085386], [125.1991788, 43.8113994]]}}, {"type": "Feature", "properties": {"osmWayId": 89975790, "bridge": "yes", "highway": "trunk", "lanes": "2", "layer": "1", "name": "京抚线", "oneway": "yes", "ref": "G102", "source": "Bing", "sourceMembership": "g102-tag"}, "geometry": {"type": "LineString", "coordinates": [[124.8832937, 43.5596219], [124.8834559, 43.5591082], [124.8837681, 43.5581045], [124.8841646, 43.5568902], [124.8844959, 43.5556787]]}}, {"type": "Feature", "properties": {"osmWayId": 101925677, "bridge": "yes", "highway": "trunk", "lanes": "2", "layer": "1", "name": "京抚线", "oneway": "yes", "ref": "G102", "source": "GPS", "sourceMembership": "g102-tag"}, "geometry": {"type": "LineString", "coordinates": [[124.389424, 43.1860553], [124.3892307, 43.1852918]]}}, {"type": "Feature", "properties": {"osmWayId": 101925695, "bridge": "yes", "highway": "trunk", "lanes": "3", "layer": "1", "name": "京抚线", "oneway": "yes", "ref": "G102", "source": "Bing;GPS", "sourceMembership": "g102-tag"}, "geometry": {"type": "LineString", "coordinates": [[124.3584119, 43.1342579], [124.3588563, 43.1356547], [124.3594759, 43.1376823]]}}, {"type": "Feature", "properties": {"osmWayId": 102948307, "highway": "trunk", "lanes": "2", "name": "京抚线;庄林线", "oneway": "yes", "ref": "G102;G305", "source": "bing", "sourceMembership": "g102-tag"}, "geometry": {"type": "LineString", "coordinates": [[121.8163472, 41.3428781], [121.8165587, 41.3428092], [121.8180882, 41.3423345]]}}, {"type": "Feature", "properties": {"osmWayId": 102948328, "highway": "trunk", "lanes": "2", "name": "辽河路北段", "oneway": "yes", "ref": "G102;G305", "source": "bing", "sourceMembership": "g102-tag"}, "geometry": {"type": "LineString", "coordinates": [[122.0034079, 41.238783], [122.0033129, 41.2388991], [122.0032208, 41.2390115], [121.9955054, 41.2478489], [121.9954282, 41.2479384], [121.9948374, 41.2486383], [121.9940826, 41.2494983], [121.9937147, 41.2499664], [121.9927547, 41.2510464], [121.9921086, 41.2517732], [121.9911927, 41.2528414], [121.9900361, 41.2542305], [121.9890795, 41.2553325]]}}, {"type": "Feature", "properties": {"osmWayId": 102953037, "highway": "trunk", "lanes": "2", "name": "京抚线", "oneway": "yes", "ref": "G102;G305", "source": "bing", "sourceMembership": "g102-tag"}, "geometry": {"type": "LineString", "coordinates": [[121.758771, 41.3636684], [121.7591475, 41.3635853], [121.7596046, 41.3635142], [121.7600638, 41.3635], [121.7605192, 41.3635343], [121.7607757, 41.3635578], [121.7610955, 41.3635871], [121.7620702, 41.3636768], [121.7636917, 41.3638339], [121.7659883, 41.3640586], [121.7675307, 41.3642095]]}}, {"type": "Feature", "properties": {"osmWayId": 103255971, "highway": "trunk", "name": "朝阳门外大街", "name:en": "Chaoyangmen Outer Street", "name:zh": "朝阳门外大街", "name:zh-Latn-pinyin": "cháoyángmén wài dàJiē", "oneway": "yes", "ref": "G102", "sidewalk": "separate", "surface": "asphalt", "sourceMembership": "g102-tag"}, "geometry": {"type": "LineString", "coordinates": [[116.4289419, 39.9228705], [116.4291627, 39.9229841], [116.4294258, 39.9230539], [116.4300813, 39.9230704], [116.430383, 39.9230626], [116.4307276, 39.9230537], [116.4315892, 39.9229857], [116.4328369, 39.9228833], [116.4333431, 39.9228358], [116.4338208, 39.9227909], [116.4340372, 39.9227656], [116.4342707, 39.9227383], [116.4343098, 39.9227337], [116.4344898, 39.922717]]}}, {"type": "Feature", "properties": {"osmWayId": 104632975, "highway": "trunk", "lanes": "3", "oneway": "yes", "ref": "G102", "sourceMembership": "g102-tag"}, "geometry": {"type": "LineString", "coordinates": [[125.3886582, 43.8301839], [125.3853697, 43.8273826], [125.3851382, 43.8273232]]}}, {"type": "Feature", "properties": {"osmWayId": 112001639, "highway": "trunk", "lanes": "2", "name": "京抚线", "note": "old trunk route superceded by Expressway G1", "oneway": "yes", "ref": "G102", "sourceMembership": "g102-tag"}, "geometry": {"type": "LineString", "coordinates": [[125.5583032, 44.2674116], [125.5574677, 44.2630751], [125.5528089, 44.2392426], [125.5497632, 44.2219357], [125.5491135, 44.2170492], [125.548855, 44.2151896], [125.5482877, 44.2117513], [125.5477565, 44.208437], [125.5475022, 44.206384], [125.5465765, 44.196479], [125.5452014, 44.1809411], [125.5451128, 44.1798399], [125.5450407, 44.1782451], [125.5450304, 44.1768402], [125.5451599, 44.1730683], [125.545222, 44.1722633], [125.5454393, 44.1652354], [125.5454535, 44.1647988], [125.545415, 44.1643772], [125.5453597, 44.1639525], [125.545288, 44.1635547], [125.5451941, 44.163127], [125.5450893, 44.1627517], [125.5448897, 44.1621424], [125.5442472, 44.1607875], [125.5442177, 44.1607417], [125.5441243, 44.1605969], [125.5437201, 44.1600892], [125.5433086, 44.1596161], [125.542946, 44.1591718], [125.5394504, 44.1561493], [125.5340932, 44.1515988], [125.5300644, 44.1481879], [125.5297029, 44.147834]]}}, {"type": "Feature", "properties": {"osmWayId": 112001682, "bridge": "yes", "highway": "trunk", "layer": "1", "name": "京抚线", "ref": "G102", "sourceMembership": "g102-tag"}, "geometry": {"type": "LineString", "coordinates": [[125.7477464, 44.5206997], [125.7504576, 44.5219085]]}}, {"type": "Feature", "properties": {"osmWayId": 112001688, "alt_name:ru": "Годао 102", "highway": "trunk", "lanes": "2", "name": "京抚线", "name:ru": "Пекин — Харбин", "note": "trunk road superceded by G1", "ref": "G102", "surface": "asphalt", "sourceMembership": "g102-tag"}, "geometry": {"type": "LineString", "coordinates": [[125.7504576, 44.5219085], [125.757577, 44.5251656], [125.7612793, 44.5271202], [125.7660567, 44.5296365], [125.7763275, 44.5361039], [125.7843251, 44.5414016], [125.792537, 44.5468637], [125.8051459, 44.5551371], [125.8082656, 44.5574055], [125.811145, 44.5598759], [125.8143451, 44.5630785], [125.8163192, 44.5654909], [125.8171011, 44.5666102], [125.821397, 44.5727679], [125.8220784, 44.5736801], [125.8229432, 44.5749108], [125.8258436, 44.5790742], [125.8283008, 44.5821688], [125.8319972, 44.5861957], [125.8346558, 44.5885752], [125.8396104, 44.5924046], [125.8456781, 44.5966831], [125.8507703, 44.6004267], [125.8549896, 44.6034578], [125.8644183, 44.6102633], [125.8653066, 44.6109086], [125.8660894, 44.6114772], [125.8779341, 44.6200402], [125.8820741, 44.6235688], [125.885074, 44.6265282], [125.8857201, 44.6272522], [125.8866712, 44.6283181], [125.8867089, 44.6283603], [125.8884406, 44.6306759], [125.8918413, 44.6355033], [125.893718, 44.6381661], [125.8976342, 44.6437225], [125.9000366, 44.6471195], [125.9008341, 44.6482471], [125.90585, 44.6553694], [125.9091325, 44.6593663], [125.9097521, 44.6599548], [125.9126542, 44.6627111], [125.9152253, 44.664738], [125.9213835, 44.6688164], [125.929352, 44.6740417], [125.9349958, 44.6777171], [125.9374588, 44.6793211], [125.9394379, 44.6806276], [125.9439477, 44.6835677], [125.9484048, 44.6864469], [125.9491915, 44.6869551], [125.9547026, 44.6905728], [125.9572994, 44.6922496], [125.9610009, 44.6947938], [125.9641209, 44.6970253], [125.9673502, 44.6994046], [125.9694476, 44.701073], [125.9732631, 44.7041557], [125.9766503, 44.7071167], [125.9777005, 44.7080612], [125.9842268, 44.7142932], [125.9875129, 44.7177797], [125.9900249, 44.7206208], [125.9924654, 44.723381], [126.0037686, 44.7364254]]}}, {"type": "Feature", "properties": {"osmWayId": 112997129, "highway": "trunk", "lanes": "3", "name": "祥安北大街", "oneway": "yes", "ref": "G102", "sourceMembership": "g102-tag"}, "geometry": {"type": "LineString", "coordinates": [[126.5102997, 45.816777], [126.5103456, 45.8180605], [126.5103517, 45.8182596], [126.5103579, 45.8204291], [126.5103904, 45.8227289], [126.5103783, 45.8230447], [126.5103604, 45.8235115], [126.5103431, 45.8236787], [126.5103529, 45.8240763], [126.5104198, 45.8267703], [126.5104196, 45.8268821], [126.5103916, 45.8300065], [126.510384, 45.8301219], [126.5104177, 45.8336602], [126.5104271, 45.8338007], [126.5104158, 45.8357113], [126.5104146, 45.8362939], [126.5104169, 45.8367645], [126.5104109, 45.8379413], [126.5104051, 45.8380682], [126.5104038, 45.838124]]}}, {"type": "Feature", "properties": {"osmWayId": 112997139, "highway": "trunk", "lanes": "3", "name": "祥安北大街", "oneway": "yes", "ref": "G102", "sourceMembership": "g102-tag"}, "geometry": {"type": "LineString", "coordinates": [[126.5102705, 45.812914], [126.5102796, 45.8130359], [126.5103149, 45.8153859]]}}, {"type": "Feature", "properties": {"osmWayId": 112997144, "highway": "trunk", "lanes": "3", "name": "祥安北大街", "oneway": "yes", "ref": "G102", "sourceMembership": "g102-tag"}, "geometry": {"type": "LineString", "coordinates": [[126.5102197, 45.8381111], [126.5102145, 45.8380584], [126.5102129, 45.8379281], [126.5101634, 45.8338021], [126.5101721, 45.8336606], [126.510176, 45.8301377], [126.5101667, 45.8300036], [126.5101851, 45.8288215], [126.510116, 45.826883], [126.5101236, 45.8267717], [126.5100932, 45.8241052], [126.5100884, 45.8236843], [126.5100997, 45.8235065], [126.5101089, 45.8230798], [126.5101242, 45.822367], [126.5101027, 45.8200323], [126.5100993, 45.8196634], [126.5100492, 45.8182607], [126.5100381, 45.8180615], [126.509996, 45.8167871]]}}, {"type": "Feature", "properties": {"osmWayId": 113759043, "highway": "trunk", "name": "南四环快速路", "name:en": "South 4th Ring Expressway", "name:zh": "南四环快速路", "oneway": "yes", "ref": "G102;G334", "surface": "asphalt", "sourceMembership": "g102-tag"}, "geometry": {"type": "LineString", "coordinates": [[125.3674966, 43.8138256], [125.3636459, 43.8106643], [125.3623898, 43.8095778], [125.3607522, 43.8081435]]}}, {"type": "Feature", "properties": {"osmWayId": 113759077, "highway": "trunk", "lanes": "3", "name": "南四环快速路", "name:en": "South 4th Ring Expressway", "name:zh": "南四环快速路", "oneway": "yes", "ref": "G102;G334", "source": "GPS+photo", "sourceMembership": "g102-tag"}, "geometry": {"type": "LineString", "coordinates": [[125.2030915, 43.808429], [125.2034838, 43.8081914], [125.2039235, 43.8079407], [125.2045402, 43.8075988], [125.2050348, 43.8073424], [125.2056956, 43.8070629], [125.2057948, 43.8070142], [125.2064436, 43.806776], [125.207228, 43.8064997], [125.2080427, 43.8062649], [125.2085701, 43.8061253], [125.2089902, 43.8060314], [125.2095089, 43.805923], [125.2103335, 43.8057958], [125.2116461, 43.8056182], [125.212033, 43.805554]]}}, {"type": "Feature", "properties": {"osmWayId": 113759078, "bridge": "viaduct", "highway": "trunk", "lanes": "3", "layer": "1", "name": "南四环快速路", "name:en": "South 4th Ring Expressway", "name:zh": "南四环快速路", "oneway": "yes", "ref": "G102;G334", "source": "GPS+photo", "surface": "asphalt", "sourceMembership": "g102-tag"}, "geometry": {"type": "LineString", "coordinates": [[125.2422011, 43.8022377], [125.2485656, 43.8021681], [125.2494999, 43.8021529], [125.2512899, 43.8021408], [125.2553772, 43.8021295], [125.2594928, 43.8021047], [125.2647226, 43.8020718], [125.2699881, 43.8020409]]}}, {"type": "Feature", "properties": {"osmWayId": 113759091, "bridge": "viaduct", "highway": "trunk", "lanes": "3", "layer": "1", "name": "南四环快速路", "name:en": "South 4th Ring Expressway", "name:zh": "南四环快速路", "oneway": "yes", "ref": "G102;G334", "surface": "asphalt", "sourceMembership": "g102-tag"}, "geometry": {"type": "LineString", "coordinates": [[125.2699857, 43.8021599], [125.2647226, 43.8022011], [125.2594829, 43.8022551], [125.2559499, 43.8022676], [125.2513, 43.8022962], [125.2494927, 43.8023043], [125.248527, 43.8022679], [125.2423299, 43.8023338]]}}, {"type": "Feature", "properties": {"osmWayId": 113775228, "bridge": "yes", "highway": "trunk", "layer": "1", "name": "南四环快速路", "name:en": "South 4th Ring Expressway", "name:zh": "南四环快速路", "oneway": "yes", "ref": "G102;G334", "sourceMembership": "g102-tag"}, "geometry": {"type": "LineString", "coordinates": [[125.3327938, 43.8052088], [125.3342547, 43.804952], [125.3403104, 43.8039173]]}}, {"type": "Feature", "properties": {"osmWayId": 113775229, "bridge": "yes", "highway": "trunk", "layer": "1", "name": "南四环快速路", "name:en": "South 4th Ring Expressway", "name:zh": "南四环快速路", "oneway": "yes", "ref": "G102;G334", "sourceMembership": "g102-tag"}, "geometry": {"type": "LineString", "coordinates": [[125.3403704, 43.8040916], [125.3328379, 43.8053737]]}}, {"type": "Feature", "properties": {"osmWayId": 113775230, "highway": "trunk", "name": "南四环快速路", "name:en": "South 4th Ring Expressway", "name:zh": "南四环快速路", "oneway": "yes", "ref": "G102;G334", "surface": "asphalt", "sourceMembership": "g102-tag"}, "geometry": {"type": "LineString", "coordinates": [[125.3328379, 43.8053737], [125.3285859, 43.806063], [125.3278408, 43.8061402], [125.326976, 43.8061853], [125.3256491, 43.8061934], [125.3236811, 43.8061736], [125.3217448, 43.8061678], [125.3202848, 43.8061635]]}}, {"type": "Feature", "properties": {"osmWayId": 113779228, "highway": "trunk", "name": "南四环快速路", "name:en": "South 4th Ring Expressway", "name:zh": "南四环快速路", "oneway": "yes", "ref": "G102;G334", "sourceMembership": "g102-tag"}, "geometry": {"type": "LineString", "coordinates": [[125.3403104, 43.8039173], [125.3419847, 43.803638], [125.3435439, 43.803376], [125.3451942, 43.8031041], [125.3457451, 43.8030335], [125.3465916, 43.8029728], [125.3469399, 43.8029586], [125.347676, 43.8029286], [125.3488585, 43.8029368], [125.3500903, 43.8030333], [125.3510852, 43.8031711], [125.3517487, 43.8032857], [125.3522335, 43.8033818], [125.3527099, 43.8034842], [125.353603, 43.8037379], [125.3550318, 43.8041776], [125.3562023, 43.8047006], [125.3578679, 43.8056408]]}}, {"type": "Feature", "properties": {"osmWayId": 113956813, "bridge": "yes", "highway": "trunk", "layer": "1", "oneway": "yes", "ref": "G102", "sourceMembership": "g102-tag"}, "geometry": {"type": "LineString", "coordinates": [[125.3847523, 43.8265752], [125.3853273, 43.8272331]]}}, {"type": "Feature", "properties": {"osmWayId": 113956817, "bridge": "yes", "highway": "trunk", "lanes": "3", "layer": "1", "oneway": "yes", "ref": "G102", "sourceMembership": "g102-tag"}, "geometry": {"type": "LineString", "coordinates": [[125.3851382, 43.8273232], [125.3843735, 43.8266908]]}}, {"type": "Feature", "properties": {"osmWayId": 113956843, "highway": "trunk", "lanes": "3", "name": "卫星路", "name:en": "Weixing Road", "name:zh": "卫星路", "name:zh-Latn-pinyin": "Wèixīng Lù", "oneway": "yes", "ref": "G102", "sourceMembership": "g102-tag"}, "geometry": {"type": "LineString", "coordinates": [[125.3889554, 43.8299606], [125.3890505, 43.8300425], [125.3895584, 43.8304796], [125.3900259, 43.8308996], [125.3905846, 43.8313762], [125.3907391, 43.8314756], [125.3908779, 43.8315557], [125.3909755, 43.8316071], [125.3913857, 43.8318781], [125.3928565, 43.8331445], [125.393973, 43.8340647], [125.3947603, 43.8347312], [125.3949512, 43.8348836], [125.3954569, 43.8352987], [125.3964255, 43.8360938], [125.3965482, 43.8361753], [125.3966619, 43.8362337], [125.3968782, 43.8363042]]}}, {"type": "Feature", "properties": {"osmWayId": 114215982, "bridge": "yes", "highway": "trunk", "layer": "1", "name": "洋浦大街", "name:en": "Yangpu Street", "name:zh": "洋浦大街", "oneway": "yes", "ref": "G102;G302", "surface": "asphalt", "sourceMembership": "g102-tag"}, "geometry": {"type": "LineString", "coordinates": [[125.4161526, 43.8838379], [125.416158, 43.8840229]]}}, {"type": "Feature", "properties": {"osmWayId": 114215989, "highway": "trunk", "name": "洋浦大街", "name:en": "Yangpu Street", "name:zh": "洋浦大街", "oneway": "yes", "ref": "G102;G302", "surface": "asphalt", "sourceMembership": "g102-tag"}, "geometry": {"type": "LineString", "coordinates": [[125.416158, 43.8840229], [125.416155, 43.8845842], [125.4161118, 43.8847172], [125.4161172, 43.8876539], [125.4160586, 43.8912571], [125.4160589, 43.8913424], [125.4161179, 43.8961235], [125.4161246, 43.8991019]]}}, {"type": "Feature", "properties": {"osmWayId": 118834937, "highway": "trunk", "lanes": "2", "name": "京抚线;庄林线", "oneway": "yes", "ref": "G102;G305", "source": "bing", "sourceMembership": "g102-tag"}, "geometry": {"type": "LineString", "coordinates": [[121.7793287, 41.3627153], [121.7803413, 41.3616202], [121.7813806, 41.3607837], [121.7843807, 41.358542], [121.7866272, 41.3568371], [121.7876646, 41.3560475], [121.790369, 41.3540341], [121.7936114, 41.3516216], [121.7943263, 41.3510896], [121.7967081, 41.3493137], [121.797612, 41.3487902], [121.7983979, 41.3484781], [121.7989558, 41.3482948], [121.8004336, 41.3478463], [121.8028651, 41.347081], [121.808888, 41.345208], [121.8100798, 41.3448439], [121.811353, 41.3444549], [121.813783, 41.3436877], [121.8163472, 41.3428781]]}}, {"type": "Feature", "properties": {"osmWayId": 118834963, "highway": "trunk", "lanes": "2", "name": "京抚线;庄林线", "oneway": "yes", "ref": "G102;G305", "source": "bing", "sourceMembership": "g102-tag"}, "geometry": {"type": "LineString", "coordinates": [[121.778394, 41.3638577], [121.7793287, 41.3627153]]}}, {"type": "Feature", "properties": {"osmWayId": 118834966, "highway": "trunk", "lanes": "2", "name": "京抚线;庄林线", "oneway": "yes", "ref": "G102;G305", "source": "bing", "sourceMembership": "g102-tag"}, "geometry": {"type": "LineString", "coordinates": [[121.7675307, 41.3642095], [121.7708475, 41.3644919], [121.7728159, 41.3645487], [121.7748389, 41.3646067], [121.7770143, 41.3646439], [121.777511, 41.3645738], [121.7778318, 41.3644265], [121.778394, 41.3638577]]}}, {"type": "Feature", "properties": {"osmWayId": 118936500, "highway": "trunk", "lanes": "2", "name": "京抚线", "oneway": "yes", "ref": "G102", "sourceMembership": "g102-tag"}, "geometry": {"type": "LineString", "coordinates": [[118.1477833, 39.8680046], [118.1471799, 39.8678903], [118.1468267, 39.8678234], [118.1403495, 39.8666206], [118.1389464, 39.8663744], [118.138315, 39.8662857], [118.1377427, 39.8662738], [118.137527, 39.8662886], [118.1370066, 39.8663243], [118.1363766, 39.8664509], [118.1357597, 39.8666157], [118.1351852, 39.8668349], [118.1344638, 39.8671733], [118.1336294, 39.8675996], [118.1324854, 39.8681439], [118.1312408, 39.868676], [118.1305434, 39.8689395], [118.1300264, 39.8691105], [118.1294456, 39.8692489], [118.1288079, 39.8693193], [118.1283301, 39.8693351], [118.1276753, 39.8693075], [118.1272409, 39.8692635], [118.1265885, 39.8691384], [118.1260422, 39.868997], [118.123469, 39.8681285], [118.1173922, 39.8661034], [118.1163588, 39.865825], [118.1154831, 39.8656161], [118.1145532, 39.8654713], [118.1130269, 39.8652925], [118.1078103, 39.8647573], [118.1072818, 39.8647031], [118.106193, 39.8645746], [118.1051749, 39.8644352], [118.1043883, 39.8642797], [118.103132, 39.8639576], [118.100605, 39.8632418], [118.0995292, 39.8629254], [118.0964689, 39.8620255], [118.0949346, 39.8616159], [118.0948013, 39.861588], [118.0940941, 39.8614399], [118.0932993, 39.861322], [118.0924563, 39.8612567], [118.0915213, 39.8612211], [118.0907303, 39.8612422], [118.0900879, 39.8612796], [118.0891733, 39.8613841], [118.085301, 39.861987], [118.0845818, 39.8620821], [118.084323, 39.8621163], [118.0836148, 39.8621726], [118.0826117, 39.8621726], [118.0820481, 39.8621651], [118.0814987, 39.8621251], [118.0809578, 39.86207], [118.0802046, 39.8619714], [118.0792652, 39.8617991]]}}, {"type": "Feature", "properties": {"osmWayId": 127031011, "bridge": "yes", "highway": "motorway", "lanes": "2", "layer": "1", "name": "通燕高速", "oneway": "yes", "ref": "G102", "sourceMembership": "g102-tag"}, "geometry": {"type": "LineString", "coordinates": [[116.784256, 39.9407907], [116.7840571, 39.9407635]]}}, {"type": "Feature", "properties": {"osmWayId": 127031013, "bridge": "yes", "highway": "motorway", "lanes": "2", "layer": "1", "name": "通燕高速", "oneway": "yes", "ref": "G102", "sourceMembership": "g102-tag"}, "geometry": {"type": "LineString", "coordinates": [[116.6546579, 39.9215502], [116.6590506, 39.921858]]}}, {"type": "Feature", "properties": {"osmWayId": 127031014, "bridge": "yes", "highway": "motorway", "lanes": "2", "layer": "1", "name": "通燕高速", "oneway": "yes", "ref": "G102", "sourceMembership": "g102-tag"}, "geometry": {"type": "LineString", "coordinates": [[116.7387584, 39.9289756], [116.7389689, 39.9290248]]}}, {"type": "Feature", "properties": {"osmWayId": 127031016, "bridge": "yes", "highway": "motorway", "lanes": "2", "layer": "1", "name": "通燕高速", "oneway": "yes", "ref": "G102", "sourceMembership": "g102-tag"}, "geometry": {"type": "LineString", "coordinates": [[116.7292517, 39.9266764], [116.7286373, 39.9265219]]}}, {"type": "Feature", "properties": {"osmWayId": 127031021, "bridge": "yes", "highway": "motorway", "lanes": "2", "layer": "1", "name": "通燕高速", "oneway": "yes", "ref": "G102", "sourceMembership": "g102-tag"}, "geometry": {"type": "LineString", "coordinates": [[116.7568452, 39.9335415], [116.7567322, 39.933513]]}}, {"type": "Feature", "properties": {"osmWayId": 127031023, "bridge": "yes", "highway": "motorway", "lanes": "2", "layer": "1", "name": "通燕高速", "oneway": "yes", "ref": "G102", "sourceMembership": "g102-tag"}, "geometry": {"type": "LineString", "coordinates": [[116.6590055, 39.9219464], [116.6546388, 39.9216482]]}}, {"type": "Feature", "properties": {"osmWayId": 127031024, "bridge": "yes", "highway": "motorway", "lanes": "2", "layer": "1", "name": "通燕高速", "oneway": "yes", "ref": "G102", "sourceMembership": "g102-tag"}, "geometry": {"type": "LineString", "coordinates": [[116.7692993, 39.9381942], [116.7695714, 39.9382824]]}}, {"type": "Feature", "properties": {"osmWayId": 127031025, "bridge": "yes", "highway": "motorway", "lanes": "2", "layer": "1", "name": "通燕高速", "oneway": "yes", "ref": "G102", "sourceMembership": "g102-tag"}, "geometry": {"type": "LineString", "coordinates": [[116.7784522, 39.9399198], [116.7738345, 39.9392348]]}}, {"type": "Feature", "properties": {"osmWayId": 127031026, "bridge": "yes", "highway": "motorway", "lanes": "2", "layer": "1", "name": "通燕高速", "oneway": "yes", "ref": "G102", "sourceMembership": "g102-tag"}, "geometry": {"type": "LineString", "coordinates": [[116.7389345, 39.9291162], [116.7387217, 39.9290642]]}}, {"type": "Feature", "properties": {"osmWayId": 127031028, "bridge": "yes", "highway": "motorway", "lanes": "2", "layer": "1", "name": "通燕高速", "oneway": "yes", "ref": "G102", "sourceMembership": "g102-tag"}, "geometry": {"type": "LineString", "coordinates": [[116.7286559, 39.9264242], [116.7292582, 39.9265836]]}}, {"type": "Feature", "properties": {"osmWayId": 127031029, "bridge": "yes", "highway": "motorway", "lanes": "2", "layer": "1", "name": "通燕高速", "oneway": "yes", "ref": "G102", "sourceMembership": "g102-tag"}, "geometry": {"type": "LineString", "coordinates": [[116.6658653, 39.9224511], [116.6631125, 39.9222555]]}}, {"type": "Feature", "properties": {"osmWayId": 127031030, "bridge": "yes", "highway": "motorway", "lanes": "2", "layer": "1", "name": "通燕高速", "oneway": "yes", "ref": "G102", "surface": "asphalt", "sourceMembership": "g102-tag"}, "geometry": {"type": "LineString", "coordinates": [[116.7437061, 39.9301952], [116.744033, 39.9302761]]}}, {"type": "Feature", "properties": {"osmWayId": 127031031, "bridge": "yes", "highway": "motorway", "lanes": "2", "layer": "1", "name": "通燕高速", "oneway": "yes", "ref": "G102", "sourceMembership": "g102-tag"}, "geometry": {"type": "LineString", "coordinates": [[116.7567334, 39.9334073], [116.756844, 39.9334358]]}}, {"type": "Feature", "properties": {"osmWayId": 127031034, "bridge": "yes", "highway": "motorway", "lanes": "2", "layer": "1", "name": "通燕高速", "oneway": "yes", "ref": "G102", "sourceMembership": "g102-tag"}, "geometry": {"type": "LineString", "coordinates": [[116.7148827, 39.9231189], [116.7154149, 39.923228]]}}, {"type": "Feature", "properties": {"osmWayId": 127031036, "bridge": "yes", "highway": "motorway", "lanes": "2", "layer": "1", "name": "通燕高速", "oneway": "yes", "ref": "G102", "sourceMembership": "g102-tag"}, "geometry": {"type": "LineString", "coordinates": [[116.663138, 39.922163], [116.6659561, 39.9223525]]}}, {"type": "Feature", "properties": {"osmWayId": 127031039, "bridge": "yes", "bridge:name": "耿庄桥", "highway": "motorway", "lanes": "2", "layer": "1", "name": "通燕高速", "oneway": "yes", "ref": "G102", "sourceMembership": "g102-tag"}, "geometry": {"type": "LineString", "coordinates": [[116.6809892, 39.9225435], [116.681608, 39.922539]]}}, {"type": "Feature", "properties": {"osmWayId": 127031040, "bridge": "yes", "highway": "motorway", "lanes": "2", "layer": "1", "name": "通燕高速", "oneway": "yes", "ref": "G102", "sourceMembership": "g102-tag"}, "geometry": {"type": "LineString", "coordinates": [[116.7841655, 39.9406819], [116.7843657, 39.9407124]]}}, {"type": "Feature", "properties": {"osmWayId": 127031044, "bridge": "yes", "highway": "motorway", "lanes": "2", "layer": "1", "name": "通燕高速", "oneway": "yes", "ref": "G102", "sourceMembership": "g102-tag"}, "geometry": {"type": "LineString", "coordinates": [[116.7152574, 39.923292], [116.7147661, 39.9232022]]}}, {"type": "Feature", "properties": {"osmWayId": 127031045, "bridge": "yes", "highway": "motorway", "lanes": "2", "layer": "1", "name": "通燕高速", "oneway": "yes", "ref": "G102", "surface": "asphalt", "sourceMembership": "g102-tag"}, "geometry": {"type": "LineString", "coordinates": [[116.7440261, 39.9303955], [116.7436977, 39.9303144]]}}, {"type": "Feature", "properties": {"osmWayId": 127031046, "bridge": "yes", "highway": "motorway", "lanes": "2", "layer": "1", "name": "通燕高速", "oneway": "yes", "ref": "G102", "sourceMembership": "g102-tag"}, "geometry": {"type": "LineString", "coordinates": [[116.7695378, 39.9383695], [116.7694564, 39.938345], [116.769255, 39.9382842]]}}, {"type": "Feature", "properties": {"osmWayId": 127031048, "bridge": "yes", "bridge:name": "耿庄桥", "highway": "motorway", "lanes": "2", "layer": "1", "name": "通燕高速", "oneway": "yes", "ref": "G102", "sourceMembership": "g102-tag"}, "geometry": {"type": "LineString", "coordinates": [[116.6816111, 39.9226255], [116.6809939, 39.9226363]]}}, {"type": "Feature", "properties": {"osmWayId": 127031059, "bridge": "yes", "highway": "motorway", "lanes": "2", "layer": "1", "name": "通燕高速", "oneway": "yes", "ref": "G102", "sourceMembership": "g102-tag"}, "geometry": {"type": "LineString", "coordinates": [[116.7738564, 39.9391439], [116.778476, 39.9398256]]}}, {"type": "Feature", "properties": {"osmWayId": 127031072, "bridge": "yes", "highway": "trunk", "lanes": "2", "layer": "1", "name": "朝阳路", "oneway": "yes", "ref": "G102", "sourceMembership": "g102-tag"}, "geometry": {"type": "LineString", "coordinates": [[116.6242623, 39.9144378], [116.6222353, 39.9135982], [116.6218854, 39.9134648], [116.6215278, 39.9133436], [116.621075, 39.9132161], [116.6206073, 39.9131051], [116.6202291, 39.9130389], [116.6198494, 39.9129853], [116.6194857, 39.9129475], [116.6191075, 39.9129189], [116.6183268, 39.9128737]]}}, {"type": "Feature", "properties": {"osmWayId": 127031075, "bridge": "yes", "highway": "trunk", "lanes": "2", "layer": "1", "name": "朝阳路", "oneway": "yes", "ref": "G102", "sourceMembership": "g102-tag"}, "geometry": {"type": "LineString", "coordinates": [[116.618334, 39.9127893], [116.6190945, 39.9128288], [116.6194745, 39.912856], [116.6198469, 39.9128983], [116.6202384, 39.9129503], [116.620626, 39.913021], [116.6210899, 39.9131332], [116.6215534, 39.9132636], [116.6219208, 39.9133876], [116.6222772, 39.9135266], [116.6243177, 39.9143648]]}}, {"type": "Feature", "properties": {"osmWayId": 127031086, "highway": "motorway", "lanes": "2", "loc_name": "通燕高速", "name": "通燕高速", "oneway": "yes", "ref": "G102", "short_name": "京哈线", "sourceMembership": "g102-tag"}, "geometry": {"type": "LineString", "coordinates": [[116.769255, 39.9382842], [116.7684937, 39.9380111], [116.7678034, 39.9377445], [116.7669766, 39.9374101], [116.7663316, 39.9371242], [116.7632651, 39.9357774]]}}, {"type": "Feature", "properties": {"osmWayId": 127031087, "highway": "motorway", "lanes": "2", "loc_name": "通燕高速", "name": "通燕高速", "oneway": "yes", "ref": "G102", "short_name": "京哈线", "sourceMembership": "g102-tag"}, "geometry": {"type": "LineString", "coordinates": [[116.7147661, 39.9232022], [116.7139099, 39.923033], [116.7134129, 39.9229543], [116.7127002, 39.9228488], [116.7119113, 39.9227405], [116.7109684, 39.922643], [116.7102271, 39.9225606], [116.7089824, 39.9224646], [116.7075192, 39.9224005], [116.7032977, 39.9223952], [116.7026728, 39.9223929]]}}, {"type": "Feature", "properties": {"osmWayId": 127031090, "highway": "motorway", "lanes": "2", "loc_name": "通燕高速", "name": "通燕高速", "oneway": "yes", "ref": "G102", "short_name": "京哈线", "sourceMembership": "g102-tag"}, "geometry": {"type": "LineString", "coordinates": [[116.6590506, 39.921858], [116.663138, 39.922163]]}}, {"type": "Feature", "properties": {"osmWayId": 127031091, "highway": "motorway", "lanes": "2", "loc_name": "通燕高速", "name": "通燕高速", "oneway": "yes", "ref": "G102", "short_name": "京哈线", "surface": "asphalt", "sourceMembership": "g102-tag"}, "geometry": {"type": "LineString", "coordinates": [[116.7389689, 39.9290248], [116.7437061, 39.9301952]]}}, {"type": "Feature", "properties": {"osmWayId": 127031092, "highway": "motorway", "lanes": "2", "loc_name": "通燕高速", "name": "通燕高速", "oneway": "yes", "ref": "G102", "short_name": "京哈线", "surface": "asphalt", "sourceMembership": "g102-tag"}, "geometry": {"type": "LineString", "coordinates": [[116.7436977, 39.9303144], [116.7389345, 39.9291162]]}}, {"type": "Feature", "properties": {"osmWayId": 127031093, "embankment": "yes", "highway": "motorway", "lanes": "2", "loc_name": "通燕高速", "name": "通燕高速", "oneway": "yes", "ref": "G102", "short_name": "京哈线", "sourceMembership": "g102-tag"}, "geometry": {"type": "LineString", "coordinates": [[116.7813047, 39.9403591], [116.7784522, 39.9399198]]}}, {"type": "Feature", "properties": {"osmWayId": 127031094, "highway": "motorway", "lanes": "2", "loc_name": "通燕高速", "name": "通燕高速", "oneway": "yes", "ref": "G102", "short_name": "京哈线", "sourceMembership": "g102-tag"}, "geometry": {"type": "LineString", "coordinates": [[116.6631125, 39.9222555], [116.6590055, 39.9219464]]}}, {"type": "Feature", "properties": {"osmWayId": 127031095, "highway": "motorway", "lanes": "2", "loc_name": "通燕高速", "name": "通燕高速", "oneway": "yes", "ref": "G102", "short_name": "京哈线", "surface": "asphalt", "sourceMembership": "g102-tag"}, "geometry": {"type": "LineString", "coordinates": [[116.7548096, 39.9330377], [116.7440261, 39.9303955]]}}, {"type": "Feature", "properties": {"osmWayId": 127031096, "highway": "motorway", "lanes": "2", "loc_name": "通燕高速", "name": "通燕高速", "oneway": "yes", "ref": "G102", "short_name": "京哈线", "surface": "asphalt", "sourceMembership": "g102-tag"}, "geometry": {"type": "LineString", "coordinates": [[116.744033, 39.9302761], [116.7536111, 39.9326426]]}}, {"type": "Feature", "properties": {"osmWayId": 127031097, "highway": "motorway", "lanes": "2", "loc_name": "通燕高速", "name": "通燕高速", "oneway": "yes", "ref": "G102", "short_name": "京哈线", "sourceMembership": "g102-tag"}, "geometry": {"type": "LineString", "coordinates": [[116.7292582, 39.9265836], [116.731882, 39.9272775], [116.7342739, 39.9278636]]}}, {"type": "Feature", "properties": {"osmWayId": 127031098, "highway": "motorway", "lanes": "2", "loc_name": "通燕高速", "name": "通燕高速", "oneway": "yes", "ref": "G102", "short_name": "京哈线", "sourceMembership": "g102-tag"}, "geometry": {"type": "LineString", "coordinates": [[116.6546388, 39.9216482], [116.6541635, 39.9216262], [116.6537727, 39.9216082]]}}, {"type": "Feature", "properties": {"osmWayId": 127031099, "highway": "motorway", "lanes": "2", "loc_name": "通燕高速", "name": "通燕高速", "oneway": "yes", "ref": "G102", "short_name": "京哈线", "sourceMembership": "g102-tag"}, "geometry": {"type": "LineString", "coordinates": [[116.7387217, 39.9290642], [116.732859, 39.9276152]]}}, {"type": "Feature", "properties": {"osmWayId": 127031100, "highway": "motorway", "lanes": "2", "loc_name": "通燕高速", "name": "通燕高速", "oneway": "yes", "ref": "G102", "short_name": "京哈线", "sourceMembership": "g102-tag"}, "geometry": {"type": "LineString", "coordinates": [[116.7843657, 39.9407124], [116.7870227, 39.9410511], [116.7881435, 39.9412032]]}}, {"type": "Feature", "properties": {"osmWayId": 127031101, "embankment": "yes", "highway": "motorway", "lanes": "2", "loc_name": "通燕高速", "name": "通燕高速", "oneway": "yes", "ref": "G102", "short_name": "京哈线", "sourceMembership": "g102-tag"}, "geometry": {"type": "LineString", "coordinates": [[116.7804607, 39.9401245], [116.7830512, 39.94052]]}}, {"type": "Feature", "properties": {"osmWayId": 127031102, "highway": "motorway", "lanes": "2", "loc_name": "通燕高速", "name": "通燕高速", "oneway": "yes", "ref": "G102", "short_name": "京哈线", "sourceMembership": "g102-tag"}, "geometry": {"type": "LineString", "coordinates": [[116.7695714, 39.9382824], [116.7701497, 39.9384471], [116.7708145, 39.9386184], [116.7715146, 39.9387662], [116.7722701, 39.9389055], [116.7730321, 39.9390278], [116.7738564, 39.9391439]]}}, {"type": "Feature", "properties": {"osmWayId": 127031103, "highway": "motorway", "lanes": "2", "loc_name": "通燕高速", "name": "通燕高速", "oneway": "yes", "ref": "G102", "short_name": "京哈线", "sourceMembership": "g102-tag"}, "geometry": {"type": "LineString", "coordinates": [[116.7738345, 39.9392348], [116.7730154, 39.9391114], [116.7722412, 39.9389907], [116.7720067, 39.9389486], [116.7714835, 39.9388548], [116.7707767, 39.938702], [116.7701098, 39.9385338], [116.7697837, 39.9384401], [116.7695378, 39.9383695]]}}, {"type": "Feature", "properties": {"osmWayId": 127031104, "highway": "trunk", "lanes": "2", "loc_name": "通燕高速", "name": "朝阳路", "oneway": "yes", "ref": "G102", "short_name": "京哈线", "sourceMembership": "g102-tag"}, "geometry": {"type": "LineString", "coordinates": [[116.6243177, 39.9143648], [116.6259067, 39.915016], [116.6271051, 39.9155072], [116.6278096, 39.9157908], [116.6284952, 39.9160809], [116.6298786, 39.9166241], [116.6311407, 39.9171287]]}}, {"type": "Feature", "properties": {"osmWayId": 127031105, "highway": "motorway", "lanes": "2", "loc_name": "通燕高速", "name": "通燕高速", "oneway": "yes", "ref": "G102", "short_name": "京哈线", "sourceMembership": "g102-tag"}, "geometry": {"type": "LineString", "coordinates": [[116.6762971, 39.9227343], [116.674717, 39.9227697], [116.6734675, 39.9227765], [116.6719914, 39.922765], [116.6707849, 39.9227236], [116.6696023, 39.9226635], [116.6683145, 39.9225768], [116.667025, 39.9224998], [116.6658653, 39.9224511]]}}, {"type": "Feature", "properties": {"osmWayId": 127031106, "highway": "motorway", "lanes": "2", "loc_name": "通燕高速", "name": "通燕高速", "oneway": "yes", "ref": "G102", "short_name": "京哈线", "sourceMembership": "g102-tag"}, "geometry": {"type": "LineString", "coordinates": [[116.7154149, 39.923228], [116.7160632, 39.923356], [116.7171347, 39.9236007], [116.7211462, 39.9245665], [116.7270167, 39.9260296], [116.7286559, 39.9264242]]}}, {"type": "Feature", "properties": {"osmWayId": 127031107, "highway": "motorway", "lanes": "2", "loc_name": "通燕高速", "name": "通燕高速", "oneway": "yes", "ref": "G102", "short_name": "京哈线", "sourceMembership": "g102-tag"}, "geometry": {"type": "LineString", "coordinates": [[116.6659561, 39.9223525], [116.6670307, 39.9224133], [116.6683333, 39.9224885], [116.6696307, 39.9225698], [116.6707885, 39.9226374], [116.6719938, 39.9226763], [116.6734684, 39.9226889], [116.6747193, 39.9226819], [116.6756625, 39.9226596]]}}, {"type": "Feature", "properties": {"osmWayId": 127031108, "highway": "motorway", "lanes": "2", "loc_name": "通燕高速", "name": "通燕高速", "oneway": "yes", "ref": "G102", "short_name": "京哈线", "sourceMembership": "g102-tag"}, "geometry": {"type": "LineString", "coordinates": [[116.7286373, 39.9265219], [116.7283306, 39.9264498], [116.7269895, 39.9261225], [116.721082, 39.9246798], [116.7170984, 39.9236862], [116.7160414, 39.9234448], [116.7152574, 39.923292]]}}, {"type": "Feature", "properties": {"osmWayId": 127156340, "highway": "trunk", "name": "朝阳路", "name:en": "Chaoyang Road", "name:fr": "Route Cháoyáng", "name:zh": "朝阳路", "name:zh-Latn-pinyin": "cháoyáng lù", "oneway": "yes", "ref": "G102", "sourceMembership": "g102-tag"}, "geometry": {"type": "LineString", "coordinates": [[116.5238805, 39.9158192], [116.5199414, 39.9160976], [116.5190577, 39.9161063], [116.5185772, 39.9160962], [116.5181412, 39.9160594], [116.5177068, 39.9160164], [116.5174261, 39.9159844], [116.5164317, 39.9158711], [116.515322, 39.9157447]]}}, {"type": "Feature", "properties": {"osmWayId": 127156348, "highway": "trunk", "name": "朝阳路", "name:en": "Chaoyang Road", "name:fr": "Route Cháoyáng", "name:zh": "朝阳路", "name:zh-Latn-pinyin": "cháoyáng lù", "oneway": "yes", "ref": "G102", "sourceMembership": "g102-tag"}, "geometry": {"type": "LineString", "coordinates": [[116.5946423, 39.9108313], [116.59479, 39.910909], [116.5948343, 39.9109323], [116.5950756, 39.9110678], [116.5952834, 39.911114], [116.595558, 39.911133], [116.5956809, 39.9111419], [116.5991579, 39.911393], [116.5997663, 39.9114367], [116.5998619, 39.9114431], [116.6040059, 39.9117432], [116.6059794, 39.9118858], [116.6066989, 39.9119378], [116.6089059, 39.9120972], [116.6126762, 39.912374], [116.6141075, 39.9124791], [116.6156983, 39.9125958]]}}, {"type": "Feature", "properties": {"osmWayId": 144730660, "highway": "trunk", "lanes": "2", "name": "京抚线", "oneway": "no", "ref": "G102", "sourceMembership": "g102-tag"}, "geometry": {"type": "LineString", "coordinates": [[120.1914492, 40.2487883], [120.1923018, 40.2491673], [120.1930716, 40.2495094], [120.1989538, 40.2517634], [120.1999584, 40.2521584], [120.200762, 40.2525477], [120.2067254, 40.2559365], [120.2145239, 40.2603679], [120.2153763, 40.2608522], [120.217234, 40.2617695], [120.2185182, 40.2623115], [120.2197671, 40.2627663], [120.2308789, 40.2659391], [120.2318676, 40.2662973], [120.2326846, 40.2666608], [120.2441548, 40.2729521], [120.2444439, 40.2731113], [120.2454814, 40.2737488], [120.2461139, 40.2742718], [120.2467715, 40.2748919], [120.2501742, 40.2786608], [120.2504073, 40.2788863], [120.2509129, 40.2793754], [120.2519406, 40.2803555], [120.256491, 40.284448], [120.2586065, 40.2862296], [120.2660046, 40.2914554], [120.2680334, 40.2929749], [120.2768294, 40.300483], [120.2776809, 40.3011722], [120.2786936, 40.3018102], [120.2838331, 40.3042947], [120.2843855, 40.3045343], [120.2845487, 40.3046037]]}}, {"type": "Feature", "properties": {"osmWayId": 144730673, "bridge": "yes", "highway": "trunk", "layer": "1", "name": "六股河大桥", "ref": "G102", "sourceMembership": "g102-tag"}, "geometry": {"type": "LineString", "coordinates": [[120.3578298, 40.3416143], [120.3517165, 40.3363548]]}}, {"type": "Feature", "properties": {"osmWayId": 144730674, "bridge": "yes", "highway": "trunk", "layer": "1", "name": "京抚线", "ref": "G102", "source": "bing", "sourceMembership": "g102-tag"}, "geometry": {"type": "LineString", "coordinates": [[118.3414682, 39.8361442], [118.3418039, 39.836026]]}}, {"type": "Feature", "properties": {"osmWayId": 144730677, "highway": "trunk", "name": "京抚线", "ref": "G102", "source": "bing", "sourceMembership": "g102-tag"}, "geometry": {"type": "LineString", "coordinates": [[118.3418039, 39.836026], [118.3442653, 39.8352906]]}}, {"type": "Feature", "properties": {"osmWayId": 144730689, "highway": "trunk", "name": "京抚线", "ref": "G102", "source": "bing", "sourceMembership": "g102-tag"}, "geometry": {"type": "LineString", "coordinates": [[118.2578947, 39.8255886], [118.2582344, 39.8258163], [118.2586489, 39.8260512], [118.2589763, 39.8261748], [118.2593016, 39.8262654], [118.2597081, 39.8263442], [118.2599545, 39.8263634], [118.2654422, 39.8269335], [118.2697817, 39.8273386], [118.2707749, 39.8273678], [118.2717685, 39.8273349], [118.2733103, 39.8272064], [118.2747157, 39.8270604], [118.2773288, 39.8267902], [118.2806194, 39.8262967], [118.2848121, 39.8257232], [118.2919417, 39.8246701], [118.2927711, 39.8245388], [118.2934125, 39.8245191], [118.293467, 39.8245271], [118.2940795, 39.8246176], [118.2951313, 39.8248868], [118.30058, 39.8262926], [118.3011516, 39.8264793], [118.3017556, 39.826721], [118.3022288, 39.8269752], [118.3040505, 39.8279997], [118.3047889, 39.8283292], [118.3056779, 39.8286508], [118.3064, 39.8288541], [118.3077795, 39.8291757], [118.313057, 39.8305029], [118.3137751, 39.8305934], [118.3144176, 39.8306209], [118.3161458, 39.8305727], [118.3203275, 39.8303874], [118.3209198, 39.8303731], [118.3214075, 39.8303892], [118.3218984, 39.8304473], [118.3222895, 39.8305566], [118.3226022, 39.8306724], [118.3229228, 39.8308563], [118.3234102, 39.8312044], [118.3241114, 39.8317428], [118.3243423, 39.8319136], [118.3271062, 39.8341856], [118.3274989, 39.8344314], [118.327954, 39.8346847], [118.3286318, 39.8349957], [118.3294335, 39.8352789], [118.3305173, 39.8356246], [118.3315579, 39.8359292], [118.3325128, 39.8361333], [118.3326004, 39.8361533], [118.334151, 39.836362], [118.3352331, 39.8364913], [118.335911, 39.83655], [118.3364438, 39.8365761], [118.3365442, 39.8365763], [118.3375496, 39.8365936], [118.3382388, 39.836581], [118.3392385, 39.8365447], [118.3398669, 39.8364982], [118.3404055, 39.8364182], [118.3414682, 39.8361442]]}}, {"type": "Feature", "properties": {"osmWayId": 147187239, "bridge": "yes", "highway": "secondary", "layer": "1", "name": "岔林河大桥", "ref": "G102", "source": "GPS", "sourceMembership": "g102-tag"}, "geometry": {"type": "LineString", "coordinates": [[128.7102106, 46.0074939], [128.712072, 46.0062986]]}}, {"type": "Feature", "properties": {"osmWayId": 150595805, "highway": "trunk", "name": "朝阳路", "name:en": "Chaoyang Road", "name:zh-Latn-pinyin": "cháoyáng lù", "oneway": "yes", "ref": "G102", "sourceMembership": "g102-tag"}, "geometry": {"type": "LineString", "coordinates": [[116.4557165, 39.917803], [116.4565857, 39.9174856], [116.4592547, 39.9165492], [116.4622058, 39.9155034], [116.4627007, 39.9153603], [116.4631275, 39.9152701], [116.4631847, 39.9152577], [116.4634144, 39.9152095]]}}, {"type": "Feature", "properties": {"osmWayId": 150595806, "highway": "trunk", "name": "朝阳路", "name:zh-Latn-pinyin": "cháoyáng lù", "oneway": "yes", "ref": "G102", "sourceMembership": "g102-tag"}, "geometry": {"type": "LineString", "coordinates": [[116.4634863, 39.9151984], [116.4636149, 39.9151734], [116.4643134, 39.9150207], [116.4658862, 39.9146828], [116.4663891, 39.9146056]]}}, {"type": "Feature", "properties": {"osmWayId": 152961198, "highway": "trunk", "name": "京抚线", "oneway": "no", "ref": "G102", "source": "bing", "sourceMembership": "g102-tag"}, "geometry": {"type": "LineString", "coordinates": [[121.001129, 40.9059144], [121.000637, 40.9054259], [120.9998107, 40.9046167], [120.9986655, 40.9035484], [120.9979434, 40.9027906], [120.9976181, 40.9023869], [120.9968996, 40.9014953], [120.9950095, 40.8991496], [120.9944492, 40.8984543], [120.9940209, 40.8980081], [120.9935757, 40.8976201], [120.9925029, 40.8968122], [120.9912648, 40.8958799], [120.9874947, 40.8930081], [120.9869127, 40.8925308], [120.9737065, 40.8813496], [120.9710451, 40.8790961], [120.9665693, 40.8757889], [120.9646492, 40.8743701], [120.9645041, 40.874269], [120.9640538, 40.8739551], [120.9630202, 40.8733417], [120.9619739, 40.8726038], [120.9614203, 40.872033], [120.9555012, 40.8638596], [120.9551348, 40.8633537], [120.9545322, 40.8624244], [120.9530972, 40.8602113], [120.9527369, 40.8596748], [120.9521538, 40.8590435], [120.9498031, 40.8568598], [120.9492742, 40.8564578], [120.9485446, 40.8559579], [120.9460391, 40.8543914], [120.9426207, 40.8522542], [120.9421089, 40.8518561], [120.9416326, 40.8513599], [120.9399895, 40.8490595], [120.9398365, 40.8486905], [120.9398012, 40.8486055], [120.9397126, 40.8479935], [120.9397148, 40.8474601], [120.9397239, 40.8452207], [120.9396799, 40.8445657], [120.9395987, 40.8442566], [120.9395496, 40.8440698], [120.939173, 40.8435208], [120.9383887, 40.8425752], [120.9375304, 40.8416576], [120.9358805, 40.8401803]]}}, {"type": "Feature", "properties": {"osmWayId": 152961206, "bridge": "yes", "highway": "trunk", "layer": "1", "name": "京哈线", "oneway": "no", "ref": "G102", "source": "bing", "sourceMembership": "g102-tag"}, "geometry": {"type": "LineString", "coordinates": [[121.0016647, 40.9064259], [121.001129, 40.9059144]]}}, {"type": "Feature", "properties": {"osmWayId": 152961332, "highway": "trunk", "lanes": "2", "name": "岛东线", "oneway": "yes", "ref": "G102", "source": "bing", "sourceMembership": "g102-tag"}, "geometry": {"type": "LineString", "coordinates": [[120.8904956, 40.7935406], [120.8903735, 40.7935324], [120.8892689, 40.7932295], [120.885491, 40.7921631], [120.8845338, 40.7919099], [120.8835029, 40.7917131], [120.8826011, 40.7915746], [120.8814967, 40.7914762], [120.8806653, 40.791443], [120.8780036, 40.791436], [120.8726674, 40.7914293], [120.8687191, 40.7914372], [120.8668832, 40.7915107], [120.8641367, 40.7917494], [120.8640622, 40.7917567], [120.8514562, 40.7929994], [120.8498007, 40.7932031], [120.8486117, 40.7934086], [120.8475624, 40.793715], [120.8465566, 40.7940878], [120.845724, 40.794432], [120.8448193, 40.7949336], [120.8437982, 40.7955862], [120.8417459, 40.797045], [120.8416661, 40.7971017]]}}, {"type": "Feature", "properties": {"osmWayId": 152964804, "highway": "trunk", "name": "京抚线", "ref": "G102", "source": "bing", "sourceMembership": "g102-tag"}, "geometry": {"type": "LineString", "coordinates": [[120.8941287, 40.7945865], [120.8958792, 40.7950597], [120.8979424, 40.7956014], [120.8982236, 40.7956812], [120.899129, 40.7959607], [120.8997531, 40.7962269], [120.900428, 40.7966327], [120.9014696, 40.7974755], [120.9038559, 40.7994865], [120.9048435, 40.8002585], [120.9051268, 40.8005443], [120.9061239, 40.8017141], [120.9084361, 40.8046546], [120.9093861, 40.8056908], [120.9121438, 40.8085199], [120.9126047, 40.8090716], [120.9146356, 40.8115026], [120.915127, 40.8122545], [120.9155105, 40.8130515], [120.917318, 40.8177047], [120.9174413, 40.8180223]]}}, {"type": "Feature", "properties": {"osmWayId": 153047113, "bridge": "yes", "highway": "trunk", "layer": "1", "name": "烟台河桥", "ref": "G102", "sourceMembership": "g102-tag"}, "geometry": {"type": "LineString", "coordinates": [[120.5519053, 40.4439232], [120.5503341, 40.4415008]]}}, {"type": "Feature", "properties": {"osmWayId": 153047115, "highway": "trunk", "name": "京抚线", "ref": "G102", "sourceMembership": "g102-tag"}, "geometry": {"type": "LineString", "coordinates": [[120.5503341, 40.4415008], [120.550008, 40.4410101], [120.5496722, 40.440648], [120.5491207, 40.4402368], [120.547607, 40.4392258], [120.5464012, 40.4384205], [120.536046, 40.4315722], [120.5358378, 40.4314856], [120.5355884, 40.4313819], [120.53514, 40.4312517], [120.5344528, 40.4311496], [120.5335392, 40.4311365], [120.5286269, 40.4317135], [120.5265059, 40.4319626], [120.5253563, 40.4322194], [120.5238865, 40.432727]]}}, {"type": "Feature", "properties": {"osmWayId": 158233401, "alt_name:ru": "Годао 102", "highway": "trunk", "name": "哈双路", "name:ru": "Пекин — Харбин", "name:zh": "京抚线", "note": "trunk road superceded by G1", "oneway": "yes", "ref": "G102", "sourceMembership": "g102-tag"}, "geometry": {"type": "LineString", "coordinates": [[126.484225, 45.5524681], [126.4800608, 45.5471593], [126.4752379, 45.5410425], [126.4724333, 45.5374197], [126.4691256, 45.5331461], [126.4632647, 45.5256731], [126.4631959, 45.5255735], [126.4614306, 45.5233408], [126.4592582, 45.5205931], [126.4574213, 45.5182506], [126.4558353, 45.5162797], [126.4545329, 45.5147845], [126.4537547, 45.5139384], [126.4533462, 45.5135147], [126.4528156, 45.5129645], [126.4519819, 45.5121355], [126.4506173, 45.5108299], [126.4495698, 45.5099014], [126.4486467, 45.5091044], [126.4475312, 45.5081686], [126.4462852, 45.5071018], [126.4088296, 45.4756249], [126.4020595, 45.469922], [126.395457, 45.4643597], [126.392266, 45.4616683], [126.3921128, 45.4615356], [126.3856806, 45.4561831], [126.3844589, 45.4550624], [126.3836439, 45.4541724], [126.3832391, 45.4537303], [126.3824873, 45.4527393], [126.3816788, 45.4515894], [126.3808165, 45.4501549], [126.3808052, 45.4501319], [126.3799227, 45.4483273], [126.3793407, 45.4466039], [126.3789641, 45.4451784], [126.3787796, 45.443952], [126.378673, 45.4421843], [126.3782478, 45.4348726], [126.377764, 45.4271913], [126.3771144, 45.4159748], [126.3770206, 45.414356], [126.3768528, 45.4125303], [126.3765092, 45.410639], [126.3764966, 45.4105998], [126.3757751, 45.4083556], [126.3744184, 45.405745], [126.3678601, 45.3967359], [126.3672968, 45.3959621], [126.365092, 45.392933], [126.3649715, 45.3927674], [126.3648004, 45.392565]]}}, {"type": "Feature", "properties": {"osmWayId": 158233406, "alt_name:ru": "Годао 102", "highway": "trunk", "name": "哈双路", "name:ru": "Пекин — Харбин", "name:zh": "京抚线", "oneway": "yes", "ref": "G102", "sourceMembership": "g102-tag"}, "geometry": {"type": "LineString", "coordinates": [[126.4852896, 45.5535381], [126.4888085, 45.5580836], [126.4895364, 45.5589816], [126.4905742, 45.5603328], [126.4910912, 45.561003], [126.4923188, 45.5625571], [126.4926562, 45.5630223], [126.4929989, 45.5635025], [126.4932559, 45.5639046], [126.4933938, 45.5641529], [126.4935104, 45.5643637], [126.4936297, 45.5645972], [126.4937288, 45.5648108], [126.4938764, 45.5651877], [126.4940438, 45.5656534], [126.494117, 45.5659133], [126.4941433, 45.5660068], [126.4942403, 45.5665196], [126.4942851, 45.5670022], [126.4942936, 45.5671602], [126.4942965, 45.5672142], [126.4943027, 45.5674968], [126.4942867, 45.567806], [126.4942604, 45.5681885], [126.4941924, 45.5685901], [126.4941347, 45.5688675], [126.493961, 45.5694927], [126.4938454, 45.5698538], [126.4933237, 45.5713255], [126.4932371, 45.5716193], [126.4931709, 45.5718837], [126.4931119, 45.5721754], [126.4930299, 45.5726271], [126.4929855, 45.5730975], [126.4929843, 45.5734685], [126.4930018, 45.5738997], [126.493046, 45.5743053], [126.4931322, 45.5748405], [126.4932703, 45.5753379], [126.4934194, 45.5757737], [126.4935856, 45.5761805], [126.493752, 45.5765053], [126.4939629, 45.5768806], [126.4941071, 45.5771225], [126.4944254, 45.5775825], [126.4946491, 45.5778986], [126.4949349, 45.5782336], [126.4957649, 45.5791955], [126.4974295, 45.5811436], [126.4982324, 45.5820538], [126.4989125, 45.5828454], [126.4992576, 45.5832423], [126.4995422, 45.583575], [126.4997522, 45.5838172], [126.5004661, 45.5846487], [126.500772, 45.585011], [126.5010659, 45.5853793], [126.5013773, 45.5858018], [126.5016324, 45.5861406], [126.5020117, 45.5866635], [126.5023374, 45.5871301], [126.5026499, 45.587603], [126.5031268, 45.5883986], [126.5036753, 45.5892983], [126.503822, 45.5895627], [126.5040783, 45.5900171], [126.5043037, 45.5904827], [126.5047024, 45.591291], [126.5052419, 45.5925484], [126.505547, 45.593366], [126.5059829, 45.5947128], [126.506362, 45.5961063], [126.5071775, 45.6000689], [126.5082743, 45.60535], [126.5084535, 45.6062786], [126.5086388, 45.6071209], [126.5088085, 45.6078249], [126.50901, 45.6085717], [126.5090362, 45.6086656], [126.5092168, 45.6093138], [126.5097481, 45.6110603], [126.5100223, 45.6118124], [126.5104237, 45.6128825], [126.5113494, 45.6151968], [126.5126608, 45.6182995], [126.513741, 45.6210338], [126.5150776, 45.6241899], [126.5153707, 45.624882], [126.5165574, 45.6278861], [126.517442, 45.6300479], [126.517897, 45.6310911], [126.5182791, 45.6318543], [126.5185322, 45.6322849], [126.5189851, 45.6330137], [126.5192997, 45.6335028], [126.5198548, 45.6343287], [126.5214777, 45.636626], [126.5223982, 45.637921]]}}, {"type": "Feature", "properties": {"osmWayId": 165298115, "highway": "trunk_link", "oneway": "yes", "ref": "G102", "sourceMembership": "g102-tag"}, "geometry": {"type": "LineString", "coordinates": [[123.3246766, 41.773336], [123.3247791, 41.7732328], [123.3248143, 41.7731402], [123.3248152, 41.773057], [123.3247808, 41.7729685], [123.3247482, 41.7729125], [123.3246589, 41.7728617], [123.3245016, 41.7728341]]}}, {"type": "Feature", "properties": {"osmWayId": 165298116, "highway": "trunk_link", "oneway": "yes", "ref": "G102", "sourceMembership": "g102-tag"}, "geometry": {"type": "LineString", "coordinates": [[123.3230992, 41.7735379], [123.3232943, 41.7736292], [123.3233796, 41.7736657], [123.3234731, 41.7736841], [123.3236865, 41.7736761]]}}, {"type": "Feature", "properties": {"osmWayId": 165298117, "highway": "trunk_link", "ref": "G102", "sourceMembership": "g102-tag"}, "geometry": {"type": "LineString", "coordinates": [[123.3246766, 41.773336], [123.3239429, 41.7735851], [123.3236865, 41.7736761]]}}, {"type": "Feature", "properties": {"osmWayId": 166962699, "highway": "trunk", "name": "重工南街", "oneway": "yes", "ref": "G102;G304", "sourceMembership": "g102-tag"}, "geometry": {"type": "LineString", "coordinates": [[123.3205422, 41.7803103], [123.3205439, 41.7804348], [123.3205505, 41.7807564], [123.3205542, 41.7816501]]}}, {"type": "Feature", "properties": {"osmWayId": 169079836, "bridge": "yes", "highway": "trunk", "layer": "1", "maxheight": "4.5", "name": "朝阳路", "oneway": "yes", "ref": "G102", "trolley_wire": "yes", "sourceMembership": "g102-tag"}, "geometry": {"type": "LineString", "coordinates": [[116.4834521, 39.914197], [116.4840285, 39.9142027]]}}, {"type": "Feature", "properties": {"osmWayId": 169081206, "highway": "trunk", "name": "朝阳路", "name:en": "Chaoyang Road", "name:fr": "Route Cháoyáng", "name:zh": "朝阳路", "name:zh-Latn-pinyin": "cháoyáng lù", "oneway": "yes", "ref": "G102", "sourceMembership": "g102-tag"}, "geometry": {"type": "LineString", "coordinates": [[116.4898869, 39.9144193], [116.4873826, 39.914337], [116.4856212, 39.9143327]]}}, {"type": "Feature", "properties": {"osmWayId": 169081207, "highway": "trunk", "name": "朝阳路", "name:en": "Chaoyang Road", "name:fr": "Route Cháoyáng", "name:zh": "朝阳路", "name:zh-Latn-pinyin": "cháoyáng lù", "oneway": "yes", "ref": "G102", "sourceMembership": "g102-tag"}, "geometry": {"type": "LineString", "coordinates": [[116.5123782, 39.9153998], [116.5088631, 39.9151176], [116.5058448, 39.9148938]]}}, {"type": "Feature", "properties": {"osmWayId": 169081208, "highway": "trunk", "name": "朝阳路", "name:en": "Chaoyang Road", "name:fr": "Route Cháoyáng", "name:zh": "朝阳路", "name:zh-Latn-pinyin": "cháoyáng lù", "oneway": "yes", "ref": "G102", "sourceMembership": "g102-tag"}, "geometry": {"type": "LineString", "coordinates": [[116.5006355, 39.9147071], [116.4974899, 39.9146258], [116.4930463, 39.9145157], [116.4898869, 39.9144193]]}}, {"type": "Feature", "properties": {"osmWayId": 169081209, "highway": "trunk", "name": "朝阳路", "name:en": "Chaoyang Road", "name:fr": "Route Cháoyáng", "name:zh": "朝阳路", "name:zh-Latn-pinyin": "cháoyáng lù", "oneway": "yes", "ref": "G102", "sourceMembership": "g102-tag"}, "geometry": {"type": "LineString", "coordinates": [[116.5058531, 39.9148211], [116.5081045, 39.9149899], [116.5123665, 39.9153212]]}}, {"type": "Feature", "properties": {"osmWayId": 169081210, "highway": "trunk", "maxheight": "4", "name": "朝阳路", "name:en": "Chaoyang Road", "name:fr": "Route Cháoyáng", "name:zh": "朝阳路", "name:zh-Latn-pinyin": "cháoyáng lù", "oneway": "yes", "ref": "G102", "trolley_wire": "yes", "sourceMembership": "g102-tag"}, "geometry": {"type": "LineString", "coordinates": [[116.5027804, 39.9146507], [116.5035323, 39.9146651]]}}, {"type": "Feature", "properties": {"osmWayId": 169081211, "highway": "trunk", "name": "朝阳路", "name:en": "Chaoyang Road", "name:fr": "Route Cháoyáng", "name:zh": "朝阳路", "name:zh-Latn-pinyin": "cháoyáng lù", "oneway": "yes", "ref": "G102", "sourceMembership": "g102-tag"}, "geometry": {"type": "LineString", "coordinates": [[116.4898846, 39.9143471], [116.4922608, 39.9144385], [116.4978553, 39.9145656], [116.5006387, 39.9146308]]}}, {"type": "Feature", "properties": {"osmWayId": 169081212, "highway": "trunk", "name": "朝阳路", "name:en": "Chaoyang Road", "name:fr": "Route Cháoyáng", "name:zh": "朝阳路", "name:zh-Latn-pinyin": "cháoyáng lù", "oneway": "yes", "ref": "G102", "trolley_wire": "yes", "sourceMembership": "g102-tag"}, "geometry": {"type": "LineString", "coordinates": [[116.5035323, 39.9146651], [116.5043314, 39.9146803]]}}, {"type": "Feature", "properties": {"osmWayId": 169081213, "highway": "trunk", "name": "朝阳路", "name:en": "Chaoyang Road", "name:fr": "Route Cháoyáng", "name:zh": "朝阳路", "name:zh-Latn-pinyin": "cháoyáng lù", "oneway": "yes", "ref": "G102", "trolley_wire": "yes", "sourceMembership": "g102-tag"}, "geometry": {"type": "LineString", "coordinates": [[116.5043407, 39.9148459], [116.5037199, 39.9148274], [116.5035262, 39.9148216]]}}, {"type": "Feature", "properties": {"osmWayId": 169081214, "highway": "trunk", "maxheight": "4", "name": "朝阳路", "name:en": "Chaoyang Road", "name:fr": "Route Cháoyáng", "name:zh": "朝阳路", "name:zh-Latn-pinyin": "cháoyáng lù", "oneway": "yes", "ref": "G102", "trolley_wire": "yes", "sourceMembership": "g102-tag"}, "geometry": {"type": "LineString", "coordinates": [[116.5035262, 39.9148216], [116.5027872, 39.9147995]]}}, {"type": "Feature", "properties": {"osmWayId": 169081215, "highway": "trunk", "name": "朝阳路", "name:en": "Chaoyang Road", "name:fr": "Route Cháoyáng", "name:zh": "朝阳路", "name:zh-Latn-pinyin": "cháoyáng lù", "oneway": "yes", "ref": "G102", "sourceMembership": "g102-tag"}, "geometry": {"type": "LineString", "coordinates": [[116.5123665, 39.9153212], [116.5124354, 39.9153304], [116.5151821, 39.9156415], [116.5153409, 39.9156623], [116.5162511, 39.9157748], [116.5177099, 39.9159552], [116.5181508, 39.9159988], [116.5185884, 39.9160317], [116.5190574, 39.9160457], [116.5199298, 39.9160261], [116.523878, 39.9157365]]}}, {"type": "Feature", "properties": {"osmWayId": 169081216, "highway": "trunk", "name": "朝阳路", "name:en": "Chaoyang Road", "name:fr": "Route Cháoyáng", "name:zh": "朝阳路", "name:zh-Latn-pinyin": "cháoyáng lù", "oneway": "yes", "ref": "G102", "sourceMembership": "g102-tag"}, "geometry": {"type": "LineString", "coordinates": [[116.5027872, 39.9147995], [116.5023915, 39.9147542], [116.5006355, 39.9147071]]}}, {"type": "Feature", "properties": {"osmWayId": 169081217, "highway": "trunk", "name": "朝阳路", "name:en": "Chaoyang Road", "name:fr": "Route Cháoyáng", "name:zh": "朝阳路", "name:zh-Latn-pinyin": "cháoyáng lù", "oneway": "yes", "ref": "G102", "sourceMembership": "g102-tag"}, "geometry": {"type": "LineString", "coordinates": [[116.5058448, 39.9148938], [116.5047593, 39.9148099], [116.5043407, 39.9148459]]}}, {"type": "Feature", "properties": {"osmWayId": 169081218, "highway": "trunk", "name": "朝阳路", "name:en": "Chaoyang Road", "name:fr": "Route Cháoyáng", "name:zh": "朝阳路", "name:zh-Latn-pinyin": "cháoyáng lù", "oneway": "yes", "ref": "G102", "sourceMembership": "g102-tag"}, "geometry": {"type": "LineString", "coordinates": [[116.5006387, 39.9146308], [116.5023921, 39.9146769], [116.5027804, 39.9146507]]}}, {"type": "Feature", "properties": {"osmWayId": 169081219, "highway": "trunk", "name": "朝阳路", "name:en": "Chaoyang Road", "name:fr": "Route Cháoyáng", "name:zh": "朝阳路", "name:zh-Latn-pinyin": "cháoyáng lù", "oneway": "yes", "ref": "G102", "sourceMembership": "g102-tag"}, "geometry": {"type": "LineString", "coordinates": [[116.5043314, 39.9146803], [116.504757, 39.9147378], [116.5058531, 39.9148211]]}}, {"type": "Feature", "properties": {"osmWayId": 169088974, "highway": "trunk", "oneway": "yes", "sourceMembership": "g102-relation"}, "geometry": {"type": "LineString", "coordinates": [[116.4718096, 39.914286], [116.4719155, 39.914281]]}}, {"type": "Feature", "properties": {"osmWayId": 169088977, "highway": "trunk", "oneway": "yes", "trolley_wire": "yes", "sourceMembership": "g102-relation"}, "geometry": {"type": "LineString", "coordinates": [[116.4719157, 39.9143575], [116.4718089, 39.914359]]}}, {"type": "Feature", "properties": {"osmWayId": 169088978, "highway": "trunk_link", "oneway": "yes", "sourceMembership": "g102-relation"}, "geometry": {"type": "LineString", "coordinates": [[116.4634144, 39.9152095], [116.4634863, 39.9151984]]}}, {"type": "Feature", "properties": {"osmWayId": 169088993, "highway": "trunk", "name": "朝阳路", "name:zh-Latn-pinyin": "cháoyáng lù", "oneway": "yes", "ref": "G102", "trolley_wire": "yes", "sourceMembership": "g102-tag"}, "geometry": {"type": "LineString", "coordinates": [[116.4634393, 39.9152869], [116.4632072, 39.9153316], [116.4627154, 39.9154269], [116.4622282, 39.9155631], [116.4592938, 39.9166086], [116.4558783, 39.9178255], [116.4557131, 39.9178844]]}}, {"type": "Feature", "properties": {"osmWayId": 169088996, "highway": "trunk", "name": "朝阳路", "name:zh-Latn-pinyin": "cháoyáng lù", "oneway": "yes", "ref": "G102", "sourceMembership": "g102-tag"}, "geometry": {"type": "LineString", "coordinates": [[116.4719155, 39.914281], [116.4755023, 39.9141761]]}}, {"type": "Feature", "properties": {"osmWayId": 169088997, "highway": "trunk", "name": "朝阳路", "name:zh-Latn-pinyin": "cháoyáng lù", "oneway": "yes", "ref": "G102", "trolley_wire": "yes", "sourceMembership": "g102-tag"}, "geometry": {"type": "LineString", "coordinates": [[116.4755044, 39.9142385], [116.4751997, 39.9142486], [116.4722655, 39.9143459], [116.4719157, 39.9143575]]}}, {"type": "Feature", "properties": {"osmWayId": 169088998, "highway": "trunk", "name": "朝阳路", "name:zh-Latn-pinyin": "cháoyáng lù", "oneway": "yes", "ref": "G102", "trolley_wire": "yes", "sourceMembership": "g102-tag"}, "geometry": {"type": "LineString", "coordinates": [[116.4664038, 39.9146811], [116.4659018, 39.9147614], [116.4636655, 39.9152381], [116.4636084, 39.9152529], [116.4634393, 39.9152869]]}}, {"type": "Feature", "properties": {"osmWayId": 169089000, "highway": "trunk", "name": "朝阳路", "name:zh-Latn-pinyin": "cháoyáng lù", "oneway": "yes", "ref": "G102", "sourceMembership": "g102-tag"}, "geometry": {"type": "LineString", "coordinates": [[116.4755023, 39.9141761], [116.4764878, 39.9141429], [116.4784817, 39.9141498], [116.4786687, 39.9141504]]}}, {"type": "Feature", "properties": {"osmWayId": 169089001, "highway": "trunk", "name": "朝阳路", "name:zh-Latn-pinyin": "cháoyáng lù", "oneway": "yes", "ref": "G102", "sourceMembership": "g102-tag"}, "geometry": {"type": "LineString", "coordinates": [[116.4786687, 39.9141504], [116.4788126, 39.9141517], [116.4795845, 39.9141588], [116.481983, 39.9141809]]}}, {"type": "Feature", "properties": {"osmWayId": 169089002, "highway": "trunk", "name": "朝阳路", "name:zh-Latn-pinyin": "cháoyáng lù", "oneway": "yes", "ref": "G102", "sourceMembership": "g102-tag"}, "geometry": {"type": "LineString", "coordinates": [[116.4663891, 39.9146056], [116.4671618, 39.9145575], [116.4674445, 39.9145431], [116.468166, 39.9145062], [116.4684986, 39.9144887], [116.4715626, 39.9142985], [116.4718096, 39.914286]]}}, {"type": "Feature", "properties": {"osmWayId": 169089003, "highway": "trunk", "name": "朝阳路", "name:zh-Latn-pinyin": "cháoyáng lù", "oneway": "yes", "ref": "G102", "trolley_wire": "yes", "sourceMembership": "g102-tag"}, "geometry": {"type": "LineString", "coordinates": [[116.4718089, 39.914359], [116.4715663, 39.9143684], [116.4690586, 39.9145218], [116.4684999, 39.9145504], [116.4672353, 39.9146043], [116.4664038, 39.9146811]]}}, {"type": "Feature", "properties": {"osmWayId": 169089005, "highway": "trunk", "name": "朝阳路", "name:zh-Latn-pinyin": "cháoyáng lù", "oneway": "yes", "ref": "G102", "trolley_wire": "yes", "sourceMembership": "g102-tag"}, "geometry": {"type": "LineString", "coordinates": [[116.4786684, 39.9142133], [116.4784793, 39.9142128], [116.47777, 39.9142111], [116.4764878, 39.914208], [116.4755044, 39.9142385]]}}, {"type": "Feature", "properties": {"osmWayId": 170765062, "highway": "trunk", "name": "朝阳门外大街", "name:en": "Chaoyangmen Outer Street", "name:zh": "朝阳门外大街", "name:zh-Latn-pinyin": "cháoyángmén wài dàJiē", "oneway": "yes", "ref": "G102", "sourceMembership": "g102-tag"}, "geometry": {"type": "LineString", "coordinates": [[116.4442578, 39.9215777], [116.444119, 39.9215874]]}}, {"type": "Feature", "properties": {"osmWayId": 170765067, "highway": "trunk", "name": "朝阳门外大街", "name:en": "Chaoyangmen Outer Street", "name:zh": "朝阳门外大街", "name:zh-Latn-pinyin": "cháoyángmén wài dàJiē", "oneway": "yes", "ref": "G102", "trolley_wire": "yes", "sourceMembership": "g102-tag"}, "geometry": {"type": "LineString", "coordinates": [[116.444127, 39.9214669], [116.4442489, 39.921456]]}}, {"type": "Feature", "properties": {"osmWayId": 170765084, "highway": "trunk", "maxheight": "4", "oneway": "yes", "ref": "G102", "trolley_wire": "yes", "sourceMembership": "g102-tag"}, "geometry": {"type": "LineString", "coordinates": [[116.4557131, 39.9178844], [116.4553166, 39.9180953], [116.4551887, 39.9181634]]}}, {"type": "Feature", "properties": {"osmWayId": 170769759, "highway": "trunk", "maxheight": "4", "oneway": "yes", "ref": "G102", "sourceMembership": "g102-tag"}, "geometry": {"type": "LineString", "coordinates": [[116.4551869, 39.9179899], [116.4553182, 39.9179436], [116.4557165, 39.917803]]}}, {"type": "Feature", "properties": {"osmWayId": 170769763, "highway": "trunk", "name": "朝阳门外大街", "name:en": "Chaoyangmen Outer Street", "name:zh": "朝阳门外大街", "name:zh-Latn-pinyin": "cháoyángmén wài dàJiē", "oneway": "yes", "ref": "G102", "trolley_wire": "yes", "sourceMembership": "g102-tag"}, "geometry": {"type": "LineString", "coordinates": [[116.4551887, 39.9181634], [116.4540508, 39.9184508], [116.4517328, 39.9190323], [116.451604, 39.9190623], [116.4512762, 39.9191438], [116.4500163, 39.9194435], [116.4490244, 39.9196995], [116.4486784, 39.9197777], [116.4477909, 39.9200056], [116.4471801, 39.9201624], [116.4468922, 39.9202413], [116.4468488, 39.9202508], [116.4467383, 39.9202822], [116.4465909, 39.920324]]}}, {"type": "Feature", "properties": {"osmWayId": 173224946, "highway": "trunk", "name": "朝阳门外大街", "name:en": "Chaoyangmen Outer Street", "name:zh": "朝阳门外大街", "name:zh-Latn-pinyin": "cháoyángmén wài dàJiē", "oneway": "yes", "ref": "G102", "sidewalk": "separate", "sourceMembership": "g102-tag"}, "geometry": {"type": "LineString", "coordinates": [[116.4345985, 39.9227076], [116.4354896, 39.9226035], [116.4358779, 39.9225308], [116.4368203, 39.9223367], [116.437652, 39.9221588], [116.4378354, 39.9221143], [116.4382551, 39.9220227], [116.4387793, 39.9219454], [116.4392163, 39.921894], [116.4397081, 39.9218498], [116.4399253, 39.9218303]]}}, {"type": "Feature", "properties": {"osmWayId": 173224970, "bridge": "yes", "highway": "trunk", "layer": "1", "name": "朝阳路", "oneway": "yes", "ref": "G102", "trolley_wire": "yes", "sourceMembership": "g102-tag"}, "geometry": {"type": "LineString", "coordinates": [[116.4834513, 39.9143055], [116.4819791, 39.9142795]]}}, {"type": "Feature", "properties": {"osmWayId": 173224971, "bridge": "yes", "highway": "trunk", "layer": "1", "name": "朝阳路", "oneway": "yes", "ref": "G102", "trolley_wire": "yes", "sourceMembership": "g102-tag"}, "geometry": {"type": "LineString", "coordinates": [[116.4840285, 39.9142027], [116.4856164, 39.9142401]]}}, {"type": "Feature", "properties": {"osmWayId": 173224972, "bridge": "yes", "highway": "trunk", "layer": "1", "maxheight": "4.5", "name": "朝阳路", "oneway": "yes", "ref": "G102", "trolley_wire": "yes", "sourceMembership": "g102-tag"}, "geometry": {"type": "LineString", "coordinates": [[116.484032, 39.9143206], [116.4836635, 39.9143067], [116.4834513, 39.9143055]]}}, {"type": "Feature", "properties": {"osmWayId": 177973712, "bridge": "yes", "highway": "trunk", "lanes": "4", "layer": "2", "name": "重工北街", "oneway": "yes", "ref": "G102;G304", "sourceMembership": "g102-tag"}, "geometry": {"type": "LineString", "coordinates": [[123.3207112, 41.8033644], [123.3207205, 41.8021958]]}}, {"type": "Feature", "properties": {"osmWayId": 177973716, "bridge": "yes", "highway": "trunk", "layer": "1", "name": "重工南街", "oneway": "yes", "ref": "G102;G304", "sourceMembership": "g102-tag"}, "geometry": {"type": "LineString", "coordinates": [[123.3207205, 41.8021958], [123.3207141, 41.8018482], [123.320691, 41.8005846], [123.3206067, 41.7989964]]}}, {"type": "Feature", "properties": {"osmWayId": 182773981, "bridge": "yes", "foot": "yes", "highway": "trunk", "layer": "1", "name": "京抚线", "oneway": "yes", "ref": "G102", "sourceMembership": "g102-tag"}, "geometry": {"type": "LineString", "coordinates": [[117.40345, 39.9802218], [117.4024912, 39.9807677]]}}, {"type": "Feature", "properties": {"osmWayId": 182773983, "bridge": "yes", "foot": "yes", "highway": "trunk", "lanes": "2", "layer": "1", "name": "京抚线", "oneway": "yes", "ref": "G102", "sourceMembership": "g102-tag"}, "geometry": {"type": "LineString", "coordinates": [[117.3575233, 39.9850018], [117.3526312, 39.985461]]}}, {"type": "Feature", "properties": {"osmWayId": 182773987, "foot": "yes", "highway": "trunk", "lanes": "2", "name": "京抚线", "oneway": "yes", "ref": "G102", "source": "ESRB", "sourceMembership": "g102-tag"}, "geometry": {"type": "LineString", "coordinates": [[117.2090269, 39.9946983], [117.2111729, 39.9943626], [117.2128697, 39.994131], [117.2141096, 39.9939899], [117.2162536, 39.9937269], [117.2185481, 39.9934455], [117.2198309, 39.9932863], [117.2206631, 39.9931918], [117.2216167, 39.9930822], [117.2258478, 39.9925736], [117.2289034, 39.9921817], [117.2304034, 39.9920259], [117.2309132, 39.9919862], [117.2318386, 39.9919142], [117.2342129, 39.9917371], [117.2397641, 39.99133], [117.2429215, 39.9910047], [117.2442998, 39.9908528], [117.2448096, 39.9907966], [117.2449317, 39.9907815], [117.2450444, 39.9907675], [117.2451562, 39.9907584], [117.2452681, 39.9907455], [117.2453754, 39.9907317], [117.2456984, 39.9907019]]}}, {"type": "Feature", "properties": {"osmWayId": 182773990, "foot": "yes", "highway": "trunk", "lanes": "2", "name": "京抚线", "oneway": "yes", "ref": "G102", "sourceMembership": "g102-tag"}, "geometry": {"type": "LineString", "coordinates": [[117.4042329, 39.9798281], [117.4037491, 39.9800506], [117.40345, 39.9802218]]}}, {"type": "Feature", "properties": {"osmWayId": 182773992, "bridge": "yes", "highway": "trunk", "layer": "1", "name": "京抚线", "oneway": "yes", "ref": "G102", "sourceMembership": "g102-tag"}, "geometry": {"type": "LineString", "coordinates": [[117.4130246, 39.9780163], [117.4093342, 39.9789717], [117.4090935, 39.9790223], [117.4088653, 39.9790729], [117.4085119, 39.9791382], [117.4081929, 39.9791858], [117.4078743, 39.9792208], [117.4075488, 39.9792574], [117.4071265, 39.9792996], [117.406005, 39.9793939]]}}, {"type": "Feature", "properties": {"osmWayId": 182773993, "foot": "yes", "highway": "trunk", "lanes": "2", "name": "京抚线", "name:en": "Jingfu Highway", "oneway": "yes", "ref": "G102", "sourceMembership": "g102-tag"}, "geometry": {"type": "LineString", "coordinates": [[117.4024912, 39.9807677], [117.4021502, 39.9809435], [117.4019349, 39.9810477], [117.4017026, 39.9811432], [117.4014089, 39.9812561], [117.4011549, 39.9813434], [117.4009322, 39.9814151], [117.4006603, 39.9814966], [117.4005112, 39.981526], [117.4003439, 39.9815606], [117.4001525, 39.9815861], [117.3998964, 39.9816111], [117.3996596, 39.9816317], [117.3994221, 39.9816461], [117.3980877, 39.9817185]]}}, {"type": "Feature", "properties": {"osmWayId": 183951064, "bridge": "yes", "highway": "trunk", "layer": "1", "name": "哈双路", "name:zh": "京抚线", "oneway": "yes", "ref": "G102", "sourceMembership": "g102-tag"}, "geometry": {"type": "LineString", "coordinates": [[126.5223982, 45.637921], [126.523056, 45.6389104]]}}, {"type": "Feature", "properties": {"osmWayId": 183951124, "highway": "trunk", "lanes": "3", "name": "哈双路", "name:zh": "京抚线", "oneway": "yes", "ref": "G102", "source": "yahoo imagery", "sourceMembership": "g102-tag"}, "geometry": {"type": "LineString", "coordinates": [[126.523056, 45.6389104], [126.5258947, 45.6428389], [126.5274006, 45.6450279], [126.5298731, 45.6486317], [126.5309285, 45.6500728], [126.5312755, 45.6505787], [126.531961, 45.6515752], [126.5326463, 45.6525708], [126.5328209, 45.6528436], [126.5329614, 45.65307], [126.5330623, 45.6532731], [126.5331718, 45.653522], [126.533275, 45.6537639], [126.5334437, 45.6542703], [126.5336692, 45.6548258], [126.5337406, 45.6549882], [126.5339049, 45.6553117], [126.5340214, 45.6555148], [126.534298, 45.6559567], [126.5361404, 45.6582795], [126.5362135, 45.6583805], [126.5408, 45.6641361], [126.5421972, 45.6658257], [126.5454882, 45.6697933], [126.547952, 45.6727307], [126.5482302, 45.6730608]]}}, {"type": "Feature", "properties": {"osmWayId": 187044295, "highway": "trunk", "lanes": "3", "name": "朝阳路", "name:en": "Chaoyang Road", "name:fr": "Route Cháoyáng", "name:zh": "朝阳路", "name:zh-Latn-pinyin": "cháoyáng lù", "oneway": "yes", "ref": "G102", "surface": "asphalt", "sourceMembership": "g102-tag"}, "geometry": {"type": "LineString", "coordinates": [[116.5903325, 39.9107466], [116.5903676, 39.9107489], [116.5923802, 39.9108838], [116.5926585, 39.9108846], [116.5929698, 39.9108406], [116.5931078, 39.9108088], [116.5931525, 39.9107985], [116.5934882, 39.9107212]]}}, {"type": "Feature", "properties": {"osmWayId": 187044296, "highway": "trunk", "name": "朝阳路", "name:en": "Chaoyang Road", "name:fr": "Route Cháoyáng", "name:zh": "朝阳路", "name:zh-Latn-pinyin": "cháoyáng lù", "oneway": "yes", "ref": "G102", "sourceMembership": "g102-tag"}, "geometry": {"type": "LineString", "coordinates": [[116.5903192, 39.9108706], [116.5900919, 39.9108269], [116.5897839, 39.9108026], [116.5892143, 39.910766], [116.5886748, 39.9107603], [116.5882799, 39.9107621], [116.5875174, 39.9108158], [116.5869634, 39.9108587], [116.5863526, 39.9109328], [116.5856573, 39.9110208], [116.5851638, 39.9111043], [116.5845701, 39.9112239], [116.5815338, 39.9120618], [116.5810723, 39.9122001], [116.580479, 39.9123669], [116.579966, 39.9125017], [116.5795794, 39.9126023], [116.5789502, 39.9127162], [116.5783523, 39.9128124], [116.5778733, 39.9128727], [116.5767076, 39.9130044], [116.5744745, 39.9132705], [116.571344, 39.9136553], [116.5710839, 39.9136872], [116.5710016, 39.9136974], [116.5686566, 39.9139859], [116.5655731, 39.9143817], [116.565016, 39.914438], [116.5644638, 39.91449], [116.5635545, 39.9145566], [116.5600672, 39.9147957], [116.5582454, 39.9149272], [116.5580536, 39.914941], [116.5576629, 39.9149639], [116.557268, 39.9149862], [116.5564508, 39.9150004], [116.5556738, 39.9149812], [116.5531471, 39.9148442], [116.5521075, 39.9148204], [116.5501809, 39.9147985], [116.5499743, 39.9147961], [116.5479648, 39.914794], [116.5444927, 39.9147776], [116.5440021, 39.9147839], [116.5414227, 39.9148763], [116.538513, 39.9149805], [116.5344582, 39.9151194], [116.5333554, 39.9151805], [116.5308196, 39.9153211], [116.5298099, 39.9153883], [116.5279991, 39.9155194], [116.5249629, 39.9157404], [116.5238805, 39.9158192]]}}, {"type": "Feature", "properties": {"osmWayId": 187044307, "highway": "trunk_link", "junction": "roundabout", "lanes": "4", "name": "杨闸环岛", "surface": "asphalt", "sourceMembership": "g102-relation"}, "geometry": {"type": "LineString", "coordinates": [[116.5934485, 39.9114019], [116.5933626, 39.9112846], [116.5933173, 39.9111558], [116.5933146, 39.9110216], [116.593337, 39.9109333], [116.5933829, 39.9108415], [116.5934882, 39.9107212]]}}, {"type": "Feature", "properties": {"osmWayId": 197316884, "highway": "trunk", "name": "京抚线", "ref": "G102;G331", "source": "Bing", "sourceMembership": "g102-tag"}, "geometry": {"type": "LineString", "coordinates": [[133.8824125, 47.5958315], [133.8835752, 47.5958532], [133.8873108, 47.5959229], [133.8884531, 47.5959442], [133.8898063, 47.5959694], [133.8922484, 47.596015], [133.8934854, 47.5960381], [133.9018563, 47.5961942], [133.9116096, 47.5963802], [133.9484966, 47.5970694], [133.9893269, 47.5978191], [134.0163458, 47.5986375], [134.0179991, 47.5986002], [134.0445964, 47.5980171], [134.0565093, 47.5977559], [134.0813756, 47.5972107], [134.0833819, 47.5971383], [134.0842992, 47.5971926], [134.0852315, 47.5973313], [134.0860587, 47.5975145], [134.0868473, 47.5977714], [134.0876466, 47.5980897], [134.0882581, 47.5984261], [134.0887892, 47.5987806], [134.0892827, 47.5991026], [134.1008235, 47.6134512]]}}, {"type": "Feature", "properties": {"osmWayId": 197316886, "bridge": "yes", "highway": "trunk", "layer": "1", "name": "京抚线;丹阿线", "ref": "G102;G331", "source": "Bing", "sourceMembership": "g102-tag"}, "geometry": {"type": "LineString", "coordinates": [[134.1443991, 47.9528423], [134.1443938, 47.9535847]]}}, {"type": "Feature", "properties": {"osmWayId": 197316889, "highway": "trunk", "name": "京抚线;丹阿线", "ref": "G102;G331", "source": "Bing", "sourceMembership": "g102-tag"}, "geometry": {"type": "LineString", "coordinates": [[134.1443938, 47.9535847], [134.1443705, 47.9551215], [134.144141, 47.9715818], [134.1440921, 47.9746372], [134.144069, 47.9820296], [134.1440414, 47.9908638], [134.1441514, 47.9917985], [134.1454878, 47.9946029], [134.1465938, 47.9967764], [134.1477095, 47.9980808], [134.1491152, 47.9991887], [134.1536405, 48.0020785], [134.1555827, 48.0035166], [134.1574681, 48.0050246], [134.1579417, 48.0054034], [134.158482, 48.0060593], [134.1592331, 48.0069711], [134.160959, 48.0090662], [134.1617841, 48.01072], [134.1691931, 48.0255676], [134.1716229, 48.0304361], [134.1731149, 48.0331106], [134.1765583, 48.0380488], [134.1829926, 48.047125], [134.1849695, 48.0507381], [134.1865541, 48.0547484], [134.188475, 48.0624715], [134.1897334, 48.0658574], [134.1917477, 48.0694768], [134.1934261, 48.0718599], [134.2007601, 48.0803621], [134.2049145, 48.0852385], [134.2062168, 48.0874541], [134.2074894, 48.09064], [134.2080288, 48.093701], [134.2080017, 48.0956909], [134.2077388, 48.0975486], [134.2068816, 48.1022197], [134.2067534, 48.1035007], [134.2068179, 48.1064442], [134.2070228, 48.1078632], [134.2074049, 48.1093033], [134.2079225, 48.1107104], [134.2086007, 48.1121619], [134.2093398, 48.1134176], [134.2101901, 48.1146683], [134.215176, 48.1216182], [134.2204174, 48.1289233], [134.221641, 48.1306688], [134.2233315, 48.1328506], [134.2239586, 48.1335724]]}}, {"type": "Feature", "properties": {"osmWayId": 201878611, "bridge": "yes", "highway": "trunk", "layer": "1", "name": "京抚线", "ref": "G102", "source": "Bing", "sourceMembership": "g102-tag"}, "geometry": {"type": "LineString", "coordinates": [[134.4161153, 48.3497325], [134.416362, 48.3495115]]}}, {"type": "Feature", "properties": {"osmWayId": 201878615, "highway": "trunk", "name": "京抚线", "ref": "G102", "source": "Bing", "sourceMembership": "g102-tag"}, "geometry": {"type": "LineString", "coordinates": [[134.416362, 48.3495115], [134.4178264, 48.3482541], [134.4292209, 48.3383829], [134.4378417, 48.3309133], [134.4425958, 48.3267115], [134.444104, 48.325547], [134.445137, 48.3248809]]}}, {"type": "Feature", "properties": {"osmWayId": 205537562, "bridge": "yes", "highway": "trunk", "layer": "1", "name": "㦤路中桥", "oneway": "yes", "ref": "G102", "source": "GPS", "sourceMembership": "g102-tag"}, "geometry": {"type": "LineString", "coordinates": [[123.6430229, 42.0966136], [123.6432179, 42.097127]]}}, {"type": "Feature", "properties": {"osmWayId": 206114381, "highway": "trunk", "lanes": "2", "layer": "1", "name": "京抚线", "oneway": "yes", "ref": "G102", "sourceMembership": "g102-tag"}, "geometry": {"type": "LineString", "coordinates": [[117.9268007, 39.873887], [117.9259809, 39.8738533], [117.9220563, 39.873778], [117.9142301, 39.8734261], [117.9137607, 39.873366], [117.9133557, 39.8732689], [117.9128084, 39.8730842], [117.9122132, 39.872842], [117.9097701, 39.8718847], [117.9092233, 39.8717506], [117.9087243, 39.8716752], [117.9085356, 39.871664], [117.9083168, 39.8716511], [117.9078511, 39.8716449], [117.907763, 39.8716437], [117.907041, 39.871668], [117.9043119, 39.8718083], [117.9037671, 39.8718363], [117.9011739, 39.8719575], [117.9008223, 39.8719733], [117.9007053, 39.8719813], [117.90067, 39.8719837], [117.8996896, 39.8720506], [117.8993308, 39.8720984], [117.8990044, 39.8721541], [117.8986196, 39.8722477], [117.8964297, 39.8729299], [117.8937704, 39.8737584], [117.8933073, 39.8738779], [117.8927022, 39.8740003], [117.8924548, 39.874031], [117.892095, 39.8740757], [117.8915535, 39.8741007], [117.8910591, 39.8741099], [117.8896695, 39.8740673], [117.8869096, 39.8739933], [117.8859998, 39.8739689], [117.8833669, 39.8738983], [117.8831284, 39.8738901], [117.8818852, 39.8738473], [117.8811466, 39.873832], [117.8802556, 39.8738489], [117.8769813, 39.873936], [117.8727965, 39.8740465], [117.8724985, 39.8740606], [117.8721214, 39.8740784], [117.8716715, 39.8741088], [117.8710789, 39.8741542], [117.8702583, 39.8742475], [117.869435, 39.874353], [117.8684842, 39.8745126], [117.8654183, 39.8751632], [117.864372, 39.8754122], [117.8636569, 39.875586], [117.8628522, 39.8758201], [117.8614202, 39.8762672], [117.8603666, 39.8765953], [117.8566281, 39.8777443], [117.853898, 39.8785816], [117.8535471, 39.8786821], [117.8535072, 39.8786924], [117.8532129, 39.8787682], [117.8528337, 39.878854], [117.8523823, 39.8789308], [117.8520261, 39.8789779], [117.8514971, 39.8790354], [117.848948, 39.8791252], [117.8486315, 39.8791364], [117.8429293, 39.8793629], [117.8366023, 39.8796047], [117.8290257, 39.8799237], [117.8268107, 39.8800176]]}}, {"type": "Feature", "properties": {"osmWayId": 206422539, "highway": "trunk", "name": "京抚线;同哈线", "name:en": "Jiatong Expressway", "note": "not really sure its a road", "ref": "G102;G221", "source": "Bing", "sourceMembership": "g102-tag"}, "geometry": {"type": "LineString", "coordinates": [[132.344395, 47.3103225], [132.3407248, 47.309683], [132.3216592, 47.3062334], [132.3192104, 47.3057903], [132.3175859, 47.3055082], [132.3146355, 47.3049958], [132.3095455, 47.3042519], [132.306382, 47.3041475], [132.3035716, 47.3042176], [132.3022934, 47.304339], [132.2895277, 47.3061594], [132.2892186, 47.3061938], [132.2888418, 47.3062234], [132.2884979, 47.3062406], [132.2881625, 47.3062509], [132.2877386, 47.3062538], [132.2873439, 47.3062511], [132.2868907, 47.3062271], [132.2864095, 47.3061927], [132.285966, 47.3061515], [132.2855311, 47.3060936], [132.2850473, 47.3060162], [132.2845478, 47.3059249], [132.2835106, 47.3056628], [132.2760742, 47.3036108], [132.2756723, 47.3035798], [132.2753423, 47.3036508], [132.2751439, 47.3038108], [132.2749159, 47.3041255], [132.2741187, 47.3054745]]}}, {"type": "Feature", "properties": {"osmWayId": 206422540, "bridge": "yes", "highway": "trunk", "layer": "1", "name": "京抚线;同哈线", "name:en": "Jiatong Expressway", "note": "not really sure its a road", "ref": "G102;G221", "source": "Bing", "sourceMembership": "g102-tag"}, "geometry": {"type": "LineString", "coordinates": [[132.3452975, 47.3104855], [132.344395, 47.3103225]]}}, {"type": "Feature", "properties": {"osmWayId": 206785542, "highway": "trunk", "lanes": "3", "name": "长安东路", "oneway": "yes", "ref": "G102;G221", "sourceMembership": "g102-tag"}, "geometry": {"type": "LineString", "coordinates": [[130.4007411, 46.8245107], [130.4008547, 46.8245908], [130.4029525, 46.8260696], [130.4043969, 46.8270878], [130.4055494, 46.8279002], [130.4119684, 46.8325178], [130.4122888, 46.8327085], [130.4127283, 46.8329322], [130.4132284, 46.8331364], [130.4137014, 46.8333125], [130.4141921, 46.8334553], [130.417443, 46.8341601], [130.4176394, 46.8342159], [130.4222233, 46.8355189], [130.427237, 46.8370671], [130.43227, 46.8389069], [130.4325446, 46.8390067], [130.4385736, 46.8411323]]}}, {"type": "Feature", "properties": {"osmWayId": 207419077, "highway": "trunk", "lanes": "2", "name": "红旗街", "oneway": "yes", "ref": "G102", "sourceMembership": "g102-tag"}, "geometry": {"type": "LineString", "coordinates": [[130.3002876, 46.821976], [130.3016087, 46.8211175], [130.3016823, 46.8210696], [130.3049653, 46.8190089], [130.3061701, 46.8182483], [130.3087544, 46.8166234], [130.3088265, 46.8165781], [130.310405, 46.8155741], [130.3146351, 46.8128595], [130.3224669, 46.8078802], [130.3229259, 46.8073694], [130.3231631, 46.8071412]]}}, {"type": "Feature", "properties": {"osmWayId": 207419239, "highway": "trunk", "lanes": "2", "name": "京抚线", "ref": "G102", "surface": "asphalt", "sourceMembership": "g102-tag"}, "geometry": {"type": "LineString", "coordinates": [[131.6947461, 47.1552137], [131.6971149, 47.1552844], [131.7043221, 47.1554862], [131.7091639, 47.1556217], [131.7148574, 47.1557923], [131.7186031, 47.1559045], [131.7224253, 47.156019], [131.7235136, 47.1560654], [131.7242951, 47.156229], [131.7250868, 47.1565537], [131.7356373, 47.163786], [131.7380337, 47.1654132], [131.7414917, 47.1675645], [131.757524, 47.1775374], [131.7587971, 47.1786917], [131.7592253, 47.1793469], [131.7605363, 47.1813529], [131.7632276, 47.1854709], [131.7645096, 47.1864698], [131.7659925, 47.1871341], [131.7749962, 47.1891098], [131.7859676, 47.1915171], [131.7884124, 47.1920535], [131.7944766, 47.1946017], [131.7962329, 47.1952211], [131.8028385, 47.1970446], [131.8152374, 47.2004671], [131.8272693, 47.2058399], [131.8309642, 47.2075056], [131.8353496, 47.2094825], [131.8421104, 47.2129869], [131.8427557, 47.2132977], [131.8437435, 47.2134981], [131.8530472, 47.2142495], [131.8570657, 47.214574], [131.8657004, 47.2145157], [131.8669785, 47.2143032], [131.8714205, 47.2126674], [131.8727538, 47.2125213], [131.8743292, 47.2127621], [131.8775751, 47.2134756], [131.8936386, 47.2174685], [131.8992011, 47.2189164], [131.9008954, 47.2192033], [131.9053564, 47.2199588], [131.9153037, 47.2214522], [131.9222033, 47.2224897], [131.9351905, 47.2247127], [131.9353148, 47.2247406], [131.9386828, 47.2254991], [131.9483763, 47.2283574], [131.9523394, 47.2291804], [131.9556148, 47.229692], [131.9582023, 47.2301034], [131.9651956, 47.2314274], [131.968012, 47.231727], [131.967914, 47.2323393], [131.9679459, 47.2325047], [131.9680764, 47.2326702], [131.9682919, 47.2327922], [131.9685444, 47.232889], [131.9722217, 47.2333459], [131.9723699, 47.2333628]]}}, {"type": "Feature", "properties": {"osmWayId": 208010942, "highway": "trunk", "lanes": "2", "name": "京抚线", "oneway": "yes", "ref": "G102", "sourceMembership": "g102-tag"}, "geometry": {"type": "LineString", "coordinates": [[131.9732297, 47.2307978], [131.9728451, 47.231822], [131.972523, 47.2328338], [131.9723699, 47.2333628]]}}, {"type": "Feature", "properties": {"osmWayId": 208184693, "highway": "trunk", "junction": "roundabout", "ref": "G102;G201", "sourceMembership": "g102-tag"}, "geometry": {"type": "LineString", "coordinates": [[130.2529873, 46.8557714], [130.2528703, 46.8558154], [130.2527475, 46.8558323], [130.2526227, 46.8558241], [130.2525068, 46.8557915], [130.2524098, 46.8557373], [130.2523597, 46.8556914], [130.2523237, 46.8556397], [130.2522987, 46.85555], [130.2523154, 46.8554593], [130.2523722, 46.8553767], [130.2524636, 46.85531], [130.2525807, 46.855266], [130.2527119, 46.8552489], [130.2528445, 46.8552603], [130.2529654, 46.8552991], [130.2530628, 46.8553617], [130.2531192, 46.8554179], [130.2531523, 46.8555314], [130.2531614, 46.8555696], [130.2531356, 46.8556221], [130.2530787, 46.8557047], [130.2529873, 46.8557714]]}}, {"type": "Feature", "properties": {"osmWayId": 208184694, "highway": "trunk", "lanes": "2", "name": "京抚线", "oneway": "yes", "ref": "G102", "source": "Bing", "sourceMembership": "g102-tag"}, "geometry": {"type": "LineString", "coordinates": [[130.2525807, 46.855266], [130.2528633, 46.8551458], [130.2530055, 46.8549745], [130.2573187, 46.8478423], [130.2586495, 46.8456415], [130.2591622, 46.844827], [130.2596272, 46.8442786], [130.2599716, 46.8439218], [130.2604089, 46.8434912], [130.2608931, 46.8430796], [130.2616816, 46.8425026], [130.2625257, 46.841986], [130.2632698, 46.8415963], [130.2663856, 46.840061]]}}, {"type": "Feature", "properties": {"osmWayId": 208184696, "bridge": "yes", "highway": "trunk", "layer": "1", "name": "京抚线", "oneway": "yes", "ref": "G102", "sourceMembership": "g102-tag"}, "geometry": {"type": "LineString", "coordinates": [[130.0840039, 46.8109316], [130.0848324, 46.8125024]]}}, {"type": "Feature", "properties": {"osmWayId": 208184699, "highway": "trunk", "oneway": "yes", "ref": "G102", "sourceMembership": "g102-tag"}, "geometry": {"type": "LineString", "coordinates": [[130.2523237, 46.8556397], [130.2521749, 46.8554893]]}}, {"type": "Feature", "properties": {"osmWayId": 208184707, "highway": "trunk", "oneway": "yes", "ref": "G102", "sourceMembership": "g102-tag"}, "geometry": {"type": "LineString", "coordinates": [[130.2523109, 46.8552966], [130.2525807, 46.855266]]}}, {"type": "Feature", "properties": {"osmWayId": 208184709, "highway": "trunk", "name": "京抚线", "ref": "G102", "sourceMembership": "g102-tag"}, "geometry": {"type": "LineString", "coordinates": [[129.6331888, 46.5155241], [129.6338107, 46.5159097], [129.6340142, 46.5161791], [129.634197, 46.5165264], [129.6344442, 46.5198652], [129.6352478, 46.5280412], [129.6353285, 46.5308927], [129.6352014, 46.5330589], [129.6356959, 46.5341431], [129.6373029, 46.5411904], [129.6374883, 46.5424764], [129.6371793, 46.5436349], [129.6369166, 46.5453035], [129.6379828, 46.5471314], [129.6408402, 46.5513559], [129.6421571, 46.5533027], [129.642634, 46.5539219], [129.6446119, 46.5558771], [129.6480788, 46.5577285], [129.6554959, 46.5593435], [129.6598843, 46.5613835], [129.6612441, 46.5616597], [129.6720298, 46.5622122], [129.6765728, 46.5607885], [129.6786434, 46.5604485], [129.6881311, 46.5615535], [129.6994113, 46.561936], [129.7015128, 46.562446], [129.7124041, 46.5732609], [129.7192225, 46.5803397], [129.7382263, 46.5978298], [129.7389237, 46.5988589], [129.7393957, 46.6004512], [129.7427324, 46.6138688], [129.7489981, 46.6398631], [129.7428542, 46.6496474], [129.7428209, 46.6499171], [129.7427645, 46.6500276], [129.7427367, 46.650082], [129.7426591, 46.6502339], [129.7420812, 46.6507702], [129.7394279, 46.6545346], [129.7375504, 46.6560045], [129.7369925, 46.6565641], [129.7360376, 46.6577158], [129.7228304, 46.674647], [129.7225622, 46.67571], [129.7226588, 46.6768554], [129.7230879, 46.6777387], [129.7242577, 46.6788843]]}}, {"type": "Feature", "properties": {"osmWayId": 208570726, "highway": "trunk", "lanes": "2", "name": "红旗街", "oneway": "yes", "ref": "G102", "sourceMembership": "g102-tag"}, "geometry": {"type": "LineString", "coordinates": [[130.3236339, 46.8075594], [130.323414, 46.807599], [130.3232779, 46.8076329], [130.3231551, 46.8076801], [130.3229007, 46.8077774], [130.3227215, 46.8078637], [130.3225264, 46.8079782], [130.3138747, 46.8134767], [130.3130692, 46.8139861], [130.3111328, 46.8152312], [130.3106347, 46.8155259], [130.3088119, 46.8166795], [130.3081088, 46.8171245], [130.3049995, 46.8190683], [130.3017378, 46.8211074], [130.30166, 46.821152], [130.3003241, 46.8220203]]}}, {"type": "Feature", "properties": {"osmWayId": 208570734, "highway": "trunk", "lanes": "2", "name": "京抚线", "oneway": "yes", "ref": "G102", "source": "Bing", "sourceMembership": "g102-tag"}, "geometry": {"type": "LineString", "coordinates": [[130.2664459, 46.8401112], [130.2633435, 46.8416362], [130.2625758, 46.8420401], [130.261747, 46.84255], [130.260975, 46.8431107], [130.260458, 46.8435459], [130.2600306, 46.8439592], [130.2597122, 46.8443141], [130.2592585, 46.8448389], [130.2587213, 46.8456649], [130.2530983, 46.8550604], [130.2530613, 46.8552265], [130.2531192, 46.8554179]]}}, {"type": "Feature", "properties": {"osmWayId": 208570750, "bridge": "yes", "highway": "trunk", "lanes": "2", "layer": "1", "name": "佳木斯松花江公路大桥", "oneway": "yes", "ref": "G102", "source": "Bing", "sourceMembership": "g102-tag"}, "geometry": {"type": "LineString", "coordinates": [[130.2815493, 46.8325713], [130.2664459, 46.8401112]]}}, {"type": "Feature", "properties": {"osmWayId": 208847091, "highway": "trunk", "lanes": "4", "name": "祥安南大街", "oneway": "yes", "ref": "G102", "sourceMembership": "g102-tag"}, "geometry": {"type": "LineString", "coordinates": [[126.5146293, 45.8004664], [126.5140462, 45.8013921], [126.5131569, 45.8028038], [126.5124855, 45.8038697], [126.5124091, 45.8039873], [126.5123148, 45.8041311]]}}, {"type": "Feature", "properties": {"osmWayId": 208847100, "highway": "trunk", "lanes": "3", "name": "祥安南大街", "oneway": "yes", "ref": "G102", "sourceMembership": "g102-tag"}, "geometry": {"type": "LineString", "coordinates": [[126.5100057, 45.8124502], [126.5100033, 45.8122995], [126.510013, 45.8116965], [126.5099911, 45.8090633], [126.5100187, 45.8085602], [126.5102136, 45.807502], [126.5102166, 45.8074855], [126.5102412, 45.807427], [126.5103778, 45.8070381], [126.510552, 45.8066119], [126.5106724, 45.8063207], [126.5108046, 45.8060652], [126.5110896, 45.8056054], [126.5120208, 45.8042667], [126.5121382, 45.8040766]]}}, {"type": "Feature", "properties": {"osmWayId": 209001994, "highway": "trunk", "name": "京抚线;同哈线", "name:en": "Jiatong Expressway", "note": "not really sure its a road", "ref": "G102;G221", "source": "Bing", "sourceMembership": "g102-tag"}, "geometry": {"type": "LineString", "coordinates": [[132.2738369, 47.3059934], [132.272846, 47.3078175], [132.2723675, 47.3080176], [132.271831, 47.3080467], [132.2663142, 47.3071577], [132.25238, 47.3075332], [132.2519761, 47.3075037], [132.251639, 47.3074621], [132.2512921, 47.3073863], [132.2506667, 47.3072213], [132.2483047, 47.3065475], [132.2478989, 47.3064889], [132.2474795, 47.306457], [132.2470859, 47.3064547], [132.2457188, 47.3065026], [132.2373824, 47.3068376], [132.23632, 47.3067804], [132.2344145, 47.3064919], [132.2250104, 47.3040941], [132.2182061, 47.3024433], [132.2120694, 47.3011069], [132.1995848, 47.2985549], [132.1838039, 47.2962548], [132.1763045, 47.2950833], [132.169814, 47.2936733], [132.1676864, 47.2933113], [132.1609581, 47.2918427], [132.1469748, 47.2890934]]}}, {"type": "Feature", "properties": {"osmWayId": 216620687, "highway": "trunk", "name": "沈辽路", "oneway": "yes", "ref": "S102;G102", "sourceMembership": "g102-tag"}, "geometry": {"type": "LineString", "coordinates": [[123.2664444, 41.7534245], [123.2663519, 41.7533808], [123.2637042, 41.7522911], [123.2627593, 41.7518687], [123.2624426, 41.7517098], [123.2620716, 41.7515053], [123.2611855, 41.7509761], [123.2599716, 41.7501066], [123.259546, 41.7498118], [123.2572786, 41.7482547], [123.2549258, 41.7466281], [123.2545983, 41.7464032], [123.2534214, 41.7455818], [123.2525398, 41.7451466], [123.2478071, 41.7429729], [123.2441849, 41.7413199], [123.2440777, 41.7412764], [123.2414761, 41.7401932], [123.2385509, 41.7390699], [123.2382635, 41.7389596], [123.2367421, 41.7386623], [123.2334499, 41.7378987], [123.2325196, 41.7375394], [123.2312565, 41.7365952], [123.2306299, 41.7357639], [123.2302413, 41.7352924], [123.2300428, 41.73504]]}}, {"type": "Feature", "properties": {"osmWayId": 218019756, "bridge": "yes", "highway": "trunk", "name": "京抚线", "ref": "G102", "source": "GPS", "sourceMembership": "g102-tag"}, "geometry": {"type": "LineString", "coordinates": [[124.3544242, 43.1282827], [124.3543099, 43.1281134]]}}, {"type": "Feature", "properties": {"osmWayId": 218019758, "highway": "trunk", "name": "京抚线", "oneway": "yes", "ref": "G102", "source": "GPS", "sourceMembership": "g102-tag"}, "geometry": {"type": "LineString", "coordinates": [[124.3580729, 43.133422], [124.358263, 43.1337643], [124.3584119, 43.1342579]]}}, {"type": "Feature", "properties": {"osmWayId": 218241899, "bridge": "yes", "highway": "trunk", "lanes": "3", "layer": "1", "name": "金山路", "oneway": "yes", "ref": "G102", "sourceMembership": "g102-tag"}, "geometry": {"type": "LineString", "coordinates": [[123.4314797, 41.8499311], [123.4315469, 41.8498044], [123.4317614, 41.8495247], [123.4321155, 41.849293], [123.4325017, 41.8490932], [123.4330274, 41.8489014], [123.4339179, 41.8488214], [123.4351303, 41.8488854], [123.4375752, 41.8490004], [123.4414384, 41.8491822], [123.4509325, 41.8496334], [123.4602159, 41.8500219], [123.4612346, 41.8500072], [123.4620704, 41.8499003], [123.463354, 41.8495346]]}}, {"type": "Feature", "properties": {"osmWayId": 218241901, "bridge": "yes", "highway": "trunk", "lanes": "3", "layer": "1", "name": "陵北街", "oneway": "yes", "ref": "G102", "sourceMembership": "g102-tag"}, "geometry": {"type": "LineString", "coordinates": [[123.4267994, 41.860688], [123.4270166, 41.8606438], [123.4272282, 41.8605591], [123.4276308, 41.8603608], [123.4280063, 41.8599533], [123.4281887, 41.8595618], [123.4295835, 41.8560538], [123.4300019, 41.8548711], [123.4305276, 41.853089], [123.4313645, 41.8501481], [123.4314797, 41.8499311]]}}, {"type": "Feature", "properties": {"osmWayId": 218244113, "bridge": "yes", "highway": "trunk", "layer": "1", "name": "西北二环快速路", "oneway": "yes", "ref": "G102", "source": "yahoo imagery", "sourceMembership": "g102-tag"}, "geometry": {"type": "LineString", "coordinates": [[123.3513062, 41.8476072], [123.3516392, 41.8477286], [123.3614032, 41.8515353], [123.363687, 41.8524257], [123.3649995, 41.8529587], [123.3663914, 41.8534696], [123.3735368, 41.8560741], [123.3738997, 41.8561652], [123.3743487, 41.8562369], [123.3748613, 41.8562891], [123.3756017, 41.8563443], [123.377836, 41.8564255], [123.3802738, 41.8565025], [123.3810153, 41.8565231]]}}, {"type": "Feature", "properties": {"osmWayId": 219010668, "highway": "trunk", "lanes": "2", "name": "北环路西段", "oneway": "yes", "ref": "G102", "sourceMembership": "g102-tag"}, "geometry": {"type": "LineString", "coordinates": [[120.2845487, 40.3046037], [120.2844692, 40.3047077], [120.284269, 40.3049693], [120.2839501, 40.3055003], [120.2835967, 40.3063222], [120.2835672, 40.3070061], [120.2837231, 40.3119808], [120.2837752, 40.3150308], [120.2838062, 40.3158609], [120.2838312, 40.3178347], [120.2838924, 40.3181868], [120.2839609, 40.3185806], [120.2842173, 40.3193373], [120.2846647, 40.3200911], [120.2851845, 40.320631], [120.2888294, 40.3229019], [120.2924568, 40.3251618], [120.3003368, 40.3300434], [120.3008287, 40.3303116], [120.3017505, 40.3306335], [120.3046342, 40.3313746], [120.3048976, 40.3314449], [120.3085328, 40.3324647], [120.3099107, 40.3328715], [120.3107664, 40.3331889], [120.3118857, 40.3337223]]}}, {"type": "Feature", "properties": {"osmWayId": 223677409, "bridge": "yes", "highway": "trunk", "lanes": "2", "layer": "1", "name": "京抚线", "oneway": "yes", "ref": "G102", "surface": "asphalt", "sourceMembership": "g102-tag"}, "geometry": {"type": "LineString", "coordinates": [[134.67955, 48.2787849], [134.6797329, 48.2791363], [134.6799007, 48.279487], [134.6802226, 48.2801939], [134.6804356, 48.2807125], [134.6806314, 48.2812265], [134.6808138, 48.281762], [134.6809748, 48.2822921], [134.6811196, 48.2828401], [134.681184, 48.2831078], [134.6812323, 48.2833755], [134.6833566, 48.2929737]]}}, {"type": "Feature", "properties": {"osmWayId": 223677420, "bridge": "yes", "highway": "trunk", "lanes": "2", "layer": "1", "name": "京抚线", "oneway": "yes", "ref": "G102", "surface": "asphalt", "sourceMembership": "g102-tag"}, "geometry": {"type": "LineString", "coordinates": [[134.6782497, 48.2767544], [134.6787353, 48.2774193]]}}, {"type": "Feature", "properties": {"osmWayId": 223677421, "embankment": "yes", "highway": "trunk", "lanes": "2", "name": "京抚线", "oneway": "yes", "ref": "G102", "surface": "asphalt", "sourceMembership": "g102-tag"}, "geometry": {"type": "LineString", "coordinates": [[134.6787353, 48.2774193], [134.6791598, 48.2780991], [134.679358, 48.2784453], [134.67955, 48.2787849]]}}, {"type": "Feature", "properties": {"osmWayId": 223677423, "bridge": "yes", "highway": "trunk", "lanes": "2", "layer": "1", "name": "京抚线", "oneway": "yes", "ref": "G102", "surface": "asphalt", "sourceMembership": "g102-tag"}, "geometry": {"type": "LineString", "coordinates": [[134.6855078, 48.2990935], [134.6861258, 48.3000868]]}}, {"type": "Feature", "properties": {"osmWayId": 223677425, "highway": "trunk", "lanes": "2", "name": "京抚线", "oneway": "yes", "ref": "G102", "surface": "asphalt", "sourceMembership": "g102-tag"}, "geometry": {"type": "LineString", "coordinates": [[134.6861258, 48.3000868], [134.6864247, 48.3005892], [134.6872153, 48.3018706], [134.6910615, 48.3080544], [134.6915033, 48.3087397]]}}, {"type": "Feature", "properties": {"osmWayId": 223677429, "highway": "trunk", "lanes": "2", "name": "京抚线", "oneway": "yes", "ref": "G102", "surface": "asphalt", "sourceMembership": "g102-tag"}, "geometry": {"type": "LineString", "coordinates": [[134.6833566, 48.2929737], [134.6836862, 48.2944219], [134.6837695, 48.2948073], [134.6838522, 48.2951536], [134.6840625, 48.2958439], [134.6841753, 48.296184], [134.6843034, 48.2965241], [134.6844214, 48.2968441], [134.6845606, 48.2972009], [134.6847629, 48.2976527], [134.6849956, 48.2981328], [134.6852304, 48.2985866], [134.6855078, 48.2990935]]}}, {"type": "Feature", "properties": {"osmWayId": 223677437, "highway": "trunk", "lanes": "2", "name": "京抚线", "oneway": "yes", "ref": "G102", "surface": "asphalt", "sourceMembership": "g102-tag"}, "geometry": {"type": "LineString", "coordinates": [[134.6559558, 48.2565293], [134.6563371, 48.2568512], [134.6568701, 48.2573013], [134.6577195, 48.2580553]]}}, {"type": "Feature", "properties": {"osmWayId": 223838803, "highway": "trunk", "name": "京抚线;丹阿线", "ref": "G102;G331", "source": "Bing", "sourceMembership": "g102-tag"}, "geometry": {"type": "LineString", "coordinates": [[134.1012225, 47.6139406], [134.1144396, 47.6307713], [134.1286997, 47.6426635], [134.1473364, 47.6582014], [134.1482116, 47.6589917], [134.1488437, 47.6598853], [134.1490533, 47.6606467], [134.1490881, 47.6614699], [134.1488417, 47.6776869], [134.1483684, 47.704692], [134.1483129, 47.7089706], [134.1483158, 47.710479], [134.1482677, 47.7135866], [134.1479862, 47.7317706], [134.1478396, 47.7406802], [134.1476951, 47.7496715], [134.1472605, 47.7767083], [134.1472591, 47.776803], [134.1471298, 47.7856706], [134.1470364, 47.7901261], [134.1469132, 47.794556], [134.1467837, 47.8035548], [134.1465534, 47.8195507], [134.1464511, 47.8266527], [134.146352, 47.8358291], [134.1461294, 47.8474448], [134.1461263, 47.8476366], [134.1457942, 47.8679967], [134.1456544, 47.8738638], [134.1454765, 47.8857636], [134.1453403, 47.8948698], [134.1453394, 47.8949348], [134.1452282, 47.9023675], [134.1450723, 47.9114791], [134.1449225, 47.9202373], [134.1447514, 47.9302356], [134.1447425, 47.9343113]]}}, {"type": "Feature", "properties": {"osmWayId": 223838804, "bridge": "yes", "highway": "trunk", "layer": "1", "name": "京抚线;丹阿线", "ref": "G102;G331", "source": "Bing", "sourceMembership": "g102-tag"}, "geometry": {"type": "LineString", "coordinates": [[134.1008235, 47.6134512], [134.1012225, 47.6139406]]}}, {"type": "Feature", "properties": {"osmWayId": 224127401, "highway": "trunk", "name": "京抚线", "ref": "G102", "source": "Bing", "sourceMembership": "g102-tag"}, "geometry": {"type": "LineString", "coordinates": [[132.7044681, 47.2815178], [132.7049051, 47.2816779], [132.706922, 47.2824215], [132.7098278, 47.2834179], [132.7156866, 47.2853859], [132.7157425, 47.2854047], [132.7409841, 47.2933658], [132.7658381, 47.3011565], [132.7661574, 47.3012566], [132.7710383, 47.3026106], [132.8085676, 47.3094944], [132.8100286, 47.3098468], [132.811264, 47.3102257], [132.8124994, 47.3106578], [132.8135681, 47.3111498], [132.8150094, 47.3118611], [132.8230984, 47.316501], [132.8361094, 47.3239918], [132.8450907, 47.3291889], [132.8463555, 47.3299332], [132.8478556, 47.3308835], [132.8492479, 47.3318205], [132.8541601, 47.3356547], [132.8568859, 47.3375816], [132.8591732, 47.3390373], [132.8620162, 47.3405663], [132.8812182, 47.3501906], [132.8830423, 47.350988], [132.8845036, 47.351493], [132.8865926, 47.352091], [132.8883481, 47.3524431], [132.8900411, 47.3526926], [132.89181, 47.3528285], [132.8935067, 47.3528816], [132.9018232, 47.3527488], [132.9052656, 47.3528484], [132.9086394, 47.3530913], [132.9118658, 47.3534663], [132.9145059, 47.3539087], [132.9317156, 47.3572014], [132.9442376, 47.3596368], [132.9487117, 47.3604754], [132.9507908, 47.3607345], [132.9530661, 47.3609139], [132.9552232, 47.3609989], [132.9689292, 47.361132], [132.9690421, 47.3611331], [132.9709198, 47.361151], [132.9807911, 47.3612448], [133.0085021, 47.3614706], [133.0106739, 47.3615516], [133.0133709, 47.3617775]]}}, {"type": "Feature", "properties": {"osmWayId": 224225477, "bridge": "yes", "highway": "trunk", "layer": "1", "name": "京抚线", "ref": "G102", "source": "landsat", "sourceMembership": "g102-tag"}, "geometry": {"type": "LineString", "coordinates": [[129.1840523, 46.1023305], [129.1850289, 46.1036471]]}}, {"type": "Feature", "properties": {"osmWayId": 224230069, "bridge": "yes", "highway": "trunk", "layer": "1", "name": "振兴大街", "oneway": "yes", "ref": "G102", "source": "GPS", "sourceMembership": "g102-tag"}, "geometry": {"type": "LineString", "coordinates": [[128.0190779, 45.9568373], [128.0178918, 45.9575337]]}}, {"type": "Feature", "properties": {"osmWayId": 224245076, "bridge": "yes", "highway": "trunk", "layer": "1", "name": "京抚线", "ref": "G102", "source": "GPS", "sourceMembership": "g102-tag"}, "geometry": {"type": "LineString", "coordinates": [[127.8208266, 45.988396], [127.8229041, 45.9884652]]}}, {"type": "Feature", "properties": {"osmWayId": 224245078, "highway": "trunk", "name": "京抚线", "ref": "G102", "source": "GPS", "sourceMembership": "g102-tag"}, "geometry": {"type": "LineString", "coordinates": [[127.8229041, 45.9884652], [127.824249, 45.98851], [127.826859, 45.988518], [127.829399, 45.988369], [127.830956, 45.988209], [127.832184, 45.988049], [127.8447276, 45.9861634], [127.8570058, 45.984269], [127.8619854, 45.9835007], [127.8626182, 45.9834031], [127.8885778, 45.9793975], [127.90937, 45.976189], [127.910988, 45.975864], [127.912109, 45.975586], [127.913399, 45.975193], [127.914207, 45.974884], [127.915665, 45.974197], [127.916489, 45.97374], [127.9167614, 45.9735601], [127.9176365, 45.9729821], [127.917732, 45.972919], [127.920113, 45.97113], [127.922882, 45.969215], [127.923676, 45.968765], [127.92453, 45.968353], [127.925835, 45.967854], [127.927925, 45.967289], [127.935097, 45.965816], [127.937943, 45.965248], [127.938805, 45.965115], [127.94101, 45.964954], [127.9426347, 45.9650178], [127.94297, 45.965031], [127.944122, 45.965172], [127.9474916, 45.9657953], [127.9535934, 45.9668366], [127.9596228, 45.9678998], [127.9624757, 45.9683708], [127.96579, 45.968918], [127.96788, 45.9692481], [127.96981, 45.9693753], [127.9709753, 45.9693814], [127.972946, 45.969177], [127.973801, 45.969051], [127.974899, 45.968838], [127.976654, 45.968399], [127.985107, 45.96579], [128.0004293, 45.9611655], [128.0031503, 45.9603297], [128.0046627, 45.9599303], [128.0065668, 45.9595135], [128.0084063, 45.9592663], [128.0100796, 45.9591211], [128.0139792, 45.9588277]]}}, {"type": "Feature", "properties": {"osmWayId": 224486788, "highway": "trunk", "junction": "roundabout", "oneway": "yes", "ref": "G102", "source": "Bing", "sourceMembership": "g102-tag"}, "geometry": {"type": "LineString", "coordinates": [[134.3967894, 48.350248], [134.3968516, 48.350346], [134.3968707, 48.3504515], [134.3968324, 48.3505813], [134.3967296, 48.3506945], [134.3965748, 48.3507776], [134.3963867, 48.3508207], [134.3961877, 48.3508184], [134.3960071, 48.3507731], [134.3958593, 48.3506907], [134.395761, 48.3505803], [134.3957232, 48.3504546], [134.3957286, 48.3504251], [134.3957439, 48.350342], [134.3958135, 48.3502384], [134.3959258, 48.350153], [134.396071, 48.3500933], [134.3962362, 48.3500647], [134.3964067, 48.3500696], [134.3965579, 48.3501042], [134.3966889, 48.3501653], [134.3967894, 48.350248]]}}, {"type": "Feature", "properties": {"osmWayId": 224486792, "highway": "trunk", "name": "京抚线", "ref": "G102", "source": "Bing", "sourceMembership": "g102-tag"}, "geometry": {"type": "LineString", "coordinates": [[134.3968707, 48.3504515], [134.4048957, 48.3508668], [134.4064531, 48.3509427], [134.4075036, 48.3509938], [134.4094394, 48.3510881], [134.4107432, 48.3511581], [134.4125463, 48.3512462], [134.4129969, 48.351232], [134.413476, 48.3511728], [134.4139303, 48.3510751], [134.4143343, 48.3509375], [134.4146991, 48.3507807], [134.4150424, 48.3506024], [134.4152999, 48.3504313], [134.4155359, 48.3502459], [134.4157934, 48.3500249], [134.4161153, 48.3497325]]}}, {"type": "Feature", "properties": {"osmWayId": 224732138, "bridge": "yes", "highway": "trunk", "layer": "1", "name": "京抚线", "ref": "G102", "source": "Bing", "sourceMembership": "g102-tag"}, "geometry": {"type": "LineString", "coordinates": [[134.4806968, 48.3030093], [134.4809216, 48.3028712]]}}, {"type": "Feature", "properties": {"osmWayId": 224732139, "bridge": "yes", "highway": "trunk", "layer": "1", "name": "京抚线", "ref": "G102", "source": "Bing", "sourceMembership": "g102-tag"}, "geometry": {"type": "LineString", "coordinates": [[134.4588809, 48.3164178], [134.4590851, 48.3162912]]}}, {"type": "Feature", "properties": {"osmWayId": 224732141, "bridge": "yes", "highway": "trunk", "layer": "1", "name": "京抚线", "ref": "G102", "source": "Bing", "sourceMembership": "g102-tag"}, "geometry": {"type": "LineString", "coordinates": [[134.445137, 48.3248809], [134.4453471, 48.3247454]]}}, {"type": "Feature", "properties": {"osmWayId": 224732143, "highway": "trunk", "name": "京抚线", "ref": "G102", "source": "Bing", "sourceMembership": "g102-tag"}, "geometry": {"type": "LineString", "coordinates": [[134.4453471, 48.3247454], [134.4464636, 48.3239942], [134.4588809, 48.3164178]]}}, {"type": "Feature", "properties": {"osmWayId": 224732144, "highway": "trunk", "name": "京抚线", "ref": "G102", "source": "Bing", "sourceMembership": "g102-tag"}, "geometry": {"type": "LineString", "coordinates": [[134.4590851, 48.3162912], [134.4641205, 48.3131889], [134.4790553, 48.3040174], [134.4806968, 48.3030093]]}}, {"type": "Feature", "properties": {"osmWayId": 224732149, "highway": "trunk", "name": "京抚线", "ref": "G102", "source": "Bing", "sourceMembership": "g102-tag"}, "geometry": {"type": "LineString", "coordinates": [[134.4809216, 48.3028712], [134.4844674, 48.3006935], [134.4865508, 48.2995755], [134.4887796, 48.2985599], [134.4907755, 48.2977621], [134.4971641, 48.2957979], [134.5037014, 48.293818], [134.5045064, 48.2935313], [134.5053764, 48.2932175], [134.5069538, 48.2925467], [134.5083442, 48.2918921], [134.5097233, 48.2911567], [134.5113297, 48.29026], [134.512621, 48.2893873], [134.5132309, 48.2889545], [134.5138097, 48.2885017], [134.5173645, 48.2854045], [134.5179224, 48.2849184], [134.5219572, 48.2812774], [134.5240919, 48.2794088], [134.5252353, 48.2784873], [134.5264713, 48.2776176], [134.5283788, 48.2764146], [134.5291838, 48.2759469], [134.5300721, 48.2755036], [134.5312815, 48.2749133], [134.5325337, 48.2743613], [134.5325678, 48.2743472], [134.5334932, 48.2739663], [134.5345014, 48.2735821], [134.5365803, 48.2728808], [134.5379848, 48.2724791], [134.5394217, 48.2721322], [134.5402213, 48.2719507], [134.5406237, 48.2718664], [134.540996, 48.2717963], [134.5417593, 48.2716553], [134.542514, 48.2715372], [134.5439701, 48.2713343], [134.5454204, 48.2711723], [134.546792, 48.2710574], [134.5483015, 48.2709635], [134.556999, 48.2705103], [134.5630676, 48.270229], [134.5672668, 48.2700182], [134.5719876, 48.2697573], [134.5746974, 48.269575]]}}, {"type": "Feature", "properties": {"osmWayId": 225717230, "alt_name:ru": "Годао 102", "bridge": "yes", "highway": "trunk", "layer": "1", "name": "松花江", "name:ru": "Пекин — Харбин", "note": "trunk road superceded by G1", "ref": "G102", "surface": "asphalt", "sourceMembership": "g102-tag"}, "geometry": {"type": "LineString", "coordinates": [[126.0037686, 44.7364254], [126.0054921, 44.7383758]]}}, {"type": "Feature", "properties": {"osmWayId": 225717231, "alt_name:ru": "Годао 102", "highway": "trunk", "name": "京抚线", "name:ru": "Пекин — Харбин", "note": "trunk road superceded by G1", "ref": "G102", "surface": "asphalt", "sourceMembership": "g102-tag"}, "geometry": {"type": "LineString", "coordinates": [[126.0054921, 44.7383758], [126.0064958, 44.7395735], [126.0087264, 44.7422498], [126.0098121, 44.7437766], [126.0109579, 44.7454599], [126.0122244, 44.7474124], [126.0134072, 44.7495574], [126.0145086, 44.7518523], [126.0154159, 44.7539797], [126.0168648, 44.7584772], [126.0172899, 44.7604476], [126.0178647, 44.7641445], [126.0180172, 44.7662049], [126.0180258, 44.7707349], [126.0180243, 44.7707803], [126.0179323, 44.7735086], [126.0179214, 44.7738312], [126.0178315, 44.7768552], [126.0178048, 44.7783446]]}}, {"type": "Feature", "properties": {"osmWayId": 225766039, "highway": "trunk", "name": "京抚线", "note": "trunk route superceded by Expressway G1", "oneway": "yes", "ref": "G102", "sourceMembership": "g102-tag"}, "geometry": {"type": "LineString", "coordinates": [[125.741408, 44.5179494], [125.7408352, 44.5177389], [125.739238, 44.5170315], [125.7391196, 44.5169789], [125.7349453, 44.5150253], [125.7346155, 44.5148737], [125.7342217, 44.5146776], [125.7328499, 44.5139976], [125.7318878, 44.5134832], [125.7315409, 44.5132977], [125.7307788, 44.5128808], [125.7291582, 44.5119943], [125.7289741, 44.51188], [125.7275575, 44.5109943], [125.7260636, 44.5100203], [125.7250585, 44.5093104], [125.7241244, 44.508652], [125.7227458, 44.5075867], [125.7209487, 44.506127], [125.7186307, 44.5039875], [125.7160404, 44.5013278], [125.7136963, 44.4982557], [125.7127857, 44.4969783], [125.7126551, 44.4967784], [125.7119879, 44.4957578], [125.7105128, 44.4931616], [125.7098474, 44.4918083], [125.7091561, 44.4901965], [125.7083232, 44.4879376], [125.7050204, 44.4768323], [125.701877, 44.4662822], [125.6987764, 44.4558921]]}}, {"type": "Feature", "properties": {"osmWayId": 225766040, "bridge": "yes", "highway": "trunk", "layer": "1", "name": "京抚线", "oneway": "yes", "ref": "G102", "source": "bing", "sourceMembership": "g102-tag"}, "geometry": {"type": "LineString", "coordinates": [[125.6987764, 44.4558921], [125.698471, 44.4548054]]}}, {"type": "Feature", "properties": {"osmWayId": 225813644, "bridge": "yes", "highway": "trunk", "layer": "1", "name": "京抚线", "ref": "G102", "source": "GPS", "sourceMembership": "g102-tag"}, "geometry": {"type": "LineString", "coordinates": [[127.2560281, 46.127014], [127.2581622, 46.1262352]]}}, {"type": "Feature", "properties": {"osmWayId": 225813652, "bridge": "yes", "highway": "trunk", "layer": "1", "name": "京抚线", "ref": "G102", "source": "GPS", "sourceMembership": "g102-tag"}, "geometry": {"type": "LineString", "coordinates": [[127.1230853, 46.1343522], [127.1238732, 46.134834]]}}, {"type": "Feature", "properties": {"osmWayId": 225813655, "highway": "trunk", "name": "京抚线", "ref": "G102", "source": "GPS", "sourceMembership": "g102-tag"}, "geometry": {"type": "LineString", "coordinates": [[127.1238732, 46.134834], [127.1259075, 46.1361009], [127.1276098, 46.1368737], [127.1278543, 46.1369513], [127.1288922, 46.137281], [127.1313144, 46.1376389], [127.1348053, 46.1376265], [127.1355586, 46.1376074], [127.1506846, 46.137223], [127.1600824, 46.1369842], [127.1654991, 46.1370373], [127.1784101, 46.1377181], [127.1847593, 46.1380438], [127.185725, 46.1380934], [127.1889259, 46.1382576], [127.1969919, 46.1387283], [127.2018176, 46.1389215], [127.2066607, 46.1389094], [127.2115387, 46.1386197], [127.2164864, 46.1380644], [127.2209288, 46.1373522], [127.2211591, 46.1373105], [127.2239028, 46.1368135], [127.229147, 46.1358635], [127.2339901, 46.1348676], [127.2373176, 46.1340299], [127.2427226, 46.1323198], [127.2440124, 46.1318369], [127.2495125, 46.1296159], [127.2560281, 46.127014]]}}, {"type": "Feature", "properties": {"osmWayId": 225813665, "highway": "trunk", "name": "京抚线", "ref": "G102", "source": "bing", "sourceMembership": "g102-tag"}, "geometry": {"type": "LineString", "coordinates": [[127.2581622, 46.1262352], [127.2596137, 46.1257442], [127.2613662, 46.1251788]]}}, {"type": "Feature", "properties": {"osmWayId": 226058852, "highway": "trunk", "lanes": "2", "name": "辽河路北段", "oneway": "yes", "ref": "G102;G305", "source": "bing", "sourceMembership": "g102-tag"}, "geometry": {"type": "LineString", "coordinates": [[121.9743069, 41.26962], [121.9770663, 41.2680065], [121.9779432, 41.2675422], [121.9784014, 41.2672597], [121.9787773, 41.2669418], [121.9792413, 41.2664827], [121.9827095, 41.2624889], [121.9845651, 41.260352], [121.9873022, 41.2571875], [121.9879019, 41.2564956], [121.9888055, 41.2554537], [121.9896794, 41.254446], [121.9911008, 41.2528068], [121.992652, 41.2509952], [121.9939909, 41.2494536], [121.9947167, 41.2485766], [121.9952976, 41.2478748], [121.9953763, 41.2477796], [122.0030959, 41.2389461], [122.0032102, 41.2388167]]}}, {"type": "Feature", "properties": {"osmWayId": 226058859, "bridge": "yes", "highway": "trunk", "lanes": "2", "layer": "1", "name": "京抚线;庄林线", "oneway": "yes", "ref": "G102;G305", "source": "bing", "sourceMembership": "g102-tag"}, "geometry": {"type": "LineString", "coordinates": [[121.9694548, 41.2724283], [121.9710535, 41.2715066], [121.9743069, 41.26962]]}}, {"type": "Feature", "properties": {"osmWayId": 226058894, "bridge": "yes", "highway": "trunk", "lanes": "2", "layer": "1", "name": "京抚线;庄林线", "oneway": "yes", "ref": "G102;G305", "source": "bing", "sourceMembership": "g102-tag"}, "geometry": {"type": "LineString", "coordinates": [[121.9743516, 41.2696904], [121.9711154, 41.2715671], [121.9695237, 41.2724848]]}}, {"type": "Feature", "properties": {"osmWayId": 226058899, "highway": "trunk", "lanes": "2", "name": "京抚线/庄林线", "oneway": "yes", "ref": "G102;G305", "source": "bing", "sourceMembership": "g102-tag"}, "geometry": {"type": "LineString", "coordinates": [[121.9695237, 41.2724848], [121.965189, 41.2749839], [121.9593272, 41.2783828], [121.9560323, 41.2802942], [121.9532705, 41.2818963], [121.9523424, 41.2824347], [121.9517358, 41.2827866], [121.9489922, 41.2843781], [121.9438226, 41.2873886], [121.9412582, 41.2888813], [121.9303923, 41.2951847], [121.9219377, 41.300067], [121.9178355, 41.3024494], [121.9113781, 41.3061698], [121.9063391, 41.3090765], [121.9058256, 41.3093497], [121.9053792, 41.3095657], [121.904806, 41.3098099], [121.903219, 41.3104491], [121.8988064, 41.312199], [121.8924684, 41.3147341], [121.8875847, 41.3166942], [121.8859304, 41.3173792], [121.8851136, 41.3177733], [121.8840433, 41.3183124], [121.8805407, 41.3200906], [121.8770306, 41.321873], [121.8720591, 41.3243906], [121.8719399, 41.3244504], [121.866787, 41.3270372], [121.8655038, 41.3276354], [121.8647368, 41.3279162], [121.8640969, 41.3281236], [121.8584615, 41.3298674], [121.8554591, 41.3308093], [121.8498749, 41.3325428], [121.8419921, 41.334995], [121.8292457, 41.3389532], [121.8266924, 41.339746], [121.8229839, 41.3408976], [121.8188239, 41.3421887]]}}, {"type": "Feature", "properties": {"osmWayId": 229998603, "highway": "trunk", "lanes": "2", "name": "沈辽路", "oneway": "yes", "ref": "G102;S102", "sourceMembership": "g102-tag"}, "geometry": {"type": "LineString", "coordinates": [[123.2296725, 41.7344702], [123.2285317, 41.7328291], [123.2281738, 41.7324316], [123.2248223, 41.728707], [123.2247627, 41.7286408], [123.2247075, 41.7285815], [123.2241289, 41.7279388], [123.2230122, 41.7268892], [123.2214225, 41.7256071], [123.2191071, 41.723911], [123.2190664, 41.7238804], [123.217685, 41.7228432], [123.2161044, 41.7217909], [123.2148174, 41.7210339], [123.2129888, 41.7201275], [123.2108789, 41.7190896], [123.2098419, 41.7186534], [123.209224, 41.7184311], [123.2086576, 41.7182273], [123.2066032, 41.7175948], [123.2054796, 41.7172644], [123.204103, 41.7169853], [123.2016351, 41.7166169], [123.201622, 41.7166146], [123.2010592, 41.7165147], [123.1971222, 41.7158635], [123.1962794, 41.7156819], [123.1957856, 41.7155473], [123.1948089, 41.7151858], [123.1932649, 41.7144387], [123.1913013, 41.7134242], [123.1881584, 41.7114894], [123.1869327, 41.7107349], [123.1845127, 41.7092418], [123.1836873, 41.7087163], [123.1835588, 41.7086345], [123.1832165, 41.7084166], [123.1804995, 41.7064736], [123.1797425, 41.7059194], [123.1796394, 41.7058457], [123.1791839, 41.7055215], [123.1784557, 41.7049861], [123.1779574, 41.7045918], [123.1773091, 41.7041901], [123.177161, 41.7040983], [123.1768048, 41.7039175], [123.1765316, 41.7037788], [123.1758357, 41.7035097], [123.1750436, 41.7032832], [123.1738672, 41.7030286], [123.172094, 41.7026751], [123.1709926, 41.7023772], [123.1692787, 41.7018178], [123.1688229, 41.7016635], [123.1665246, 41.7008853], [123.1661356, 41.7007536], [123.1660133, 41.7007122], [123.1651166, 41.7003996], [123.1635309, 41.6998716], [123.1629408, 41.6996718], [123.1624459, 41.6995042], [123.1602368, 41.6987299], [123.1576097, 41.6977402], [123.1554364, 41.6969486], [123.1540707, 41.6964221], [123.151455, 41.6954138], [123.1500252, 41.6949181], [123.148764, 41.6945379], [123.1463962, 41.6940359], [123.1462536, 41.6940057]]}}, {"type": "Feature", "properties": {"osmWayId": 231600439, "highway": "trunk", "name": "京抚线", "ref": "G102", "sourceMembership": "g102-tag"}, "geometry": {"type": "LineString", "coordinates": [[129.5171078, 46.3505278], [129.5155676, 46.3528121], [129.5152458, 46.3536208], [129.515463, 46.3604674], [129.5155033, 46.3617362], [129.5154917, 46.3619719], [129.515396, 46.3639188], [129.5140012, 46.3693174], [129.5129284, 46.3715678], [129.5126709, 46.3728114], [129.5123061, 46.3759115], [129.5113619, 46.3808855], [129.5114263, 46.3818121], [129.5117696, 46.3827003], [129.5155462, 46.3898937], [129.5157393, 46.3906545], [129.515632, 46.3914922], [129.5149668, 46.3932592], [129.5148595, 46.3939489], [129.51516, 46.3946297], [129.5180997, 46.3984092], [129.5189365, 46.3990396], [129.5237859, 46.4010225], [129.5254167, 46.4019991], [129.5317253, 46.4068523], [129.5335492, 46.4075536], [129.5548352, 46.4147734], [129.5555648, 46.4152764], [129.5570453, 46.4168829], [129.5572599, 46.4175042], [129.5585259, 46.4229389], [129.5588478, 46.4270596], [129.558247, 46.4351937], [129.5583757, 46.4357556], [129.5633753, 46.4397689], [129.5637616, 46.4402421], [129.5673879, 46.4469637], [129.5687827, 46.4487586], [129.583567, 46.4666536], [129.5840543, 46.4673246], [129.5845179, 46.4701662], [129.5847342, 46.4714327], [129.5845488, 46.4757213], [129.5848733, 46.4767854], [129.5872375, 46.4789349], [129.5887364, 46.4798926], [129.5957826, 46.482276], [129.5972042, 46.4827229], [129.5978532, 46.4833507], [129.5991821, 46.4871064], [129.5996766, 46.4884682], [129.600341, 46.4890214], [129.6022417, 46.4897449], [129.6033697, 46.4905002], [129.60765, 46.4953086], [129.6100296, 46.4976382], [129.6127338, 46.4998613], [129.6157006, 46.5019992], [129.618343, 46.5026268], [129.6197491, 46.503233], [129.6231177, 46.5073065], [129.6250338, 46.5088592], [129.6294532, 46.5131024], [129.6302258, 46.5136872], [129.6320214, 46.5148004]]}}, {"type": "Feature", "properties": {"osmWayId": 232151778, "bridge": "yes", "highway": "trunk", "lanes": "3", "layer": "1", "name": "陵北街", "oneway": "yes", "ref": "G102", "sourceMembership": "g102-tag"}, "geometry": {"type": "LineString", "coordinates": [[123.4314947, 41.8502331], [123.430654, 41.8532132], [123.4301659, 41.8548522], [123.4297593, 41.8560174], [123.4286608, 41.8587867], [123.4282746, 41.8598015], [123.4280707, 41.8601131], [123.4275343, 41.8605526], [123.4272513, 41.8606616], [123.4268383, 41.860795]]}}, {"type": "Feature", "properties": {"osmWayId": 232151780, "highway": "trunk", "lanes": "3", "name": "金山路", "oneway": "yes", "ref": "G102", "surface": "asphalt", "sourceMembership": "g102-tag"}, "geometry": {"type": "LineString", "coordinates": [[123.463354, 41.8495346], [123.4660384, 41.848786]]}}, {"type": "Feature", "properties": {"osmWayId": 232151781, "bridge": "yes", "highway": "trunk", "lanes": "3", "layer": "1", "name": "金山路", "oneway": "yes", "ref": "G102", "sourceMembership": "g102-tag"}, "geometry": {"type": "LineString", "coordinates": [[123.4633948, 41.8497], [123.4621273, 41.8500415], [123.4612395, 41.8501602], [123.4603318, 41.8501586], [123.458605, 41.8501081], [123.4508909, 41.8497532], [123.4414277, 41.8492861], [123.4375654, 41.8491018], [123.4340359, 41.8489333], [123.4332957, 41.8489813], [123.4328129, 41.8491092], [123.4323401, 41.8493313], [123.4321155, 41.8494368], [123.43174, 41.8497725], [123.4314947, 41.8502331]]}}, {"type": "Feature", "properties": {"osmWayId": 232152295, "bridge": "yes", "highway": "trunk", "lanes": "3", "layer": "1", "name": "白山东路", "oneway": "yes", "ref": "G102", "sourceMembership": "g102-tag"}, "geometry": {"type": "LineString", "coordinates": [[123.4220732, 41.8601911], [123.4254958, 41.8607284], [123.4259818, 41.8607571], [123.4264507, 41.8607604], [123.4267994, 41.860688]]}}, {"type": "Feature", "properties": {"osmWayId": 232152296, "bridge": "yes", "highway": "trunk", "lanes": "3", "layer": "1", "name": "白山东路", "oneway": "yes", "ref": "G102", "sourceMembership": "g102-tag"}, "geometry": {"type": "LineString", "coordinates": [[123.4268383, 41.860795], [123.4264525, 41.8608626], [123.4260972, 41.8608816], [123.4254314, 41.8608403], [123.4219828, 41.8602953]]}}, {"type": "Feature", "properties": {"osmWayId": 232152298, "highway": "trunk", "lanes": "3", "layer": "1", "name": "白山东路", "oneway": "yes", "ref": "G102", "sourceMembership": "g102-tag"}, "geometry": {"type": "LineString", "coordinates": [[123.4219828, 41.8602953], [123.4159552, 41.8593427], [123.4158967, 41.8593335], [123.4154509, 41.8592661]]}}, {"type": "Feature", "properties": {"osmWayId": 232200061, "highway": "trunk", "name": "沈辽路", "oneway": "yes", "ref": "G102;S102", "sourceMembership": "g102-tag"}, "geometry": {"type": "LineString", "coordinates": [[123.1462536, 41.6940057], [123.1460815, 41.6939654], [123.1447899, 41.6937575]]}}, {"type": "Feature", "properties": {"osmWayId": 232200063, "highway": "trunk", "name": "沈辽路", "oneway": "yes", "ref": "G102;S102", "sourceMembership": "g102-tag"}, "geometry": {"type": "LineString", "coordinates": [[123.1451958, 41.6936342], [123.1461411, 41.693865], [123.1463019, 41.6938908], [123.1488088, 41.6944283], [123.1492307, 41.6945338], [123.1493324, 41.694556], [123.1494881, 41.6945899]]}}, {"type": "Feature", "properties": {"osmWayId": 232200064, "highway": "trunk", "lanes": "2", "name": "沈辽路", "oneway": "yes", "ref": "G102;S102", "sourceMembership": "g102-tag"}, "geometry": {"type": "LineString", "coordinates": [[123.1494881, 41.6945899], [123.1500943, 41.6947582], [123.1515363, 41.6952581], [123.1542157, 41.6963241], [123.1576045, 41.6975973], [123.1603082, 41.6986035], [123.1625226, 41.6993469], [123.1662187, 41.7005985], [123.1666016, 41.7007281], [123.1693547, 41.7016603], [123.1710628, 41.7022178], [123.1721528, 41.7025126], [123.1739209, 41.7028651], [123.1751054, 41.7031214], [123.1759122, 41.7033521], [123.1766246, 41.7036276], [123.1768689, 41.7037516], [123.1772683, 41.7039544], [123.1774223, 41.7040498], [123.1780751, 41.7044543], [123.1785706, 41.7049019], [123.179731, 41.7057612], [123.1798365, 41.7058393], [123.1806746, 41.7064475], [123.183306, 41.7083382], [123.1836575, 41.7085691], [123.1837854, 41.7086532], [123.1846031, 41.7091904], [123.1869752, 41.7106301], [123.18824, 41.7114083], [123.1913668, 41.7133191], [123.1932744, 41.7142778], [123.1948979, 41.715033], [123.1958617, 41.7153897], [123.1963399, 41.7155199], [123.1971725, 41.7156993], [123.2006636, 41.7162767], [123.2011131, 41.7163511], [123.2016801, 41.7164518], [123.2041505, 41.7168205], [123.2055409, 41.7171024], [123.2066739, 41.7174356], [123.2087338, 41.7180699], [123.2099269, 41.7184992], [123.2109733, 41.7189393], [123.2130703, 41.7199823], [123.2149222, 41.7208888], [123.2160029, 41.7215244], [123.2162183, 41.7216511], [123.2178061, 41.7227082], [123.2185842, 41.7232924], [123.219035, 41.7236309], [123.2192309, 41.723778], [123.2215484, 41.7254756], [123.2231448, 41.7267632], [123.2242692, 41.7278201], [123.2248512, 41.7284846], [123.2249102, 41.7285499], [123.2283177, 41.7323168], [123.2286809, 41.7327202], [123.229831, 41.7343984]]}}, {"type": "Feature", "properties": {"osmWayId": 234822913, "highway": "trunk", "name": "南四环快速路", "name:en": "South 4th Ring Expressway", "name:zh": "南四环快速路", "oneway": "yes", "ref": "G102;G334", "surface": "asphalt", "sourceMembership": "g102-tag"}, "geometry": {"type": "LineString", "coordinates": [[125.3078166, 43.8050129], [125.3058899, 43.8046915], [125.3043667, 43.8044565], [125.3018284, 43.8040403], [125.2997581, 43.8036822]]}}, {"type": "Feature", "properties": {"osmWayId": 234822915, "highway": "trunk", "layer": "-1", "name": "南四环快速路", "name:en": "South 4th Ring Expressway", "name:zh": "南四环快速路", "oneway": "yes", "ref": "G102;G334", "surface": "asphalt", "tunnel": "yes", "sourceMembership": "g102-tag"}, "geometry": {"type": "LineString", "coordinates": [[125.3202848, 43.8061635], [125.3195657, 43.8061502]]}}, {"type": "Feature", "properties": {"osmWayId": 235158585, "bridge": "yes", "highway": "trunk", "layer": "1", "name": "洋浦大街", "name:en": "Yangpu Street", "name:zh": "洋浦大街", "oneway": "yes", "ref": "G102;G302", "surface": "asphalt", "sourceMembership": "g102-tag"}, "geometry": {"type": "LineString", "coordinates": [[125.4161246, 43.8991019], [125.4161318, 43.9032611]]}}, {"type": "Feature", "properties": {"osmWayId": 235158588, "highway": "trunk", "lanes": "3", "name": "洋浦大街", "name:en": "Yangpu Street", "name:zh-Latn-pinyin": "Yang Pu Dajie", "oneway": "yes", "ref": "G102", "sourceMembership": "g102-tag"}, "geometry": {"type": "LineString", "coordinates": [[125.4161155, 43.8812623], [125.4161167, 43.8830184], [125.4161622, 43.8831463]]}}, {"type": "Feature", "properties": {"osmWayId": 235158591, "bridge": "yes", "highway": "trunk", "lanes": "6", "layer": "1", "name": "洋浦大街", "name:en": "Yangpu Street", "name:zh-Latn-pinyin": "Yang Pu Dajie", "oneway": "yes", "ref": "G102", "sourceMembership": "g102-tag"}, "geometry": {"type": "LineString", "coordinates": [[125.4160941, 43.8776273], [125.4161155, 43.8812623]]}}, {"type": "Feature", "properties": {"osmWayId": 235158593, "highway": "trunk", "lanes": "3", "name": "洋浦大街", "name:en": "Yangpu Street", "oneway": "yes", "ref": "G102;G302", "surface": "asphalt", "sourceMembership": "g102-tag"}, "geometry": {"type": "LineString", "coordinates": [[125.4161318, 43.9032611], [125.4161552, 43.9051808], [125.4161882, 43.9086865], [125.4162303, 43.9098171], [125.4163363, 43.9113784], [125.4164359, 43.912736], [125.4166316, 43.9143862], [125.4166558, 43.9145914], [125.4172103, 43.9172797], [125.4185746, 43.9234545], [125.4187842, 43.9244033], [125.4192008, 43.9261969], [125.4194264, 43.9271683]]}}, {"type": "Feature", "properties": {"osmWayId": 235158596, "highway": "trunk", "lanes": "3", "name": "洋浦大街", "name:en": "Yangpu Street", "oneway": "yes", "ref": "G102;G302", "surface": "asphalt", "sourceMembership": "g102-tag"}, "geometry": {"type": "LineString", "coordinates": [[125.4192425, 43.9270808], [125.4187969, 43.9254541], [125.4185471, 43.9245424], [125.4182493, 43.9232236], [125.4172495, 43.9187082]]}}, {"type": "Feature", "properties": {"osmWayId": 235165097, "highway": "trunk", "name": "102国道", "name:en": "G102", "name:zh": "102国道", "oneway": "yes", "ref": "G102;G302", "surface": "asphalt", "sourceMembership": "g102-tag"}, "geometry": {"type": "LineString", "coordinates": [[125.4203251, 43.9315284], [125.4208052, 43.9334615], [125.420945, 43.9340936]]}}, {"type": "Feature", "properties": {"osmWayId": 235165111, "bridge": "yes", "highway": "trunk", "layer": "2", "oneway": "yes", "ref": "G102;G302", "surface": "asphalt", "sourceMembership": "g102-tag"}, "geometry": {"type": "LineString", "coordinates": [[125.4194264, 43.9271683], [125.4197119, 43.9282858], [125.4198648, 43.9295671], [125.4202027, 43.9310071]]}}, {"type": "Feature", "properties": {"osmWayId": 235166719, "highway": "trunk", "lanes": "2", "name": "102国道", "name:en": "G102", "name:zh": "102国道", "oneway": "yes", "ref": "G102;G302", "sourceMembership": "g102-tag"}, "geometry": {"type": "LineString", "coordinates": [[125.4214196, 43.9362401], [125.4217342, 43.937606], [125.4219742, 43.9386558], [125.4225083, 43.9411225], [125.4246667, 43.9505769], [125.4247503, 43.9509019], [125.4250668, 43.9522401], [125.4252602, 43.9530017], [125.4253781, 43.9534028], [125.4255094, 43.953812], [125.4261916, 43.9557499], [125.4264849, 43.956404]]}}, {"type": "Feature", "properties": {"osmWayId": 235166721, "highway": "trunk", "lanes": "2", "name": "102国道", "name:en": "G102", "name:zh": "102国道", "oneway": "yes", "ref": "G102;G302", "sourceMembership": "g102-tag"}, "geometry": {"type": "LineString", "coordinates": [[125.4318612, 43.9741689], [125.4318589, 43.9739792], [125.4318817, 43.972938], [125.4318772, 43.9726863], [125.4318418, 43.9723901], [125.431771, 43.9716607], [125.4316958, 43.9713008], [125.4315718, 43.9706797], [125.4305551, 43.9677008], [125.4295294, 43.9649599], [125.4294759, 43.9648181], [125.428432, 43.9620509], [125.4265481, 43.957019], [125.4263756, 43.9565495], [125.4263168, 43.9563895], [125.4261244, 43.955866], [125.4257139, 43.9548043], [125.4254803, 43.9541266], [125.4252895, 43.9535354], [125.4251716, 43.9531315], [125.4249383, 43.952282], [125.4246498, 43.9509893], [125.4223887, 43.9411353], [125.4218126, 43.9385641], [125.421577, 43.9375985], [125.4213018, 43.936246]]}}, {"type": "Feature", "properties": {"osmWayId": 235166732, "bridge": "yes", "highway": "trunk", "layer": "2", "oneway": "yes", "ref": "G102;G302", "surface": "asphalt", "sourceMembership": "g102-tag"}, "geometry": {"type": "LineString", "coordinates": [[125.4200557, 43.9309276], [125.41971, 43.9294758], [125.4195399, 43.928776], [125.4194291, 43.9282825], [125.4192425, 43.9270808]]}}, {"type": "Feature", "properties": {"osmWayId": 235951434, "highway": "trunk", "lanes": "2", "name": "京抚线", "oneway": "yes", "ref": "G102", "sourceMembership": "g102-tag"}, "geometry": {"type": "LineString", "coordinates": [[125.4253078, 44.0248361], [125.424967, 44.0254581], [125.4237704, 44.0276423], [125.4231395, 44.0287925], [125.4198133, 44.0347724], [125.4192263, 44.0359561], [125.4189021, 44.0371212], [125.418671, 44.0381523], [125.4185025, 44.0393153], [125.4178507, 44.0438914]]}}, {"type": "Feature", "properties": {"osmWayId": 236869845, "bridge": "yes", "highway": "trunk", "lanes": "2", "layer": "1", "name": "京抚线", "oneway": "yes", "ref": "G102", "source": "Bing", "sourceMembership": "g102-tag"}, "geometry": {"type": "LineString", "coordinates": [[124.8846165, 43.5557512], [124.8843187, 43.556934], [124.883903, 43.5581559], [124.8835918, 43.5591082], [124.8834122, 43.55967]]}}, {"type": "Feature", "properties": {"osmWayId": 236869876, "highway": "trunk", "lanes": "2", "name": "京抚线", "oneway": "yes", "ref": "G102", "source": "Bing", "sourceMembership": "g102-tag"}, "geometry": {"type": "LineString", "coordinates": [[124.8319471, 43.490221], [124.8335216, 43.4912394]]}}, {"type": "Feature", "properties": {"osmWayId": 236869877, "bridge": "yes", "highway": "trunk", "lanes": "2", "layer": "1", "name": "京抚线", "oneway": "yes", "ref": "G102", "source": "Bing", "sourceMembership": "g102-tag"}, "geometry": {"type": "LineString", "coordinates": [[124.8252876, 43.4852618], [124.8243205, 43.4847937]]}}, {"type": "Feature", "properties": {"osmWayId": 236869878, "bridge": "yes", "highway": "trunk", "lanes": "2", "layer": "1", "name": "京抚线", "oneway": "yes", "ref": "G102", "source": "Bing", "sourceMembership": "g102-tag"}, "geometry": {"type": "LineString", "coordinates": [[124.8318467, 43.4902946], [124.8313235, 43.4898777]]}}, {"type": "Feature", "properties": {"osmWayId": 236869879, "bridge": "yes", "highway": "trunk", "lanes": "2", "layer": "1", "name": "京抚线", "oneway": "yes", "ref": "G102", "source": "Bing", "sourceMembership": "g102-tag"}, "geometry": {"type": "LineString", "coordinates": [[124.8335216, 43.4912394], [124.8346094, 43.491853]]}}, {"type": "Feature", "properties": {"osmWayId": 236869880, "bridge": "yes", "highway": "trunk", "lanes": "2", "layer": "1", "name": "京抚线", "oneway": "yes", "ref": "G102", "source": "Bing", "sourceMembership": "g102-tag"}, "geometry": {"type": "LineString", "coordinates": [[124.8314315, 43.4898102], [124.8319471, 43.490221]]}}, {"type": "Feature", "properties": {"osmWayId": 236869881, "highway": "trunk", "lanes": "2", "name": "京抚线", "oneway": "yes", "ref": "G102", "source": "Bing", "sourceMembership": "g102-tag"}, "geometry": {"type": "LineString", "coordinates": [[124.8334303, 43.4913189], [124.8318467, 43.4902946]]}}, {"type": "Feature", "properties": {"osmWayId": 236869882, "bridge": "yes", "highway": "trunk", "lanes": "2", "layer": "1", "name": "京抚线", "oneway": "yes", "ref": "G102", "source": "Bing", "sourceMembership": "g102-tag"}, "geometry": {"type": "LineString", "coordinates": [[124.8345251, 43.4919365], [124.8334303, 43.4913189]]}}, {"type": "Feature", "properties": {"osmWayId": 236869883, "highway": "trunk", "lanes": "2", "name": "京抚线", "oneway": "yes", "ref": "G102", "source": "Bing", "sourceMembership": "g102-tag"}, "geometry": {"type": "LineString", "coordinates": [[124.8689811, 43.5155107], [124.8775868, 43.5234937], [124.8784106, 43.5242771], [124.8788902, 43.5248045], [124.8789755, 43.5248961], [124.8799308, 43.5264825], [124.8803412, 43.527577], [124.8805937, 43.5289432], [124.8805227, 43.5304584], [124.8803154, 43.5314203], [124.8799868, 43.5333043], [124.8799806, 43.5352218], [124.8801595, 43.5367069], [124.8805746, 43.5385088], [124.8817983, 43.541289], [124.8837066, 43.5449618], [124.8843908, 43.5469088], [124.88477, 43.5489244], [124.8850338, 43.5505466], [124.8850987, 43.552353], [124.8849918, 43.5540293], [124.8846165, 43.5557512]]}}, {"type": "Feature", "properties": {"osmWayId": 236869885, "highway": "trunk", "lanes": "2", "name": "京抚线", "oneway": "yes", "ref": "G102", "source": "Bing", "sourceMembership": "g102-tag"}, "geometry": {"type": "LineString", "coordinates": [[124.8243205, 43.4847937], [124.8234044, 43.4843886], [124.8212633, 43.4836241], [124.8190966, 43.482925], [124.8189697, 43.482884], [124.8138186, 43.4812218], [124.8037115, 43.4779602], [124.8019697, 43.4773123], [124.8018977, 43.4772776], [124.8017661, 43.4772022], [124.8002265, 43.4763201], [124.7993465, 43.475665], [124.7983743, 43.4747376], [124.7977346, 43.4739774], [124.7971849, 43.4731149], [124.7966924, 43.47213], [124.7959521, 43.4694272], [124.7956821, 43.4687148], [124.7953627, 43.4680923], [124.7947549, 43.4671823], [124.7940846, 43.4663947], [124.7934962, 43.4658721], [124.7927468, 43.4652371], [124.7920277, 43.4647646], [124.7899174, 43.463642], [124.7885405, 43.4629672], [124.7857604, 43.4616048], [124.7853298, 43.4613779], [124.7829209, 43.4602034], [124.7773309, 43.4574259], [124.774727, 43.4561758], [124.774593, 43.4561114], [124.7732012, 43.4554432], [124.7712711, 43.4546285], [124.7688711, 43.4537305], [124.7656215, 43.4526743], [124.7624315, 43.4518443], [124.7585815, 43.4511042], [124.7551614, 43.4506001], [124.7494415, 43.4500554], [124.7446515, 43.4494442], [124.7417998, 43.4488964], [124.7416315, 43.4488641], [124.7395515, 43.4483841], [124.7361915, 43.4475241], [124.7321609, 43.4463808], [124.7249506, 43.4443077], [124.7211115, 43.4432039], [124.7192542, 43.4426402], [124.7163739, 43.4413362], [124.7158106, 43.441035], [124.7139963, 43.4400772], [124.7132456, 43.4397019], [124.7120864, 43.4392316], [124.7107715, 43.4386468], [124.7090017, 43.4378968]]}}, {"type": "Feature", "properties": {"osmWayId": 236869888, "bridge": "yes", "highway": "trunk", "lanes": "2", "layer": "1", "name": "京抚线", "oneway": "yes", "ref": "G102", "source": "Bing", "sourceMembership": "g102-tag"}, "geometry": {"type": "LineString", "coordinates": [[124.7064127, 43.4366659], [124.7090746, 43.4378079]]}}, {"type": "Feature", "properties": {"osmWayId": 236869892, "highway": "trunk", "lanes": "2", "name": "京抚线", "oneway": "yes", "ref": "G102", "source": "Bing", "sourceMembership": "g102-tag"}, "geometry": {"type": "LineString", "coordinates": [[124.8253712, 43.485178], [124.8271694, 43.4861995], [124.8281633, 43.4869414], [124.8298014, 43.4883585], [124.8314315, 43.4898102]]}}, {"type": "Feature", "properties": {"osmWayId": 236869893, "highway": "trunk", "lanes": "2", "name": "京抚线", "oneway": "yes", "ref": "G102", "source": "Bing", "sourceMembership": "g102-tag"}, "geometry": {"type": "LineString", "coordinates": [[124.8313235, 43.4898777], [124.8296915, 43.4884244], [124.8293513, 43.4881301], [124.8280574, 43.4870107], [124.8270739, 43.4862767], [124.8253596, 43.4853027], [124.8252876, 43.4852618]]}}, {"type": "Feature", "properties": {"osmWayId": 238155784, "highway": "trunk", "lanes": "3", "name": "长安东路", "oneway": "yes", "ref": "G102;G221", "sourceMembership": "g102-tag"}, "geometry": {"type": "LineString", "coordinates": [[130.7302637, 46.9932029], [130.7266738, 46.9915389], [130.7264861, 46.9914502], [130.7250669, 46.9907789], [130.7213124, 46.9890175], [130.7208268, 46.988804], [130.7204315, 46.9886368], [130.7200038, 46.988471], [130.7193752, 46.9882369], [130.717351, 46.987493], [130.7136027, 46.9861297], [130.7129698, 46.9858832], [130.7121418, 46.985517], [130.7085191, 46.9837231], [130.7031147, 46.9810595], [130.6972669, 46.9781629], [130.6966798, 46.9778568], [130.6963569, 46.9776609], [130.6961001, 46.9774905], [130.6958654, 46.9772971], [130.6956866, 46.9771154], [130.6954985, 46.9769165], [130.6953236, 46.976712], [130.6951444, 46.9764676], [130.6949162, 46.9761043], [130.6945492, 46.9755316], [130.6942789, 46.9751068], [130.6928884, 46.9728693], [130.6916733, 46.9709453], [130.6904303, 46.9689414], [130.6897188, 46.9678388], [130.6890074, 46.96674], [130.6885564, 46.9660401], [130.6879045, 46.9650327], [130.6862867, 46.9626597], [130.6856959, 46.961781], [130.6831245, 46.9580909], [130.6764738, 46.948642], [130.6742993, 46.9456153], [130.67349, 46.9445212], [130.6720693, 46.9426173], [130.6703388, 46.9403207], [130.6695323, 46.9392515], [130.6688597, 46.9383315], [130.6683317, 46.937654], [130.6677378, 46.9369599], [130.6642456, 46.9329847], [130.6610298, 46.92932], [130.6572484, 46.9250604], [130.6539183, 46.9212762], [130.6519836, 46.9190971], [130.6510457, 46.9180514], [130.6508249, 46.9178498], [130.650557, 46.9176484], [130.6502229, 46.9174369], [130.6499324, 46.9172779], [130.6496142, 46.9171288], [130.649283, 46.9169965], [130.6489367, 46.9168737], [130.6484779, 46.9167351], [130.6474404, 46.9164113], [130.6454466, 46.9157976], [130.644305, 46.9154182], [130.64366, 46.9151792], [130.6428303, 46.9148729], [130.6421687, 46.9146179], [130.640923, 46.9141316], [130.636035, 46.9122604], [130.6354942, 46.9120783], [130.635133, 46.911975], [130.6347102, 46.9118736], [130.6342854, 46.9117849], [130.6335509, 46.9116412], [130.6322419, 46.9114036], [130.6264005, 46.9103301], [130.6203358, 46.9092007], [130.6197053, 46.909071], [130.6193048, 46.9089615], [130.6189164, 46.9088415], [130.618532, 46.9087], [130.6181415, 46.9085289], [130.6178177, 46.9083583], [130.6175026, 46.9081747], [130.6170191, 46.9078557], [130.6165702, 46.9075372], [130.6161253, 46.9072125], [130.6155572, 46.9068499], [130.6151021, 46.9066], [130.6147707, 46.9064333], [130.6144703, 46.9062924], [130.6141205, 46.9061389], [130.6135879, 46.9059444], [130.6132777, 46.905839], [130.6129358, 46.9057438], [130.6125293, 46.9056301], [130.6117008, 46.9054013], [130.6085025, 46.9045262], [130.6055461, 46.9037106], [130.6035532, 46.9031632], [130.6022764, 46.9028124], [130.6016709, 46.9026301], [130.6012915, 46.9024893], [130.6009519, 46.9023451], [130.600602, 46.9021673], [130.6002769, 46.9019799], [130.5999977, 46.9017797], [130.5997769, 46.9015934], [130.5997059, 46.9015334], [130.5993816, 46.9012503], [130.596268, 46.8985084], [130.5916688, 46.8944421], [130.5909283, 46.8938592], [130.5906066, 46.893611], [130.590355, 46.8934413], [130.5900541, 46.8932547], [130.5895608, 46.8929589], [130.5872801, 46.8917064], [130.582771, 46.8892452], [130.5810092, 46.8883077], [130.5805131, 46.8880759], [130.5800713, 46.8878882], [130.5791715, 46.8875329], [130.5775368, 46.8868877], [130.5749793, 46.8858594], [130.574518, 46.8856679], [130.5736745, 46.8852996], [130.5728863, 46.8849532], [130.5720772, 46.8845869], [130.570304, 46.8837585], [130.5682003, 46.8827353], [130.5649676, 46.8811516], [130.5645223, 46.8809478], [130.5640238, 46.8807397], [130.563372, 46.8804916], [130.5626709, 46.8802604], [130.561907, 46.8800208], [130.5573138, 46.8786243], [130.5549441, 46.8778918], [130.5519869, 46.8770135], [130.5503911, 46.8765753], [130.5472633, 46.8757309], [130.5465541, 46.8755291], [130.5461657, 46.8753983], [130.5457876, 46.8752561], [130.5454958, 46.8751224], [130.5452619, 46.8750084], [130.5451534, 46.8749555], [130.5443701, 46.874492], [130.5429857, 46.8736781], [130.5394122, 46.8716187], [130.5388011, 46.8713061], [130.5382801, 46.8710793], [130.5378225, 46.8709042], [130.537445, 46.8707739], [130.5370347, 46.8706474], [130.5365935, 46.8705241], [130.5362294, 46.8704362], [130.5357634, 46.8703374], [130.535306, 46.8702447], [130.5278451, 46.8688586], [130.527695, 46.8688299], [130.5163635, 46.8665616], [130.5153342, 46.8663556], [130.5137975, 46.8660732], [130.5120424, 46.865789], [130.5051575, 46.8647806], [130.5043811, 46.8646205], [130.5035677, 46.8644119], [130.501228, 46.8636833], [130.4924042, 46.8609353], [130.4915823, 46.8606639], [130.4908818, 46.8603669], [130.4902186, 46.8599933], [130.4879099, 46.8583568], [130.4855846, 46.8568405], [130.4851123, 46.8565516], [130.4842297, 46.8560086], [130.4838, 46.85575], [130.4833119, 46.8554749], [130.4829548, 46.8552901], [130.482527, 46.855092], [130.4822543, 46.8549835], [130.4819089, 46.8548499], [130.4816175, 46.8547585], [130.4812661, 46.8546448], [130.4809304, 46.8545677], [130.4806263, 46.8545001], [130.4802026, 46.8544287], [130.4800226, 46.8544], [130.4798068, 46.854364], [130.4795131, 46.8543333], [130.4790711, 46.8542995], [130.4772835, 46.8541681], [130.4740897, 46.8539317], [130.4738218, 46.8539111], [130.4734565, 46.8538692], [130.4731519, 46.8538235], [130.4728271, 46.8537581], [130.4725399, 46.8536907], [130.471993, 46.8535399], [130.4536872, 46.847711], [130.4530973, 46.8475324], [130.4529671, 46.8474984], [130.4482735, 46.8462147], [130.4476386, 46.8459675], [130.4470159, 46.845662], [130.4465293, 46.8453833], [130.4464422, 46.8453322], [130.4421617, 46.8428225], [130.4405591, 46.8419769], [130.4399685, 46.8417164], [130.4392379, 46.8414457], [130.4385002, 46.8412017]]}}, {"type": "Feature", "properties": {"osmWayId": 238155785, "highway": "trunk", "lanes": "2", "name": "京抚线;同哈线", "oneway": "yes", "ref": "G102;G221", "sourceMembership": "g102-tag"}, "geometry": {"type": "LineString", "coordinates": [[130.4385736, 46.8411323], [130.439308, 46.8413872], [130.4400399, 46.8416632], [130.4406195, 46.8419134], [130.442267, 46.8427344], [130.4466027, 46.8453182], [130.4470697, 46.8455838], [130.4477173, 46.8459025], [130.4483486, 46.8461377], [130.4530131, 46.8474208], [130.4531444, 46.847458], [130.453732, 46.84763], [130.4718863, 46.8534118], [130.4723588, 46.8535563], [130.4727048, 46.853643], [130.4730948, 46.8537245], [130.4733821, 46.8537795], [130.473693, 46.8538137], [130.4739572, 46.8538415], [130.4743422, 46.8538716], [130.4768302, 46.8540483], [130.4784922, 46.8541704], [130.4794595, 46.8542434], [130.4799764, 46.8543015], [130.4805979, 46.8544086], [130.480958, 46.854487], [130.4812639, 46.8545623], [130.4815968, 46.8546646], [130.4819914, 46.8547914], [130.4823736, 46.8549323], [130.4827425, 46.855093], [130.4831243, 46.8552769], [130.4837443, 46.8556106], [130.4844355, 46.8560176], [130.4855568, 46.8567094], [130.4884281, 46.8585837], [130.4903351, 46.8599274], [130.4909724, 46.8602918], [130.4916564, 46.8605669], [130.4924554, 46.8608449], [130.5012977, 46.8635739], [130.5036203, 46.8643154], [130.5044294, 46.8645202], [130.5051919, 46.8646803], [130.5120839, 46.8656839], [130.5138545, 46.8659776], [130.5153613, 46.8662575], [130.5277334, 46.8687395], [130.5278823, 46.868768], [130.5360204, 46.870294], [130.5367714, 46.8704627], [130.5372971, 46.8706167], [130.5378657, 46.8708074], [130.5383807, 46.8710128], [130.5389493, 46.8712548], [130.5395287, 46.8715556], [130.540269, 46.8719516], [130.5411702, 46.8724724], [130.5433911, 46.8737779], [130.5449467, 46.87468], [130.5453115, 46.8748927], [130.5453782, 46.8749231], [130.5457943, 46.8751127], [130.5462449, 46.8752887], [130.5466526, 46.8754281], [130.5472534, 46.8755968], [130.5492812, 46.8761615], [130.5507296, 46.8765429], [130.5519098, 46.8768729], [130.5530685, 46.8772103], [130.5578643, 46.8786917], [130.5631643, 46.880305], [130.5639797, 46.8806057], [130.5644625, 46.8807964], [130.564956, 46.8810237], [130.5654496, 46.8812804], [130.5669409, 46.8820064], [130.5687969, 46.882901], [130.5703526, 46.8836783], [130.5714577, 46.8841916], [130.5729276, 46.8848662], [130.5739361, 46.8853062], [130.5746656, 46.8856142], [130.5756741, 46.8860395], [130.5774658, 46.8867581], [130.5799871, 46.8877333], [130.5807167, 46.8880559], [130.581296, 46.8883272], [130.5826371, 46.8890531], [130.5847078, 46.8901749], [130.5873676, 46.891632], [130.5895894, 46.8928437], [130.590319, 46.893269], [130.5907589, 46.8935696], [130.591188, 46.8938775], [130.5914455, 46.8940901], [130.591703, 46.8943247], [130.5940097, 46.8963555], [130.5978828, 46.8997718], [130.6000715, 46.9016631], [130.6004041, 46.9019196], [130.6007474, 46.9021102], [130.601198, 46.9023375], [130.6015199, 46.9024547], [130.6019812, 46.902616], [130.6035626, 46.9030511], [130.608322, 46.9043606], [130.612356, 46.9054601], [130.6135898, 46.905834], [130.6141585, 46.9060319], [130.6147486, 46.9062884], [130.6151992, 46.9065083], [130.6155854, 46.9067062], [130.6159931, 46.9069628], [130.616551, 46.9073586], [130.6169694, 46.9076737], [130.6175381, 46.9080549], [130.6180208, 46.9083261], [130.6184822, 46.9085533], [130.6189972, 46.9087658], [130.6193834, 46.9088831], [130.6198662, 46.9090004], [130.6209606, 46.9092203], [130.6255418, 46.9100632], [130.6310027, 46.9110746], [130.6346076, 46.9117416], [130.6351333, 46.9118662], [130.6355947, 46.9120127], [130.6361633, 46.9122033], [130.637322, 46.9126357], [130.6394678, 46.9134859], [130.641399, 46.9142041], [130.6429654, 46.9148197], [130.6436413, 46.9150762], [130.6444996, 46.9153694], [130.6454008, 46.9156772], [130.6472033, 46.9162341], [130.6494778, 46.916967], [130.6499284, 46.9171648], [130.6502825, 46.9173407], [130.6506258, 46.9175532], [130.650894, 46.9177511], [130.65113, 46.917949], [130.6513983, 46.9182274], [130.6516772, 46.9185426], [130.6520527, 46.9189896], [130.6523317, 46.9193047], [130.6527072, 46.9197224], [130.6531578, 46.920228], [130.6548208, 46.9221113], [130.6580931, 46.9258263], [130.6613439, 46.9295117], [130.6643158, 46.9328746], [130.6668692, 46.9357464], [130.6682962, 46.9374167], [130.6687039, 46.9379295], [130.6693369, 46.9387572], [130.669927, 46.9395557], [130.6712573, 46.9413064], [130.6723624, 46.9428007], [130.6736928, 46.9445587], [130.6752914, 46.946734], [130.6770616, 46.9492389], [130.6804412, 46.9540359], [130.6833916, 46.9582467], [130.6845182, 46.959843], [130.686267, 46.9623473], [130.6884815, 46.9656655], [130.6902703, 46.9684509], [130.6923111, 46.9716912], [130.694848, 46.975708], [130.6952464, 46.9763682], [130.6955066, 46.9766955], [130.6957505, 46.9769784], [130.6960595, 46.9772669], [130.6963522, 46.9775054], [130.6965961, 46.9776774], [130.6970108, 46.9779049], [130.69758, 46.9781989], [130.7031578, 46.9809615], [130.7088332, 46.9837572], [130.7116302, 46.9851495], [130.7125897, 46.9856043], [130.713167, 46.9858484], [130.713972, 46.9861646], [130.7164681, 46.9870742], [130.7202734, 46.9884609], [130.7209646, 46.9887493], [130.7214118, 46.9889545], [130.7218834, 46.9891708], [130.7238998, 46.9901026], [130.7303058, 46.9931196]]}}, {"type": "Feature", "properties": {"osmWayId": 238155786, "highway": "trunk", "lanes": "2", "name": "红旗街", "oneway": "yes", "ref": "G102;G221", "sourceMembership": "g102-tag"}, "geometry": {"type": "LineString", "coordinates": [[130.3236088, 46.8068387], [130.3240522, 46.8067242], [130.3242779, 46.806659], [130.3244416, 46.8065975], [130.324592, 46.8065319], [130.326156, 46.8055562], [130.3297851, 46.803256]]}}, {"type": "Feature", "properties": {"osmWayId": 239577182, "highway": "trunk", "name": "京抚线", "oneway": "yes", "ref": "G102", "source": "Bing", "sourceMembership": "g102-tag"}, "geometry": {"type": "LineString", "coordinates": [[132.6785993, 47.2718796], [132.6782896, 47.2717894], [132.6772622, 47.2715201], [132.6760573, 47.2712349], [132.6749038, 47.2709751], [132.6740212, 47.2707976], [132.6730311, 47.2706075], [132.6717235, 47.2703857], [132.6696992, 47.2701152], [132.6690196, 47.2700244], [132.6675112, 47.2698723], [132.6664558, 47.2697868], [132.6649567, 47.2696981], [132.663906, 47.2696474], [132.6629299, 47.269622], [132.6614776, 47.2696125], [132.6607023, 47.2696125], [132.6595022, 47.2696347], [132.6581525, 47.2696917], [132.6574847, 47.2697329], [132.6565601, 47.2697963], [132.6557848, 47.2698565], [132.6549769, 47.2699325], [132.6543465, 47.2699991], [132.6537908, 47.2700656], [132.6531603, 47.270148], [132.6505638, 47.2704871], [132.6454221, 47.271162], [132.6396407, 47.2719193], [132.6359255, 47.2724059], [132.6328225, 47.2728097], [132.6282038, 47.2734086], [132.6245379, 47.2738934], [132.6219834, 47.2742166], [132.6179719, 47.2747648], [132.6170472, 47.2749168], [132.6157349, 47.2751703], [132.6151278, 47.2752907], [132.6145254, 47.275427], [132.6138296, 47.2755854], [132.6128536, 47.275823], [132.6119336, 47.2760702], [132.6107976, 47.2763942], [132.6096297, 47.2767544], [132.6085396, 47.2771049], [132.6069668, 47.2776701], [132.6056185, 47.2781916], [132.6046607, 47.2785883], [132.603715, 47.2790073], [132.6027458, 47.2794602], [132.6018183, 47.2799157], [132.6011113, 47.2802664], [132.6004066, 47.2806494], [132.5998399, 47.2809628], [132.5994147, 47.281211], [132.5986473, 47.2816527], [132.5981259, 47.2819851], [132.5976138, 47.2823017], [132.5968797, 47.2828039], [132.5965903, 47.2830044], [132.5964069, 47.2831315], [132.5955293, 47.2837355], [132.5840546, 47.2924902], [132.5679631, 47.3047913], [132.5456003, 47.3218676], [132.544464, 47.3226838], [132.5433653, 47.3234067], [132.5421164, 47.3241661], [132.5407627, 47.324913], [132.5394663, 47.3255797], [132.5379504, 47.3262789], [132.5363174, 47.3269656], [132.5343756, 47.327693], [132.5330532, 47.3281269], [132.5313834, 47.3286418], [132.5301466, 47.3289639], [132.5288727, 47.3292609], [132.527466, 47.3295644], [132.5260794, 47.3298267], [132.5245325, 47.3300681], [132.522805, 47.3302994], [132.521228, 47.3304513], [132.518971, 47.330599], [132.5173179, 47.3306464], [132.516018, 47.3306577], [132.5144839, 47.3306355], [132.513047, 47.330575], [132.4918251, 47.329474]]}}, {"type": "Feature", "properties": {"osmWayId": 240282235, "highway": "trunk", "lanes": "2", "name": "京榆大街", "oneway": "yes", "ref": "G102", "source": "Yahoo", "sourceMembership": "g102-tag"}, "geometry": {"type": "LineString", "coordinates": [[116.7881435, 39.9412032], [116.7895543, 39.9413912], [116.7900113, 39.9414488], [116.7907581, 39.941547], [116.7933282, 39.9418843], [116.7959197, 39.9422251]]}}, {"type": "Feature", "properties": {"osmWayId": 240282238, "highway": "trunk", "lanes": "2", "name": "京榆大街", "oneway": "yes", "ref": "G102", "source": "Yahoo", "sourceMembership": "g102-tag"}, "geometry": {"type": "LineString", "coordinates": [[116.8346284, 39.9448021], [116.8344496, 39.9447782], [116.8307621, 39.9444356], [116.828617, 39.9442363], [116.8284693, 39.9442276], [116.8283547, 39.944217], [116.8281686, 39.9441998], [116.8269734, 39.9440921], [116.8257651, 39.9439832], [116.8255376, 39.9439597], [116.8247838, 39.943882], [116.8245927, 39.9438582], [116.823589, 39.9437332], [116.821878, 39.9434795], [116.8208552, 39.9433039], [116.820685, 39.9432771], [116.8205055, 39.9432505], [116.8202603, 39.9432141], [116.8184342, 39.9429428], [116.817791, 39.9428473], [116.8169351, 39.9427254], [116.8164266, 39.9426631], [116.8159447, 39.9426162], [116.8152776, 39.9425709], [116.8148866, 39.9425599], [116.814411, 39.9425466], [116.8135293, 39.942551], [116.8128383, 39.9425788], [116.8106345, 39.9426645], [116.8091581, 39.9427267], [116.808882, 39.9427374]]}}, {"type": "Feature", "properties": {"osmWayId": 240299798, "highway": "trunk", "lanes": "2", "name": "京榆大街", "oneway": "yes", "ref": "G102", "source": "Yahoo", "sourceMembership": "g102-tag"}, "geometry": {"type": "LineString", "coordinates": [[116.808745, 39.9427391], [116.8060723, 39.9428562], [116.8045004, 39.9429219], [116.8042101, 39.942936], [116.8037565, 39.9429482], [116.8036509, 39.942951], [116.803203, 39.9429472], [116.8028529, 39.9429443], [116.8024725, 39.9429387], [116.8020999, 39.9429333], [116.8013988, 39.9428992], [116.8013581, 39.9428972], [116.8012458, 39.9428917], [116.8006484, 39.9428486], [116.8000705, 39.9427942], [116.7999846, 39.9427861], [116.7998772, 39.9427748], [116.7991436, 39.9426975], [116.7978881, 39.9425508], [116.7965098, 39.9424223], [116.7958775, 39.9423637]]}}, {"type": "Feature", "properties": {"osmWayId": 240299799, "highway": "trunk", "lanes": "2", "name": "京榆大街", "oneway": "yes", "ref": "G102", "source": "Yahoo", "sourceMembership": "g102-tag"}, "geometry": {"type": "LineString", "coordinates": [[116.7959197, 39.9422251], [116.7990317, 39.9425738], [116.8000014, 39.9426881], [116.8000779, 39.9426953], [116.8003698, 39.9427228], [116.8006617, 39.9427503], [116.8011937, 39.9427887], [116.8012579, 39.9427933], [116.8013044, 39.9427972], [116.8013666, 39.9428001], [116.8021055, 39.9428345], [116.8024057, 39.9428389], [116.8028541, 39.9428455], [116.8036481, 39.9428522], [116.8042029, 39.9428373], [116.8043599, 39.9428297], [116.804495, 39.9428232], [116.8060218, 39.9427579], [116.8084941, 39.9426532], [116.8087537, 39.9426422]]}}, {"type": "Feature", "properties": {"osmWayId": 240299800, "highway": "trunk", "lanes": "2", "name": "京榆大街", "oneway": "yes", "ref": "G102", "source": "Yahoo", "sourceMembership": "g102-tag"}, "geometry": {"type": "LineString", "coordinates": [[116.808878, 39.9426369], [116.8102888, 39.9425825], [116.8106142, 39.9425699], [116.8119215, 39.9425161], [116.8125435, 39.9424913], [116.8135255, 39.9424522], [116.814413, 39.9424478], [116.815011, 39.9424646], [116.815286, 39.9424723], [116.8159603, 39.9425181], [116.8164438, 39.9425651], [116.8169565, 39.9426279], [116.817815, 39.9427502], [116.8182397, 39.9428132], [116.8192477, 39.9429628], [116.8192972, 39.9429701], [116.8193495, 39.9429779], [116.8205189, 39.9431514], [116.8207026, 39.9431786], [116.8208715, 39.9432052], [116.8212538, 39.9432643], [116.8219074, 39.9433713], [116.8236125, 39.943636], [116.8241841, 39.9437081], [116.8247979, 39.9437855], [116.8257763, 39.9438964], [116.8271447, 39.9440151], [116.8273906, 39.9440364], [116.8281856, 39.944106], [116.8283694, 39.9441221], [116.8284813, 39.9441328], [116.8286308, 39.9441455], [116.8328366, 39.944532], [116.8344579, 39.944681], [116.8345973, 39.944691]]}}, {"type": "Feature", "properties": {"osmWayId": 240299801, "highway": "trunk", "lanes": "2", "name": "京榆大街", "oneway": "yes", "ref": "G102", "source": "Yahoo", "sourceMembership": "g102-tag"}, "geometry": {"type": "LineString", "coordinates": [[116.7958775, 39.9423637], [116.7922616, 39.9418906], [116.7899912, 39.9415918], [116.7899583, 39.9415876], [116.7888371, 39.9414382], [116.7880532, 39.9413339]]}}, {"type": "Feature", "properties": {"osmWayId": 240300848, "highway": "motorway", "lanes": "2", "loc_name": "通燕高速", "name": "通燕高速", "oneway": "yes", "ref": "G102", "short_name": "京哈线", "sourceMembership": "g102-tag"}, "geometry": {"type": "LineString", "coordinates": [[116.7632651, 39.9357774], [116.7626635, 39.9354823], [116.7621803, 39.9352638], [116.7617412, 39.9351007], [116.7610195, 39.9348327], [116.7597406, 39.9344477]]}}, {"type": "Feature", "properties": {"osmWayId": 240300849, "highway": "motorway", "lanes": "2", "loc_name": "通燕高速", "name": "通燕高速", "oneway": "yes", "ref": "G102", "short_name": "京哈线", "sourceMembership": "g102-tag"}, "geometry": {"type": "LineString", "coordinates": [[116.7589287, 39.934207], [116.7573251, 39.9336695], [116.7568452, 39.9335415]]}}, {"type": "Feature", "properties": {"osmWayId": 240302823, "highway": "motorway", "lanes": "2", "loc_name": "通燕高速", "maxheight": "4.5", "name": "通燕高速", "oneway": "yes", "ref": "G102", "short_name": "京哈线", "sourceMembership": "g102-tag"}, "geometry": {"type": "LineString", "coordinates": [[116.7021198, 39.9223133], [116.7026834, 39.9223077]]}}, {"type": "Feature", "properties": {"osmWayId": 240302824, "highway": "motorway", "lanes": "2", "loc_name": "通燕高速", "maxheight": "4.5", "name": "通燕高速", "oneway": "yes", "ref": "G102", "short_name": "京哈线", "sourceMembership": "g102-tag"}, "geometry": {"type": "LineString", "coordinates": [[116.7026728, 39.9223929], [116.7021179, 39.922402]]}}, {"type": "Feature", "properties": {"osmWayId": 240302825, "highway": "motorway", "lanes": "2", "loc_name": "通燕高速", "name": "通燕高速", "oneway": "yes", "ref": "G102", "short_name": "京哈线", "sourceMembership": "g102-tag"}, "geometry": {"type": "LineString", "coordinates": [[116.7021179, 39.922402], [116.6993941, 39.9224523], [116.6864824, 39.9225353], [116.6858097, 39.9225487], [116.6816111, 39.9226255]]}}, {"type": "Feature", "properties": {"osmWayId": 240302826, "highway": "motorway", "lanes": "2", "loc_name": "通燕高速", "name": "通燕高速", "oneway": "yes", "ref": "G102", "short_name": "京哈线", "sourceMembership": "g102-tag"}, "geometry": {"type": "LineString", "coordinates": [[116.7026834, 39.9223077], [116.7045473, 39.9222854], [116.7075364, 39.9222969], [116.7089787, 39.9223754], [116.710239, 39.9224726], [116.7110368, 39.9225483], [116.7120536, 39.9226498], [116.7127619, 39.922746], [116.7134406, 39.9228507], [116.7139287, 39.9229466], [116.7148827, 39.9231189]]}}, {"type": "Feature", "properties": {"osmWayId": 240308599, "highway": "trunk", "lanes": "2", "loc_name": "通燕高速", "name": "朝阳路", "oneway": "yes", "ref": "G102", "short_name": "京哈线", "sourceMembership": "g102-tag"}, "geometry": {"type": "LineString", "coordinates": [[116.6310522, 39.9172087], [116.6306436, 39.9170265], [116.6298218, 39.9166715], [116.6291492, 39.9163896], [116.628471, 39.9161095], [116.6270697, 39.9155401], [116.6242623, 39.9144378]]}}, {"type": "Feature", "properties": {"osmWayId": 240864887, "highway": "trunk", "lanes": "2", "name": "伯雍东街", "name:en": "Boyong Street", "oneway": "yes", "ref": "G102", "sourceMembership": "g102-tag"}, "geometry": {"type": "LineString", "coordinates": [[117.7816127, 39.8956117], [117.7707496, 39.8964083], [117.7678402, 39.8966216], [117.766576, 39.8967092], [117.7663899, 39.8967218], [117.7640434, 39.8968888], [117.7618163, 39.8970475], [117.7617415, 39.8970528], [117.7592771, 39.8972376], [117.756912, 39.8974103], [117.7568337, 39.897416], [117.7549296, 39.8975549], [117.7530223, 39.8976986], [117.7529302, 39.8977055], [117.7489474, 39.8980083], [117.7486441, 39.8980381], [117.7472711, 39.8981573], [117.7470995, 39.8981621]]}}, {"type": "Feature", "properties": {"osmWayId": 242955511, "highway": "trunk", "lanes": "6", "name": "利民大道", "name:zh": "利民大道", "name:zh-Hans": "利民大道", "name:zh-Hant": "利民大道", "oneway": "yes", "ref": "G102;G202", "source": "GPS", "sourceMembership": "g102-tag"}, "geometry": {"type": "LineString", "coordinates": [[126.5506665, 45.8758505], [126.5500462, 45.8740135], [126.5497065, 45.8728719], [126.5496498, 45.8726891], [126.5488112, 45.870153], [126.5487874, 45.8700799], [126.548039, 45.8677847], [126.5478036, 45.8670561], [126.5473721, 45.8656483], [126.5472779, 45.8653671], [126.5471828, 45.8650845], [126.5469272, 45.8642418], [126.5468396, 45.8639915], [126.5467361, 45.8637168], [126.5466434, 45.8634701], [126.5465336, 45.8631866], [126.5464041, 45.8628857], [126.5462782, 45.8626165], [126.5460868, 45.8622234], [126.5459682, 45.8620042], [126.5455547, 45.8612887], [126.5453824, 45.861007], [126.5451458, 45.8606362], [126.5448465, 45.8602024], [126.5445693, 45.8598395], [126.5441979, 45.8593701], [126.5437527, 45.8588487], [126.5436724, 45.8587545], [126.5430982, 45.858146], [126.5413833, 45.8562422], [126.5411233, 45.855953], [126.5408127, 45.8556075], [126.5398987, 45.8545791], [126.5397992, 45.854461], [126.5377696, 45.8521998], [126.5371799, 45.8515417]]}}, {"type": "Feature", "properties": {"osmWayId": 242955595, "bridge": "yes", "highway": "trunk", "lanes": "5", "layer": "2", "name": "利民大道", "oneway": "yes", "ref": "G102;G202", "sourceMembership": "g102-tag"}, "geometry": {"type": "LineString", "coordinates": [[126.5328375, 45.846158], [126.5338879, 45.8473323], [126.5355035, 45.8491507]]}}, {"type": "Feature", "properties": {"osmWayId": 242957969, "highway": "trunk_link", "lanes": "2", "oneway": "yes", "ref": "G102", "sourceMembership": "g102-tag"}, "geometry": {"type": "LineString", "coordinates": [[126.5306854, 45.8403839], [126.5305279, 45.8405498], [126.5304454, 45.8406601], [126.530378, 45.8407854], [126.5303208, 45.8409199], [126.5302983, 45.8410365], [126.5302831, 45.841445], [126.5302802, 45.8417049], [126.5302786, 45.8419096], [126.5302879, 45.8420711], [126.5303316, 45.842329]]}}, {"type": "Feature", "properties": {"osmWayId": 242957970, "bridge": "yes", "highway": "trunk_link", "lanes": "2", "layer": "2", "name": "松北大道", "oneway": "yes", "ref": "G102", "sourceMembership": "g102-tag"}, "geometry": {"type": "LineString", "coordinates": [[126.5325415, 45.8462265], [126.5320227, 45.8457398], [126.5317645, 45.8454638], [126.5311324, 45.8447522], [126.5309582, 45.8445471], [126.5307789, 45.844331], [126.5306196, 45.8441134], [126.5304752, 45.8438917], [126.5303105, 45.8436206], [126.5301771, 45.8433469], [126.5300587, 45.8430711], [126.5298537, 45.8424313]]}}, {"type": "Feature", "properties": {"osmWayId": 243665195, "highway": "trunk", "lanes": "4", "name": "祥安南大街", "oneway": "yes", "ref": "G102", "sourceMembership": "g102-tag"}, "geometry": {"type": "LineString", "coordinates": [[126.5121382, 45.8040766], [126.5122363, 45.8039285], [126.5123078, 45.8038145], [126.5129845, 45.8027259], [126.5137842, 45.8014393], [126.5139742, 45.8011338], [126.5144242, 45.8004098]]}}, {"type": "Feature", "properties": {"osmWayId": 243665196, "highway": "trunk", "lanes": "3", "name": "祥安南大街", "oneway": "yes", "ref": "G102", "sourceMembership": "g102-tag"}, "geometry": {"type": "LineString", "coordinates": [[126.5123148, 45.8041311], [126.5121922, 45.8043188], [126.5110338, 45.8061559], [126.510837, 45.8065759], [126.5107005, 45.806924], [126.5105022, 45.8075082], [126.5104828, 45.8075875], [126.5103331, 45.8082836], [126.5102924, 45.8085267], [126.5102675, 45.8088109], [126.5102525, 45.8091998], [126.5102486, 45.8116856], [126.5102581, 45.8122979], [126.5102584, 45.8124509]]}}, {"type": "Feature", "properties": {"osmWayId": 244064124, "highway": "trunk", "name": "京抚线", "ref": "G102", "source": "GPS", "sourceMembership": "g102-tag"}, "geometry": {"type": "LineString", "coordinates": [[120.676608, 40.6025555], [120.6741335, 40.606398], [120.6732612, 40.6078499], [120.6699516, 40.6130849], [120.6694809, 40.6138295], [120.6678372, 40.6164293], [120.6677645, 40.616572], [120.6676663, 40.6167648], [120.6675816, 40.6169912], [120.6675013, 40.6173777], [120.6674571, 40.6175904], [120.667437, 40.6179348], [120.6675056, 40.6184241], [120.6676073, 40.6187692], [120.667798, 40.61919], [120.6679796, 40.6195224], [120.6691025, 40.6214895], [120.671176, 40.6251214], [120.6712325, 40.6252204], [120.6716287, 40.6259377], [120.6729088, 40.6281589], [120.6732111, 40.6286067], [120.6735269, 40.6290133], [120.673946, 40.6294001], [120.6744536, 40.6297681], [120.6750697, 40.6300815], [120.6758312, 40.6303713]]}}, {"type": "Feature", "properties": {"osmWayId": 244064125, "bridge": "yes", "highway": "trunk", "layer": "1", "name": "京抚线", "ref": "G102", "source": "GPS", "sourceMembership": "g102-tag"}, "geometry": {"type": "LineString", "coordinates": [[120.7037045, 40.6378689], [120.7019843, 40.6376039]]}}, {"type": "Feature", "properties": {"osmWayId": 244064129, "highway": "trunk", "name": "京抚线", "ref": "G102", "source": "GPS", "sourceMembership": "g102-tag"}, "geometry": {"type": "LineString", "coordinates": [[120.7019843, 40.6376039], [120.7013011, 40.637496], [120.7001537, 40.6373247], [120.697088, 40.636867], [120.69375, 40.6363369], [120.6931605, 40.6362461], [120.6917432, 40.6359783], [120.6906911, 40.6357232], [120.6893616, 40.6353347], [120.6845448, 40.6335809], [120.6834613, 40.6331863], [120.6795305, 40.6317284]]}}, {"type": "Feature", "properties": {"osmWayId": 244071369, "bridge": "yes", "highway": "trunk", "layer": "1", "name": "京抚线", "ref": "G102", "source": "GPS", "sourceMembership": "g102-tag"}, "geometry": {"type": "LineString", "coordinates": [[120.6770105, 40.6019044], [120.676608, 40.6025555]]}}, {"type": "Feature", "properties": {"osmWayId": 244071390, "highway": "trunk", "name": "京抚线", "ref": "G102", "source": "GPS", "sourceMembership": "g102-tag"}, "geometry": {"type": "LineString", "coordinates": [[120.6511635, 40.55652], [120.6517887, 40.5575624], [120.6520102, 40.5579019], [120.6523509, 40.558276], [120.6535101, 40.5593124], [120.6540353, 40.5597758], [120.6545288, 40.5601548], [120.6549682, 40.5604043], [120.6555159, 40.5606362], [120.6576756, 40.5614847], [120.6580643, 40.5617133], [120.6582161, 40.5619432], [120.6584806, 40.5623663], [120.6589812, 40.5637076], [120.6644471, 40.5795727], [120.6664795, 40.5854079], [120.666541, 40.5855854], [120.6681985, 40.5903671], [120.6684069, 40.5908513], [120.6686601, 40.5912322], [120.6689213, 40.5915218], [120.6693247, 40.5918725], [120.6774529, 40.5982174], [120.6776021, 40.5984509], [120.6776511, 40.5985276], [120.6777552, 40.5987524], [120.677849, 40.5990145], [120.6779089, 40.599233], [120.677944, 40.5994636], [120.6779553, 40.5997], [120.6779386, 40.6000165], [120.6778912, 40.6003224], [120.6777019, 40.6008081], [120.6770105, 40.6019044]]}}, {"type": "Feature", "properties": {"osmWayId": 244071451, "bridge": "yes", "highway": "trunk", "layer": "1", "name": "险桥", "oneway": "no", "ref": "G102", "source": "bing", "sourceMembership": "g102-tag"}, "geometry": {"type": "LineString", "coordinates": [[120.9177358, 40.8187804], [120.9174413, 40.8180223]]}}, {"type": "Feature", "properties": {"osmWayId": 247166246, "highway": "trunk", "lanes": "2", "name": "京抚线", "oneway": "yes", "ref": "G102", "sourceMembership": "g102-tag"}, "geometry": {"type": "LineString", "coordinates": [[117.6855316, 39.8959987], [117.6848334, 39.8960861], [117.6789637, 39.8971053], [117.6772817, 39.897428], [117.6727839, 39.8982908], [117.6717049, 39.8985515], [117.6705221, 39.8988373], [117.6689508, 39.8992168], [117.6675851, 39.8995466], [117.6654274, 39.900106], [117.6647012, 39.9002984], [117.6624775, 39.9008874], [117.6606999, 39.9013557], [117.659387, 39.9017015], [117.6592429, 39.901732], [117.6577472, 39.9020489]]}}, {"type": "Feature", "properties": {"osmWayId": 247168187, "highway": "trunk", "lanes": "2", "name": "伯雍西街", "name:en": "Boyong Street", "oneway": "yes", "ref": "G102", "sourceMembership": "g102-tag"}, "geometry": {"type": "LineString", "coordinates": [[117.6973325, 39.8998936], [117.6982114, 39.9000638], [117.6990772, 39.9001527], [117.6996506, 39.9001599], [117.7008288, 39.9001157], [117.7093179, 39.8997969], [117.7095808, 39.89979], [117.7096826, 39.8997752], [117.7099384, 39.8997741], [117.7125321, 39.899665], [117.7146173, 39.8995772], [117.714917, 39.8995646], [117.714991, 39.8995615], [117.71883, 39.8994058], [117.7189106, 39.8994034], [117.7216508, 39.8992943], [117.7244406, 39.8991769], [117.7245336, 39.899173], [117.7297173, 39.8989822], [117.7353733, 39.8987551], [117.7375755, 39.8986577], [117.7393307, 39.8985736], [117.7412879, 39.8984353]]}}, {"type": "Feature", "properties": {"osmWayId": 251520711, "bridge": "yes", "highway": "trunk", "layer": "1", "name": "东沙河桥", "ref": "G102", "source": "GPS", "sourceMembership": "g102-tag"}, "geometry": {"type": "LineString", "coordinates": [[120.5902747, 40.4865477], [120.5888995, 40.4853133]]}}, {"type": "Feature", "properties": {"osmWayId": 251520712, "highway": "trunk", "name": "京抚线", "ref": "G102", "sourceMembership": "g102-tag"}, "geometry": {"type": "LineString", "coordinates": [[120.5888995, 40.4853133], [120.5878223, 40.48424], [120.5868218, 40.4831408], [120.579751, 40.474864], [120.5789968, 40.4740499], [120.5787811, 40.473817], [120.5756123, 40.470604], [120.5735292, 40.4685247], [120.5721364, 40.4670794], [120.5707512, 40.4656454], [120.5660636, 40.4607926], [120.5644323, 40.4591232], [120.5634919, 40.45813], [120.55706, 40.4515117], [120.5565338, 40.4509549], [120.5559759, 40.4502054], [120.5552168, 40.4490377], [120.5550414, 40.4487678], [120.5533012, 40.4460465], [120.5519053, 40.4439232]]}}, {"type": "Feature", "properties": {"osmWayId": 264448493, "highway": "trunk", "name": "锦绣大街", "name:en": "Jiatong Expressway", "note": "not really sure its a road", "oneway": "yes", "ref": "G102;G221", "source": "Bing", "sourceMembership": "g102-tag"}, "geometry": {"type": "LineString", "coordinates": [[132.1469748, 47.2890934], [132.1380957, 47.2870881], [132.1311339, 47.2854863], [132.1264248, 47.2844154], [132.1254544, 47.2842063], [132.1246406, 47.2840717], [132.1240704, 47.2840104], [132.1239799, 47.284001], [132.1233981, 47.283957], [132.1214012, 47.2838635], [132.1205056, 47.2838172], [132.1198404, 47.2837559], [132.1190559, 47.2836817], [132.1182776, 47.2835883], [132.1173347, 47.2834331], [132.1160903, 47.2831887], [132.1137521, 47.2827286], [132.1054817, 47.2810903], [132.1044071, 47.2809312], [132.1034035, 47.2808156], [132.1007165, 47.2805688], [132.0951217, 47.2800674], [132.0938383, 47.2799319], [132.0933298, 47.2798559], [132.0927562, 47.2797688], [132.0925985, 47.2797402], [132.0923471, 47.2796896], [132.0920908, 47.2796336], [132.0917956, 47.2795619], [132.0913098, 47.2794284], [132.0907916, 47.2792784], [132.0898787, 47.2789701], [132.0889992, 47.2786208], [132.0881325, 47.2781975], [132.087527, 47.2778584], [132.0867041, 47.2773388], [132.0858387, 47.2766877], [132.085442, 47.2763025], [132.0848933, 47.2757655], [132.0844919, 47.2752782], [132.0841049, 47.274752], [132.0828254, 47.2728369], [132.0813215, 47.2705347], [132.0777589, 47.2651281], [132.0744543, 47.2600626]]}}, {"type": "Feature", "properties": {"osmWayId": 274645304, "bridge": "yes", "highway": "trunk", "lanes": "4", "layer": "1", "name": "京抚线", "oneway": "yes", "ref": "G102", "surface": "asphalt", "sourceMembership": "g102-tag"}, "geometry": {"type": "LineString", "coordinates": [[134.6577195, 48.2580553], [134.6579283, 48.2582344]]}}, {"type": "Feature", "properties": {"osmWayId": 274645305, "highway": "trunk", "lanes": "2", "name": "京抚线", "oneway": "yes", "ref": "G102", "surface": "asphalt", "sourceMembership": "g102-tag"}, "geometry": {"type": "LineString", "coordinates": [[134.6579283, 48.2582344], [134.6602003, 48.2602138], [134.6618708, 48.2616676], [134.6627038, 48.2624004], [134.6635563, 48.2631504], [134.664865, 48.2642687], [134.6668646, 48.2660098], [134.6691148, 48.2680026], [134.6701101, 48.2688416], [134.6722989, 48.2707861], [134.6745541, 48.2727374], [134.6756199, 48.2737202], [134.6761479, 48.2742267], [134.6766363, 48.2747355], [134.6772238, 48.2754068], [134.6778478, 48.2761574], [134.6779138, 48.2762619], [134.6782497, 48.2767544]]}}, {"type": "Feature", "properties": {"osmWayId": 274751465, "bridge": "yes", "highway": "trunk", "lanes": "2", "layer": "1", "name": "京抚线", "oneway": "yes", "ref": "G102", "surface": "asphalt", "sourceMembership": "g102-tag"}, "geometry": {"type": "LineString", "coordinates": [[134.7046449, 48.3297666], [134.7052619, 48.3307601]]}}, {"type": "Feature", "properties": {"osmWayId": 274751468, "highway": "trunk", "lanes": "2", "name": "京抚线", "oneway": "yes", "ref": "G102", "surface": "asphalt", "sourceMembership": "g102-tag"}, "geometry": {"type": "LineString", "coordinates": [[134.7052619, 48.3307601], [134.7068825, 48.3333629], [134.7072905, 48.33402], [134.7076565, 48.3346093], [134.7079336, 48.3350461]]}}, {"type": "Feature", "properties": {"osmWayId": 274751469, "bridge": "yes", "highway": "trunk", "lanes": "2", "layer": "1", "name": "京抚线", "oneway": "yes", "ref": "G102", "surface": "asphalt", "sourceMembership": "g102-tag"}, "geometry": {"type": "LineString", "coordinates": [[134.7079336, 48.3350461], [134.707988, 48.3351277]]}}, {"type": "Feature", "properties": {"osmWayId": 274751472, "highway": "trunk", "lanes": "2", "name": "京抚线", "oneway": "yes", "ref": "G102", "surface": "asphalt", "sourceMembership": "g102-tag"}, "geometry": {"type": "LineString", "coordinates": [[134.707988, 48.3351277], [134.7110262, 48.3400211], [134.7119108, 48.3414389]]}}, {"type": "Feature", "properties": {"osmWayId": 274751474, "highway": "trunk", "lanes": "2", "name": "京抚线", "oneway": "yes", "ref": "G102", "surface": "asphalt", "sourceMembership": "g102-tag"}, "geometry": {"type": "LineString", "coordinates": [[134.7119677, 48.3415244], [134.7137229, 48.3443491]]}}, {"type": "Feature", "properties": {"osmWayId": 274751475, "bridge": "yes", "highway": "trunk", "lanes": "2", "layer": "1", "name": "京抚线", "oneway": "yes", "ref": "G102", "surface": "asphalt", "sourceMembership": "g102-tag"}, "geometry": {"type": "LineString", "coordinates": [[134.7119108, 48.3414389], [134.7119677, 48.3415244]]}}, {"type": "Feature", "properties": {"osmWayId": 274751477, "highway": "trunk", "lanes": "2", "name": "京抚线", "oneway": "yes", "ref": "G102", "surface": "asphalt", "sourceMembership": "g102-tag"}, "geometry": {"type": "LineString", "coordinates": [[134.7137886, 48.3444538], [134.7142294, 48.3451575], [134.7143983, 48.3454271], [134.7149153, 48.3462524]]}}, {"type": "Feature", "properties": {"osmWayId": 274751478, "bridge": "yes", "highway": "trunk", "lanes": "2", "layer": "1", "name": "京抚线", "oneway": "yes", "ref": "G102", "surface": "asphalt", "sourceMembership": "g102-tag"}, "geometry": {"type": "LineString", "coordinates": [[134.7137229, 48.3443491], [134.7137886, 48.3444538]]}}, {"type": "Feature", "properties": {"osmWayId": 274751479, "highway": "trunk", "lanes": "2", "name": "京抚线", "oneway": "yes", "ref": "G102", "surface": "asphalt", "sourceMembership": "g102-tag"}, "geometry": {"type": "LineString", "coordinates": [[134.7150695, 48.3465061], [134.7163995, 48.3486483]]}}, {"type": "Feature", "properties": {"osmWayId": 274751480, "bridge": "yes", "highway": "trunk", "lanes": "2", "layer": "1", "name": "京抚线", "oneway": "yes", "ref": "G102", "surface": "asphalt", "sourceMembership": "g102-tag"}, "geometry": {"type": "LineString", "coordinates": [[134.7149153, 48.3462524], [134.7150695, 48.3465061]]}}, {"type": "Feature", "properties": {"osmWayId": 274751817, "highway": "trunk", "lanes": "2", "name": "京抚线", "oneway": "yes", "ref": "G102", "surface": "asphalt", "sourceMembership": "g102-tag"}, "geometry": {"type": "LineString", "coordinates": [[134.7165562, 48.3488901], [134.7178666, 48.3510007], [134.7185058, 48.3520312], [134.7193834, 48.3534513], [134.7198331, 48.3541589], [134.7202901, 48.3548908]]}}, {"type": "Feature", "properties": {"osmWayId": 274751819, "bridge": "yes", "highway": "trunk", "lanes": "2", "layer": "1", "name": "京抚线", "oneway": "yes", "ref": "G102", "surface": "asphalt", "sourceMembership": "g102-tag"}, "geometry": {"type": "LineString", "coordinates": [[134.7163995, 48.3486483], [134.7165562, 48.3488901]]}}, {"type": "Feature", "properties": {"osmWayId": 274751821, "highway": "trunk", "lanes": "2", "name": "京抚线", "oneway": "yes", "ref": "G102", "surface": "asphalt", "sourceMembership": "g102-tag"}, "geometry": {"type": "LineString", "coordinates": [[134.7203488, 48.3549803], [134.7214065, 48.3566753], [134.7235712, 48.3601565], [134.7246762, 48.3619705], [134.7248817, 48.3622833]]}}, {"type": "Feature", "properties": {"osmWayId": 274751823, "bridge": "yes", "highway": "trunk", "lanes": "2", "layer": "1", "name": "京抚线", "oneway": "yes", "ref": "G102", "surface": "asphalt", "sourceMembership": "g102-tag"}, "geometry": {"type": "LineString", "coordinates": [[134.7202901, 48.3548908], [134.7203488, 48.3549803]]}}, {"type": "Feature", "properties": {"osmWayId": 274751825, "highway": "trunk", "lanes": "2", "name": "京抚线", "oneway": "yes", "ref": "G102", "surface": "asphalt", "sourceMembership": "g102-tag"}, "geometry": {"type": "LineString", "coordinates": [[134.7250264, 48.3625185], [134.7255151, 48.3632554]]}}, {"type": "Feature", "properties": {"osmWayId": 274751827, "bridge": "yes", "highway": "trunk", "lanes": "2", "layer": "1", "name": "京抚线", "oneway": "yes", "ref": "G102", "surface": "asphalt", "sourceMembership": "g102-tag"}, "geometry": {"type": "LineString", "coordinates": [[134.7248817, 48.3622833], [134.7250264, 48.3625185]]}}, {"type": "Feature", "properties": {"osmWayId": 274752755, "bridge": "yes", "highway": "trunk", "lanes": "2", "layer": "1", "name": "京抚线", "oneway": "yes", "ref": "G102", "surface": "asphalt", "sourceMembership": "g102-tag"}, "geometry": {"type": "LineString", "coordinates": [[134.7003864, 48.32291], [134.7004422, 48.3229955]]}}, {"type": "Feature", "properties": {"osmWayId": 274752756, "highway": "trunk", "lanes": "2", "name": "京抚线", "oneway": "yes", "ref": "G102", "surface": "asphalt", "sourceMembership": "g102-tag"}, "geometry": {"type": "LineString", "coordinates": [[134.7004422, 48.3229955], [134.7021106, 48.3257009], [134.7028769, 48.3269257], [134.703752, 48.3283301], [134.7046449, 48.3297666]]}}, {"type": "Feature", "properties": {"osmWayId": 274752765, "highway": "trunk", "lanes": "2", "name": "京抚线", "oneway": "yes", "ref": "G102", "surface": "asphalt", "sourceMembership": "g102-tag"}, "geometry": {"type": "LineString", "coordinates": [[134.6941436, 48.3128618], [134.6949087, 48.3140955], [134.6954615, 48.3150027], [134.6964282, 48.3165398], [134.6979235, 48.3189577], [134.6987237, 48.3202356], [134.6987582, 48.320292], [134.7003864, 48.32291]]}}, {"type": "Feature", "properties": {"osmWayId": 274752766, "bridge": "yes", "highway": "trunk", "lanes": "2", "layer": "1", "name": "京抚线", "oneway": "yes", "ref": "G102", "surface": "asphalt", "sourceMembership": "g102-tag"}, "geometry": {"type": "LineString", "coordinates": [[134.694089, 48.3127796], [134.6941436, 48.3128618]]}}, {"type": "Feature", "properties": {"osmWayId": 274753181, "highway": "trunk", "lanes": "2", "name": "京抚线", "oneway": "yes", "ref": "G102", "surface": "asphalt", "sourceMembership": "g102-tag"}, "geometry": {"type": "LineString", "coordinates": [[134.6919892, 48.309955], [134.6918221, 48.3096208], [134.6916813, 48.3093868]]}}, {"type": "Feature", "properties": {"osmWayId": 274754308, "bridge": "yes", "highway": "trunk", "lanes": "2", "layer": "1", "name": "京抚线", "oneway": "yes", "ref": "G102", "surface": "asphalt", "sourceMembership": "g102-tag"}, "geometry": {"type": "LineString", "coordinates": [[134.6860013, 48.3001496], [134.6853899, 48.2991455]]}}, {"type": "Feature", "properties": {"osmWayId": 274754313, "highway": "trunk", "lanes": "2", "name": "京抚线", "oneway": "yes", "ref": "G102", "surface": "asphalt", "sourceMembership": "g102-tag"}, "geometry": {"type": "LineString", "coordinates": [[134.6853899, 48.2991455], [134.6851013, 48.2986216], [134.6848817, 48.298203], [134.6846338, 48.2976783], [134.6844142, 48.2971814], [134.6841835, 48.2966087], [134.6840107, 48.2961367], [134.6838263, 48.2955509], [134.6837413, 48.2952451], [134.6836535, 48.2949237], [134.6835035, 48.2943584], [134.6834022, 48.2940051], [134.6833304, 48.2936486], [134.6832442, 48.2932693], [134.6831825, 48.2929947]]}}, {"type": "Feature", "properties": {"osmWayId": 274755836, "bridge": "yes", "highway": "trunk", "lanes": "2", "layer": "1", "name": "京抚线", "oneway": "yes", "ref": "G102", "surface": "asphalt", "sourceMembership": "g102-tag"}, "geometry": {"type": "LineString", "coordinates": [[134.6831825, 48.2929947], [134.6810659, 48.2833859], [134.6809488, 48.2828364], [134.6808071, 48.2823218], [134.6807239, 48.2820286], [134.6806561, 48.2818092], [134.6804805, 48.28127], [134.680311, 48.2808292], [134.6800614, 48.2802223], [134.6798704, 48.2797999], [134.6796455, 48.2793201], [134.6793713, 48.2787911]]}}, {"type": "Feature", "properties": {"osmWayId": 274759189, "highway": "trunk", "lanes": "2", "name": "京抚线", "oneway": "yes", "ref": "G102", "surface": "asphalt", "sourceMembership": "g102-tag"}, "geometry": {"type": "LineString", "coordinates": [[134.7252129, 48.3633443], [134.7247264, 48.3625989]]}}, {"type": "Feature", "properties": {"osmWayId": 274759273, "highway": "trunk", "lanes": "2", "name": "京抚线", "oneway": "yes", "ref": "G102", "surface": "asphalt", "sourceMembership": "g102-tag"}, "geometry": {"type": "LineString", "coordinates": [[134.6938041, 48.3128626], [134.693139, 48.3117728], [134.6924128, 48.3106215], [134.6919892, 48.309955]]}}, {"type": "Feature", "properties": {"osmWayId": 274759274, "bridge": "yes", "highway": "trunk", "lanes": "2", "layer": "1", "name": "京抚线", "oneway": "yes", "ref": "G102", "surface": "asphalt", "sourceMembership": "g102-tag"}, "geometry": {"type": "LineString", "coordinates": [[134.6938542, 48.3129415], [134.6938041, 48.3128626]]}}, {"type": "Feature", "properties": {"osmWayId": 274759275, "highway": "trunk", "lanes": "2", "name": "京抚线", "oneway": "yes", "ref": "G102", "surface": "asphalt", "sourceMembership": "g102-tag"}, "geometry": {"type": "LineString", "coordinates": [[134.7001079, 48.3229893], [134.6993314, 48.3217506], [134.6987223, 48.3207668], [134.6984717, 48.3203665], [134.6982247, 48.3199718], [134.6976599, 48.3190481], [134.6967287, 48.3175641], [134.6958794, 48.3161956], [134.6952518, 48.315204], [134.6947062, 48.3143038], [134.6938542, 48.3129415]]}}, {"type": "Feature", "properties": {"osmWayId": 274759276, "bridge": "yes", "highway": "trunk", "lanes": "2", "layer": "1", "name": "京抚线", "oneway": "yes", "ref": "G102", "surface": "asphalt", "sourceMembership": "g102-tag"}, "geometry": {"type": "LineString", "coordinates": [[134.7001589, 48.3230715], [134.7001079, 48.3229893]]}}, {"type": "Feature", "properties": {"osmWayId": 274759277, "highway": "trunk", "lanes": "2", "name": "京抚线", "oneway": "yes", "ref": "G102", "surface": "asphalt", "sourceMembership": "g102-tag"}, "geometry": {"type": "LineString", "coordinates": [[134.7041998, 48.3295948], [134.7034009, 48.3282823], [134.7025626, 48.3269428], [134.7017503, 48.325631], [134.7008873, 48.3242578], [134.7001589, 48.3230715]]}}, {"type": "Feature", "properties": {"osmWayId": 274759278, "bridge": "yes", "highway": "trunk", "lanes": "2", "layer": "1", "name": "京抚线", "oneway": "yes", "ref": "G102", "surface": "asphalt", "sourceMembership": "g102-tag"}, "geometry": {"type": "LineString", "coordinates": [[134.7048278, 48.3305962], [134.7041998, 48.3295948]]}}, {"type": "Feature", "properties": {"osmWayId": 274759279, "highway": "trunk", "lanes": "2", "name": "京抚线", "oneway": "yes", "ref": "G102", "surface": "asphalt", "sourceMembership": "g102-tag"}, "geometry": {"type": "LineString", "coordinates": [[134.7076456, 48.3351188], [134.7069359, 48.3340035], [134.7057976, 48.3321883], [134.7048278, 48.3305962]]}}, {"type": "Feature", "properties": {"osmWayId": 274759280, "bridge": "yes", "highway": "trunk", "lanes": "2", "layer": "1", "name": "京抚线", "oneway": "yes", "ref": "G102", "surface": "asphalt", "sourceMembership": "g102-tag"}, "geometry": {"type": "LineString", "coordinates": [[134.7076982, 48.3352049], [134.7076456, 48.3351188]]}}, {"type": "Feature", "properties": {"osmWayId": 274759281, "highway": "trunk", "lanes": "2", "name": "京抚线", "oneway": "yes", "ref": "G102", "surface": "asphalt", "sourceMembership": "g102-tag"}, "geometry": {"type": "LineString", "coordinates": [[134.7116268, 48.3415149], [134.7104294, 48.3395864], [134.7098226, 48.3386109], [134.7092464, 48.337684], [134.7088316, 48.3370314], [134.7083294, 48.3362197], [134.7076982, 48.3352049]]}}, {"type": "Feature", "properties": {"osmWayId": 274759282, "bridge": "yes", "highway": "trunk", "lanes": "2", "layer": "1", "name": "京抚线", "oneway": "yes", "ref": "G102", "surface": "asphalt", "sourceMembership": "g102-tag"}, "geometry": {"type": "LineString", "coordinates": [[134.7116783, 48.3415981], [134.7116268, 48.3415149]]}}, {"type": "Feature", "properties": {"osmWayId": 274759283, "highway": "trunk", "lanes": "2", "name": "京抚线", "oneway": "yes", "ref": "G102", "surface": "asphalt", "sourceMembership": "g102-tag"}, "geometry": {"type": "LineString", "coordinates": [[134.7134318, 48.344423], [134.7127767, 48.3433664], [134.7123764, 48.342724], [134.7116783, 48.3415981]]}}, {"type": "Feature", "properties": {"osmWayId": 274759284, "bridge": "yes", "highway": "trunk", "lanes": "2", "layer": "1", "name": "京抚线", "oneway": "yes", "ref": "G102", "surface": "asphalt", "sourceMembership": "g102-tag"}, "geometry": {"type": "LineString", "coordinates": [[134.7134967, 48.3445221], [134.7134318, 48.344423]]}}, {"type": "Feature", "properties": {"osmWayId": 274759285, "highway": "trunk", "lanes": "2", "name": "京抚线", "oneway": "yes", "ref": "G102", "surface": "asphalt", "sourceMembership": "g102-tag"}, "geometry": {"type": "LineString", "coordinates": [[134.7146209, 48.346328], [134.7141079, 48.3455038], [134.7139396, 48.3452336], [134.7134967, 48.3445221]]}}, {"type": "Feature", "properties": {"osmWayId": 274759287, "highway": "trunk", "lanes": "2", "name": "京抚线", "oneway": "yes", "ref": "G102", "surface": "asphalt", "sourceMembership": "g102-tag"}, "geometry": {"type": "LineString", "coordinates": [[134.7161181, 48.348726], [134.7153432, 48.3474791], [134.7147772, 48.3465844]]}}, {"type": "Feature", "properties": {"osmWayId": 274759288, "bridge": "yes", "highway": "trunk", "lanes": "2", "layer": "1", "name": "京抚线", "oneway": "yes", "ref": "G102", "surface": "asphalt", "sourceMembership": "g102-tag"}, "geometry": {"type": "LineString", "coordinates": [[134.716269, 48.3489669], [134.7161181, 48.348726]]}}, {"type": "Feature", "properties": {"osmWayId": 274759289, "highway": "trunk", "lanes": "2", "name": "京抚线", "oneway": "yes", "ref": "G102", "surface": "asphalt", "sourceMembership": "g102-tag"}, "geometry": {"type": "LineString", "coordinates": [[134.7200075, 48.35498], [134.7194673, 48.3541155], [134.7189221, 48.3532309], [134.7182834, 48.3522079], [134.7175341, 48.3509918], [134.7169182, 48.3500114], [134.716269, 48.3489669]]}}, {"type": "Feature", "properties": {"osmWayId": 274759290, "bridge": "yes", "highway": "trunk", "lanes": "2", "layer": "1", "name": "京抚线", "oneway": "yes", "ref": "G102", "surface": "asphalt", "sourceMembership": "g102-tag"}, "geometry": {"type": "LineString", "coordinates": [[134.7200616, 48.3550563], [134.7200075, 48.35498]]}}, {"type": "Feature", "properties": {"osmWayId": 274759291, "highway": "trunk", "lanes": "2", "name": "京抚线", "oneway": "yes", "ref": "G102", "surface": "asphalt", "sourceMembership": "g102-tag"}, "geometry": {"type": "LineString", "coordinates": [[134.7245848, 48.3623709], [134.7243899, 48.3620546], [134.7242223, 48.361794], [134.7233071, 48.3602794], [134.7227623, 48.3594153], [134.7224331, 48.358879], [134.7220399, 48.3582537], [134.7214878, 48.3573606], [134.7211184, 48.3567478], [134.7208402, 48.3563142], [134.7200616, 48.3550563]]}}, {"type": "Feature", "properties": {"osmWayId": 274759292, "bridge": "yes", "highway": "trunk", "lanes": "2", "layer": "1", "name": "京抚线", "oneway": "yes", "ref": "G102", "surface": "asphalt", "sourceMembership": "g102-tag"}, "geometry": {"type": "LineString", "coordinates": [[134.7247264, 48.3625989], [134.7245848, 48.3623709]]}}, {"type": "Feature", "properties": {"osmWayId": 275731336, "embankment": "yes", "highway": "trunk", "lanes": "2", "name": "京抚线", "oneway": "yes", "ref": "G102", "surface": "asphalt", "sourceMembership": "g102-tag"}, "geometry": {"type": "LineString", "coordinates": [[134.6793713, 48.2787911], [134.6786006, 48.2774999]]}}, {"type": "Feature", "properties": {"osmWayId": 275731337, "bridge": "yes", "highway": "trunk", "lanes": "2", "layer": "1", "name": "京抚线", "oneway": "yes", "ref": "G102", "surface": "asphalt", "sourceMembership": "g102-tag"}, "geometry": {"type": "LineString", "coordinates": [[134.6786006, 48.2774999], [134.6781013, 48.2768168]]}}, {"type": "Feature", "properties": {"osmWayId": 275731463, "highway": "trunk", "lanes": "2", "name": "京抚线", "oneway": "yes", "ref": "G102", "surface": "asphalt", "sourceMembership": "g102-tag"}, "geometry": {"type": "LineString", "coordinates": [[134.6781013, 48.2768168], [134.6776803, 48.2762118], [134.6770825, 48.2754363], [134.6763422, 48.2746044], [134.6762461, 48.2745061], [134.6755536, 48.2737975], [134.6746958, 48.2730047], [134.6743725, 48.2727274], [134.6737254, 48.2721722], [134.6728392, 48.271366], [134.6713503, 48.2700855], [134.6701033, 48.2689879], [134.6688607, 48.2679277], [134.6675123, 48.2667312], [134.6663483, 48.2657206], [134.6653344, 48.264835], [134.6643808, 48.2640172], [134.6634311, 48.2631957], [134.6625127, 48.262378], [134.6613593, 48.2613781], [134.6602221, 48.2603889], [134.6600891, 48.260267], [134.6586181, 48.2589746], [134.6577813, 48.2582674]]}}, {"type": "Feature", "properties": {"osmWayId": 275731464, "bridge": "yes", "highway": "trunk", "lanes": "2", "layer": "1", "name": "京抚线", "oneway": "yes", "ref": "G102", "surface": "asphalt", "sourceMembership": "g102-tag"}, "geometry": {"type": "LineString", "coordinates": [[134.6577813, 48.2582674], [134.6575989, 48.2580996]]}}, {"type": "Feature", "properties": {"osmWayId": 275731465, "highway": "trunk", "lanes": "2", "name": "京抚线", "oneway": "yes", "ref": "G102", "surface": "asphalt", "sourceMembership": "g102-tag"}, "geometry": {"type": "LineString", "coordinates": [[134.6575989, 48.2580996], [134.6563382, 48.2570067], [134.6561626, 48.2568607], [134.6557692, 48.2565336]]}}, {"type": "Feature", "properties": {"osmWayId": 276563021, "bridge": "yes", "highway": "trunk", "lanes": "3", "layer": "3", "name": "白山路", "oneway": "yes", "ref": "G102", "source": "yahoo imagery", "sourceMembership": "g102-tag"}, "geometry": {"type": "LineString", "coordinates": [[123.4139487, 41.8587328], [123.4141994, 41.8588477], [123.4145106, 41.8589676], [123.4150797, 41.8591018], [123.4154603, 41.8591992]]}}, {"type": "Feature", "properties": {"osmWayId": 276563022, "highway": "trunk", "lanes": "3", "name": "观泉路", "oneway": "yes", "ref": "G102", "surface": "asphalt", "sourceMembership": "g102-tag"}, "geometry": {"type": "LineString", "coordinates": [[123.4688217, 41.8481354], [123.4677132, 41.8484519], [123.4669537, 41.8486688], [123.4663505, 41.8488297], [123.4661029, 41.848907]]}}, {"type": "Feature", "properties": {"osmWayId": 276563023, "highway": "trunk", "lanes": "4", "name": "金山路", "oneway": "yes", "ref": "G102", "sourceMembership": "g102-tag"}, "geometry": {"type": "LineString", "coordinates": [[123.466808, 41.8485496], [123.4675757, 41.848332], [123.4723995, 41.8469651], [123.4729806, 41.8468004]]}}, {"type": "Feature", "properties": {"osmWayId": 276563024, "bridge": "yes", "highway": "trunk", "lanes": "2", "layer": "3", "name": "白山路", "oneway": "yes", "ref": "G102", "source": "yahoo imagery", "sourceMembership": "g102-tag"}, "geometry": {"type": "LineString", "coordinates": [[123.4104459, 41.8576012], [123.4113766, 41.857652], [123.4120204, 41.8577639], [123.4126105, 41.8579237], [123.4129231, 41.858078], [123.4130709, 41.8581747], [123.4132756, 41.8583349], [123.4138225, 41.8586607], [123.4139487, 41.8587328]]}}, {"type": "Feature", "properties": {"osmWayId": 276564041, "bridge": "yes", "highway": "trunk", "layer": "1", "name": "西北二环快速路", "oneway": "yes", "ref": "G102", "source": "yahoo imagery", "sourceMembership": "g102-tag"}, "geometry": {"type": "LineString", "coordinates": [[123.4010499, 41.8572912], [123.3946108, 41.8570112], [123.3925251, 41.8569392], [123.38597, 41.8567452], [123.3846495, 41.8567252]]}}, {"type": "Feature", "properties": {"osmWayId": 276564044, "bridge": "yes", "highway": "trunk", "lanes": "4", "layer": "1", "name": "西北二环快速路", "oneway": "yes", "ref": "G102", "source": "yahoo imagery", "sourceMembership": "g102-tag"}, "geometry": {"type": "LineString", "coordinates": [[123.4010632, 41.857201], [123.4037814, 41.8573331]]}}, {"type": "Feature", "properties": {"osmWayId": 276970802, "bridge": "yes", "highway": "trunk", "name": "京抚线;丹阿线", "ref": "G102;G331", "source": "Bing", "sourceMembership": "g102-tag"}, "geometry": {"type": "LineString", "coordinates": [[134.2239586, 48.1335724], [134.2241467, 48.1337713]]}}, {"type": "Feature", "properties": {"osmWayId": 276970803, "highway": "trunk", "name": "京抚线;丹阿线", "ref": "G102;G331", "source": "Bing", "sourceMembership": "g102-tag"}, "geometry": {"type": "LineString", "coordinates": [[134.2241467, 48.1337713], [134.2252662, 48.1349375], [134.2270689, 48.136633], [134.2292544, 48.1383844], [134.23144, 48.1399115], [134.2337843, 48.141345], [134.2491935, 48.1497619], [134.2509839, 48.1507398]]}}, {"type": "Feature", "properties": {"osmWayId": 276971058, "highway": "trunk", "name": "京抚线", "ref": "G102", "source": "Bing", "sourceMembership": "g102-tag"}, "geometry": {"type": "LineString", "coordinates": [[134.2941413, 48.1945324], [134.2942481, 48.1946656], [134.2964368, 48.1971943], [134.3016492, 48.203181], [134.3033232, 48.2048822], [134.3050799, 48.206535], [134.3083491, 48.2092511], [134.3200549, 48.2176306], [134.3209921, 48.2183977], [134.321234, 48.2185957], [134.3223944, 48.2196374], [134.3240805, 48.2213488], [134.3257313, 48.2234875], [134.3268071, 48.2252452], [134.3275579, 48.2267984], [134.3281225, 48.2283485], [134.3287039, 48.2305452], [134.3289146, 48.2329757], [134.3287816, 48.2348886], [134.3285326, 48.2364852], [134.3280936, 48.237961], [134.3273249, 48.2403544], [134.326603, 48.2426023], [134.3255689, 48.2458017], [134.3248851, 48.2472653], [134.3239487, 48.2486525], [134.3227896, 48.2500295], [134.3213585, 48.251274], [134.3197073, 48.2523714], [134.3181793, 48.2532572], [134.3137055, 48.2556798], [134.3101086, 48.2576275], [134.3093206, 48.2580521], [134.3091904, 48.2581222], [134.3085404, 48.2584721], [134.3062183, 48.2597224], [134.2991456, 48.2635301], [134.297405, 48.264611], [134.2956968, 48.2658797], [134.2940438, 48.2672972], [134.2924949, 48.2689032], [134.2892441, 48.2727584], [134.2873, 48.2750318], [134.2867392, 48.2758027], [134.2863157, 48.2766295], [134.2862846, 48.2768048], [134.2861251, 48.2777048], [134.2859546, 48.2786667], [134.285945, 48.2787206], [134.2859252, 48.2788084], [134.285789, 48.2794136], [134.2857283, 48.2796834], [134.2856826, 48.2798863], [134.2856351, 48.2800001], [134.2852833, 48.280843], [134.284989, 48.2813518], [134.2847553, 48.2817558], [134.2841571, 48.2826318], [134.2838726, 48.2830354], [134.2835132, 48.2835287], [134.283296, 48.2838177], [134.2831205, 48.2840361], [134.282847, 48.2843764], [134.2812827, 48.2859995], [134.2805419, 48.2867682], [134.2793088, 48.2880475], [134.2787619, 48.288615], [134.2774259, 48.2900011], [134.2760993, 48.2915175], [134.2750246, 48.2931035], [134.2743305, 48.2942342], [134.2737332, 48.295414], [134.2731313, 48.2969553], [134.2729849, 48.29733], [134.2726717, 48.2981394], [134.2716082, 48.3008875], [134.2709158, 48.3026768], [134.2706, 48.3038425], [134.2703776, 48.3047789], [134.2703589, 48.3052034], [134.270283, 48.3065421], [134.2702453, 48.3093488], [134.2703165, 48.3123176], [134.2702706, 48.3131085], [134.2702952, 48.3151829], [134.2703279, 48.3156413], [134.2704093, 48.3161954], [134.2705356, 48.3166342], [134.2707439, 48.3172326], [134.27094, 48.3176934], [134.2712752, 48.3182749], [134.2717248, 48.3189602], [134.2721331, 48.3194564], [134.2725544, 48.319875], [134.27317, 48.3204596], [134.2737105, 48.3208839], [134.2748045, 48.3216553], [134.2760707, 48.3225001], [134.2831502, 48.3272401], [134.2902075, 48.3319456]]}}, {"type": "Feature", "properties": {"osmWayId": 276971059, "bridge": "yes", "highway": "trunk", "layer": "1", "name": "京抚线;丹阿线", "ref": "G102;G331", "source": "Bing", "sourceMembership": "g102-tag"}, "geometry": {"type": "LineString", "coordinates": [[134.2509839, 48.1507398], [134.2515019, 48.1510181]]}}, {"type": "Feature", "properties": {"osmWayId": 283880052, "highway": "trunk", "name": "振兴大街", "oneway": "yes", "ref": "G102", "source": "digitalGlobe", "sourceMembership": "g102-tag"}, "geometry": {"type": "LineString", "coordinates": [[128.0587701, 45.9507561], [128.0583958, 45.9507365], [128.0580977, 45.9507073], [128.0577724, 45.9506695], [128.0571215, 45.9505783], [128.0565827, 45.9504854], [128.0558677, 45.9503788], [128.0520739, 45.9498638], [128.0509427, 45.9497161], [128.0504986, 45.9496861], [128.0502268, 45.9496899], [128.0499484, 45.9496985], [128.0497057, 45.9497215], [128.0494164, 45.9497534], [128.0479171, 45.9499543], [128.0478351, 45.9499657], [128.0455589, 45.9502507], [128.0415288, 45.9507766], [128.0380372, 45.9512358], [128.0375751, 45.9512925], [128.035102, 45.9516205], [128.0348769, 45.9516467], [128.03469, 45.9516663], [128.0301929, 45.9522517], [128.0279393, 45.9525509], [128.0272025, 45.9526474], [128.0266946, 45.9527192], [128.0263659, 45.9527755], [128.0261124, 45.9528302], [128.0259442, 45.9528791], [128.0257441, 45.9529439], [128.025571, 45.9530126], [128.0254131, 45.9530873], [128.0251224, 45.9532423], [128.0234952, 45.9542089], [128.022551, 45.9547833], [128.0209462, 45.955744], [128.0201593, 45.9562045], [128.0190779, 45.9568373]]}}, {"type": "Feature", "properties": {"osmWayId": 283880055, "highway": "trunk", "name": "京抚线", "ref": "G102", "source": "GPS", "sourceMembership": "g102-tag"}, "geometry": {"type": "LineString", "coordinates": [[128.439098, 46.0091818], [128.4457343, 46.0094317], [128.4556746, 46.0098065], [128.458828, 46.0099194], [128.4659557, 46.0101747], [128.4679154, 46.0102865], [128.4691366, 46.0104903], [128.4705662, 46.0108059], [128.4720051, 46.0112464], [128.4759058, 46.012572], [128.4773256, 46.0130545], [128.4791243, 46.0135871], [128.4818792, 46.014284], [128.4898503, 46.016276], [128.4915071, 46.0166113], [128.4935235, 46.0169006], [128.4959944, 46.0171438], [128.4993403, 46.0174287], [128.5210143, 46.0192744], [128.5214354, 46.0192959], [128.5272435, 46.0195918], [128.5390858, 46.0192032], [128.5398829, 46.0191771], [128.543031, 46.0190738]]}}, {"type": "Feature", "properties": {"osmWayId": 283880058, "highway": "trunk", "lanes": "2", "lanes:backward": "1", "name": "京抚线", "ref": "G102", "source": "GPS;yahoo imagery", "sourceMembership": "g102-tag"}, "geometry": {"type": "LineString", "coordinates": [[126.6532061, 45.9770626], [126.653875, 45.9770684], [126.6541352, 45.9770749], [126.6542621, 45.9770781], [126.6543686, 45.9770785], [126.6557726, 45.9770834], [126.6566903, 45.9770884], [126.6605544, 45.9771418], [126.6611355, 45.9771648], [126.6612359, 45.9771688], [126.6623719, 45.9772137], [126.663875, 45.9773375], [126.6652384, 45.9774787], [126.6660382, 45.9775797], [126.6679411, 45.9778725], [126.6732871, 45.9788132], [126.6754377, 45.9791917], [126.6762288, 45.9793488], [126.6770606, 45.9795624], [126.6775055, 45.9797018], [126.6779667, 45.9798693], [126.6785609, 45.9801153], [126.6790047, 45.9803245], [126.679445, 45.9805556], [126.6797868, 45.9807428], [126.679826, 45.980768], [126.6802368, 45.9810325], [126.6803517, 45.9811122], [126.6806474, 45.9813248], [126.6807673, 45.981411], [126.6810842, 45.9816745], [126.6814493, 45.9820155], [126.6817494, 45.982331], [126.6824896, 45.9832526], [126.6837235, 45.9851462], [126.6868778, 45.9900065], [126.6895062, 45.9940391], [126.6922529, 45.9983024], [126.6936798, 46.0009408], [126.6942914, 46.0028039], [126.6945473, 46.0037275], [126.6948064, 46.0050769], [126.6950209, 46.0075733], [126.6955359, 46.0151439], [126.6956388, 46.0187493], [126.6959538, 46.0200335], [126.6965084, 46.0210776], [126.6973461, 46.0220729], [126.6988912, 46.0232104], [126.7009389, 46.0241282], [126.7200063, 46.0301226], [126.7225529, 46.0309468], [126.7272333, 46.0328556], [126.7309378, 46.0347683], [126.7340094, 46.036668], [126.7395587, 46.0406924], [126.7418464, 46.0423312], [126.7438407, 46.0437598], [126.7476523, 46.04649], [126.7611951, 46.0562875], [126.7735005, 46.0651884], [126.7818154, 46.071202], [126.8033811, 46.0867959], [126.8047846, 46.0875996], [126.8062524, 46.0881801], [126.8079391, 46.0885194], [126.8099219, 46.0886623], [126.8119562, 46.0886444], [126.8164164, 46.0885984], [126.8313805, 46.088331], [126.8666492, 46.0874404], [126.8676662, 46.0875223], [126.8776292, 46.0897135], [126.8818563, 46.0907292], [126.8837339, 46.091051], [126.8850964, 46.0911794], [126.8868709, 46.0911857], [126.8884364, 46.0909607], [126.8898936, 46.0907831], [126.8926001, 46.0903326], [126.8988186, 46.0893839], [126.9133133, 46.0871464], [126.9271748, 46.0850533], [126.9309407, 46.0847046], [126.9346637, 46.0845345], [126.93989, 46.0846416], [126.9404881, 46.0846742], [126.9449109, 46.0850649], [126.9546286, 46.086397], [126.9600051, 46.0871464], [126.9642679, 46.0879311], [126.9677956, 46.0887668], [126.9723634, 46.0902473], [126.9739597, 46.0909024], [126.9772171, 46.0922392], [126.9846508, 46.0954982], [126.9954882, 46.099838], [127.0044288, 46.1035269], [127.0079032, 46.1049996], [127.0106208, 46.1054999], [127.0133384, 46.1058217], [127.0316348, 46.107589], [127.0555753, 46.1098685], [127.0624336, 46.1105215], [127.0677128, 46.1110242], [127.0728601, 46.1115922], [127.0779539, 46.1124318], [127.083208, 46.1136295], [127.0876429, 46.1149259], [127.0915078, 46.1162963], [127.0950521, 46.1177408], [127.0988101, 46.1195556], [127.1028887, 46.1218148], [127.1164446, 46.1302997], [127.1180895, 46.1313292], [127.121635, 46.1334431], [127.1230853, 46.1343522]]}}, {"type": "Feature", "properties": {"osmWayId": 293246863, "highway": "trunk", "lanes": "2", "name": "迎宾路", "oneway": "yes", "ref": "G102", "surface": "asphalt", "sourceMembership": "g102-tag"}, "geometry": {"type": "LineString", "coordinates": [[122.3618156, 41.3599088], [122.3618488, 41.3599999], [122.3621567, 41.3607183], [122.3631034, 41.3628344], [122.3652673, 41.3677083], [122.366284, 41.3699911], [122.3664756, 41.3703726], [122.3666749, 41.3707452], [122.3670618, 41.3715171], [122.3677328, 41.372771], [122.3681031, 41.3734485], [122.3681088, 41.3734589], [122.3690136, 41.3751251], [122.3697158, 41.3764086], [122.3714288, 41.3796126], [122.3741785, 41.3846991], [122.3785651, 41.3928432], [122.3808475, 41.3970565], [122.3833477, 41.4016975], [122.3858268, 41.4062876], [122.3858719, 41.4063597]]}}, {"type": "Feature", "properties": {"osmWayId": 295527755, "alt_name:ru": "Годао 102", "highway": "trunk", "name": "京抚线", "name:ru": "Пекин — Харбин", "note": "trunk road superceded by G1", "ref": "G102", "surface": "asphalt", "sourceMembership": "g102-tag"}, "geometry": {"type": "LineString", "coordinates": [[126.172856, 45.143998], [126.1719075, 45.1454113], [126.1714454, 45.1460614], [126.1710173, 45.1469653], [126.1707911, 45.1480059], [126.1707813, 45.1490048], [126.1710272, 45.1499136], [126.1713454, 45.1507648], [126.1755042, 45.1577453], [126.1789933, 45.1635108], [126.1794824, 45.164479], [126.1797327, 45.1655284], [126.179824, 45.1664937], [126.1797218, 45.168324], [126.1796972, 45.1687647], [126.1796106, 45.1704847], [126.1795864, 45.1709655], [126.1795534, 45.17136], [126.1795503, 45.1713969], [126.1795263, 45.1717234], [126.1794901, 45.1722174], [126.1794842, 45.1722975], [126.179457, 45.172704], [126.1794462, 45.172856], [126.1793556, 45.1740274], [126.179186, 45.176736], [126.1791747, 45.1770359], [126.1791584, 45.1774654], [126.1791472, 45.1776846], [126.1791423, 45.1777792], [126.1791552, 45.1782111], [126.1791615, 45.17842], [126.1792189, 45.1789917], [126.1793021, 45.179872], [126.1793822, 45.1807332], [126.179667, 45.1818823], [126.1799319, 45.1829288], [126.1801951, 45.1837665], [126.1822964, 45.1893361], [126.1839295, 45.1939247], [126.1839727, 45.194046]]}}, {"type": "Feature", "properties": {"osmWayId": 299881046, "highway": "trunk", "name": "京抚线", "ref": "G102", "sourceMembership": "g102-tag"}, "geometry": {"type": "LineString", "coordinates": [[134.2902075, 48.3319456], [134.2915805, 48.3328063], [134.2937723, 48.3342979], [134.295932, 48.3358182], [134.2984948, 48.337541], [134.3006761, 48.3390388], [134.3009804, 48.3392926], [134.3011445, 48.3394295], [134.3013976, 48.3397294], [134.3017204, 48.3401114], [134.301827, 48.3403178], [134.3019652, 48.3405852], [134.3021884, 48.3411977], [134.30221, 48.3416235], [134.3021876, 48.3417766], [134.3020588, 48.3426571], [134.3020485, 48.3428501], [134.3019292, 48.3432026], [134.3018443, 48.3433487], [134.3016844, 48.3436523], [134.3012813, 48.3443653], [134.301134, 48.3446732], [134.3006398, 48.3455451], [134.3002212, 48.3463631], [134.3000444, 48.347014], [134.2999426, 48.3475418], [134.2999426, 48.3481237], [134.3000546, 48.3486108], [134.3002684, 48.3492604], [134.3005942, 48.3498152], [134.3010116, 48.3503226], [134.3014698, 48.3506677], [134.3021315, 48.3511277], [134.3028747, 48.3514931], [134.3037401, 48.3518246], [134.3045545, 48.3520614], [134.3056846, 48.3522982], [134.3076681, 48.3527106], [134.3085464, 48.3529115], [134.3091655, 48.3531364], [134.309907, 48.3535621], [134.3105333, 48.3540549], [134.3111884, 48.3547533], [134.31155, 48.3552022], [134.3116492, 48.3553279], [134.3119612, 48.3557377], [134.3120912, 48.3558615]]}}, {"type": "Feature", "properties": {"osmWayId": 303461989, "highway": "trunk", "lanes": "3", "name": "洋浦大街", "name:en": "Yangpu Street", "oneway": "yes", "ref": "G102;G302", "surface": "asphalt", "sourceMembership": "g102-tag"}, "geometry": {"type": "LineString", "coordinates": [[125.4172495, 43.9187082], [125.416887, 43.9170816], [125.4165007, 43.9148957], [125.4162202, 43.9127441], [125.4160807, 43.9113667], [125.4159755, 43.9098249], [125.4159595, 43.9086577], [125.4159386, 43.9071546], [125.4159754, 43.9054828]]}}, {"type": "Feature", "properties": {"osmWayId": 303461990, "highway": "primary", "name": "东南湖大路", "name:en": "Nanhu East Road", "name:zh": "南湖大路", "name:zh-Latn-pinyin": "Nánhú Dàlù", "oneway": "yes", "ref": "G102", "sourceMembership": "g102-tag"}, "geometry": {"type": "LineString", "coordinates": [[125.4164664, 43.8498114], [125.4162723, 43.8498088], [125.4096458, 43.8497744], [125.4041258, 43.8496953], [125.4038269, 43.8496931]]}}, {"type": "Feature", "properties": {"osmWayId": 303461993, "highway": "trunk", "lanes": "3", "name": "世纪大街", "name:en": "Shiji Street", "name:zh": "世纪大街", "oneway": "yes", "ref": "G102", "sourceMembership": "g102-tag"}, "geometry": {"type": "LineString", "coordinates": [[125.4038324, 43.845348], [125.4038799, 43.8445898], [125.4038774, 43.8440626], [125.4038346, 43.8436673], [125.403751, 43.8433648], [125.4036087, 43.8429844], [125.4034305, 43.8426409], [125.4030965, 43.8419472], [125.4022602, 43.8411448], [125.4021822, 43.8410699], [125.3989105, 43.8383318], [125.3988167, 43.8382524]]}}, {"type": "Feature", "properties": {"osmWayId": 303461994, "highway": "primary", "lanes": "6", "name": "东南湖大路", "name:en": "Nanhu East Road", "name:zh": "南湖大路", "name:zh-Latn-pinyin": "Nánhú Dàlù", "oneway": "yes", "ref": "G102", "sourceMembership": "g102-tag"}, "geometry": {"type": "LineString", "coordinates": [[125.4037119, 43.8495769], [125.4041277, 43.8495775], [125.4096457, 43.8496722], [125.4162778, 43.8496862], [125.4164704, 43.8496871]]}}, {"type": "Feature", "properties": {"osmWayId": 303462476, "highway": "trunk", "lanes": "4", "name": "洋浦大街", "name:en": "Yangpu Street", "name:zh-Latn-pinyin": "Yang Pu Dajie", "ref": "G102", "sourceMembership": "g102-tag"}, "geometry": {"type": "LineString", "coordinates": [[125.4164704, 43.8496871], [125.4164664, 43.8498114], [125.4163567, 43.8527552], [125.4162476, 43.8560029], [125.4162456, 43.8560572], [125.4160049, 43.8627259], [125.416005, 43.8628462], [125.4159968, 43.8659742], [125.4160119, 43.8690753], [125.4160107, 43.8692184], [125.4160083, 43.8727208]]}}, {"type": "Feature", "properties": {"osmWayId": 312667226, "bridge": "yes", "highway": "trunk", "layer": "1", "name": "京哈线", "ref": "G102", "source": "GPS", "sourceMembership": "g102-tag"}, "geometry": {"type": "LineString", "coordinates": [[120.6758312, 40.6303713], [120.6795305, 40.6317284]]}}, {"type": "Feature", "properties": {"osmWayId": 320330562, "highway": "trunk", "name": "长沈路", "name:en": "Changshen Road", "name:zh": "长沈路", "oneway": "yes", "ref": "G102", "source": "GPS", "sourceMembership": "g102-tag"}, "geometry": {"type": "LineString", "coordinates": [[125.1647949, 43.7886742], [125.1752971, 43.797658], [125.1754385, 43.7977789], [125.1806902, 43.8022708], [125.1828993, 43.8039353]]}}, {"type": "Feature", "properties": {"osmWayId": 322055549, "highway": "trunk", "lanes": "2", "name": "京抚线", "oneway": "yes", "ref": "G102", "surface": "asphalt", "sourceMembership": "g102-tag"}, "geometry": {"type": "LineString", "coordinates": [[134.6916813, 48.3093868], [134.6910943, 48.30837], [134.6907124, 48.3077932], [134.6903047, 48.3071241], [134.6899382, 48.306502], [134.6895743, 48.3059067], [134.6887331, 48.3045514], [134.6878802, 48.3031776], [134.68727, 48.3022015], [134.6864034, 48.3007918], [134.6860013, 48.3001496]]}}, {"type": "Feature", "properties": {"osmWayId": 322055552, "highway": "trunk", "lanes": "2", "name": "京抚线", "oneway": "yes", "ref": "G102", "surface": "asphalt", "sourceMembership": "g102-tag"}, "geometry": {"type": "LineString", "coordinates": [[134.6915033, 48.3087397], [134.6919759, 48.3094625], [134.6923065, 48.3099323], [134.6927854, 48.3106955], [134.694089, 48.3127796]]}}, {"type": "Feature", "properties": {"osmWayId": 322402557, "highway": "trunk", "name": "榆林大街", "oneway": "yes", "ref": "G102", "sourceMembership": "g102-tag"}, "geometry": {"type": "LineString", "coordinates": [[123.5252908, 41.8887822], [123.5255365, 41.8890626], [123.5261499, 41.8897534], [123.5268608, 41.8905566], [123.5271513, 41.8908884], [123.5277909, 41.8916155], [123.5280972, 41.8919472], [123.5283359, 41.8921932], [123.5286294, 41.8924775], [123.5288256, 41.8926603], [123.5291428, 41.8929233], [123.5294485, 41.8931581]]}}, {"type": "Feature", "properties": {"osmWayId": 325362030, "highway": "trunk", "lanes": "2", "name": "京抚线", "ref": "G102", "sourceMembership": "g102-tag"}, "geometry": {"type": "LineString", "coordinates": [[119.8550797, 40.0549676], [119.8519583, 40.0543451], [119.8500143, 40.0538613], [119.8445671, 40.0519663], [119.8423316, 40.0509081], [119.8351383, 40.0475028], [119.8341187, 40.047171], [119.8335356, 40.0470502]]}}, {"type": "Feature", "properties": {"osmWayId": 326526502, "highway": "trunk", "lanes": "4", "name": "京抚线", "ref": "G102", "source": "GPS", "surface": "asphalt", "sourceMembership": "g102-tag"}, "geometry": {"type": "LineString", "coordinates": [[124.0420999, 42.5194047], [124.0420545, 42.5192799], [124.0420062, 42.5191712], [124.041936, 42.5190479], [124.0418722, 42.5189323], [124.0417762, 42.518811], [124.0416809, 42.5187115], [124.0415718, 42.5185984], [124.0319531, 42.5096408], [124.0313546, 42.5089515], [124.0309554, 42.5082357], [124.0309099, 42.5081248], [124.0305358, 42.5072131], [124.0305753, 42.5056629], [124.0325942, 42.4909001], [124.0328349, 42.4881981], [124.0342034, 42.4733276], [124.0341903, 42.4719717], [124.0339444, 42.4710816], [124.0335805, 42.4700695], [124.0332941, 42.4694148], [124.0329949, 42.4688845], [124.032349, 42.4680378], [124.030052, 42.4656579], [124.0249114, 42.4602678], [124.0236317, 42.458926], [124.0221299, 42.4573298], [124.0205255, 42.4556679], [124.0178287, 42.45277], [124.0176022, 42.4525267], [124.0170159, 42.4518388], [124.0165642, 42.4510471], [124.0165198, 42.4509112], [124.0162794, 42.4501745], [124.0161368, 42.448973], [124.0158755, 42.446089], [124.015741, 42.4454028], [124.0154553, 42.4448484], [124.0150703, 42.444274]]}}, {"type": "Feature", "properties": {"osmWayId": 329848663, "bridge": "yes", "highway": "trunk", "layer": "1", "name": "京抚线", "ref": "G102", "source": "bing", "sourceMembership": "g102-tag"}, "geometry": {"type": "LineString", "coordinates": [[127.2613662, 46.1251788], [127.2620558, 46.1249493]]}}, {"type": "Feature", "properties": {"osmWayId": 329848665, "highway": "trunk", "lanes": "2", "name": "京抚线", "ref": "G102", "source": "GPS", "surface": "asphalt", "sourceMembership": "g102-tag"}, "geometry": {"type": "LineString", "coordinates": [[127.2620558, 46.1249493], [127.2814529, 46.1191855], [127.2943969, 46.1152668], [127.3061848, 46.1122552], [127.3080307, 46.1117937], [127.3110884, 46.1110147], [127.3160046, 46.1095779], [127.3208726, 46.1076231], [127.3358795, 46.1012076], [127.3375616, 46.1004835], [127.3414813, 46.0986768], [127.3443198, 46.0972489], [127.3459982, 46.0964045], [127.347542, 46.0958188], [127.3482138, 46.0955773], [127.3500792, 46.0951681], [127.3505755, 46.0950592], [127.3528408, 46.0948921], [127.3560085, 46.0948505], [127.3599826, 46.0947984], [127.3748242, 46.0945004], [127.3946553, 46.0941685], [127.4024234, 46.0940325], [127.4034045, 46.0940153], [127.4092438, 46.093877], [127.4128995, 46.0938026], [127.414267, 46.0937487], [127.4156833, 46.0936722], [127.4178074, 46.0934836], [127.4190088, 46.0933132], [127.4199043, 46.0931668], [127.4208201, 46.092995], [127.4218375, 46.0927714], [127.4230107, 46.0924786], [127.4240989, 46.0921687], [127.4252602, 46.0918136], [127.4263166, 46.0914201], [127.4274967, 46.0909325], [127.4287012, 46.0903884], [127.4294974, 46.0899965], [127.4305819, 46.0894011], [127.4314225, 46.0889044], [127.4322948, 46.0883222], [127.4339436, 46.0871308], [127.4349352, 46.0863319], [127.4450826, 46.0780171], [127.4461131, 46.0772156], [127.4466827, 46.0768045], [127.4471853, 46.0764809], [127.4477902, 46.0761213], [127.4483262, 46.0758403], [127.448934, 46.0755634], [127.4496995, 46.0752528], [127.4508582, 46.0748511], [127.4521653, 46.0745297], [127.453583, 46.074314], [127.4556139, 46.0741569], [127.4611454, 46.0741172], [127.4708757, 46.0740473], [127.4740597, 46.0738388], [127.4767364, 46.0733998], [127.4845713, 46.0719246], [127.4882407, 46.0713204], [127.49025, 46.071091], [127.495041, 46.070618], [127.4957121, 46.0705833], [127.4990428, 46.0704109], [127.506439, 46.069954], [127.509003, 46.069775], [127.5145997, 46.0691186], [127.5161242, 46.068847], [127.5180605, 46.068502], [127.5213122, 46.0678334], [127.525246, 46.066849], [127.529518, 46.065853], [127.530754, 46.065639], [127.53714, 46.065269], [127.547798, 46.064774], [127.55114, 46.064575], [127.552635, 46.064442], [127.555458, 46.064083], [127.557671, 46.063694], [127.560204, 46.063145], [127.5733182, 46.0601364], [127.588257, 46.056709], [127.608368, 46.052132], [127.6187122, 46.049757], [127.620785, 46.0491493], [127.6214061, 46.0489904]]}}, {"type": "Feature", "properties": {"osmWayId": 329857608, "highway": "trunk", "name": "京抚线", "ref": "G102", "sourceMembership": "g102-tag"}, "geometry": {"type": "LineString", "coordinates": [[129.2988221, 46.1837051], [129.2985463, 46.1834035], [129.2982459, 46.1829281], [129.2981064, 46.1824304], [129.2980635, 46.1818138], [129.2981815, 46.1814053], [129.2988748, 46.1801044], [129.3001973, 46.1776229], [129.3016095, 46.1749728], [129.3017703, 46.174671], [129.3018651, 46.1744541], [129.3019473, 46.1742661], [129.3021727, 46.1735454], [129.3022317, 46.1732743], [129.3022539, 46.1731404], [129.3022495, 46.1728539], [129.3022345, 46.1726058], [129.3021867, 46.1723058], [129.3006599, 46.1668976], [129.3001441, 46.1660074], [129.299558, 46.1655114], [129.2980808, 46.1644102], [129.293433, 46.1612357], [129.2806504, 46.1546496], [129.2792907, 46.1536804], [129.2734352, 46.1496913], [129.265738, 46.144465]]}}, {"type": "Feature", "properties": {"osmWayId": 329861152, "highway": "trunk", "name": "京抚线", "ref": "G102", "sourceMembership": "g102-tag"}, "geometry": {"type": "LineString", "coordinates": [[129.378788, 46.269014], [129.3784564, 46.2684281], [129.375316, 46.2649784], [129.3749961, 46.2645665], [129.3604467, 46.2487076], [129.3597477, 46.2478309], [129.3560221, 46.2423041], [129.3503642, 46.2378438], [129.3498173, 46.2372637], [129.349618, 46.2368649], [129.3443832, 46.2264477], [129.3440196, 46.2256963], [129.3434354, 46.2248233], [129.3389586, 46.2188606], [129.3388038, 46.2183275], [129.3385686, 46.2136184], [129.3385209, 46.2123133], [129.3380983, 46.2113019], [129.3350125, 46.2075217], [129.3335035, 46.2056332]]}}, {"type": "Feature", "properties": {"osmWayId": 329861153, "bridge": "yes", "highway": "trunk", "layer": "1", "name": "京抚线", "ref": "G102", "source": "bing", "sourceMembership": "g102-tag"}, "geometry": {"type": "LineString", "coordinates": [[129.3791343, 46.2695601], [129.378788, 46.269014]]}}, {"type": "Feature", "properties": {"osmWayId": 331299086, "bridge": "yes", "highway": "trunk", "layer": "1", "name": "京抚线;庄林线", "oneway": "yes", "ref": "G102;G305", "source": "bing", "sourceMembership": "g102-tag"}, "geometry": {"type": "LineString", "coordinates": [[121.8180882, 41.3423345], [121.8188026, 41.3421128]]}}, {"type": "Feature", "properties": {"osmWayId": 331299115, "highway": "trunk", "lanes": "2", "name": "京抚线/庄林线", "oneway": "yes", "ref": "G102;G305", "source": "bing", "sourceMembership": "g102-tag"}, "geometry": {"type": "LineString", "coordinates": [[121.8188026, 41.3421128], [121.8229451, 41.3408271], [121.8292024, 41.3388841], [121.832719, 41.3377921], [121.8419532, 41.3349246], [121.8498361, 41.3324723], [121.8554202, 41.3307389], [121.8584226, 41.329797], [121.8640539, 41.3280467], [121.8646739, 41.3278517], [121.8654547, 41.3275685], [121.8667319, 41.326973], [121.8718993, 41.324379], [121.8720025, 41.3243272], [121.8769739, 41.3218097], [121.8804838, 41.3200274], [121.8839866, 41.3182491], [121.8850579, 41.3177095], [121.8858783, 41.3173136], [121.8875362, 41.3166272], [121.8924206, 41.3146668], [121.8987588, 41.3121315], [121.9031714, 41.3103817], [121.904757, 41.3097431], [121.9053266, 41.3095004], [121.9057687, 41.3092865], [121.9062788, 41.3090151], [121.9113163, 41.3061092], [121.9177735, 41.3023889], [121.9218757, 41.3000065], [121.9303188, 41.295118], [121.9411869, 41.2888132], [121.9437772, 41.2873039], [121.9468555, 41.2855053], [121.948939, 41.2842916], [121.9592652, 41.2783224], [121.965127, 41.2749234], [121.9694548, 41.2724283]]}}, {"type": "Feature", "properties": {"osmWayId": 331299183, "bridge": "yes", "highway": "trunk", "layer": "1", "name": "京抚线;庄林线", "oneway": "yes", "ref": "G102;G305", "source": "bing", "sourceMembership": "g102-tag"}, "geometry": {"type": "LineString", "coordinates": [[121.8188239, 41.3421887], [121.8181016, 41.3424128]]}}, {"type": "Feature", "properties": {"osmWayId": 331299185, "highway": "trunk", "lanes": "2", "name": "京抚线;庄林线", "oneway": "yes", "ref": "G102;G305", "source": "bing", "sourceMembership": "g102-tag"}, "geometry": {"type": "LineString", "coordinates": [[121.8181016, 41.3424128], [121.8166013, 41.3428901], [121.8163951, 41.3429563]]}}, {"type": "Feature", "properties": {"osmWayId": 337505804, "highway": "trunk", "name": "京抚线", "ref": "G102", "source": "GPS", "sourceMembership": "g102-tag"}, "geometry": {"type": "LineString", "coordinates": [[124.0760056, 42.5869898], [124.0756167, 42.5853869], [124.0752548, 42.584314], [124.0740492, 42.5808725], [124.0737415, 42.5800409], [124.0714467, 42.5756066], [124.0705167, 42.5738565], [124.0701167, 42.5732165], [124.0696467, 42.5726164], [124.0614267, 42.5633461], [124.0560988, 42.5576317], [124.055, 42.5564532], [124.0532569, 42.5545835], [124.0518258, 42.5530484], [124.0498034, 42.550883], [124.0488267, 42.5498356], [124.0485757, 42.5494135]]}}, {"type": "Feature", "properties": {"osmWayId": 337531739, "highway": "trunk", "name": "京抚线", "ref": "G102", "source": "GPS", "sourceMembership": "g102-tag"}, "geometry": {"type": "LineString", "coordinates": [[124.2057839, 42.9127123], [124.2060478, 42.9054693], [124.2060376, 42.9051813], [124.2059062, 42.9045723], [124.2056337, 42.9039954], [124.2051901, 42.9034068], [124.2045599, 42.9027329], [124.2015411, 42.9000088], [124.2010708, 42.8994648], [124.2008382, 42.8990556], [124.2006569, 42.8986129], [124.2005287, 42.898057], [124.1993781, 42.8918238], [124.1992852, 42.8914295], [124.1990275, 42.8906971], [124.1986032, 42.8900641], [124.1967176, 42.8876603], [124.1961951, 42.8870725], [124.1953806, 42.8862626], [124.1928518, 42.8839695], [124.1894922, 42.8811295]]}}, {"type": "Feature", "properties": {"osmWayId": 341681825, "highway": "trunk", "name": "京抚线", "oneway": "yes", "ref": "G102", "surface": "asphalt", "sourceMembership": "g102-tag"}, "geometry": {"type": "LineString", "coordinates": [[124.0763585, 42.7489351], [124.0759084, 42.7489036], [124.0736334, 42.7490049], [124.0732685, 42.74901], [124.0729465, 42.7489954], [124.0726621, 42.7489478], [124.0723135, 42.7488821], [124.0719854, 42.748787], [124.0715037, 42.7485755]]}}, {"type": "Feature", "properties": {"osmWayId": 341685305, "highway": "trunk", "name": "京抚线", "oneway": "yes", "ref": "G102", "surface": "asphalt", "sourceMembership": "g102-tag"}, "geometry": {"type": "LineString", "coordinates": [[124.1377127, 42.8393709], [124.1373561, 42.8390044], [124.1371865, 42.8387526], [124.137129, 42.8386671], [124.1370332, 42.8385252], [124.1341395, 42.8340474], [124.1331844, 42.8325155], [124.1322785, 42.8310875], [124.1317301, 42.8299171], [124.131422, 42.8289229], [124.1294501, 42.8194318], [124.1293392, 42.8186996], [124.1292899, 42.8178227], [124.1293947, 42.816869], [124.1296535, 42.8160599], [124.130054, 42.8150835], [124.1307996, 42.8140755], [124.1315946, 42.8132166], [124.1320937, 42.8128188], [124.1435503, 42.8037996], [124.1441068, 42.8031896], [124.1443457, 42.802862], [124.1445906, 42.8024095], [124.1448739, 42.8016163], [124.1449971, 42.8009879], [124.1450033, 42.7998169], [124.1450243, 42.7982686], [124.1450461, 42.7957602]]}}, {"type": "Feature", "properties": {"osmWayId": 342974492, "bridge": "yes", "foot": "no", "highway": "trunk", "lanes": "3", "layer": "1", "name": "西湖大路", "oneway": "yes", "ref": "G102;G334", "source": "GPS+photo", "sourceMembership": "g102-tag"}, "geometry": {"type": "LineString", "coordinates": [[125.1991319, 43.8112555], [125.2000937, 43.8105409], [125.2030915, 43.808429]]}}, {"type": "Feature", "properties": {"osmWayId": 342974517, "highway": "trunk", "name": "102国道", "name:en": "G102", "name:zh": "102国道", "oneway": "yes", "ref": "G102;G302", "surface": "asphalt", "sourceMembership": "g102-tag"}, "geometry": {"type": "LineString", "coordinates": [[125.4208102, 43.9341089], [125.4206914, 43.9335922], [125.4201719, 43.931431]]}}, {"type": "Feature", "properties": {"osmWayId": 343655672, "highway": "trunk", "lanes": "2", "name": "京抚线", "old_ref": "G102", "oneway": "no", "ref": "G505", "source": "Bing", "sourceMembership": "g102-tag"}, "geometry": {"type": "LineString", "coordinates": [[124.0420999, 42.5194047], [124.0421344, 42.5195483], [124.0421679, 42.5196842], [124.0422015, 42.5198573], [124.0422193, 42.5200243], [124.0422112, 42.5201957], [124.0421801, 42.5203569], [124.0421503, 42.5205164], [124.0420959, 42.5206822], [124.0420252, 42.5208438], [124.0419405, 42.5209938], [124.0418241, 42.5211405]]}}, {"type": "Feature", "properties": {"osmWayId": 352115427, "alt_name:ru": "Годао 102", "highway": "trunk", "name": "京抚线", "name:ru": "Пекин — Харбин", "ref": "G102", "source": "digitalGlobe Premium", "sourceMembership": "g102-tag"}, "geometry": {"type": "LineString", "coordinates": [[126.1136543, 44.982188], [126.1154471, 44.9840526], [126.121856, 44.9907839], [126.1225973, 44.9915498], [126.1251282, 44.9940385], [126.1282145, 44.9973518], [126.1304623, 44.9997054], [126.1317098, 45.0011801], [126.134934, 45.0050338], [126.1369295, 45.0075041], [126.1378936, 45.0086484], [126.138297, 45.0091271], [126.1414039, 45.0128143], [126.1442647, 45.0162245], [126.1443206, 45.0162911], [126.148972, 45.0217745], [126.1514015, 45.0246386], [126.1558965, 45.0300542], [126.1566457, 45.0309482], [126.1631038, 45.0386543], [126.163359, 45.0389588], [126.1707614, 45.0477497], [126.1744748, 45.0521777], [126.1765423, 45.0546023], [126.1780117, 45.0563566]]}}, {"type": "Feature", "properties": {"osmWayId": 352115441, "alt_name:ru": "Годао 102", "highway": "trunk", "name": "京抚线", "note": "trunk road superceded by G1", "ref": "G102", "sourceMembership": "g102-tag"}, "geometry": {"type": "LineString", "coordinates": [[126.0164232, 44.8246816], [126.0162503, 44.8293004], [126.0161073, 44.833119], [126.016016, 44.8355586], [126.0159561, 44.8371575], [126.0160004, 44.8377949], [126.0161876, 44.8404885], [126.0165443, 44.8423759], [126.0166275, 44.8428163], [126.0171318, 44.8448854], [126.0177541, 44.8471523], [126.0189032, 44.8498499], [126.0196682, 44.8513291], [126.0217694, 44.8553922], [126.0221001, 44.8559925], [126.02301, 44.8576443], [126.0262151, 44.8634624], [126.0270116, 44.8649374], [126.0320228, 44.8742159], [126.0353436, 44.8803479], [126.035411, 44.8804723], [126.0403337, 44.889561], [126.0403935, 44.8896712], [126.0439355, 44.8962144], [126.0485821, 44.9047968], [126.0541341, 44.9151812], [126.0561881, 44.9189725], [126.0582232, 44.9224666], [126.0606229, 44.9259234], [126.0629262, 44.9287959], [126.0655405, 44.9317532], [126.0676509, 44.9339889], [126.0676831, 44.9340231], [126.0678754, 44.9342421], [126.06801, 44.9343581], [126.0689562, 44.9353717], [126.0690504, 44.9354715], [126.0749693, 44.9417411], [126.0798024, 44.9467644], [126.0855879, 44.9527674], [126.0900829, 44.9574314], [126.0936087, 44.9611351], [126.1026151, 44.9705941], [126.1069369, 44.9751331], [126.1087541, 44.9770417], [126.1136543, 44.982188]]}}, {"type": "Feature", "properties": {"osmWayId": 352115445, "alt_name:ru": "Годао 102", "bridge": "yes", "highway": "trunk", "layer": "1", "name": "乌金屯松花江大桥", "name:ru": "Пекин — Харбин", "note": "trunk road superceded by G1", "ref": "G102", "sourceMembership": "g102-tag"}, "geometry": {"type": "LineString", "coordinates": [[126.0178048, 44.7783446], [126.0176939, 44.7813309], [126.017533, 44.7868976]]}}, {"type": "Feature", "properties": {"osmWayId": 353902965, "highway": "trunk", "lanes": "2", "name": "京抚线", "oneway": "yes", "ref": "G102", "source": "Esri", "surface": "asphalt", "sourceMembership": "g102-tag"}, "geometry": {"type": "LineString", "coordinates": [[122.1742407, 41.3438696], [122.1778441, 41.3438181], [122.1782432, 41.343813], [122.1787636, 41.3437972], [122.179844, 41.3437405], [122.180253, 41.3437128], [122.1810787, 41.3436599], [122.181525, 41.3436247], [122.1886457, 41.3428296], [122.1959975, 41.342007], [122.1966095, 41.3419418], [122.196852, 41.3419286], [122.1970888, 41.3419153], [122.1975532, 41.3419187], [122.2002533, 41.3419905], [122.2005029, 41.3419999], [122.2030246, 41.3420661], [122.203777, 41.3420852], [122.2039995, 41.3420964], [122.2050394, 41.3421495], [122.2053566, 41.3421713], [122.2054392, 41.3421714], [122.2059213, 41.3421596], [122.2066067, 41.3421388], [122.2084478, 41.3420889], [122.2087954, 41.3420713], [122.2093742, 41.3420322], [122.2104421, 41.3419486], [122.2119362, 41.3418222], [122.2121641, 41.3418015], [122.2123152, 41.3417872], [122.2126147, 41.3417614], [122.2128592, 41.3417267], [122.2131727, 41.341675], [122.213499, 41.341603], [122.2151111, 41.3412774], [122.2160517, 41.3410837], [122.2180813, 41.3406653], [122.2289138, 41.3384069], [122.2308041, 41.3380132], [122.23201, 41.3377668], [122.237627, 41.3365958], [122.2388362, 41.3363391], [122.2417973, 41.3357328], [122.2443949, 41.3351893], [122.2461629, 41.3348197], [122.2465346, 41.3347469], [122.2470057, 41.3346106], [122.2474356, 41.334452], [122.2478367, 41.3342635], [122.2584273, 41.3289134], [122.2586691, 41.3287803], [122.261912, 41.3270607], [122.2630726, 41.3265029], [122.2632818, 41.3264123], [122.2637117, 41.326226], [122.26429, 41.326062], [122.2648128, 41.3259386], [122.2653376, 41.325847]]}}, {"type": "Feature", "properties": {"osmWayId": 357117329, "highway": "trunk_link", "lanes": "2", "oneway": "yes", "ref": "G102", "sourceMembership": "g102-tag"}, "geometry": {"type": "LineString", "coordinates": [[126.5298537, 45.8424313], [126.5297806, 45.8421233], [126.5297246, 45.8418634], [126.5296388, 45.8414457], [126.5296441, 45.8410398], [126.5296251, 45.8409454], [126.5296007, 45.8408733], [126.5295722, 45.8408038], [126.5295307, 45.8407233], [126.5294811, 45.8406626], [126.5294067, 45.8405967], [126.5291409, 45.8404046]]}}, {"type": "Feature", "properties": {"osmWayId": 357117334, "highway": "trunk", "lanes": "4", "name": "利民大道", "name:zh": "利民大道", "name:zh-Hans": "利民大道", "name:zh-Hant": "利民大道", "oneway": "yes", "ref": "G102;G202", "sourceMembership": "g102-tag"}, "geometry": {"type": "LineString", "coordinates": [[126.5355035, 45.8491507], [126.5366115, 45.850434], [126.5370394, 45.8509703], [126.5371744, 45.851114], [126.5372485, 45.851204], [126.5373467, 45.8513355], [126.5399364, 45.8544047], [126.5400392, 45.854518], [126.5406802, 45.85525], [126.543857, 45.8587663], [126.5439437, 45.8588628], [126.5447667, 45.8598533], [126.5449426, 45.8600736], [126.5452448, 45.8605352], [126.5455361, 45.8610192], [126.5457448, 45.8613445], [126.546024, 45.8618298], [126.5462808, 45.8623105], [126.5464307, 45.8626098], [126.5465281, 45.8628255], [126.54663, 45.8630663], [126.546792, 45.8634421], [126.5469038, 45.8637238], [126.5473378, 45.8650597], [126.5475114, 45.8656287], [126.5479669, 45.8670302], [126.548932, 45.8700557], [126.5489559, 45.8701306], [126.5497904, 45.8726751], [126.5498486, 45.8728578], [126.5508127, 45.875827]]}}, {"type": "Feature", "properties": {"osmWayId": 357117336, "bridge": "yes", "highway": "trunk_link", "lanes": "2", "layer": "2", "name": "松北大道", "oneway": "yes", "sourceMembership": "g102-relation"}, "geometry": {"type": "LineString", "coordinates": [[126.5303316, 45.842329], [126.5304121, 45.8426526], [126.5305215, 45.8429604], [126.5306023, 45.8431491], [126.5307764, 45.843518], [126.5308976, 45.8437395], [126.5310283, 45.8439382], [126.5311659, 45.8441476], [126.5313272, 45.8443552], [126.5314899, 45.8445535], [126.5317231, 45.8448193], [126.5319238, 45.8450341], [126.5323429, 45.8455022], [126.532499, 45.8457062], [126.5328375, 45.846158]]}}, {"type": "Feature", "properties": {"osmWayId": 357117363, "bridge": "yes", "highway": "trunk", "lanes": "5", "layer": "2", "name": "利民大道", "nat_ref": "202国道", "oneway": "yes", "ref": "G102;G202", "source": "GPS", "sourceMembership": "g102-tag"}, "geometry": {"type": "LineString", "coordinates": [[126.5352308, 45.8492632], [126.5325415, 45.8462265]]}}, {"type": "Feature", "properties": {"osmWayId": 362589038, "bridge": "yes", "highway": "trunk", "layer": "1", "name": "强流河大桥", "ref": "G102", "sourceMembership": "g102-tag"}, "geometry": {"type": "LineString", "coordinates": [[119.9411942, 40.0950589], [119.9400671, 40.0941004]]}}, {"type": "Feature", "properties": {"osmWayId": 362589039, "highway": "trunk", "name": "京抚线", "ref": "G102", "sourceMembership": "g102-tag"}, "geometry": {"type": "LineString", "coordinates": [[119.9400671, 40.0941004], [119.9392181, 40.0934412], [119.9383785, 40.0926601], [119.9359073, 40.0906137], [119.9354599, 40.0902706], [119.9349621, 40.0899805], [119.9343107, 40.0897256], [119.9296093, 40.0886487], [119.924408, 40.0875906], [119.9235676, 40.0872965], [119.9228573, 40.0869616], [119.9223305, 40.0866062], [119.9199299, 40.0848946], [119.9151919, 40.0815163], [119.9122451, 40.0797205], [119.9064125, 40.0770743], [119.9044389, 40.0760497], [119.9030898, 40.0753494], [119.8933371, 40.0701586], [119.8888587, 40.0677749], [119.8866421, 40.0665175], [119.8861152, 40.0661291]]}}, {"type": "Feature", "properties": {"osmWayId": 363753630, "bridge": "yes", "highway": "trunk", "layer": "1", "name": "京抚线", "ref": "G102", "source": "Bing", "sourceMembership": "g102-tag"}, "geometry": {"type": "LineString", "coordinates": [[133.204315, 47.5737046], [133.2050995, 47.5737144]]}}, {"type": "Feature", "properties": {"osmWayId": 363753631, "highway": "trunk", "name": "京抚线", "ref": "G102", "source": "Bing", "sourceMembership": "g102-tag"}, "geometry": {"type": "LineString", "coordinates": [[133.5390713, 47.5763845], [133.539185, 47.5763828], [133.5685284, 47.5766983], [133.5734885, 47.5767077], [133.5806934, 47.5768016], [133.5828031, 47.5769279], [133.5848958, 47.5774099], [133.5868354, 47.5782248], [133.5882455, 47.5792335], [133.6014674, 47.590091], [133.6024712, 47.5907107], [133.6037132, 47.5913188], [133.6048221, 47.5916287], [133.6058681, 47.5918182], [133.6072898, 47.5919294], [133.6343679, 47.5922225], [133.6836296, 47.5927556], [133.7330575, 47.5932687], [133.7570796, 47.5935853], [133.7594, 47.593628]]}}, {"type": "Feature", "properties": {"osmWayId": 365820774, "highway": "trunk", "junction": "roundabout", "oneway": "yes", "ref": "G102", "sourceMembership": "g102-tag"}, "geometry": {"type": "LineString", "coordinates": [[131.9830419, 47.2163167], [131.983324, 47.2162549], [131.9836204, 47.2162553], [131.9839021, 47.2163179], [131.9841416, 47.2164366], [131.9843153, 47.2165997], [131.9844064, 47.2167913], [131.9844058, 47.2169927], [131.9843136, 47.217184], [131.9841388, 47.2173467], [131.9838986, 47.2174647], [131.9836165, 47.2175265], [131.9833201, 47.2175261], [131.9830384, 47.2174635], [131.982799, 47.2173448], [131.9826252, 47.2171817], [131.9825342, 47.2169901], [131.9825348, 47.2167887], [131.982627, 47.2165974], [131.9828017, 47.2164347], [131.9830419, 47.2163167]]}}, {"type": "Feature", "properties": {"osmWayId": 365820783, "highway": "trunk", "lanes": "2", "oneway": "yes", "ref": "G102", "sourceMembership": "g102-tag"}, "geometry": {"type": "LineString", "coordinates": [[131.9722217, 47.2333459], [131.9726787, 47.2318506], [131.972969, 47.2310383], [131.9734361, 47.2298559], [131.9738184, 47.2289618], [131.974774, 47.2271304], [131.9756517, 47.2256018], [131.9767842, 47.2239241], [131.9776124, 47.2228473], [131.9788653, 47.2213618], [131.9807961, 47.219303], [131.9821481, 47.2180338], [131.9823674, 47.2177353], [131.9825245, 47.2173662], [131.9825342, 47.2169901]]}}, {"type": "Feature", "properties": {"osmWayId": 365820784, "highway": "trunk", "lanes": "2", "name": "京抚线", "oneway": "yes", "ref": "G102", "sourceMembership": "g102-tag"}, "geometry": {"type": "LineString", "coordinates": [[131.9836165, 47.2175265], [131.9830377, 47.2176152], [131.9825866, 47.2177851], [131.9822897, 47.2180338], [131.9795928, 47.2207405], [131.9788673, 47.2215217], [131.9777816, 47.222842], [131.9766695, 47.2243034], [131.9757248, 47.2257286], [131.9747664, 47.2274279], [131.9738921, 47.2291369], [131.9732297, 47.2307978]]}}, {"type": "Feature", "properties": {"osmWayId": 365820786, "highway": "trunk", "name": "锦绣大街", "note": "not really sure its a road", "oneway": "yes", "ref": "G102;G221", "source": "Bing", "sourceMembership": "g102-tag"}, "geometry": {"type": "LineString", "coordinates": [[132.047856, 47.2402541], [132.0477201, 47.2402243], [132.0454003, 47.2397156], [132.0427028, 47.2390068], [132.038515, 47.2378282], [132.0379684, 47.2376714], [132.037843, 47.2376419], [132.0364222, 47.2372466], [132.0341372, 47.2366175], [132.0339875, 47.2365758], [132.0293588, 47.2352865], [132.0291954, 47.235241], [132.0278545, 47.2348675], [132.0259669, 47.2343434], [132.0258526, 47.2343117], [132.0228282, 47.233472], [132.0226455, 47.2334213], [132.0168981, 47.231822], [132.0164464, 47.2316949], [132.0131459, 47.2306128], [132.0111389, 47.2298067], [132.0098935, 47.2292836], [131.9892943, 47.2196739], [131.9863997, 47.21834], [131.985239, 47.2177828], [131.9848336, 47.2176221], [131.9842686, 47.2175442], [131.9836165, 47.2175265]]}}, {"type": "Feature", "properties": {"osmWayId": 365820787, "highway": "trunk", "name": "京抚线;同哈线", "oneway": "yes", "ref": "G102;G221", "sourceMembership": "g102-tag"}, "geometry": {"type": "LineString", "coordinates": [[132.0745901, 47.2600751], [132.0758579, 47.2619885], [132.0790137, 47.2668222], [132.0808599, 47.2696225], [132.0828786, 47.2726828], [132.0840349, 47.2744555], [132.0846673, 47.2753397], [132.0852551, 47.2759899], [132.0859769, 47.2766833], [132.0868393, 47.2773118], [132.0877976, 47.2779056], [132.0886919, 47.2783693], [132.0895671, 47.2787507], [132.0903976, 47.2790541], [132.0913558, 47.2793445], [132.0920336, 47.2795233], [132.0925772, 47.2796473], [132.0932915, 47.2797648], [132.0939185, 47.279858], [132.0945746, 47.2799375], [132.0999161, 47.2804106], [132.1007564, 47.2804902], [132.1029968, 47.2807024], [132.1038513, 47.2807833], [132.104637, 47.280883], [132.1055697, 47.281013], [132.1071987, 47.281312], [132.1127453, 47.28244], [132.1163301, 47.2831491], [132.1178697, 47.2834475], [132.1188728, 47.2835858], [132.1202783, 47.2837241], [132.1213297, 47.2837896], [132.1224455, 47.2838369], [132.1240259, 47.283916], [132.1241147, 47.2839286], [132.124366, 47.2839642], [132.1253048, 47.2840953], [132.1261845, 47.2842626], [132.1280835, 47.2847066], [132.1326057, 47.2857328], [132.1381126, 47.2870104], [132.1469748, 47.2890934]]}}, {"type": "Feature", "properties": {"osmWayId": 369884943, "bridge": "yes", "highway": "trunk", "layer": "1", "name": "榆林大街", "oneway": "yes", "ref": "G102", "sourceMembership": "g102-tag"}, "geometry": {"type": "LineString", "coordinates": [[123.5218253, 41.8854912], [123.5225198, 41.8861783]]}}, {"type": "Feature", "properties": {"osmWayId": 369884946, "highway": "trunk", "name": "榆林大街", "oneway": "yes", "ref": "G102", "sourceMembership": "g102-tag"}, "geometry": {"type": "LineString", "coordinates": [[123.5026133, 41.8567551], [123.5027924, 41.8571686], [123.5028718, 41.8573251], [123.5030726, 41.8576607], [123.5034486, 41.8582538], [123.5037678, 41.8587727], [123.5042756, 41.8595982], [123.5042798, 41.859605], [123.5045577, 41.8600415], [123.5047305, 41.8603772], [123.5049149, 41.8607772], [123.505062, 41.8611841], [123.5052628, 41.8617843], [123.5056995, 41.8638065], [123.505912, 41.8647959], [123.5060026, 41.8652185], [123.5060333, 41.8653665], [123.5062669, 41.8664914], [123.5065027, 41.867599], [123.5065751, 41.8679103], [123.5066545, 41.8681885], [123.5067176, 41.8683763], [123.5067783, 41.8685449], [123.5068693, 41.868771], [123.5070188, 41.8691101], [123.5071425, 41.8693483], [123.5073013, 41.8696282], [123.5074437, 41.8698334], [123.5076726, 41.8701586], [123.5084665, 41.8711879], [123.5089872, 41.8718695], [123.509662, 41.8727945], [123.5107758, 41.8742324], [123.5111914, 41.8747714], [123.5114646, 41.8751226], [123.5116631, 41.8753555], [123.5118452, 41.8755729], [123.5120554, 41.8758076], [123.5124453, 41.8762057], [123.5132929, 41.877049], [123.5142526, 41.8779965], [123.5151119, 41.8788501], [123.5157003, 41.8794377], [123.5163869, 41.8801168], [123.5171386, 41.8808251], [123.5179536, 41.8815587], [123.5189109, 41.8824019], [123.5195764, 41.8829842], [123.5201695, 41.8835701], [123.5205548, 41.8839908], [123.5207275, 41.8842063], [123.5208723, 41.8843941], [123.5209914, 41.884561], [123.5211572, 41.8847783], [123.521309, 41.8849608], [123.5214393, 41.8851021], [123.5218253, 41.8854912]]}}, {"type": "Feature", "properties": {"osmWayId": 379146494, "bridge": "yes", "highway": "trunk", "lanes": "2", "layer": "2", "name": "长安桥", "oneway": "yes", "ref": "G102;G221", "sourceMembership": "g102-tag"}, "geometry": {"type": "LineString", "coordinates": [[130.3328441, 46.8012749], [130.3329788, 46.8012223], [130.333038, 46.8012059], [130.333089, 46.8011955], [130.3331433, 46.8011881], [130.3332434, 46.8011845], [130.3333204, 46.8011879], [130.3334076, 46.8011952], [130.3334758, 46.8012087], [130.3335422, 46.8012283], [130.3336042, 46.8012535], [130.3336642, 46.801283], [130.3337332, 46.8013232], [130.3337998, 46.8013693], [130.336602, 46.8034431], [130.336693, 46.8035103], [130.3367699, 46.8035606], [130.336857, 46.8036161], [130.3369965, 46.8036998], [130.3372562, 46.8038426], [130.3373668, 46.8038982], [130.3375121, 46.8039693], [130.3376832, 46.8040424], [130.3378308, 46.804103], [130.3379692, 46.8041537], [130.3381347, 46.8042128], [130.3383263, 46.8042729], [130.3386715, 46.8043631], [130.3395746, 46.8045744], [130.3398748, 46.8046385]]}}, {"type": "Feature", "properties": {"osmWayId": 379146496, "highway": "trunk", "lanes": "2", "name": "红旗街", "oneway": "yes", "ref": "G102", "sourceMembership": "g102-tag"}, "geometry": {"type": "LineString", "coordinates": [[130.3298488, 46.8033414], [130.328582, 46.8041492], [130.3263261, 46.8056013], [130.3247633, 46.8066107], [130.3242146, 46.8070961]]}}, {"type": "Feature", "properties": {"osmWayId": 379285154, "highway": "trunk", "lanes": "3", "name": "南四环快速路", "name:en": "South 4th Ring Expressway", "name:zh": "南四环快速路", "oneway": "yes", "ref": "G102;G334", "source": "GPS+photo", "sourceMembership": "g102-tag"}, "geometry": {"type": "LineString", "coordinates": [[125.2241327, 43.803852], [125.2259175, 43.8036096], [125.2267907, 43.8034746], [125.2277858, 43.8033207], [125.2296263, 43.8030094], [125.2311631, 43.8027986], [125.2328303, 43.8026083], [125.2344152, 43.8024816], [125.2354497, 43.8023932], [125.2363542, 43.8023324], [125.2371314, 43.802323], [125.2377553, 43.8022953], [125.2391531, 43.8022522], [125.240263, 43.8022318], [125.2422011, 43.8022377]]}}, {"type": "Feature", "properties": {"osmWayId": 379285158, "bridge": "yes", "highway": "trunk", "lanes": "3", "layer": "1", "name": "南四环快速路", "name:en": "South 4th Ring Expressway", "name:zh": "南四环快速路", "oneway": "yes", "ref": "G102;G334", "source": "GPS+photo", "sourceMembership": "g102-tag"}, "geometry": {"type": "LineString", "coordinates": [[125.212033, 43.805554], [125.2127225, 43.8054781]]}}, {"type": "Feature", "properties": {"osmWayId": 379285160, "bridge": "yes", "highway": "trunk", "lanes": "3", "layer": "1", "name": "南四环快速路", "name:en": "South 4th Ring Expressway", "name:zh": "南四环快速路", "oneway": "yes", "ref": "G102;G334", "sourceMembership": "g102-tag"}, "geometry": {"type": "LineString", "coordinates": [[125.2126767, 43.8056138], [125.211984, 43.8057152]]}}, {"type": "Feature", "properties": {"osmWayId": 379285162, "highway": "trunk", "lanes": "3", "name": "南四环快速路", "name:en": "South 4th Ring Expressway", "name:zh": "南四环快速路", "oneway": "yes", "ref": "G102;G334", "sourceMembership": "g102-tag"}, "geometry": {"type": "LineString", "coordinates": [[125.211984, 43.8057152], [125.2109413, 43.8058588], [125.2098293, 43.806034], [125.2092956, 43.8061308], [125.2088164, 43.806234], [125.2083498, 43.8063414], [125.2079353, 43.806447], [125.2072117, 43.8066613], [125.2068052, 43.806807], [125.2064192, 43.8069433], [125.2058879, 43.8071508], [125.2054847, 43.8073223], [125.2049633, 43.8075569], [125.2042636, 43.8079099], [125.2042008, 43.8079604], [125.203562, 43.8083149], [125.2032227, 43.8085386]]}}, {"type": "Feature", "properties": {"osmWayId": 381829225, "highway": "trunk", "lanes": "3", "name": "辉山大街", "oneway": "yes", "ref": "G102", "sourceMembership": "g102-tag"}, "geometry": {"type": "LineString", "coordinates": [[123.577839, 41.9389702], [123.5767115, 41.9381986], [123.5762312, 41.9377954], [123.5751783, 41.9369115], [123.5726788, 41.9342661], [123.5719044, 41.9334464], [123.5692918, 41.930892], [123.5689819, 41.9305891], [123.5689163, 41.9305249]]}}, {"type": "Feature", "properties": {"osmWayId": 381829730, "highway": "trunk", "lanes": "3", "name": "辉山大街", "oneway": "yes", "ref": "G102", "sourceMembership": "g102-tag"}, "geometry": {"type": "LineString", "coordinates": [[123.5462959, 41.910338], [123.5467636, 41.9110511], [123.5473119, 41.9118487], [123.5480919, 41.9128511], [123.5485006, 41.9133212], [123.5499331, 41.9149689], [123.5507494, 41.9157401], [123.5519157, 41.9167599], [123.5527356, 41.9174767], [123.5555504, 41.919558], [123.5582694, 41.9215548], [123.560241, 41.923061], [123.562709, 41.9249535], [123.5646711, 41.9264774], [123.5656736, 41.9273593], [123.568548, 41.929912], [123.5688813, 41.9301916], [123.5689554, 41.9302571]]}}, {"type": "Feature", "properties": {"osmWayId": 381829731, "highway": "trunk", "name": "辉山大街", "oneway": "yes", "ref": "G102", "sourceMembership": "g102-tag"}, "geometry": {"type": "LineString", "coordinates": [[123.5294485, 41.8931581], [123.5299102, 41.8934935], [123.5302036, 41.8936869], [123.5307593, 41.8940373], [123.5314911, 41.8944701], [123.5325647, 41.8951292], [123.5326989, 41.8952152], [123.532835, 41.8953084], [123.5329549, 41.8953972], [123.5331994, 41.8955918], [123.533368, 41.8957375], [123.5335206, 41.8958828], [123.5336652, 41.8960244], [123.5338057, 41.8961733], [123.5339544, 41.8963431], [123.5340851, 41.8964914], [123.5341977, 41.8966363], [123.534342, 41.8968217], [123.5344976, 41.897037], [123.5348326, 41.8974666], [123.5350473, 41.8976986], [123.5351943, 41.8978477], [123.5353394, 41.8979811], [123.535817, 41.8984114], [123.5363143, 41.8988532], [123.5374683, 41.8998871], [123.5380187, 41.9004007], [123.5383494, 41.9006934], [123.5384912, 41.900828], [123.5387146, 41.9010577], [123.5390932, 41.9014397], [123.5393341, 41.901685], [123.539573, 41.9019302], [123.5397703, 41.9021468], [123.5399728, 41.9023674], [123.5401634, 41.9025818], [123.540352, 41.9028077], [123.5406218, 41.9031479], [123.5408229, 41.9034164], [123.5412155, 41.9039674], [123.5413853, 41.9042214], [123.5417188, 41.9047756], [123.5420382, 41.9052873], [123.5421799, 41.9054904], [123.5423249, 41.9056797], [123.5426922, 41.9060901], [123.5437708, 41.9072123], [123.5445042, 41.9079622], [123.5446994, 41.9081602], [123.5447953, 41.9082573], [123.5451031, 41.9086114], [123.5453327, 41.9088865], [123.5454539, 41.9090356], [123.5456278, 41.9092798], [123.5457922, 41.9095448], [123.5462959, 41.910338]]}}, {"type": "Feature", "properties": {"osmWayId": 384696738, "highway": "trunk", "lanes": "2", "name": "京抚线", "oneway": "yes", "ref": "G102", "source": "Bing", "sourceMembership": "g102-tag"}, "geometry": {"type": "LineString", "coordinates": [[124.9124817, 43.6095864], [124.9131342, 43.6103297], [124.9138445, 43.6108563], [124.9147947, 43.611503], [124.9153588, 43.6117767], [124.9158392, 43.6119986], [124.916546, 43.6122972], [124.9176115, 43.6126056], [124.9190574, 43.6128514], [124.9207014, 43.6129915], [124.9296217, 43.6126779]]}}, {"type": "Feature", "properties": {"osmWayId": 384696739, "highway": "trunk", "lanes": "2", "name": "京抚线", "oneway": "yes", "ref": "G102", "source": "Bing", "sourceMembership": "g102-tag"}, "geometry": {"type": "LineString", "coordinates": [[124.9297254, 43.6128098], [124.9285149, 43.6128468], [124.9207071, 43.6130851], [124.9190615, 43.6129451], [124.9176016, 43.6126994], [124.9165104, 43.6123879], [124.9157811, 43.6120826], [124.9152826, 43.6118529], [124.9147004, 43.6115678], [124.9137345, 43.6109065], [124.9130148, 43.6103662], [124.9123105, 43.6096484]]}}, {"type": "Feature", "properties": {"osmWayId": 384696741, "bridge": "yes", "highway": "trunk", "layer": "1", "name": "京抚线", "ref": "G102", "source": "GPS", "sourceMembership": "g102-tag"}, "geometry": {"type": "LineString", "coordinates": [[124.2057254, 42.9134737], [124.2057839, 42.9127123]]}}, {"type": "Feature", "properties": {"osmWayId": 384696742, "bridge": "yes", "highway": "trunk", "lanes": "2", "layer": "1", "name": "京抚线", "oneway": "yes", "ref": "G102", "source": "Bing", "sourceMembership": "g102-tag"}, "geometry": {"type": "LineString", "coordinates": [[124.912075, 43.6090672], [124.9124817, 43.6095864]]}}, {"type": "Feature", "properties": {"osmWayId": 384696743, "bridge": "yes", "highway": "trunk", "lanes": "2", "layer": "1", "name": "京抚线", "oneway": "yes", "ref": "G102", "source": "Bing", "sourceMembership": "g102-tag"}, "geometry": {"type": "LineString", "coordinates": [[124.9306562, 43.6127776], [124.9297254, 43.6128098]]}}, {"type": "Feature", "properties": {"osmWayId": 384696745, "bridge": "yes", "highway": "trunk", "lanes": "2", "layer": "1", "name": "京抚线", "oneway": "yes", "ref": "G102", "sourceMembership": "g102-tag"}, "geometry": {"type": "LineString", "coordinates": [[124.9296217, 43.6126779], [124.9305578, 43.6126516]]}}, {"type": "Feature", "properties": {"osmWayId": 384696746, "bridge": "yes", "highway": "trunk", "lanes": "2", "layer": "1", "name": "京抚线", "oneway": "yes", "ref": "G102", "source": "Bing", "sourceMembership": "g102-tag"}, "geometry": {"type": "LineString", "coordinates": [[124.9123105, 43.6096484], [124.9119572, 43.6091679]]}}, {"type": "Feature", "properties": {"osmWayId": 384696747, "highway": "trunk", "lanes": "2", "name": "京抚线", "oneway": "yes", "ref": "G102", "source": "Bing", "sourceMembership": "g102-tag"}, "geometry": {"type": "LineString", "coordinates": [[124.8834122, 43.55967], [124.8831502, 43.5606663], [124.883025, 43.5618382], [124.8829896, 43.5625006], [124.88306, 43.5631608], [124.8831879, 43.5638131], [124.8836463, 43.5652469], [124.884101, 43.5661548], [124.8845861, 43.5669179], [124.8899631, 43.5732705], [124.8941167, 43.5782421], [124.8948341, 43.5791007], [124.8948983, 43.5791877], [124.8950175, 43.5793492], [124.8951078, 43.5794928], [124.8954084, 43.5799705], [124.8957329, 43.5805078], [124.8960268, 43.5811363], [124.896356, 43.5823651], [124.8964982, 43.5831295], [124.8966456, 43.5838671], [124.8979036, 43.5904074], [124.8982395, 43.5913176], [124.8985734, 43.5920934], [124.8990079, 43.5928344], [124.8997667, 43.5938555], [124.9009241, 43.5950233], [124.9034295, 43.5975512], [124.9078941, 43.6020557], [124.9089694, 43.6032818], [124.9094551, 43.60397], [124.9099183, 43.6048359], [124.9115933, 43.6083386], [124.912075, 43.6090672]]}}, {"type": "Feature", "properties": {"osmWayId": 384696748, "highway": "trunk", "lanes": "2", "name": "京抚线", "oneway": "yes", "ref": "G102", "source": "Bing", "sourceMembership": "g102-tag"}, "geometry": {"type": "LineString", "coordinates": [[124.9119572, 43.6091679], [124.9114327, 43.6083929], [124.9097969, 43.6048683], [124.9092941, 43.6040238], [124.9088569, 43.6033283], [124.9077869, 43.6021082], [124.9056161, 43.5999181], [124.9023595, 43.5966323], [124.8996608, 43.5939093], [124.8988972, 43.5928831], [124.8984535, 43.5921298], [124.8981135, 43.5913397], [124.8977758, 43.5904219], [124.8965171, 43.5838811], [124.8963802, 43.5831696], [124.8962286, 43.5823818], [124.8959021, 43.5811617], [124.8956121, 43.5805417], [124.8952921, 43.5800117], [124.8950177, 43.57955], [124.8949355, 43.5794116], [124.8946478, 43.5790651], [124.893998, 43.5782865], [124.8898506, 43.5733169], [124.8844715, 43.5669617], [124.8839812, 43.5661905], [124.883522, 43.5652736], [124.8830606, 43.5638303], [124.8829313, 43.563171], [124.88286, 43.5625024], [124.8828959, 43.5618307], [124.8830179, 43.5606971], [124.8830593, 43.5603925], [124.8832937, 43.5596219]]}}, {"type": "Feature", "properties": {"osmWayId": 384696749, "bridge": "yes", "highway": "trunk", "layer": "1", "name": "京抚线", "ref": "G102", "source": "GPS", "sourceMembership": "g102-tag"}, "geometry": {"type": "LineString", "coordinates": [[124.3521774, 43.1250652], [124.3518158, 43.1243969]]}}, {"type": "Feature", "properties": {"osmWayId": 384800531, "alt_name:ru": "Годао 102", "bridge": "yes", "highway": "trunk", "layer": "1", "name": "京抚线", "name:ru": "Пекин — Харбин", "note": "trunk road superceded by G1", "ref": "G102", "sourceMembership": "g102-tag"}, "geometry": {"type": "LineString", "coordinates": [[126.0164392, 44.8243032], [126.0164232, 44.8246816]]}}, {"type": "Feature", "properties": {"osmWayId": 384800533, "alt_name:ru": "Годао 102", "highway": "trunk", "name": "京抚线", "name:ru": "Пекин — Харбин", "note": "trunk road superceded by G1", "ref": "G102", "sourceMembership": "g102-tag"}, "geometry": {"type": "LineString", "coordinates": [[126.017533, 44.7868976], [126.017334, 44.7918126], [126.0173087, 44.7929912], [126.0172683, 44.7942234], [126.0172583, 44.794528], [126.0169102, 44.8051527], [126.0167247, 44.8108127], [126.016715, 44.8109203], [126.0164607, 44.8193303], [126.0164392, 44.8243032]]}}, {"type": "Feature", "properties": {"osmWayId": 385087074, "highway": "trunk", "lanes": "6", "name": "京抚线", "oneway": "yes", "ref": "G102", "source": "Yahoo hires", "sourceMembership": "g102-tag"}, "geometry": {"type": "LineString", "coordinates": [[123.5887258, 41.9592394], [123.5884049, 41.9587451], [123.5860022, 41.9551825], [123.5845005, 41.9529558], [123.5841533, 41.9523788], [123.5840284, 41.9521287], [123.5839785, 41.9520226], [123.5837406, 41.9515167], [123.5834557, 41.9507939], [123.5833224, 41.9503497], [123.5830426, 41.9491194], [123.5827851, 41.9471579], [123.5824829, 41.9451551], [123.5823542, 41.9444956], [123.5819345, 41.943409], [123.5817314, 41.9429664], [123.5813282, 41.9423261], [123.5809156, 41.9417205], [123.5805309, 41.9412927], [123.5800935, 41.9408125], [123.5796304, 41.9403712], [123.5789334, 41.9398067], [123.578868, 41.9397538], [123.5783646, 41.9393792]]}}, {"type": "Feature", "properties": {"osmWayId": 385087075, "bridge": "yes", "highway": "trunk", "lanes": "6", "layer": "1", "name": "京哈线", "oneway": "yes", "ref": "G102", "source": "Yahoo hires", "sourceMembership": "g102-tag"}, "geometry": {"type": "LineString", "coordinates": [[123.5894735, 41.9603065], [123.5887258, 41.9592394]]}}, {"type": "Feature", "properties": {"osmWayId": 385087142, "bridge": "yes", "highway": "trunk", "layer": "1", "name": "榆林大街", "oneway": "yes", "ref": "G102", "sourceMembership": "g102-tag"}, "geometry": {"type": "LineString", "coordinates": [[123.5249542, 41.8884061], [123.5252908, 41.8887822]]}}, {"type": "Feature", "properties": {"osmWayId": 385087143, "highway": "trunk", "name": "榆林大街", "oneway": "yes", "ref": "G102", "sourceMembership": "g102-tag"}, "geometry": {"type": "LineString", "coordinates": [[123.5229633, 41.8866], [123.5232811, 41.8868684], [123.5237641, 41.8872429], [123.5239999, 41.8874396], [123.5241803, 41.8875994], [123.5243599, 41.8877634], [123.5245516, 41.8879569], [123.5247388, 41.8881669], [123.5249542, 41.8884061]]}}, {"type": "Feature", "properties": {"osmWayId": 385087186, "bridge": "yes", "highway": "trunk", "lanes": "6", "layer": "1", "name": "辉山大街", "oneway": "yes", "ref": "G102", "sourceMembership": "g102-tag"}, "geometry": {"type": "LineString", "coordinates": [[123.5783646, 41.9393792], [123.577839, 41.9389702]]}}, {"type": "Feature", "properties": {"osmWayId": 385360687, "bridge": "yes", "highway": "trunk", "layer": "1", "name": "重工北街", "oneway": "yes", "ref": "G102", "source": "yahoo imagery", "sourceMembership": "g102-tag"}, "geometry": {"type": "LineString", "coordinates": [[123.3469111, 41.8447981], [123.3466583, 41.8444123]]}}, {"type": "Feature", "properties": {"osmWayId": 385360711, "bridge": "yes", "highway": "trunk", "layer": "1", "name": "重工北街", "oneway": "yes", "ref": "G102", "source": "yahoo imagery", "sourceMembership": "g102-tag"}, "geometry": {"type": "LineString", "coordinates": [[123.3466583, 41.8444123], [123.3443837, 41.8407469], [123.3426006, 41.8379114]]}}, {"type": "Feature", "properties": {"osmWayId": 385360823, "bridge": "yes", "highway": "trunk", "layer": "1", "name": "重工北街", "oneway": "yes", "ref": "G102", "source": "yahoo imagery", "sourceMembership": "g102-tag"}, "geometry": {"type": "LineString", "coordinates": [[123.3467669, 41.8443779], [123.3470201, 41.84479]]}}, {"type": "Feature", "properties": {"osmWayId": 385360824, "bridge": "yes", "highway": "trunk", "layer": "1", "name": "重工北街", "oneway": "yes", "ref": "G102", "source": "yahoo imagery", "sourceMembership": "g102-tag"}, "geometry": {"type": "LineString", "coordinates": [[123.3470201, 41.84479], [123.3475672, 41.8455914]]}}, {"type": "Feature", "properties": {"osmWayId": 386735279, "bridge": "yes", "highway": "trunk", "layer": "1", "name": "102国道", "name:en": "G102", "name:zh": "102国道", "oneway": "yes", "ref": "G102;G302", "sourceMembership": "g102-tag"}, "geometry": {"type": "LineString", "coordinates": [[125.420945, 43.9340936], [125.4209727, 43.9342192]]}}, {"type": "Feature", "properties": {"osmWayId": 386735281, "bridge": "yes", "highway": "trunk", "layer": "1", "name": "102国道", "name:en": "G102", "name:zh": "102国道", "oneway": "yes", "ref": "G102;G302", "sourceMembership": "g102-tag"}, "geometry": {"type": "LineString", "coordinates": [[125.420839, 43.9342339], [125.4208102, 43.9341089]]}}, {"type": "Feature", "properties": {"osmWayId": 386735286, "highway": "trunk", "name": "102国道", "name:en": "G102", "name:zh": "102国道", "oneway": "yes", "ref": "G102;G302", "sourceMembership": "g102-tag"}, "geometry": {"type": "LineString", "coordinates": [[125.4209727, 43.9342192], [125.4214196, 43.9362401]]}}, {"type": "Feature", "properties": {"osmWayId": 386735288, "highway": "trunk", "name": "102国道", "name:en": "G102", "name:zh": "102国道", "oneway": "yes", "ref": "G102;G302", "sourceMembership": "g102-tag"}, "geometry": {"type": "LineString", "coordinates": [[125.4213018, 43.936246], [125.420839, 43.9342339]]}}, {"type": "Feature", "properties": {"osmWayId": 392074591, "highway": "trunk", "name": "京抚线", "ref": "G102", "source": "bing", "sourceMembership": "g102-tag"}, "geometry": {"type": "LineString", "coordinates": [[118.45861, 39.8664525], [118.4524038, 39.865527], [118.4482525, 39.8648325], [118.4427495, 39.8639456], [118.4374669, 39.8630603], [118.4372969, 39.8630318], [118.4371707, 39.8630107], [118.4325405, 39.8622568], [118.4319347, 39.862187], [118.4312928, 39.8621439], [118.4301446, 39.8621121], [118.4285378, 39.8621045], [118.4205321, 39.8621185], [118.4172254, 39.8621591], [118.4163247, 39.8621804], [118.4162273, 39.8621755]]}}, {"type": "Feature", "properties": {"osmWayId": 392074592, "bridge": "yes", "highway": "trunk", "layer": "1", "name": "京抚线", "ref": "G102", "source": "bing", "sourceMembership": "g102-tag"}, "geometry": {"type": "LineString", "coordinates": [[118.5102117, 39.8651872], [118.5093962, 39.8649577]]}}, {"type": "Feature", "properties": {"osmWayId": 394182449, "bridge": "yes", "highway": "trunk", "lanes": "2", "layer": "2", "name": "长安桥", "oneway": "yes", "ref": "G102;G221", "sourceMembership": "g102-tag"}, "geometry": {"type": "LineString", "coordinates": [[130.3310097, 46.8024578], [130.3328441, 46.8012749]]}}, {"type": "Feature", "properties": {"osmWayId": 394182452, "highway": "trunk", "lanes": "2", "name": "红旗街", "oneway": "yes", "ref": "G102", "source": "Yahoo", "sourceMembership": "g102-tag"}, "geometry": {"type": "LineString", "coordinates": [[130.2998468, 46.8223305], [130.2988216, 46.8229968], [130.2986412, 46.8231109], [130.2949653, 46.8254667]]}}, {"type": "Feature", "properties": {"osmWayId": 394182453, "highway": "trunk", "lanes": "2", "name": "红旗街", "oneway": "yes", "ref": "G102", "source": "Yahoo", "sourceMembership": "g102-tag"}, "geometry": {"type": "LineString", "coordinates": [[130.2948215, 46.8254333], [130.2952214, 46.8251888], [130.2986289, 46.8230512], [130.2987935, 46.8229469], [130.2997867, 46.8223015]]}}, {"type": "Feature", "properties": {"osmWayId": 394449817, "bridge": "yes", "highway": "trunk", "lanes": "2", "layer": "1", "name": "京抚线", "ref": "G102", "source": "GPS", "surface": "asphalt", "sourceMembership": "g102-tag"}, "geometry": {"type": "LineString", "coordinates": [[127.6214061, 46.0489904], [127.6218734, 46.0488192]]}}, {"type": "Feature", "properties": {"osmWayId": 402921296, "bridge": "yes", "highway": "trunk", "layer": "1", "name": "京抚线", "ref": "G102", "source": "bing", "sourceMembership": "g102-tag"}, "geometry": {"type": "LineString", "coordinates": [[120.8941287, 40.7945865], [120.8931522, 40.7943067]]}}, {"type": "Feature", "properties": {"osmWayId": 403657887, "highway": "trunk", "lanes": "2", "name": "北环路", "oneway": "yes", "ref": "G102;G306", "sourceMembership": "g102-tag"}, "geometry": {"type": "LineString", "coordinates": [[120.3362457, 40.3446992], [120.3368054, 40.3445654], [120.3396964, 40.3429361], [120.3446713, 40.340007], [120.3463111, 40.3390415], [120.347754, 40.3382114], [120.3485702, 40.3377221], [120.3491167, 40.337446], [120.3512492, 40.3360632], [120.3513486, 40.3359988]]}}, {"type": "Feature", "properties": {"osmWayId": 403657895, "highway": "trunk", "lanes": "2", "name": "北环路", "oneway": "yes", "ref": "G102;G306", "sourceMembership": "g102-tag"}, "geometry": {"type": "LineString", "coordinates": [[120.3514127, 40.3361017], [120.3491663, 40.3375129], [120.3464055, 40.3390799], [120.3447427, 40.3400655], [120.3398067, 40.342991], [120.3369064, 40.3446255], [120.3362093, 40.3451101]]}}, {"type": "Feature", "properties": {"osmWayId": 403657900, "highway": "trunk", "lanes": "2", "name": "北环路东段", "oneway": "yes", "ref": "G102;G306", "sourceMembership": "g102-tag"}, "geometry": {"type": "LineString", "coordinates": [[120.3362093, 40.3451101], [120.3355922, 40.3454988], [120.3349996, 40.3451462], [120.333272, 40.3441326], [120.3314969, 40.3432925], [120.3308038, 40.3429501]]}}, {"type": "Feature", "properties": {"osmWayId": 406673805, "bridge": "yes", "highway": "trunk", "layer": "1", "name": "京抚线;同哈线", "name:en": "Jiatong Expressway", "note": "not really sure its a road", "ref": "G102;G221", "source": "Bing", "sourceMembership": "g102-tag"}, "geometry": {"type": "LineString", "coordinates": [[132.2741187, 47.3054745], [132.2738369, 47.3059934]]}}, {"type": "Feature", "properties": {"osmWayId": 409266449, "highway": "trunk", "lanes": "2", "name": "京抚线", "oneway": "yes", "ref": "G102", "source": "Bing;GPS", "sourceMembership": "g102-tag"}, "geometry": {"type": "LineString", "coordinates": [[124.4955013, 43.2597732], [124.4963822, 43.2606951], [124.4964693, 43.2607863], [124.4972865, 43.261611], [124.4982511, 43.2625844], [124.5000031, 43.2643274], [124.501736, 43.2661457], [124.5017849, 43.2662153], [124.5022416, 43.2668664], [124.5026344, 43.2675297], [124.502889, 43.2679977], [124.502942, 43.2680951], [124.5035147, 43.2690971], [124.5037799, 43.2694913], [124.504245, 43.2701506], [124.5047641, 43.2707405], [124.5053075, 43.2713305], [124.5058765, 43.2718899], [124.5071167, 43.273049], [124.5085546, 43.2743743], [124.5134083, 43.2787695], [124.5157883, 43.2813248], [124.5198401, 43.2853917], [124.5232173, 43.2889746], [124.5281216, 43.293847], [124.5293037, 43.2949723], [124.5331756, 43.2987545], [124.5353836, 43.3007041], [124.5376373, 43.3028806], [124.5380415, 43.303326], [124.5394625, 43.3049141], [124.5407906, 43.306343], [124.553951, 43.3195395], [124.5546966, 43.320124], [124.555678, 43.3207631], [124.5560097, 43.3209522], [124.5566578, 43.3213099], [124.5580048, 43.3217999], [124.5597023, 43.3221876], [124.5706585, 43.3241914], [124.5805634, 43.3260891], [124.5859693, 43.3270722], [124.5869756, 43.3273031], [124.587229, 43.3273765], [124.5874024, 43.3274268], [124.5880086, 43.3276025], [124.5888999, 43.3279577], [124.5906701, 43.3287079], [124.5930026, 43.3298447], [124.5952597, 43.3310836], [124.5955397, 43.3312694], [124.5957199, 43.3314097], [124.5965356, 43.3320448], [124.5972539, 43.3327774], [124.5977756, 43.3335873], [124.5982554, 43.334516], [124.598613, 43.3354548], [124.5987677, 43.3365346], [124.5994935, 43.3414962], [124.6001142, 43.3457392], [124.6009394, 43.3503277], [124.6011545, 43.3508441], [124.6015971, 43.3517596], [124.602413, 43.3531955], [124.60668, 43.3607691], [124.6077992, 43.3627393], [124.6081207, 43.363173], [124.6084325, 43.3635905], [124.6091881, 43.364412], [124.6155387, 43.3704134], [124.6164734, 43.3712377], [124.6190549, 43.373237], [124.6203312, 43.3742255], [124.6252773, 43.3781349], [124.6283391, 43.3805152], [124.6313807, 43.3827998], [124.6335822, 43.3843308], [124.6346759, 43.3851957], [124.6376874, 43.3878429], [124.6394615, 43.3894028], [124.6467559, 43.395223], [124.652407, 43.3997124], [124.6548703, 43.4015869], [124.6559546, 43.4023192], [124.6583893, 43.4039411], [124.6586837, 43.4041511], [124.659875, 43.4050517], [124.6602036, 43.4053039], [124.6609921, 43.4059424], [124.6610013, 43.4059498], [124.6618819, 43.4066599], [124.662391, 43.4070725], [124.6628008, 43.407394], [124.6651984, 43.4093045], [124.6664979, 43.4103401], [124.6702538, 43.4133579], [124.6708541, 43.413818], [124.672182, 43.4148399], [124.679545, 43.4207121], [124.6797138, 43.4208522], [124.6862106, 43.426267], [124.6872452, 43.4269727], [124.6889218, 43.428241], [124.6916583, 43.4300356], [124.69298, 43.4307433], [124.6955758, 43.4320479], [124.6986241, 43.4332826], [124.699125, 43.4334802], [124.7017214, 43.4346397], [124.7064127, 43.4366659]]}}, {"type": "Feature", "properties": {"osmWayId": 409266457, "highway": "trunk", "lanes": "2", "name": "京抚线", "oneway": "yes", "ref": "G102", "source": "Bing", "sourceMembership": "g102-tag"}, "geometry": {"type": "LineString", "coordinates": [[124.7107767, 43.4385445], [124.7121608, 43.4391434], [124.7133388, 43.4396374], [124.7145038, 43.4402131], [124.7164538, 43.4412505], [124.7193198, 43.442548], [124.7211652, 43.443108], [124.725024, 43.4442175], [124.7322131, 43.4462845], [124.7362411, 43.4474271], [124.7395968, 43.448286], [124.7416713, 43.4487647], [124.7418837, 43.4488055], [124.7446821, 43.449343], [124.7494631, 43.4499531], [124.7551849, 43.450498], [124.7586139, 43.4510034], [124.7624739, 43.4517454], [124.7656747, 43.4525782], [124.7689329, 43.4536372], [124.7713397, 43.4545377], [124.7732765, 43.4553552], [124.774687, 43.4560324], [124.7748484, 43.45611], [124.7774105, 43.4573401], [124.7830011, 43.4601179], [124.7853141, 43.4612419], [124.7858404, 43.4615192], [124.7886532, 43.4628976], [124.7899995, 43.4635574], [124.7921179, 43.4646843], [124.7928492, 43.4651648], [124.7936055, 43.4658057], [124.7942009, 43.4663346], [124.79488, 43.4671324], [124.7954939, 43.4680516], [124.7958179, 43.468683], [124.7960909, 43.4694034], [124.7968301, 43.4721021], [124.7973168, 43.4730755], [124.7978605, 43.4739286], [124.7984921, 43.4746792], [124.7994546, 43.4755973], [124.8003221, 43.4762431], [124.8018646, 43.4771268], [124.8019754, 43.4771903], [124.8020508, 43.4772255], [124.8037733, 43.477867], [124.8048556, 43.4782163], [124.8139736, 43.4811586], [124.8190422, 43.4827942], [124.819173, 43.4828364], [124.8213238, 43.4835304], [124.8234731, 43.4842979], [124.824215, 43.4846259], [124.824361, 43.4846905]]}}, {"type": "Feature", "properties": {"osmWayId": 409266460, "highway": "trunk", "lanes": "2", "name": "京抚线", "oneway": "yes", "ref": "G102", "source": "Bing", "sourceMembership": "g102-tag"}, "geometry": {"type": "LineString", "coordinates": [[125.0513877, 43.705096], [125.0477406, 43.7028702], [125.0463989, 43.701974], [125.0449866, 43.7008195], [125.0256535, 43.6850134], [125.0245835, 43.6844434], [125.0141935, 43.6808432], [125.0136263, 43.6806347], [125.0107935, 43.6795932], [125.0010035, 43.675263], [124.9993635, 43.674463], [124.9967135, 43.6732829], [124.9961735, 43.6729629], [124.9956135, 43.6725229], [124.9951235, 43.6720029], [124.9940676, 43.670618], [124.9926911, 43.6680737], [124.9867838, 43.6558536], [124.985484, 43.6544261], [124.9851514, 43.6541292], [124.984719, 43.653743], [124.9842083, 43.6534108], [124.9832427, 43.6528185], [124.9819483, 43.6521497], [124.9801225, 43.6515118], [124.9730712, 43.6491808], [124.968946, 43.6478106], [124.9680179, 43.647403], [124.9677024, 43.6472543], [124.9675566, 43.6471856], [124.9669343, 43.6468208], [124.9662515, 43.6463642], [124.9657955, 43.6459528], [124.9652392, 43.6453923], [124.9646969, 43.6447711], [124.9642827, 43.6440196], [124.9638632, 43.642862], [124.9631432, 43.6373217], [124.963131, 43.6372277], [124.9630321, 43.6364669], [124.9624878, 43.6322781], [124.962297, 43.630809], [124.9617826, 43.6268501], [124.961504, 43.6247059]]}}, {"type": "Feature", "properties": {"osmWayId": 409266462, "highway": "trunk", "lanes": "3", "name": "北一经街", "oneway": "yes", "ref": "G102", "source": "Bing", "sourceMembership": "g102-tag"}, "geometry": {"type": "LineString", "coordinates": [[124.3892307, 43.1852918], [124.3892095, 43.1852434], [124.3891066, 43.1848574], [124.3889853, 43.1846029], [124.3886455, 43.1842281], [124.3864159, 43.1819454], [124.3858506, 43.1813607], [124.3856497, 43.1811376], [124.3855075, 43.1808702], [124.385442, 43.1806198], [124.3851329, 43.1793714], [124.3851009, 43.179246], [124.385023, 43.1789536], [124.3849542, 43.1787638], [124.3848362, 43.1784657], [124.3836734, 43.1765835], [124.3828461, 43.1752637], [124.3803361, 43.1712593], [124.380093, 43.1708714], [124.3794327, 43.1698179], [124.3781911, 43.1678369], [124.3780103, 43.1675484]]}}, {"type": "Feature", "properties": {"osmWayId": 409266472, "highway": "trunk", "lanes": "2", "name": "京抚线", "oneway": "yes", "ref": "G102", "source": "Bing", "sourceMembership": "g102-tag"}, "geometry": {"type": "LineString", "coordinates": [[124.9305578, 43.6126516], [124.9372697, 43.6124156], [124.9419989, 43.6122649], [124.9449129, 43.6124342], [124.9469127, 43.6129951], [124.9484749, 43.6137081], [124.9565108, 43.6192075], [124.9596865, 43.6213434], [124.960474, 43.6222925], [124.9610276, 43.6231608], [124.9616322, 43.6246907], [124.9619162, 43.6268448], [124.9624385, 43.6308056], [124.9626321, 43.6322734], [124.9631842, 43.6364603], [124.9632844, 43.6372202], [124.9632988, 43.6373294], [124.9640274, 43.6428542], [124.9644866, 43.6441205], [124.964787, 43.6446174], [124.9653786, 43.6453729], [124.9662364, 43.6461764], [124.966988, 43.6466966], [124.9673688, 43.6469178], [124.9680287, 43.6472866], [124.9689551, 43.6476724], [124.9801876, 43.6514302], [124.9822299, 43.6521074], [124.9839723, 43.6531069], [124.984638, 43.6535711], [124.9853027, 43.6540267], [124.9859389, 43.6546722], [124.9870091, 43.6558769], [124.9926846, 43.6677773], [124.9928058, 43.6679962], [124.9942596, 43.6706231], [124.9952389, 43.6719592], [124.9957151, 43.6724645], [124.9962625, 43.6728947], [124.9967887, 43.6732065], [124.9994336, 43.6743843], [125.0010735, 43.6751842], [125.0108567, 43.6795114], [125.0137077, 43.6805596], [125.0142508, 43.6807593], [125.0246504, 43.6843628], [125.0257409, 43.6849437], [125.0415035, 43.6978096], [125.0451016, 43.700746], [125.046499, 43.7018864], [125.0478564, 43.7028032], [125.0515077, 43.7050172]]}}, {"type": "Feature", "properties": {"osmWayId": 409266479, "highway": "trunk", "lanes": "2", "name": "京抚线", "oneway": "yes", "ref": "G102", "source": "Bing", "sourceMembership": "g102-tag"}, "geometry": {"type": "LineString", "coordinates": [[124.961504, 43.6247059], [124.9612207, 43.6239374], [124.9607529, 43.6229914], [124.9594977, 43.621376], [124.9491014, 43.6143], [124.9469342, 43.6131815], [124.9448528, 43.6125445], [124.9425354, 43.6124047], [124.9365444, 43.612574], [124.9306562, 43.6127776]]}}, {"type": "Feature", "properties": {"osmWayId": 409268001, "highway": "trunk", "name": "京抚线", "ref": "G102", "source": "GPS", "sourceMembership": "g102-tag"}, "geometry": {"type": "LineString", "coordinates": [[124.3518158, 43.1243969], [124.3517036, 43.1241241], [124.3516124, 43.1239159], [124.3514958, 43.1235943], [124.3511162, 43.1213746], [124.3508477, 43.1190651], [124.35004, 43.1144676], [124.3497168, 43.1126784], [124.3498048, 43.1096104], [124.349823, 43.1089752], [124.3496589, 43.1084665], [124.3486407, 43.1058969], [124.3483885, 43.1050893], [124.3471719, 43.1000282], [124.3470621, 43.0998441], [124.3467621, 43.0993411], [124.3448902, 43.0973284], [124.3445249, 43.0967781], [124.3443318, 43.0962869], [124.3430137, 43.0915011], [124.3424714, 43.0898393], [124.3412957, 43.0872699], [124.3404044, 43.0853219], [124.3400606, 43.0845896], [124.3390859, 43.083185], [124.3385259, 43.0824447], [124.3375774, 43.0811907], [124.3309315, 43.0726706], [124.3302358, 43.0718957], [124.3242167, 43.0651908], [124.3235178, 43.064466], [124.3194978, 43.0607971], [124.3128668, 43.0552631], [124.3089465, 43.0521754], [124.3056388, 43.0493608], [124.3042505, 43.0482914], [124.2997615, 43.0449152], [124.2954646, 43.0416224], [124.2916843, 43.0389743], [124.2903486, 43.0380682], [124.2883659, 43.0365846], [124.2872537, 43.0356181], [124.2795409, 43.0291433], [124.2783913, 43.0281402], [124.2733455, 43.0231891], [124.2704489, 43.0204441], [124.2682732, 43.0183822], [124.26759, 43.0174878], [124.267074, 43.0166829], [124.2654407, 43.0140278], [124.2645272, 43.0124607], [124.2642194, 43.0120281], [124.2639194, 43.0117338], [124.2632101, 43.0112291], [124.2626909, 43.0109683], [124.2610623, 43.0102932], [124.2600462, 43.0096949], [124.259465, 43.0091458], [124.253312, 43.0027531], [124.2424206, 42.9919573], [124.2419163, 42.9915135], [124.2410119, 42.991067], [124.2383399, 42.9898231], [124.2372, 42.9891074], [124.2365487, 42.9884466], [124.2345043, 42.9859431], [124.2340805, 42.9855181], [124.232836, 42.9841768], [124.2314815, 42.9828123], [124.2287687, 42.9803834], [124.2283326, 42.9798677], [124.2279351, 42.9792708], [124.2257727, 42.9753865], [124.2190269, 42.9653883], [124.2155219, 42.9597631], [124.2151019, 42.9590121], [124.2131584, 42.9552545], [124.2129277, 42.9546919], [124.2120327, 42.9519229], [124.2105716, 42.9480763], [124.2102541, 42.9471697], [124.2089977, 42.9432331], [124.2083508, 42.9411993], [124.2061916, 42.9329339], [124.2053193, 42.9286617], [124.205219, 42.9278824], [124.2050989, 42.9240121], [124.2051509, 42.9233569], [124.2057329, 42.9195308], [124.2058, 42.918802], [124.2057254, 42.9134737]]}}, {"type": "Feature", "properties": {"osmWayId": 409270429, "highway": "trunk", "lanes": "2", "name": "京抚线", "old_ref": "G102", "oneway": "yes", "ref": "G505", "source": "Bing", "sourceMembership": "g102-tag"}, "geometry": {"type": "LineString", "coordinates": [[124.0485757, 42.5494135], [124.0483926, 42.5490716], [124.0485006, 42.5487153], [124.0500069, 42.5468777], [124.0501202, 42.5467076], [124.0502458, 42.5463404], [124.0503633, 42.5454918], [124.0503731, 42.5453784], [124.0503735, 42.5453752], [124.0505832, 42.5435459], [124.051053, 42.539447], [124.0510663, 42.5394037], [124.0510769, 42.5392701], [124.0510976, 42.5389944], [124.0511509, 42.5382823], [124.0512711, 42.5366768], [124.0513623, 42.5352372], [124.0513292, 42.5348457], [124.0511541, 42.5344574], [124.0509066, 42.5340896], [124.050388, 42.5336678], [124.0492839, 42.5330285], [124.0483576, 42.5324922], [124.0482415, 42.532425], [124.0468229, 42.5316036], [124.0460333, 42.5310424], [124.045756, 42.5308343], [124.0457014, 42.5307933], [124.045643, 42.5307495], [124.0427396, 42.5282832], [124.0415689, 42.5273923], [124.041521, 42.5272992], [124.0411921, 42.5268019], [124.0409179, 42.5263525], [124.0407502, 42.5258145], [124.0407425, 42.5253462], [124.0409065, 42.5230817], [124.0409956, 42.5224191], [124.0410854, 42.5221562], [124.0412124, 42.5218885], [124.0413517, 42.5216583], [124.041503, 42.5214664], [124.0415414, 42.5214154]]}}, {"type": "Feature", "properties": {"osmWayId": 409274711, "highway": "trunk", "name": "京抚线", "ref": "G102", "source": "GPS", "sourceMembership": "g102-tag"}, "geometry": {"type": "LineString", "coordinates": [[123.9997107, 42.622084], [124.0002222, 42.6205832], [124.0003253, 42.6202937], [124.0003792, 42.6201424], [124.0006539, 42.6193716], [124.0008857, 42.618839], [124.0009441, 42.6187049], [124.0013915, 42.6179861], [124.0024538, 42.6164935], [124.0026709, 42.6161885], [124.0027173, 42.6161234], [124.0029128, 42.6157884], [124.0035926, 42.6146238], [124.004371, 42.6132247], [124.0050941, 42.6117809], [124.0056874, 42.6109917], [124.0061556, 42.610537], [124.0091274, 42.607992], [124.0101574, 42.607172], [124.0110574, 42.606652], [124.0116174, 42.6064019], [124.0125374, 42.6060919], [124.0133974, 42.6058919], [124.0147774, 42.6057219], [124.0160525, 42.6057422], [124.029015, 42.6064476], [124.0316071, 42.6065886], [124.0326088, 42.6066432], [124.0402902, 42.6070612], [124.0411087, 42.6071057], [124.0435187, 42.6072157], [124.0443587, 42.6072157], [124.0491221, 42.606914], [124.0495687, 42.6068857], [124.0503987, 42.6068157], [124.0513987, 42.6066657], [124.0526687, 42.6063256], [124.0528906, 42.6062488], [124.0531887, 42.6061456], [124.0538087, 42.6058656], [124.0540433, 42.605734], [124.0545707, 42.605438], [124.0547887, 42.6053156], [124.0549514, 42.6051861], [124.0558187, 42.6044956], [124.0561887, 42.6041056], [124.0566687, 42.6034955], [124.0598187, 42.5985316], [124.0600658, 42.5982452], [124.0602587, 42.5980216], [124.0611187, 42.5972416], [124.0619387, 42.5967416], [124.0628687, 42.5963216], [124.0639587, 42.5959815], [124.0643235, 42.59591], [124.0644687, 42.5958815], [124.0693491, 42.5951707], [124.0748996, 42.5943623], [124.0757918, 42.5940883], [124.0762143, 42.5938754], [124.0762855, 42.5938421], [124.0763882, 42.5937599]]}}, {"type": "Feature", "properties": {"osmWayId": 437774739, "highway": "trunk", "name": "京抚线", "oneway": "yes", "ref": "G102", "source": "bing", "sourceMembership": "g102-tag"}, "geometry": {"type": "LineString", "coordinates": [[121.3716689, 41.1731338], [121.3729927, 41.1736453], [121.3749376, 41.1742693], [121.3768064, 41.1749444], [121.3771076, 41.1750585], [121.3775492, 41.1752257], [121.3779134, 41.1753715]]}}, {"type": "Feature", "properties": {"osmWayId": 437774740, "highway": "trunk", "name": "京抚线", "oneway": "yes", "ref": "G102", "source": "bing", "sourceMembership": "g102-tag"}, "geometry": {"type": "LineString", "coordinates": [[121.377888, 41.1754093], [121.3775218, 41.1752587], [121.3767692, 41.1749875], [121.3748963, 41.174329], [121.3738112, 41.1740076], [121.3721995, 41.1734597]]}}, {"type": "Feature", "properties": {"osmWayId": 437774742, "highway": "trunk", "name": "京抚线", "ref": "G102", "source": "bing", "sourceMembership": "g102-tag"}, "geometry": {"type": "LineString", "coordinates": [[121.3721995, 41.1734597], [121.3716689, 41.1731338], [121.3715739, 41.1730519], [121.3712741, 41.1727934], [121.3709093, 41.1724518], [121.3705783, 41.172027], [121.3703182, 41.1715978], [121.3699791, 41.1706614], [121.3699383, 41.1705225], [121.369309, 41.1683349], [121.368064, 41.1640296], [121.3680444, 41.1639645], [121.3675453, 41.1623161], [121.3662182, 41.156792], [121.3655394, 41.1539664], [121.3652774, 41.1529424], [121.3652493, 41.1528325], [121.364807, 41.1511045], [121.3646891, 41.150762], [121.3645568, 41.150429], [121.3644201, 41.1501351], [121.3642473, 41.1498603], [121.3639672, 41.1494625], [121.3635772, 41.1490925], [121.3630596, 41.1487362], [121.3591197, 41.1466112], [121.3589749, 41.1465331], [121.3578282, 41.1459146], [121.357266, 41.1456459], [121.356579, 41.1454198], [121.3559217, 41.1453268], [121.3534821, 41.1451749], [121.3533984, 41.1451697], [121.3533795, 41.1451685], [121.3457322, 41.14467], [121.3416969, 41.144407], [121.3411368, 41.1443452], [121.3404158, 41.1442341], [121.3286932, 41.1407083], [121.3232502, 41.1390711], [121.3223978, 41.1387431], [121.321524, 41.1382405], [121.3106106, 41.1309086], [121.3097126, 41.13021], [121.3070695, 41.1277229], [121.3066719, 41.1274054], [121.306068, 41.1269233], [121.3028999, 41.1247985], [121.3028091, 41.1247376], [121.2960873, 41.120275], [121.2953165, 41.1197655], [121.2895617, 41.115961], [121.2880158, 41.1148692], [121.2765486, 41.1073099], [121.2737583, 41.1054275], [121.2725184, 41.104591], [121.2720039, 41.1042486], [121.2697886, 41.1024932], [121.26922, 41.1020934], [121.2689323, 41.1019288], [121.2685436, 41.1017414], [121.2675764, 41.1013998], [121.2665998, 41.1010451], [121.2663645, 41.1009596], [121.2658345, 41.1007748], [121.2653585, 41.1005695], [121.2647175, 41.1002617], [121.2602831, 41.0977562], [121.2575159, 41.0961413], [121.2574007, 41.0960741], [121.2556167, 41.0951196], [121.2545842, 41.0945723], [121.2544638, 41.0945161], [121.2543324, 41.0944546], [121.2512786, 41.0930275], [121.2512108, 41.0929987]]}}, {"type": "Feature", "properties": {"osmWayId": 437777059, "highway": "trunk", "lanes": "2", "name": "京抚线", "oneway": "yes", "ref": "G102", "source": "bing", "sourceMembership": "g102-tag"}, "geometry": {"type": "LineString", "coordinates": [[121.470444, 41.2324817], [121.4743037, 41.2351776], [121.4751958, 41.2357593], [121.4757302, 41.2360538], [121.4831058, 41.2401191], [121.4860743, 41.2417552], [121.48672, 41.2421964], [121.4868135, 41.2422603], [121.4887428, 41.2441585], [121.4988411, 41.2543912], [121.4995696, 41.2549477], [121.5002739, 41.2553482], [121.5069467, 41.258153], [121.5080222, 41.2585109], [121.5086365, 41.259272], [121.5103687, 41.2615794], [121.510793, 41.2623783], [121.5116889, 41.2657957], [121.5121159, 41.2671065], [121.5123871, 41.2679456], [121.5127529, 41.2686515], [121.5130541, 41.2691038], [121.5144912, 41.2712353], [121.5185121, 41.2767739], [121.5232014, 41.2832326], [121.5238135, 41.2842235], [121.5243494, 41.285276], [121.5261519, 41.2894076], [121.5265242, 41.2900106], [121.5269571, 41.2905415], [121.5325269, 41.2964723], [121.5335907, 41.2975827], [121.5354173, 41.2991335], [121.537239, 41.3006742], [121.5381918, 41.3012884], [121.5394417, 41.3018852], [121.5400881, 41.30221], [121.5406921, 41.302694], [121.5419506, 41.3039562], [121.5427408, 41.3046199], [121.5439156, 41.3053819], [121.5444628, 41.3058587], [121.546277, 41.3081221], [121.5493417, 41.3123172], [121.5499393, 41.3129389], [121.5531885, 41.3159963], [121.5537834, 41.3165354], [121.554395, 41.3168871], [121.5553198, 41.3173686], [121.5559217, 41.3177856], [121.5565375, 41.3183686], [121.5593957, 41.3218592], [121.5625006, 41.3245334], [121.5651335, 41.3265259], [121.5683596, 41.3293119], [121.571103, 41.3319399], [121.5789737, 41.3376838], [121.5819531, 41.3393126]]}}, {"type": "Feature", "properties": {"osmWayId": 437777069, "bridge": "yes", "highway": "trunk", "lanes": "2", "layer": "1", "name": "京抚线", "oneway": "yes", "ref": "G102", "source": "bing", "sourceMembership": "g102-tag"}, "geometry": {"type": "LineString", "coordinates": [[121.757779, 41.3639117], [121.758771, 41.3636684]]}}, {"type": "Feature", "properties": {"osmWayId": 437989274, "highway": "trunk", "name": "京抚线", "ref": "G102", "sourceMembership": "g102-tag"}, "geometry": {"type": "LineString", "coordinates": [[120.521878, 40.433141], [120.5205852, 40.4331475], [120.5194984, 40.4329887], [120.5185108, 40.4327315], [120.5176042, 40.4323215], [120.517053, 40.4320203], [120.5162807, 40.4314914], [120.5139591, 40.429972], [120.5134857, 40.4297029], [120.5133473, 40.4296243], [120.5101514, 40.4278077], [120.5092808, 40.4272573], [120.5015083, 40.4216474], [120.498306, 40.419405], [120.4960854, 40.4179175], [120.4953617, 40.4174981], [120.4875475, 40.413925], [120.485473, 40.4129764], [120.484634, 40.4125573], [120.4805173, 40.4101785], [120.4787009, 40.4089061], [120.4782051, 40.4085467], [120.4765432, 40.4073421], [120.4656504, 40.3994462], [120.463916, 40.3982921], [120.4508022, 40.3909786], [120.4391271, 40.3858141], [120.43839, 40.3855329], [120.4374507, 40.3853212], [120.4364953, 40.3852023], [120.4349096, 40.3850519], [120.4342755, 40.3849265], [120.4330583, 40.3845677], [120.4304346, 40.3837096], [120.4292415, 40.3832005], [120.4263404, 40.3817008], [120.4253244, 40.3810531], [120.4221186, 40.3788175], [120.4166673, 40.3748767], [120.4155231, 40.3740496], [120.4071063, 40.3680515], [120.4062464, 40.3675705], [120.3973946, 40.3630679], [120.3966226, 40.3627601], [120.3948511, 40.36217], [120.3920307, 40.3612796], [120.3885165, 40.3603297], [120.387597, 40.360102], [120.3819944, 40.3590134]]}}, {"type": "Feature", "properties": {"osmWayId": 437989285, "bridge": "yes", "highway": "trunk", "layer": "1", "name": "京哈线", "ref": "G102", "sourceMembership": "g102-tag"}, "geometry": {"type": "LineString", "coordinates": [[120.5238865, 40.432727], [120.523092, 40.4329597], [120.521878, 40.433141]]}}, {"type": "Feature", "properties": {"osmWayId": 444834654, "highway": "trunk", "lanes": "3", "name": "观泉路", "oneway": "yes", "ref": "G102", "surface": "asphalt", "sourceMembership": "g102-tag"}, "geometry": {"type": "LineString", "coordinates": [[123.4660384, 41.848786], [123.466808, 41.8485496]]}}, {"type": "Feature", "properties": {"osmWayId": 444834656, "bridge": "yes", "highway": "trunk", "layer": "1", "name": "重工北街", "oneway": "yes", "ref": "G102", "source": "yahoo imagery", "sourceMembership": "g102-tag"}, "geometry": {"type": "LineString", "coordinates": [[123.3475672, 41.8455914], [123.3479822, 41.8459613], [123.3484333, 41.8462748], [123.3492562, 41.8467804], [123.3498725, 41.8470477], [123.3504608, 41.8472594], [123.3513062, 41.8476072]]}}, {"type": "Feature", "properties": {"osmWayId": 444834657, "bridge": "yes", "highway": "trunk", "layer": "1", "name": "重工北街", "oneway": "yes", "ref": "G102", "source": "yahoo imagery", "sourceMembership": "g102-tag"}, "geometry": {"type": "LineString", "coordinates": [[123.3512578, 41.8477105], [123.3496881, 41.8470869], [123.3490453, 41.8468011], [123.3485407, 41.8464668], [123.3481879, 41.8462374], [123.3477205, 41.8458788], [123.3474711, 41.8456406], [123.3469111, 41.8447981]]}}, {"type": "Feature", "properties": {"osmWayId": 444834659, "highway": "trunk", "lanes": "3", "name": "金山路", "oneway": "yes", "ref": "G102", "surface": "asphalt", "sourceMembership": "g102-tag"}, "geometry": {"type": "LineString", "coordinates": [[123.4661029, 41.848907], [123.4633948, 41.8497]]}}, {"type": "Feature", "properties": {"osmWayId": 449067951, "highway": "trunk", "lanes": "2", "name": "102国道", "name:en": "G102", "name:zh": "102国道", "oneway": "yes", "ref": "G102", "sourceMembership": "g102-tag"}, "geometry": {"type": "LineString", "coordinates": [[125.4278436, 44.0053581], [125.4279589, 44.0048997], [125.4282834, 44.0038324], [125.4289797, 44.0013544], [125.4295776, 43.9993063], [125.4300187, 43.9977616], [125.4301499, 43.9972634], [125.4302593, 43.9966235], [125.4303541, 43.9959783], [125.4304452, 43.9946775], [125.4305636, 43.9929693], [125.4307248, 43.9906593], [125.4309145, 43.9887107], [125.4309676, 43.987877]]}}, {"type": "Feature", "properties": {"osmWayId": 461175197, "highway": "trunk", "lanes": "2", "name": "关城北路", "oneway": "yes", "ref": "G102", "sourceMembership": "g102-tag"}, "geometry": {"type": "LineString", "coordinates": [[119.8335356, 40.0470502], [119.8333669, 40.0470688], [119.8326993, 40.0469992]]}}, {"type": "Feature", "properties": {"osmWayId": 466853444, "highway": "trunk", "name": "京抚线", "ref": "G102", "source": "bing", "sourceMembership": "g102-tag"}, "geometry": {"type": "LineString", "coordinates": [[118.9801436, 39.9011637], [118.9749435, 39.8991879], [118.9732181, 39.8985751], [118.9720656, 39.8982197], [118.9672452, 39.8970172], [118.9647163, 39.896197], [118.9598206, 39.8944636], [118.9540238, 39.8924466], [118.9472422, 39.8901294], [118.9460193, 39.8897309], [118.9420678, 39.8884721], [118.9419233, 39.8884261]]}}, {"type": "Feature", "properties": {"osmWayId": 466853445, "bridge": "yes", "highway": "trunk", "layer": "1", "name": "京抚线", "ref": "G102", "source": "bing", "sourceMembership": "g102-tag"}, "geometry": {"type": "LineString", "coordinates": [[118.9803863, 39.9012544], [118.9801436, 39.9011637]]}}, {"type": "Feature", "properties": {"osmWayId": 466911932, "highway": "trunk", "lanes": "3", "name": "北一经街", "oneway": "yes", "ref": "G102", "source": "Bing", "sourceMembership": "g102-tag"}, "geometry": {"type": "LineString", "coordinates": [[124.3781171, 43.1673767], [124.378168, 43.1674755]]}}, {"type": "Feature", "properties": {"osmWayId": 466911937, "highway": "trunk", "lanes": "3", "name": "南一经街", "oneway": "yes", "ref": "G102", "source": "Bing", "sourceMembership": "g102-tag"}, "geometry": {"type": "LineString", "coordinates": [[124.3779496, 43.1674492], [124.3776882, 43.1670529], [124.3773162, 43.1664891], [124.376849, 43.1657809], [124.3757326, 43.1639909], [124.3751143, 43.1629996], [124.3741396, 43.161414], [124.3734852, 43.1603932], [124.3728891, 43.1594633], [124.3723678, 43.1585918], [124.3712639, 43.156818], [124.3711629, 43.1566535], [124.3701433, 43.1550898], [124.3700783, 43.1549833], [124.3671693, 43.1501856], [124.3671042, 43.150091], [124.3668598, 43.1497215], [124.366812, 43.1496389], [124.3648034, 43.1464712]]}}, {"type": "Feature", "properties": {"osmWayId": 469488366, "highway": "trunk", "name": "京抚线", "ref": "G102", "source": "Bing", "sourceMembership": "g102-tag"}, "geometry": {"type": "LineString", "coordinates": [[134.3913764, 48.3519637], [134.3935526, 48.3510011], [134.3939029, 48.3508562], [134.3943927, 48.3507034], [134.3947437, 48.3506109], [134.3951762, 48.3505256], [134.3957232, 48.3504546]]}}, {"type": "Feature", "properties": {"osmWayId": 469488367, "bridge": "yes", "highway": "trunk", "layer": "1", "name": "京抚线", "ref": "G102", "source": "Bing", "sourceMembership": "g102-tag"}, "geometry": {"type": "LineString", "coordinates": [[134.3903645, 48.3523959], [134.3913764, 48.3519637]]}}, {"type": "Feature", "properties": {"osmWayId": 469492958, "bridge": "yes", "highway": "trunk", "layer": "1", "name": "京抚线", "ref": "G102", "source": "Bing", "sourceMembership": "g102-tag"}, "geometry": {"type": "LineString", "coordinates": [[133.7801293, 47.5940098], [133.7815881, 47.5940345]]}}, {"type": "Feature", "properties": {"osmWayId": 469492959, "highway": "trunk", "name": "京抚线;丹阿线", "ref": "G102;G331", "source": "Bing", "sourceMembership": "g102-tag"}, "geometry": {"type": "LineString", "coordinates": [[134.1447364, 47.9350385], [134.1446159, 47.9439697], [134.1445244, 47.9478541], [134.1443991, 47.9528423]]}}, {"type": "Feature", "properties": {"osmWayId": 469492960, "bridge": "yes", "highway": "trunk", "layer": "1", "name": "京抚线;丹阿线", "ref": "G102;G331", "source": "Bing", "sourceMembership": "g102-tag"}, "geometry": {"type": "LineString", "coordinates": [[134.1447425, 47.9343113], [134.1447364, 47.9350385]]}}, {"type": "Feature", "properties": {"osmWayId": 475926033, "highway": "trunk", "lanes": "2", "name": "京哈公路", "oneway": "yes", "ref": "G102", "source": "Yahoo", "sourceMembership": "g102-tag"}, "geometry": {"type": "LineString", "coordinates": [[116.9079907, 39.9526754], [116.9058661, 39.9524043], [116.8998971, 39.9516454], [116.8982167, 39.9514318], [116.8950376, 39.951009], [116.89221, 39.9505208], [116.8887116, 39.9499047], [116.8869968, 39.9496027], [116.8844302, 39.9491575], [116.8834392, 39.9490527], [116.8808856, 39.9489171], [116.8788922, 39.9488325], [116.8779935, 39.9487653], [116.8768885, 39.9486608], [116.875948, 39.9485643], [116.8748206, 39.9484296], [116.872678, 39.9481663], [116.8686381, 39.9476602], [116.867598, 39.947546], [116.8670402, 39.9474847], [116.8659772, 39.9473787], [116.8656636, 39.9473474], [116.8651293, 39.947294], [116.8627059, 39.9471058], [116.8624336, 39.9470762], [116.8622015, 39.9470571], [116.861958, 39.9470367], [116.8600452, 39.9468947], [116.8574749, 39.9467039], [116.8555755, 39.9465704]]}}, {"type": "Feature", "properties": {"osmWayId": 475926062, "bridge": "yes", "highway": "trunk", "layer": "1", "name": "京抚线", "oneway": "yes", "ref": "G102", "sourceMembership": "g102-tag"}, "geometry": {"type": "LineString", "coordinates": [[117.405992, 39.9793344], [117.4066066, 39.9792746], [117.4075936, 39.9791806], [117.407983, 39.9791366], [117.4083245, 39.9790901], [117.4086384, 39.9790415], [117.4089047, 39.9789893], [117.4092936, 39.9789023], [117.4129979, 39.9779426]]}}, {"type": "Feature", "properties": {"osmWayId": 475926066, "bridge": "yes", "foot": "yes", "highway": "trunk", "lanes": "2", "layer": "1", "name": "京抚线", "oneway": "yes", "ref": "G102", "sourceMembership": "g102-tag"}, "geometry": {"type": "LineString", "coordinates": [[117.3526183, 39.9853777], [117.3575197, 39.9848984]]}}, {"type": "Feature", "properties": {"osmWayId": 475926070, "foot": "yes", "highway": "trunk", "lanes": "2", "name": "京抚线", "oneway": "yes", "ref": "G102", "sourceMembership": "g102-tag"}, "geometry": {"type": "LineString", "coordinates": [[117.3575197, 39.9848984], [117.3593248, 39.9847269]]}}, {"type": "Feature", "properties": {"osmWayId": 475926082, "foot": "yes", "highway": "trunk", "lanes": "2", "name": "京抚线", "oneway": "yes", "ref": "G102", "sourceMembership": "g102-tag"}, "geometry": {"type": "LineString", "coordinates": [[117.3526312, 39.985461], [117.3510434, 39.9856036]]}}, {"type": "Feature", "properties": {"osmWayId": 478211146, "bridge": "yes", "highway": "trunk", "lanes": "2", "layer": "1", "name": "电厂大桥", "oneway": "yes", "ref": "G102", "source": "Yahoo", "sourceMembership": "g102-tag"}, "geometry": {"type": "LineString", "coordinates": [[116.8488709, 39.945958], [116.84989, 39.9460444], [116.8555918, 39.9464855]]}}, {"type": "Feature", "properties": {"osmWayId": 478211147, "bridge": "yes", "highway": "trunk", "lanes": "2", "layer": "1", "name": "电厂大桥", "oneway": "yes", "ref": "G102", "source": "Yahoo", "sourceMembership": "g102-tag"}, "geometry": {"type": "LineString", "coordinates": [[116.8555755, 39.9465704], [116.8540246, 39.946454], [116.8498967, 39.946126], [116.8488797, 39.9460366]]}}, {"type": "Feature", "properties": {"osmWayId": 478211148, "highway": "trunk", "lanes": "2", "name": "京榆大街", "oneway": "yes", "ref": "G102", "source": "Yahoo", "sourceMembership": "g102-tag"}, "geometry": {"type": "LineString", "coordinates": [[116.8488797, 39.9460366], [116.8479631, 39.9459572], [116.847689, 39.9459343], [116.8443265, 39.9456537], [116.843057, 39.9455478], [116.8423806, 39.9454914], [116.8419026, 39.9454573]]}}, {"type": "Feature", "properties": {"osmWayId": 478211149, "highway": "trunk", "lanes": "2", "name": "京榆大街", "oneway": "yes", "ref": "G102", "source": "Yahoo", "sourceMembership": "g102-tag"}, "geometry": {"type": "LineString", "coordinates": [[116.8345973, 39.944691], [116.8347042, 39.9447008], [116.8377557, 39.9449805], [116.8419116, 39.9453596]]}}, {"type": "Feature", "properties": {"osmWayId": 485481329, "bridge": "yes", "highway": "trunk", "name": "京抚线", "ref": "G102", "sourceMembership": "g102-tag"}, "geometry": {"type": "LineString", "coordinates": [[129.6320214, 46.5148004], [129.6331888, 46.5155241]]}}, {"type": "Feature", "properties": {"osmWayId": 501190527, "bridge": "yes", "highway": "trunk", "layer": "1", "oneway": "yes", "ref": "G102", "sourceMembership": "g102-tag"}, "geometry": {"type": "LineString", "coordinates": [[118.0792652, 39.8617991], [118.0761568, 39.8610459]]}}, {"type": "Feature", "properties": {"osmWayId": 501190528, "highway": "trunk", "oneway": "yes", "ref": "G102", "surface": "asphalt", "sourceMembership": "g102-tag"}, "geometry": {"type": "LineString", "coordinates": [[118.0429173, 39.8559509], [118.0432306, 39.85619], [118.0439961, 39.8587077], [118.0441537, 39.8590649], [118.0444614, 39.8595546], [118.0448367, 39.859906], [118.045272, 39.8602228], [118.0457749, 39.860413], [118.0463678, 39.8605685], [118.0469231, 39.8606146], [118.0470237, 39.8606186], [118.047501, 39.8606376], [118.0512506, 39.8605992], [118.0584586, 39.8604821], [118.0590816, 39.8604591], [118.059697, 39.8603899], [118.0602524, 39.8602689], [118.065006, 39.8592204], [118.0655148, 39.8591211], [118.0660592, 39.8590423], [118.0666963, 39.8589988], [118.0669883, 39.8589944], [118.0683168, 39.8590445], [118.0688345, 39.8591232], [118.0695298, 39.8592833], [118.0722535, 39.8599529], [118.0728981, 39.8601114], [118.0761815, 39.8609187]]}}, {"type": "Feature", "properties": {"osmWayId": 501190530, "bridge": "yes", "highway": "trunk", "layer": "1", "oneway": "yes", "ref": "G102", "sourceMembership": "g102-tag"}, "geometry": {"type": "LineString", "coordinates": [[118.0761815, 39.8609187], [118.0793345, 39.8616827]]}}, {"type": "Feature", "properties": {"osmWayId": 501190531, "highway": "trunk", "lanes": "2", "oneway": "yes", "ref": "G102", "surface": "asphalt", "sourceMembership": "g102-tag"}, "geometry": {"type": "LineString", "coordinates": [[118.0761568, 39.8610459], [118.0729128, 39.8602608], [118.0722712, 39.8601055], [118.0688043, 39.8592664], [118.068343, 39.859195], [118.0678804, 39.8591414], [118.0673825, 39.8591177], [118.0670685, 39.8591104], [118.0668104, 39.8591221], [118.0663668, 39.8591412], [118.0658639, 39.859193], [118.0647876, 39.8593675], [118.0603392, 39.8603808], [118.059838, 39.8604904], [118.0588014, 39.8606335], [118.0512828, 39.8607027], [118.047226, 39.8607658], [118.0470312, 39.860753], [118.0465821, 39.8607235], [118.0460419, 39.8606343], [118.0456604, 39.8605242], [118.0452969, 39.8603904], [118.0448779, 39.8601479], [118.0445473, 39.859914], [118.0439228, 39.8590071], [118.0429173, 39.8559509]]}}, {"type": "Feature", "properties": {"osmWayId": 501194467, "highway": "trunk", "lanes": "3", "name": "京抚线", "oneway": "yes", "ref": "G102", "sourceMembership": "g102-tag"}, "geometry": {"type": "LineString", "coordinates": [[117.6894162, 39.8947311], [117.6898602, 39.8947594], [117.6900846, 39.8948146], [117.6902309, 39.8948847], [117.6904051, 39.89506], [117.6905324, 39.8953271]]}}, {"type": "Feature", "properties": {"osmWayId": 511190517, "highway": "trunk", "lanes": "4", "name": "三环路辅路", "oneway": "yes", "ref": "G102", "source": "Yahoo", "sourceMembership": "g102-tag"}, "geometry": {"type": "LineString", "coordinates": [[126.5414389, 45.6753797], [126.5441975, 45.6742894]]}}, {"type": "Feature", "properties": {"osmWayId": 520481755, "bridge": "yes", "highway": "trunk", "layer": "1", "name": "京抚线", "ref": "G102", "source": "Bing", "sourceMembership": "g102-tag"}, "geometry": {"type": "LineString", "coordinates": [[133.0633646, 47.40033], [133.0634129, 47.4008183]]}}, {"type": "Feature", "properties": {"osmWayId": 521441670, "highway": "trunk", "name": "京抚线;沈盘线", "ref": "G102;S102", "source": "bing", "sourceMembership": "g102-tag"}, "geometry": {"type": "LineString", "coordinates": [[122.4817804, 41.407379], [122.4885959, 41.412128], [122.4894543, 41.4126128], [122.4927051, 41.413504], [122.4963867, 41.4141786], [122.4981891, 41.41463], [122.5083826, 41.418313], [122.5265685, 41.4249603], [122.527407, 41.425346], [122.5332032, 41.4291627], [122.5356728, 41.4309644], [122.5357016, 41.4309854], [122.5361124, 41.4312851], [122.5379974, 41.4326602], [122.5385515, 41.4329257], [122.539117, 41.4330431], [122.5393989, 41.4330723], [122.5418783, 41.4329049], [122.5445295, 41.432732], [122.54547, 41.4326707], [122.5462307, 41.4326558], [122.5482791, 41.4328371], [122.5492332, 41.4329216], [122.5511438, 41.4330907], [122.5526557, 41.4332245], [122.553764, 41.4334714], [122.5550963, 41.433972], [122.5713614, 41.4403307], [122.5877306, 41.4467005], [122.5884682, 41.4470809], [122.5901403, 41.4481316], [122.5910973, 41.4487572], [122.5920329, 41.4492064], [122.5942892, 41.4499559], [122.5956228, 41.4503069], [122.6012425, 41.4511384], [122.6057198, 41.4518936]]}}, {"type": "Feature", "properties": {"osmWayId": 521445123, "highway": "trunk", "name": "外环路", "oneway": "yes", "ref": "G102", "surface": "asphalt", "sourceMembership": "g102-tag"}, "geometry": {"type": "LineString", "coordinates": [[122.3971464, 41.4016944], [122.3972189, 41.4017215], [122.3973473, 41.4017498], [122.3975426, 41.4018132], [122.3975768, 41.4018273], [122.3978009, 41.4019194], [122.3988648, 41.4024235], [122.3993581, 41.4026742], [122.3997138, 41.4029024], [122.402104, 41.4046259], [122.4024459, 41.4048576], [122.4026918, 41.4049915], [122.4029835, 41.4051333], [122.4032352, 41.405215], [122.4036465, 41.4053298], [122.4039885, 41.4053726], [122.4057145, 41.4055076], [122.4061956, 41.4055351], [122.4065818, 41.4055387], [122.4069393, 41.4055054], [122.4072651, 41.4054568], [122.4075169, 41.4053984], [122.4077709, 41.4053225], [122.4079937, 41.4052339], [122.4082509, 41.4050922], [122.4085078, 41.404933], [122.4087476, 41.4047587], [122.4090064, 41.4045292], [122.4092679, 41.4042747], [122.4124899, 41.4007691], [122.412828, 41.4004399], [122.413126, 41.4001863], [122.4134743, 41.3999087], [122.4137273, 41.3997285], [122.4140419, 41.3995467], [122.4142481, 41.399429]]}}, {"type": "Feature", "properties": {"osmWayId": 531455779, "highway": "trunk", "name": "京抚线", "ref": "G102", "source": "bing", "sourceMembership": "g102-tag"}, "geometry": {"type": "LineString", "coordinates": [[118.5469192, 39.8641065], [118.546719, 39.8640905], [118.545096, 39.8639612], [118.5442152, 39.8638987], [118.5435357, 39.863908], [118.541429, 39.86408], [118.5412968, 39.8640908], [118.539, 39.864275], [118.5362007, 39.8644995], [118.5356495, 39.8645028], [118.5351308, 39.8644667], [118.5348674, 39.864418], [118.5337092, 39.864204], [118.5330277, 39.8641396], [118.5322618, 39.864134], [118.5298336, 39.8642574], [118.5295789, 39.8642703], [118.5284412, 39.8643281], [118.5273869, 39.8643817], [118.5269633, 39.8644772], [118.5265547, 39.864609], [118.526052, 39.8648945], [118.5256188, 39.8652489], [118.525157, 39.8655783], [118.5247144, 39.8658624], [118.5242825, 39.8660694], [118.5238591, 39.8661989], [118.5233412, 39.8662764], [118.5214678, 39.8663909], [118.5208797, 39.8664241], [118.5180375, 39.8666159], [118.5171443, 39.8666612], [118.5165945, 39.8666633], [118.5160285, 39.8666262], [118.5156664, 39.8665933], [118.5152829, 39.8665212], [118.5147614, 39.866377], [118.5137594, 39.8661013], [118.5118926, 39.8656566], [118.5109833, 39.8654136], [118.5102117, 39.8651872]]}}, {"type": "Feature", "properties": {"osmWayId": 531455780, "bridge": "yes", "highway": "trunk", "layer": "1", "name": "京抚线", "ref": "G102", "source": "bing", "sourceMembership": "g102-tag"}, "geometry": {"type": "LineString", "coordinates": [[118.5793996, 39.8648374], [118.5773118, 39.8648124]]}}, {"type": "Feature", "properties": {"osmWayId": 531517865, "highway": "trunk", "lanes": "2", "name": "京抚线", "oneway": "yes", "ref": "G102", "sourceMembership": "g102-tag"}, "geometry": {"type": "LineString", "coordinates": [[118.2392394, 39.8168242], [118.2385406, 39.8170804], [118.2384105, 39.81718], [118.2383218, 39.8172721], [118.2382714, 39.8173984], [118.2388256, 39.8240787], [118.2388838, 39.824871], [118.2391446, 39.8272286], [118.2391579, 39.8276936], [118.239166, 39.8284134], [118.2391438, 39.8288913], [118.2390788, 39.8296], [118.2390452, 39.8298308], [118.2388581, 39.8307125], [118.2386866, 39.831397], [118.2372678, 39.8361657], [118.2370048, 39.8369451], [118.2366593, 39.8377902], [118.2363445, 39.8385114], [118.2358647, 39.8393675], [118.2346198, 39.8411301], [118.2325059, 39.8443275], [118.2307617, 39.8466922], [118.2301791, 39.8475705], [118.2294927, 39.8488147], [118.2290852, 39.8496827], [118.2286311, 39.8507907], [118.2282238, 39.8519703], [118.2280955, 39.8523638], [118.226944, 39.8562369], [118.2263687, 39.8582655], [118.2259877, 39.8595667], [118.2258214, 39.8601368], [118.2255506, 39.8608104], [118.2251674, 39.8615772], [118.2247983, 39.8622116], [118.2242317, 39.8629918], [118.2239801, 39.8633031], [118.2236546, 39.8636428], [118.2230955, 39.8641526], [118.2224872, 39.8646341], [118.2218163, 39.8651033], [118.2212576, 39.8654076], [118.2204297, 39.8658751], [118.2195517, 39.8662573], [118.2187336, 39.8664918], [118.2179675, 39.866691], [118.2171146, 39.8668673], [118.2161802, 39.8670257], [118.2145996, 39.867254], [118.2106123, 39.8677172], [118.2101919, 39.8677559], [118.2071473, 39.868036], [118.2062519, 39.8681003]]}}, {"type": "Feature", "properties": {"osmWayId": 544639338, "highway": "trunk", "lanes": "2", "name": "京抚线", "oneway": "yes", "ref": "G102;G305", "source": "bing", "sourceMembership": "g102-tag"}, "geometry": {"type": "LineString", "coordinates": [[121.7133651, 41.3634371], [121.7104484, 41.3645145], [121.709794, 41.3647562], [121.6745545, 41.3777713], [121.673735, 41.3780157], [121.6672009, 41.3795715], [121.6671079, 41.3795936]]}}, {"type": "Feature", "properties": {"osmWayId": 544639340, "highway": "trunk", "lanes": "2", "name": "京抚线;庄林线", "oneway": "yes", "ref": "G102;G305", "source": "bing", "sourceMembership": "g102-tag"}, "geometry": {"type": "LineString", "coordinates": [[121.8163951, 41.3429563], [121.8114112, 41.3445473], [121.8051544, 41.3464846], [121.8022013, 41.3473988], [121.8003345, 41.3479888], [121.7989928, 41.3484037], [121.7983818, 41.3486069], [121.7977354, 41.3488667], [121.7969897, 41.3492815], [121.7956701, 41.3502379], [121.792033, 41.3529862], [121.7904485, 41.3540991], [121.7877439, 41.356106], [121.7866947, 41.3568881], [121.7844518, 41.3586015], [121.7814779, 41.3608542], [121.7805156, 41.361597], [121.7794119, 41.3627948], [121.7784758, 41.3639101]]}}, {"type": "Feature", "properties": {"osmWayId": 544639341, "highway": "trunk", "lanes": "2", "name": "京抚线;庄林线", "oneway": "yes", "ref": "G102;G305", "source": "bing", "sourceMembership": "g102-tag"}, "geometry": {"type": "LineString", "coordinates": [[121.7784758, 41.3639101], [121.7779165, 41.3644894], [121.7775533, 41.3646562], [121.7770227, 41.3647311], [121.7748358, 41.3646801], [121.7728665, 41.364638], [121.7708868, 41.3645819], [121.7679825, 41.3643292], [121.7675408, 41.3642908], [121.76738, 41.3642768], [121.7670309, 41.3642466]]}}, {"type": "Feature", "properties": {"osmWayId": 544784294, "highway": "trunk", "lanes": "2", "name": "京抚线;沈盘线", "oneway": "yes", "ref": "G102;S102", "source": "bing", "sourceMembership": "g102-tag"}, "geometry": {"type": "LineString", "coordinates": [[122.7762625, 41.5045528], [122.7801401, 41.5038527], [122.786083, 41.5027445], [122.8150662, 41.49734], [122.8212795, 41.4961516], [122.8215904, 41.4960808], [122.8431544, 41.4918468], [122.8444252, 41.4917623], [122.8461305, 41.4917623], [122.8479169, 41.4920567], [122.8560435, 41.4942188], [122.8692777, 41.499255], [122.8772486, 41.5023264], [122.8780394, 41.5026455], [122.8795425, 41.5034289], [122.8825751, 41.5055597], [122.882939, 41.5059847], [122.8830592, 41.5062571], [122.8839643, 41.5089074], [122.8845158, 41.5105223], [122.8847709, 41.5114246], [122.8850685, 41.5121298], [122.8853111, 41.5125675], [122.8857259, 41.5131422], [122.8860298, 41.5134728], [122.886517, 41.5139341], [122.887054, 41.5143566], [122.8883268, 41.5152041], [122.8903584, 41.5166149], [122.8929516, 41.5184606], [122.8974995, 41.5217779], [122.8981148, 41.5221707], [122.9010993, 41.5240738], [122.9027052, 41.5252763], [122.9102664, 41.5309374], [122.9107001, 41.5312295], [122.9140448, 41.5329665], [122.9159079, 41.5340319], [122.9164381, 41.5344344], [122.9189271, 41.5365558], [122.9195208, 41.537149], [122.920711, 41.5387811], [122.9233544, 41.5449584], [122.9237831, 41.5459047], [122.9266431, 41.5511253], [122.9268508, 41.5517045], [122.9278979, 41.5566288], [122.9282069, 41.5573708], [122.928837, 41.5584282], [122.9288679, 41.5584759], [122.937027, 41.5720545], [122.9377164, 41.5731202], [122.939079, 41.574388], [122.9402371, 41.5749836], [122.9417583, 41.5753685], [122.9469208, 41.5764719], [122.9695942, 41.5813178], [122.978399, 41.5829321], [122.9867869, 41.5838629], [122.9885427, 41.5841228], [123.0003089, 41.5871456], [123.0012343, 41.5874502], [123.0022423, 41.5879705], [123.0248401, 41.6020077], [123.0394486, 41.6112096], [123.0404702, 41.612041], [123.044542, 41.6170562], [123.0488652, 41.6209946], [123.0517656, 41.6234709], [123.0528295, 41.6245427], [123.0540276, 41.625876], [123.0549148, 41.6269008], [123.055205, 41.6273585], [123.055649, 41.6279714], [123.0561529, 41.6285809], [123.0603677, 41.6325161], [123.0608617, 41.6329773], [123.0617772, 41.633832], [123.0620767, 41.6341578], [123.0629513, 41.6351092], [123.0638426, 41.6361738], [123.0646773, 41.6373804], [123.0653958, 41.6391232], [123.0661848, 41.640935], [123.0676329, 41.6442344], [123.0681423, 41.6453436], [123.0687134, 41.6461537], [123.0692109, 41.64669], [123.0700388, 41.6473911], [123.0706387, 41.6477691], [123.0716831, 41.6484273], [123.0732938, 41.6494551], [123.0748657, 41.6505533], [123.0774791, 41.6523812], [123.0786099, 41.6530351], [123.0806241, 41.6542764], [123.0823067, 41.6554508], [123.0837941, 41.6568212], [123.085971, 41.658717], [123.0879689, 41.6604664], [123.0900161, 41.6624635], [123.0906597, 41.6629726], [123.0923765, 41.6639875], [123.0967104, 41.6662314], [123.0982176, 41.6671], [123.0997482, 41.6680824], [123.1012032, 41.669151], [123.1015546, 41.66948], [123.1032483, 41.6707819], [123.1054255, 41.6723545], [123.1074208, 41.6738025], [123.1085683, 41.6746435], [123.1100171, 41.6756721], [123.1119493, 41.6770831], [123.1133558, 41.6781256], [123.1143252, 41.6788657], [123.1152405, 41.6796699], [123.1160676, 41.680408], [123.1175655, 41.6817628], [123.1179371, 41.6821493], [123.118479, 41.6826831], [123.118851, 41.6830064], [123.1194102, 41.6834568], [123.119955, 41.6839012], [123.1206212, 41.6843944], [123.1229282, 41.6860897], [123.1233054, 41.6863357], [123.123322, 41.6863465], [123.1235262, 41.6864797], [123.1241096, 41.6867411], [123.1246765, 41.6869216], [123.125013, 41.6869877], [123.1253483, 41.6870533], [123.1259525, 41.6871285], [123.1266073, 41.6871474], [123.1286908, 41.687046], [123.1287154, 41.6870455], [123.1292315, 41.6870238], [123.1297955, 41.6869933], [123.1305079, 41.6870459], [123.1311872, 41.6871513], [123.131785, 41.6873351], [123.1324889, 41.6875848], [123.1332156, 41.6880295], [123.1341732, 41.6886701], [123.1371751, 41.6906784], [123.1389982, 41.6919311], [123.1397143, 41.6923149], [123.1400775, 41.6924587], [123.1408316, 41.6927573], [123.1420111, 41.6930742], [123.144716, 41.6935528], [123.1451958, 41.6936342]]}}, {"type": "Feature", "properties": {"osmWayId": 545028464, "bridge": "yes", "highway": "trunk", "lanes": "3", "layer": "1", "name": "沈辽路", "oneway": "yes", "ref": "G102", "sourceMembership": "g102-tag"}, "geometry": {"type": "LineString", "coordinates": [[123.2716765, 41.7553439], [123.2719784, 41.7554096], [123.2723851, 41.755469], [123.272601, 41.7554878], [123.2728421, 41.7555003], [123.2732279, 41.7555003], [123.2736849, 41.7554752], [123.2753556, 41.7553807], [123.2758545, 41.7553713], [123.2764415, 41.7553995], [123.2774939, 41.7555996], [123.2781773, 41.7557685], [123.2798083, 41.7561001], [123.2818543, 41.7565161], [123.2834559, 41.7568089], [123.2852608, 41.7571838], [123.2856714, 41.7572841], [123.2860041, 41.7573818], [123.2861986, 41.7574662], [123.286505, 41.7575933], [123.2880597, 41.7583039], [123.2884993, 41.7584774], [123.2889389, 41.7586211], [123.2893382, 41.7587389], [123.2896345, 41.7588082], [123.2901251, 41.7589229], [123.2911559, 41.759074], [123.2951499, 41.7594928], [123.2966165, 41.7596641], [123.2973852, 41.7598033], [123.2980387, 41.7599158], [123.3003667, 41.76037], [123.301594, 41.7606146], [123.3023496, 41.7607653], [123.3035291, 41.7610004], [123.3050262, 41.7613139], [123.3054716, 41.7614372], [123.3062493, 41.7616753], [123.3067495, 41.7618691], [123.3077113, 41.7623304]]}}, {"type": "Feature", "properties": {"osmWayId": 545249083, "highway": "trunk", "lanes": "2", "name": "京抚线", "oneway": "yes", "ref": "G102", "sourceMembership": "g102-tag"}, "geometry": {"type": "LineString", "coordinates": [[125.4166595, 44.0526951], [125.4166241, 44.0527154], [125.4165817, 44.0527078], [125.4165392, 44.0526696], [125.416525, 44.0526315], [125.4166631, 44.0513953], [125.4168251, 44.0504004], [125.4168908, 44.0498541], [125.4172277, 44.0473975], [125.4176015, 44.0445126], [125.4179466, 44.0419967], [125.4181685, 44.0403017], [125.4184232, 44.0383733], [125.4185669, 44.0376143], [125.418726, 44.0370482], [125.4188933, 44.0365182], [125.4190716, 44.0360133], [125.419253, 44.0355833], [125.4196556, 44.0348095], [125.4208347, 44.0326742], [125.4217877, 44.0309287], [125.4225518, 44.0295405], [125.4230556, 44.0286385], [125.423584, 44.0277411], [125.4236605, 44.027628], [125.4249841, 44.0251566], [125.4252236, 44.0247122]]}}, {"type": "Feature", "properties": {"osmWayId": 545249084, "highway": "trunk", "lanes": "2", "name": "102国道", "name:en": "G102", "name:zh": "102国道", "oneway": "yes", "ref": "G102", "sourceMembership": "g102-tag"}, "geometry": {"type": "LineString", "coordinates": [[125.430988, 43.9888328], [125.4308539, 43.9906654], [125.4306954, 43.9929692], [125.4305774, 43.9946833], [125.4304863, 43.9959842], [125.4303951, 43.9966372], [125.4302677, 43.9972848], [125.4301438, 43.997788], [125.4297028, 43.9993286], [125.4291074, 44.001372], [125.4289016, 44.0021006], [125.4284072, 44.0038513], [125.4283833, 44.0039336], [125.4280973, 44.0049165], [125.4279688, 44.005365]]}}, {"type": "Feature", "properties": {"osmWayId": 545249086, "highway": "trunk", "lanes": "2", "name": "102国道", "name:en": "G102", "name:zh": "102国道", "oneway": "yes", "ref": "G102", "sourceMembership": "g102-tag"}, "geometry": {"type": "LineString", "coordinates": [[125.4319824, 43.9742059], [125.4317732, 43.9778761], [125.431464, 43.9824381], [125.4314494, 43.9826544], [125.431291, 43.9849463], [125.4312686, 43.9852707], [125.4312431, 43.9856393], [125.4310854, 43.987829], [125.430988, 43.9888328]]}}, {"type": "Feature", "properties": {"osmWayId": 545249088, "highway": "trunk", "lanes": "2", "name": "京抚线", "oneway": "yes", "ref": "G102", "sourceMembership": "g102-tag"}, "geometry": {"type": "LineString", "coordinates": [[125.4158046, 44.060992], [125.4159401, 44.0616734], [125.4160665, 44.0621858], [125.4162047, 44.0625365], [125.416379, 44.0629884], [125.4166962, 44.0636323], [125.4203939, 44.0709976], [125.4204677, 44.0711425], [125.4206038, 44.0713884], [125.4211045, 44.0722347], [125.4213545, 44.0726079], [125.4215088, 44.0728343], [125.4216257, 44.0730005], [125.4217594, 44.0731835], [125.4219218, 44.0734031], [125.4220714, 44.0735963], [125.4222842, 44.0738627], [125.4227226, 44.0743781], [125.4248387, 44.0769125], [125.4266596, 44.0790767], [125.4337115, 44.087484], [125.4342215, 44.0880938], [125.4343078, 44.0882021], [125.4349173, 44.0889135], [125.4355968, 44.0897285], [125.4361519, 44.0904687], [125.4364242, 44.0908657], [125.4366286, 44.0912071], [125.4368528, 44.0915956], [125.4372929, 44.092564], [125.4392603, 44.096834]]}}, {"type": "Feature", "properties": {"osmWayId": 545249092, "highway": "trunk", "lanes": "2", "name": "京抚线", "note": "old trunk route superceded by Expressway G1", "oneway": "yes", "ref": "G102", "sourceMembership": "g102-tag"}, "geometry": {"type": "LineString", "coordinates": [[125.5298012, 44.1477639], [125.5303286, 44.148171], [125.5357094, 44.1527318], [125.5395519, 44.1560883], [125.5427383, 44.1587154], [125.5431231, 44.1591196], [125.5435036, 44.1595558], [125.543857, 44.1599752], [125.5441325, 44.1603714], [125.5443188, 44.1606354], [125.5450182, 44.1621225], [125.5452279, 44.1627425], [125.5453451, 44.1631288], [125.5454394, 44.1635355], [125.5454992, 44.1639544], [125.5455536, 44.1643737], [125.5455787, 44.1648063], [125.5455783, 44.1652485], [125.5453007, 44.1730719], [125.5451713, 44.1768412], [125.5451833, 44.1782528], [125.5452414, 44.1798375], [125.5453225, 44.1809475], [125.5467292, 44.1965043], [125.5476279, 44.2063773], [125.5478845, 44.2084249], [125.5484233, 44.2117391], [125.5489903, 44.2151943], [125.5492571, 44.2170591], [125.5499027, 44.2219205], [125.5529676, 44.2392215], [125.5576278, 44.2630538], [125.5584775, 44.2673978]]}}, {"type": "Feature", "properties": {"osmWayId": 545257193, "highway": "trunk", "lanes": "3", "name": "哈双路", "name:zh": "京抚线", "oneway": "yes", "ref": "G102", "source": "yahoo imagery", "sourceMembership": "g102-tag"}, "geometry": {"type": "LineString", "coordinates": [[126.5480297, 45.6731418], [126.5477274, 45.6728151], [126.5461999, 45.6709476], [126.5433345, 45.6674442], [126.5391566, 45.6623597], [126.5386006, 45.661683], [126.5360766, 45.6585311], [126.5360198, 45.6584497], [126.5359392, 45.6583483], [126.5358121, 45.6581862], [126.5341694, 45.6560883], [126.5339576, 45.655747], [126.5337405, 45.6553832], [126.5336369, 45.655181], [126.5335182, 45.6549125], [126.5333685, 45.6545338], [126.5332829, 45.6542995], [126.5331369, 45.6539001], [126.5330536, 45.6536657], [126.532937, 45.6533925], [126.5327864, 45.6530983], [126.5325013, 45.6526349], [126.5318141, 45.6516604], [126.5307204, 45.6500989], [126.529709, 45.648685], [126.5284709, 45.6469248], [126.5268937, 45.6445921], [126.5257024, 45.6429277], [126.522846, 45.6388806]]}}, {"type": "Feature", "properties": {"osmWayId": 545257195, "highway": "trunk", "lanes": "4", "name": "三环路辅路", "oneway": "yes", "ref": "G102", "sourceMembership": "g102-tag"}, "geometry": {"type": "LineString", "coordinates": [[126.5482302, 45.6730608], [126.5480297, 45.6731418], [126.5476116, 45.6733141], [126.5472927, 45.6734528], [126.5447464, 45.674493], [126.541552, 45.6757561]]}}, {"type": "Feature", "properties": {"osmWayId": 545302945, "highway": "trunk", "lanes": "2", "oneway": "yes", "ref": "G102;G221", "sourceMembership": "g102-tag"}, "geometry": {"type": "LineString", "coordinates": [[130.3297851, 46.803256], [130.3302586, 46.8029372], [130.3310097, 46.8024578]]}}, {"type": "Feature", "properties": {"osmWayId": 545302947, "highway": "trunk", "lanes": "3", "name": "长安东路", "oneway": "yes", "ref": "G102;G221", "sourceMembership": "g102-tag"}, "geometry": {"type": "LineString", "coordinates": [[130.4385002, 46.8412017], [130.4324232, 46.8391377], [130.4321452, 46.8390427], [130.4275698, 46.8373405], [130.4271606, 46.8372029], [130.4221543, 46.8356314], [130.4176169, 46.8343152], [130.4173647, 46.834242], [130.4141586, 46.8335368], [130.413653, 46.8333917], [130.4131581, 46.8332261], [130.4126408, 46.8330171], [130.4122035, 46.8327849], [130.41192, 46.8325992], [130.4054136, 46.8279888], [130.4044024, 46.8272722], [130.400631, 46.8245997]]}}, {"type": "Feature", "properties": {"osmWayId": 545302970, "bridge": "yes", "highway": "trunk", "lanes": "4", "layer": "1", "name": "长安东路", "oneway": "yes", "ref": "G102;G221", "sourceMembership": "g102-tag"}, "geometry": {"type": "LineString", "coordinates": [[130.3997894, 46.8238244], [130.4007411, 46.8245107]]}}, {"type": "Feature", "properties": {"osmWayId": 545302976, "bridge": "yes", "highway": "trunk", "lanes": "4", "layer": "1", "name": "长安东路", "oneway": "yes", "ref": "G102;G221", "sourceMembership": "g102-tag"}, "geometry": {"type": "LineString", "coordinates": [[130.400631, 46.8245997], [130.3996774, 46.8239495]]}}, {"type": "Feature", "properties": {"osmWayId": 545302996, "highway": "trunk", "lanes": "3", "name": "长安西路", "oneway": "yes", "ref": "G102;G221", "sourceMembership": "g102-tag"}, "geometry": {"type": "LineString", "coordinates": [[130.3398748, 46.8046385], [130.3411694, 46.804913], [130.3428852, 46.8052884], [130.3442538, 46.8055772], [130.3456753, 46.8059071]]}}, {"type": "Feature", "properties": {"osmWayId": 545302997, "highway": "trunk", "lanes": "3", "name": "长安西路", "oneway": "yes", "ref": "G102;G221", "sourceMembership": "g102-tag"}, "geometry": {"type": "LineString", "coordinates": [[130.3455953, 46.8060094], [130.3446332, 46.8057543], [130.3439681, 46.8056079], [130.3428288, 46.8053784], [130.341338, 46.8050488], [130.3409513, 46.8049519]]}}, {"type": "Feature", "properties": {"osmWayId": 545303000, "highway": "trunk", "lanes": "4", "name": "长安东路", "oneway": "yes", "ref": "G102;G221", "sourceMembership": "g102-tag"}, "geometry": {"type": "LineString", "coordinates": [[130.3996774, 46.8239495], [130.3978625, 46.822667], [130.3962735, 46.8215441], [130.3953136, 46.8208799], [130.3922667, 46.8187125], [130.3919496, 46.8185383], [130.3916982, 46.8184217], [130.3913197, 46.8182744], [130.3911167, 46.8182144], [130.3889963, 46.8177154], [130.3887241, 46.8176513], [130.3873521, 46.8173284], [130.3797637, 46.8153345], [130.3796751, 46.8153109], [130.3751661, 46.8141409], [130.369752, 46.8127299], [130.3696169, 46.8127005], [130.3617828, 46.8109943], [130.3586478, 46.8102834]]}}, {"type": "Feature", "properties": {"osmWayId": 545303057, "bridge": "yes", "highway": "trunk", "lanes": "3", "layer": "1", "name": "祥安北大街", "oneway": "yes", "ref": "G102", "sourceMembership": "g102-tag"}, "geometry": {"type": "LineString", "coordinates": [[126.5103149, 45.8153859], [126.5102997, 45.816777]]}}, {"type": "Feature", "properties": {"osmWayId": 545303058, "bridge": "yes", "highway": "trunk", "lanes": "3", "layer": "1", "name": "祥安北大街", "oneway": "yes", "ref": "G102", "sourceMembership": "g102-tag"}, "geometry": {"type": "LineString", "coordinates": [[126.509996, 45.8167871], [126.5100098, 45.8153799]]}}, {"type": "Feature", "properties": {"osmWayId": 545303059, "highway": "trunk", "lanes": "3", "name": "祥安北大街", "oneway": "yes", "ref": "G102", "sourceMembership": "g102-tag"}, "geometry": {"type": "LineString", "coordinates": [[126.5100098, 45.8153799], [126.5100506, 45.8130408], [126.5100396, 45.8129132]]}}, {"type": "Feature", "properties": {"osmWayId": 551114380, "highway": "trunk", "name": "京抚线;同哈线", "name:en": "Jiatong Expressway", "note": "not really sure its a road", "ref": "G102;G221", "source": "Bing", "sourceMembership": "g102-tag"}, "geometry": {"type": "LineString", "coordinates": [[132.3470831, 47.310808], [132.3452975, 47.3104855]]}}, {"type": "Feature", "properties": {"osmWayId": 551114381, "bridge": "yes", "highway": "trunk", "layer": "1", "name": "京抚线;同哈线", "name:en": "Jiatong Expressway", "note": "not really sure its a road", "ref": "G102;G221", "source": "Bing", "sourceMembership": "g102-tag"}, "geometry": {"type": "LineString", "coordinates": [[132.3473389, 47.3108543], [132.3470831, 47.310808]]}}, {"type": "Feature", "properties": {"osmWayId": 553340915, "highway": "trunk", "lanes": "2", "name": "京抚线", "oneway": "yes", "ref": "G102", "sourceMembership": "g102-tag"}, "geometry": {"type": "LineString", "coordinates": [[118.0793345, 39.8616827], [118.0802197, 39.8618488], [118.0810679, 39.8619744], [118.0819869, 39.8620457], [118.0829555, 39.8620643], [118.0836081, 39.8620454], [118.0843172, 39.8620048], [118.0846094, 39.8619706], [118.0852862, 39.8618704], [118.0891491, 39.8612867], [118.0899364, 39.8611868], [118.090648, 39.8611329], [118.091572, 39.8611279], [118.0924904, 39.8611588], [118.0933665, 39.8612274], [118.094193, 39.8613667], [118.0947939, 39.8614917], [118.0950061, 39.8615358], [118.0967481, 39.8619978], [118.0978169, 39.8623139], [118.0994767, 39.8628049], [118.1006569, 39.863154], [118.1031706, 39.8638513], [118.103902, 39.8640371], [118.1044588, 39.8641786], [118.1052092, 39.8643328], [118.1062176, 39.8644827], [118.1073745, 39.8646217], [118.1078746, 39.8646731], [118.1130061, 39.8652003], [118.114616, 39.8653798], [118.1155139, 39.8655156], [118.1166638, 39.8657912], [118.1175384, 39.8660216], [118.1235328, 39.8680368], [118.1252481, 39.8686129], [118.1260619, 39.8688863], [118.1265861, 39.8690315], [118.1272731, 39.8691659], [118.1277267, 39.8692091], [118.1282582, 39.8692306], [118.1287394, 39.8692179], [118.1292703, 39.8691725], [118.1295229, 39.869118], [118.1299109, 39.8690342], [118.1304383, 39.8688634], [118.1314498, 39.8684741], [118.133628, 39.8674601], [118.1343304, 39.867103], [118.1353372, 39.8666734], [118.1358128, 39.8665066], [118.1363186, 39.8663707], [118.136973, 39.8662457], [118.1375257, 39.8662054], [118.1377055, 39.8661923], [118.1383459, 39.8661987], [118.139007, 39.8662856], [118.1402981, 39.8665193], [118.1468438, 39.8677375], [118.1478103, 39.8679148]]}}, {"type": "Feature", "properties": {"osmWayId": 553340932, "highway": "trunk", "lanes": "3", "name": "京抚线", "oneway": "yes", "ref": "G102", "sourceMembership": "g102-tag"}, "geometry": {"type": "LineString", "coordinates": [[117.6855189, 39.8958081], [117.6862669, 39.8956587], [117.68855, 39.8950137], [117.6894162, 39.8947311]]}}, {"type": "Feature", "properties": {"osmWayId": 553340933, "highway": "trunk", "lanes": "2", "name": "京抚线", "oneway": "yes", "ref": "G102", "sourceMembership": "g102-tag"}, "geometry": {"type": "LineString", "coordinates": [[117.8077569, 39.880308], [117.807245, 39.8803242], [117.8068375, 39.8804062], [117.8063176, 39.8805358], [117.8056211, 39.8807302], [117.8049359, 39.8810782], [117.8045085, 39.8812737], [117.8039118, 39.8815678], [117.8035249, 39.8818039], [117.8030935, 39.8820975], [117.8028864, 39.8822562], [117.802603, 39.8824924], [117.8022296, 39.8828082], [117.8019754, 39.883073], [117.8016616, 39.8834585], [117.8010764, 39.884298], [117.8002161, 39.8856897], [117.8000489, 39.8859602], [117.7996686, 39.8865118], [117.799231, 39.8870431], [117.7988081, 39.8875566], [117.7982106, 39.8882364], [117.7974951, 39.8889804], [117.7971164, 39.8893363], [117.795723, 39.890543], [117.7945286, 39.8913907], [117.793224, 39.8921933], [117.7919702, 39.8928589], [117.7906485, 39.8934618], [117.7895168, 39.8939192], [117.7891295, 39.8940449], [117.7880007, 39.8944114], [117.786666, 39.894771], [117.7850678, 39.8951392], [117.783728, 39.895362], [117.7828011, 39.8955025], [117.7817827, 39.8955993], [117.7816127, 39.8956117]]}}, {"type": "Feature", "properties": {"osmWayId": 553340934, "highway": "trunk", "lanes": "2", "name": "京抚线", "oneway": "yes", "ref": "G102", "sourceMembership": "g102-tag"}, "geometry": {"type": "LineString", "coordinates": [[117.7815768, 39.8954956], [117.7817479, 39.8954836], [117.78281, 39.8953993], [117.7835355, 39.895291], [117.7836921, 39.8952592], [117.784974, 39.8950626], [117.7866402, 39.8947079], [117.787982, 39.8943294], [117.7891119, 39.8939654], [117.7894226, 39.8938653], [117.7906352, 39.8933931], [117.7919245, 39.8928027], [117.79314, 39.8921466], [117.7944486, 39.8913417], [117.7956364, 39.8904962], [117.7970749, 39.889274], [117.797452, 39.8889179], [117.7978506, 39.8885333], [117.7985301, 39.8877964], [117.7992017, 39.8869865], [117.7993257, 39.8868371], [117.7994801, 39.8866509], [117.7999763, 39.8859475], [117.800131, 39.885693], [117.8009734, 39.8843077], [117.8013023, 39.883797], [117.8016786, 39.8832978], [117.8018613, 39.8830729], [117.8021741, 39.8827496], [117.8027042, 39.8823046], [117.803072, 39.8820303], [117.8033802, 39.8818222], [117.8038544, 39.8815317], [117.8044524, 39.8812206], [117.8049304, 39.8810075], [117.8055763, 39.8806769], [117.806306, 39.8804584], [117.8067975, 39.8803375], [117.8069693, 39.880304], [117.8072667, 39.8802765], [117.8077911, 39.8802266]]}}, {"type": "Feature", "properties": {"osmWayId": 553528920, "bridge": "yes", "highway": "trunk", "layer": "1", "name": "西洋河大桥", "ref": "G102", "source": "bing", "sourceMembership": "g102-tag"}, "geometry": {"type": "LineString", "coordinates": [[119.2133331, 39.8952012], [119.2110486, 39.895491]]}}, {"type": "Feature", "properties": {"osmWayId": 553528921, "highway": "trunk", "name": "骊城大街", "ref": "G102", "source": "bing", "sourceMembership": "g102-tag"}, "geometry": {"type": "LineString", "coordinates": [[119.2195163, 39.8945615], [119.2188108, 39.8946214], [119.2133331, 39.8952012]]}}, {"type": "Feature", "properties": {"osmWayId": 553528938, "highway": "trunk", "lanes": "2", "name": "滨河东路", "oneway": "yes", "ref": "G102;S261", "source": "bing", "surface": "asphalt", "sourceMembership": "g102-tag"}, "geometry": {"type": "LineString", "coordinates": [[119.216587, 39.9218159], [119.2165837, 39.9217174], [119.2168326, 39.9210754], [119.2168581, 39.920989], [119.2170107, 39.9205154], [119.2172266, 39.9198452], [119.2172574, 39.9197497], [119.2173584, 39.9194363], [119.2178397, 39.9179426], [119.2181314, 39.9170372], [119.218161, 39.9169453], [119.218328, 39.916427], [119.2190594, 39.9137726], [119.2192722, 39.9130037], [119.2196584, 39.9103374], [119.2197025, 39.9094571], [119.2198301, 39.9069138], [119.2197872, 39.9058933], [119.2197857, 39.9046617], [119.219782, 39.9015403], [119.2197758, 39.9009981], [119.2197651, 39.9000579], [119.2197696, 39.899566]]}}, {"type": "Feature", "properties": {"osmWayId": 553528939, "highway": "trunk", "lanes": "2", "name": "滨河东路", "oneway": "yes", "ref": "G102;S261", "source": "bing", "surface": "asphalt", "sourceMembership": "g102-tag"}, "geometry": {"type": "LineString", "coordinates": [[119.2198624, 39.8995665], [119.2198579, 39.9000579], [119.2198684, 39.9009816], [119.2198748, 39.90154], [119.2198785, 39.904643], [119.21988, 39.9058922], [119.219923, 39.9069141], [119.2197954, 39.9094567], [119.219751, 39.9103427], [119.2193639, 39.9130151], [119.219155, 39.9137726], [119.2184185, 39.916443], [119.2182507, 39.9169637], [119.2182213, 39.917055], [119.2179298, 39.9179597], [119.2174475, 39.9194565], [119.2173472, 39.9197679], [119.2173163, 39.9198636], [119.2170373, 39.9207507], [119.2169484, 39.9210054], [119.2169443, 39.9210192], [119.2169229, 39.921092], [119.216918, 39.9211023], [119.2167453, 39.9215167], [119.2166524, 39.921729], [119.216587, 39.9218159]]}}, {"type": "Feature", "properties": {"osmWayId": 553528949, "highway": "trunk", "name": "京抚线", "ref": "G102", "source": "bing", "sourceMembership": "g102-tag"}, "geometry": {"type": "LineString", "coordinates": [[118.8593876, 39.8921838], [118.8552823, 39.892307]]}}, {"type": "Feature", "properties": {"osmWayId": 553532278, "highway": "trunk", "lanes": "2", "layer": "1", "name": "京抚线", "oneway": "yes", "ref": "G102", "sourceMembership": "g102-tag"}, "geometry": {"type": "LineString", "coordinates": [[117.8267913, 39.8799242], [117.8289849, 39.879841], [117.8392277, 39.8794161], [117.8429058, 39.8792695], [117.8430223, 39.8792649], [117.8474089, 39.8791028], [117.8509929, 39.8789678], [117.8514919, 39.8789298], [117.8519455, 39.8788943], [117.8524432, 39.8788266], [117.8529531, 39.8787245], [117.8534589, 39.8785967], [117.8535374, 39.8785756], [117.8539563, 39.8784628], [117.8604135, 39.8764739], [117.8622284, 39.8759227], [117.8629554, 39.8757023], [117.8634918, 39.8755444], [117.8642023, 39.8753582], [117.8653848, 39.8750946], [117.8684629, 39.8744497], [117.8694035, 39.8742914], [117.8699825, 39.8742089], [117.8707797, 39.8741148], [117.8713006, 39.874065], [117.871355, 39.8740598], [117.87197, 39.8740202], [117.8724998, 39.8739912], [117.8727766, 39.8739761], [117.8769823, 39.8738607], [117.880285, 39.8737759], [117.8812342, 39.8737664], [117.882352, 39.8737968], [117.8831312, 39.8738075], [117.8833846, 39.873811], [117.8846849, 39.8738443], [117.8860101, 39.8738822], [117.8869083, 39.8739078], [117.8896616, 39.8739865], [117.8906934, 39.8740095], [117.8912706, 39.8740144], [117.8919749, 39.8739899], [117.8924441, 39.8739454], [117.8926822, 39.8739228], [117.8933095, 39.8737888], [117.8937795, 39.8736605], [117.8985317, 39.8721717], [117.8989431, 39.8720662], [117.8994111, 39.872], [117.8999338, 39.8719434], [117.9006674, 39.8719092], [117.9006987, 39.8719077], [117.9008147, 39.8719023], [117.901173, 39.8718856], [117.9037618, 39.8717653], [117.9043134, 39.8717348], [117.9070443, 39.871584], [117.9077336, 39.871557], [117.9078345, 39.8715582], [117.908328, 39.8715643], [117.9085431, 39.8715745], [117.9087445, 39.8716033], [117.9090925, 39.8716549], [117.9095767, 39.8717493], [117.9099014, 39.8718418], [117.9122641, 39.8727726], [117.9127929, 39.8729794], [117.9132663, 39.8731375], [117.9137244, 39.8732545], [117.9142543, 39.8733279], [117.9220114, 39.8736567], [117.9259998, 39.8737796], [117.9268019, 39.8738008]]}}, {"type": "Feature", "properties": {"osmWayId": 553532279, "highway": "trunk", "oneway": "no", "ref": "G102", "sourceMembership": "g102-tag"}, "geometry": {"type": "LineString", "coordinates": [[117.9563748, 39.8726194], [117.9574357, 39.8725293], [117.9584129, 39.8724432], [117.9614137, 39.8720475], [117.9634096, 39.8717843], [117.9652096, 39.8715468], [117.9659999, 39.8714348], [117.9674829, 39.8712246], [117.9683802, 39.8710746], [117.9691432, 39.870947], [117.9694393, 39.8708975], [117.9710446, 39.8706291], [117.9738044, 39.8701954], [117.9756396, 39.8699409], [117.9775499, 39.8696945], [117.9789, 39.8695299], [117.9805095, 39.8693152], [117.9810331, 39.8692454], [117.9828094, 39.8689851], [117.9857706, 39.8684919], [117.9880327, 39.8681798], [117.9898268, 39.8678668], [117.991166, 39.8676332], [117.9917785, 39.867525], [117.9949748, 39.8669605], [117.9959396, 39.8667767], [117.9960757, 39.8667508], [117.9965254, 39.8666493], [117.996954, 39.866519], [117.9982554, 39.8660918], [118.0004689, 39.8653653], [118.0008486, 39.8652361], [118.0074759, 39.8629811], [118.0086724, 39.8625933], [118.009495, 39.8623603], [118.0099998, 39.8622446], [118.0109396, 39.8620293], [118.0116674, 39.8618875], [118.0124497, 39.8617355], [118.0143858, 39.8613182], [118.0150685, 39.8611306], [118.0155001, 39.8610251], [118.0161069, 39.8608426], [118.0176153, 39.8603651], [118.0182553, 39.8601786], [118.0183511, 39.8601479], [118.0209539, 39.85932], [118.0237848, 39.8584419], [118.0272599, 39.8573202], [118.0279866, 39.8571213], [118.029043, 39.8568211], [118.0292843, 39.8567727], [118.0299082, 39.8566476], [118.0344652, 39.8559644], [118.0355425, 39.8558485], [118.0360094, 39.8558289], [118.0362373, 39.8558193], [118.039903, 39.8558915], [118.0429173, 39.8559509]]}}, {"type": "Feature", "properties": {"osmWayId": 556120868, "bridge": "yes", "highway": "trunk", "layer": "1", "name": "京抚线", "ref": "G102", "source": "bing", "sourceMembership": "g102-tag"}, "geometry": {"type": "LineString", "coordinates": [[119.0781137, 39.9049197], [119.0777043, 39.9048779]]}}, {"type": "Feature", "properties": {"osmWayId": 556120869, "highway": "trunk", "name": "京抚线", "ref": "G102", "source": "bing", "sourceMembership": "g102-tag"}, "geometry": {"type": "LineString", "coordinates": [[119.0777043, 39.9048779], [119.0736823, 39.9044668], [119.0676753, 39.9039105], [119.0673819, 39.9038833], [119.066936, 39.9037734], [119.0654472, 39.9034065], [119.0649318, 39.9032922], [119.0617816, 39.9025938], [119.0616494, 39.9025825], [119.0592952, 39.9023816], [119.0588401, 39.9023379], [119.0521417, 39.901695], [119.0508175, 39.9016274], [119.049429, 39.9017244], [119.0485823, 39.9019321], [119.0422026, 39.9032869], [119.0417127, 39.9033909], [119.0352888, 39.904755], [119.0315947, 39.9054192], [119.0294002, 39.9058138], [119.028764, 39.9059273], [119.0135354, 39.9086453], [119.013157, 39.908656], [119.0126491, 39.9086703], [119.0117036, 39.9084657], [119.0060376, 39.9066787], [118.998473, 39.9042927], [118.9914604, 39.901977], [118.9903592, 39.9017907], [118.9900376, 39.9017808], [118.9891902, 39.9017546], [118.9823247, 39.9016828], [118.9816248, 39.9016308], [118.9810054, 39.9014857], [118.9803863, 39.9012544]]}}, {"type": "Feature", "properties": {"osmWayId": 556600050, "highway": "secondary", "name": "京抚线", "ref": "G102", "source": "GPS", "sourceMembership": "g102-tag"}, "geometry": {"type": "LineString", "coordinates": [[128.712072, 46.0062986], [128.7133658, 46.0054692], [128.7143269, 46.0048758], [128.7145786, 46.0047249], [128.7148872, 46.004554], [128.7159716, 46.004003], [128.7168224, 46.0036192], [128.7179101, 46.0032016], [128.7190356, 46.0028304], [128.7202947, 46.0024743], [128.7211541, 46.0022242], [128.7236153, 46.0015098], [128.725433, 46.001011], [128.726883, 46.00058], [128.729401, 45.999912], [128.730896, 45.999382], [128.733017, 45.998772], [128.7333167, 45.9987112], [128.7342816, 45.9984491], [128.734916, 45.9979874], [128.7352707, 45.9974398], [128.7349467, 45.996044], [128.7348118, 45.9954841], [128.7347644, 45.995098], [128.7347807, 45.9946337], [128.7349253, 45.993862], [128.7353102, 45.9921003], [128.7359655, 45.9890532], [128.7362753, 45.9876826], [128.7363013, 45.9875905]]}}, {"type": "Feature", "properties": {"osmWayId": 559511414, "highway": "trunk", "lanes": "2", "name": "京抚线", "oneway": "yes", "ref": "G102", "source": "bing", "sourceMembership": "g102-tag"}, "geometry": {"type": "LineString", "coordinates": [[121.5819171, 41.3393327], [121.5789205, 41.3377242], [121.5710383, 41.3319719], [121.5682919, 41.329341], [121.5650702, 41.3265589], [121.5624373, 41.3245664], [121.5593237, 41.3218847], [121.5564641, 41.3183923], [121.5558581, 41.3178187], [121.5552688, 41.3174104], [121.5543483, 41.3169311], [121.5537242, 41.3165722], [121.5531202, 41.3160249], [121.5498686, 41.3129653], [121.5492652, 41.3123375], [121.5461982, 41.3081392], [121.5443902, 41.3058837], [121.543855, 41.3054173], [121.542681, 41.3046558], [121.5418825, 41.3039851], [121.5406248, 41.3027237], [121.5400343, 41.3022505], [121.5394, 41.3019318], [121.5381442, 41.3013322], [121.5371792, 41.3007101], [121.5353522, 41.299165], [121.5335217, 41.2976108], [121.5324542, 41.2964966], [121.5268819, 41.2905631], [121.5264436, 41.2900255], [121.5260656, 41.2894133], [121.5242618, 41.2852789], [121.5237284, 41.2842312], [121.5231195, 41.2832456], [121.518437, 41.2767963], [121.5144103, 41.2712496], [121.5129696, 41.2691127], [121.5126581, 41.2686439], [121.512362, 41.2680198], [121.5123115, 41.2679418], [121.5120259, 41.2671038], [121.5115974, 41.2657883], [121.5107031, 41.2623768], [121.5102856, 41.2615909], [121.5085631, 41.2592963], [121.5079661, 41.2585593], [121.506907, 41.2582007], [121.500232, 41.255395], [121.4995146, 41.254987], [121.4987745, 41.2544217], [121.4886853, 41.2442047], [121.4867493, 41.2422931], [121.4866018, 41.2421923], [121.4860225, 41.2417965], [121.4830305, 41.2401474], [121.475758, 41.236139], [121.4751451, 41.2358012], [121.4742489, 41.2352168], [121.4703726, 41.2325234]]}}, {"type": "Feature", "properties": {"osmWayId": 559511419, "bridge": "yes", "highway": "trunk", "lanes": "2", "layer": "1", "name": "闾阳桥", "oneway": "yes", "ref": "G102;G305", "source": "bing", "sourceMembership": "g102-tag"}, "geometry": {"type": "LineString", "coordinates": [[121.666131, 41.3797577], [121.6670168, 41.3795458]]}}, {"type": "Feature", "properties": {"osmWayId": 559511421, "highway": "trunk", "lanes": "2", "name": "京抚线", "oneway": "yes", "ref": "G102;G305", "source": "bing", "sourceMembership": "g102-tag"}, "geometry": {"type": "LineString", "coordinates": [[121.6670168, 41.3795458], [121.6671153, 41.3795225], [121.6736478, 41.3779742], [121.6744592, 41.3777322], [121.7097607, 41.3646942], [121.7104152, 41.3644525], [121.7133211, 41.3633791]]}}, {"type": "Feature", "properties": {"osmWayId": 559511426, "highway": "trunk", "lanes": "2", "name": "京抚线", "oneway": "yes", "ref": "G102;G305", "source": "bing", "surface": "asphalt", "sourceMembership": "g102-tag"}, "geometry": {"type": "LineString", "coordinates": [[121.66621, 41.3798012], [121.6653344, 41.3799559], [121.6645161, 41.3800383], [121.6611104, 41.3801163], [121.6600858, 41.3800781], [121.6592011, 41.379975], [121.6578018, 41.3796669], [121.6565994, 41.3793842], [121.6554565, 41.3790714], [121.6543561, 41.378647], [121.6529678, 41.3779608], [121.6514956, 41.3774659], [121.6507713, 41.3772521], [121.6456592, 41.3757101], [121.6436817, 41.3749916], [121.6402214, 41.3739123], [121.638972, 41.3734529], [121.6365256, 41.3723268], [121.6321571, 41.3707199], [121.630504, 41.3700992], [121.6249728, 41.3677473], [121.6231819, 41.3669857], [121.616491, 41.3645203], [121.6152422, 41.3639914], [121.6130947, 41.3629284], [121.6121183, 41.3624094], [121.6109912, 41.3616815], [121.6053459, 41.3573197], [121.5994461, 41.3526332], [121.5991957, 41.3524343], [121.5972024, 41.3510989], [121.5966368, 41.3508598], [121.5965739, 41.3508246]]}}, {"type": "Feature", "properties": {"osmWayId": 559511431, "highway": "trunk", "lanes": "2", "name": "京抚线", "oneway": "yes", "ref": "G102;G305", "source": "bing", "surface": "asphalt", "sourceMembership": "g102-tag"}, "geometry": {"type": "LineString", "coordinates": [[121.5965921, 41.3507923], [121.5966572, 41.3508302], [121.5972277, 41.3510721], [121.5992281, 41.3524123], [121.5994804, 41.3526127], [121.6053811, 41.3572999], [121.6110223, 41.3616585], [121.61131, 41.3618443], [121.6121413, 41.3623812], [121.6131117, 41.362897], [121.6152543, 41.3639575], [121.6164967, 41.3644837], [121.6231877, 41.3669492], [121.6249931, 41.3677169], [121.6305101, 41.3700628], [121.6321602, 41.3706824], [121.6365331, 41.3722909], [121.6389795, 41.373417], [121.6402208, 41.3738735], [121.6436809, 41.3749527], [121.6456577, 41.3756709], [121.6507795, 41.3772118], [121.6514925, 41.3774263], [121.6529753, 41.3779247], [121.6543662, 41.3786122], [121.6554547, 41.379032], [121.6565882, 41.3793423], [121.6577871, 41.3796241], [121.6591781, 41.3799304], [121.6600493, 41.3800319], [121.6610632, 41.3800697], [121.6644583, 41.379992], [121.6652651, 41.3799107], [121.666131, 41.3797577]]}}, {"type": "Feature", "properties": {"osmWayId": 559511443, "bridge": "yes", "highway": "trunk", "lanes": "2", "layer": "1", "name": "闾阳桥", "oneway": "yes", "ref": "G102;G305", "source": "bing", "sourceMembership": "g102-tag"}, "geometry": {"type": "LineString", "coordinates": [[121.6671079, 41.3795936], [121.66621, 41.3798012]]}}, {"type": "Feature", "properties": {"osmWayId": 559511452, "highway": "trunk", "lanes": "2", "name": "京抚线", "oneway": "yes", "ref": "G102;G305", "source": "bing", "sourceMembership": "g102-tag"}, "geometry": {"type": "LineString", "coordinates": [[121.7670309, 41.3642466], [121.7636773, 41.3639182], [121.7622479, 41.363797], [121.7610809, 41.363673], [121.7607617, 41.363644], [121.7605064, 41.3636206], [121.7600556, 41.3635867], [121.7596156, 41.3635861], [121.7591758, 41.3636465], [121.758796, 41.363731]]}}, {"type": "Feature", "properties": {"osmWayId": 562943063, "highway": "trunk", "name": "京抚线", "ref": "G102", "source": "digitalGlobe", "sourceMembership": "g102-tag"}, "geometry": {"type": "LineString", "coordinates": [[128.2989113, 45.9943133], [128.2999905, 45.994458], [128.3013916, 45.994504], [128.3025466, 45.9944777], [128.3037678, 45.9943725], [128.30959, 45.9937806], [128.3138407, 45.993353], [128.3171257, 45.993136], [128.3250211, 45.9928992], [128.3332858, 45.9926888], [128.3381613, 45.9925638], [128.3452615, 45.9923665], [128.3465111, 45.9923533]]}}, {"type": "Feature", "properties": {"osmWayId": 562943065, "bridge": "yes", "highway": "trunk", "layer": "1", "name": "京抚线", "ref": "G102", "source": "digitalGlobe", "sourceMembership": "g102-tag"}, "geometry": {"type": "LineString", "coordinates": [[128.3465111, 45.9923533], [128.3475998, 45.9923204]]}}, {"type": "Feature", "properties": {"osmWayId": 562943066, "bridge": "yes", "highway": "trunk", "layer": "1", "name": "京抚线", "ref": "G102", "source": "digitalGlobe", "sourceMembership": "g102-tag"}, "geometry": {"type": "LineString", "coordinates": [[128.1570657, 45.9579309], [128.157501, 45.9580033]]}}, {"type": "Feature", "properties": {"osmWayId": 562943067, "bridge": "yes", "highway": "trunk", "layer": "1", "name": "京抚线", "ref": "G102", "source": "digitalGlobe", "sourceMembership": "g102-tag"}, "geometry": {"type": "LineString", "coordinates": [[128.2984474, 45.9942607], [128.2989113, 45.9943133]]}}, {"type": "Feature", "properties": {"osmWayId": 562943068, "bridge": "yes", "highway": "trunk", "layer": "1", "name": "京抚线", "ref": "G102", "source": "digitalGlobe", "sourceMembership": "g102-tag"}, "geometry": {"type": "LineString", "coordinates": [[128.4387098, 46.0091687], [128.439098, 46.0091818]]}}, {"type": "Feature", "properties": {"osmWayId": 562943069, "highway": "trunk", "name": "京抚线", "ref": "G102", "source": "digitalGlobe", "sourceMembership": "g102-tag"}, "geometry": {"type": "LineString", "coordinates": [[128.3475998, 45.9923204], [128.3503547, 45.9922875], [128.3513772, 45.9923402], [128.3523806, 45.9925769], [128.3573035, 45.9940699], [128.360011, 45.9948986], [128.3605317, 45.9951288], [128.3645362, 45.9971874], [128.3664296, 45.9981344], [128.3677077, 45.9986605], [128.3691845, 45.9990748], [128.3723749, 45.99991], [128.381217, 46.0021788], [128.3863576, 46.0034151], [128.3881752, 46.0037307], [128.388346, 46.0037517], [128.3904189, 46.0040069], [128.3932779, 46.0043225], [128.4001888, 46.0050327], [128.4040892, 46.0054799], [128.4134425, 46.0064925], [128.4188148, 46.0070706], [128.4201641, 46.0072158], [128.423343, 46.0076164], [128.4328971, 46.0088202], [128.434516, 46.0089714], [128.4364378, 46.0090898], [128.4387098, 46.0091687]]}}, {"type": "Feature", "properties": {"osmWayId": 562943070, "highway": "trunk", "name": "京抚线", "ref": "G102", "source": "digitalGlobe", "surface": "asphalt", "sourceMembership": "g102-tag"}, "geometry": {"type": "LineString", "coordinates": [[128.157501, 45.9580033], [128.1607469, 45.9584973], [128.1613487, 45.958546], [128.1623461, 45.9586118], [128.1635546, 45.9585993], [128.1644748, 45.9585288], [128.1673215, 45.958189], [128.1725842, 45.9577595], [128.174222, 45.957674], [128.1757272, 45.9576542], [128.1770526, 45.9576871], [128.1786402, 45.9576995], [128.1802524, 45.9578352], [128.1815683, 45.9580096], [128.1831209, 45.9582334], [128.1851847, 45.958523], [128.1942067, 45.9598787], [128.195409, 45.9599971], [128.196706, 45.9600893], [128.1978988, 45.9601419], [128.2062581, 45.9602999], [128.2076214, 45.9603788], [128.2093444, 45.9605236], [128.2113419, 45.9607869], [128.2132921, 45.9611686], [128.2189723, 45.9624123], [128.2228632, 45.9633007], [128.2252205, 45.9639391], [128.2324627, 45.9661632], [128.2347348, 45.966966], [128.2360885, 45.9676372], [128.2404149, 45.9701047], [128.2440692, 45.9721379], [128.246985, 45.9738354], [128.2483577, 45.9745525], [128.2493612, 45.9749999], [128.2505919, 45.9754473], [128.2520309, 45.9758684], [128.2532995, 45.9761973], [128.258317, 45.9775], [128.2605228, 45.9782302], [128.265758, 45.9802105], [128.2702453, 45.9819143], [128.2791537, 45.9853153], [128.2815962, 45.986348], [128.284654, 45.9878412], [128.2884597, 45.9899], [128.2939316, 45.99284], [128.2953328, 45.9934451], [128.2966108, 45.9938595], [128.2978699, 45.994162], [128.2984474, 45.9942607]]}}, {"type": "Feature", "properties": {"osmWayId": 562969645, "bridge": "yes", "highway": "trunk", "layer": "1", "name": "京抚线", "ref": "G102", "source": "digitalGlobe", "sourceMembership": "g102-tag"}, "geometry": {"type": "LineString", "coordinates": [[128.543031, 46.0190738], [128.5437408, 46.0190425]]}}, {"type": "Feature", "properties": {"osmWayId": 562969650, "highway": "trunk", "name": "京抚线", "ref": "G102", "source": "GPS", "sourceMembership": "g102-tag"}, "geometry": {"type": "LineString", "coordinates": [[128.5437408, 46.0190425], [128.5542032, 46.01877], [128.5547084, 46.0187568], [128.5578413, 46.018666], [128.560669, 46.0186749], [128.5609223, 46.0186828], [128.5623342, 46.0187269], [128.5631879, 46.0187536], [128.5649692, 46.0187799], [128.5655098, 46.0187733], [128.56839, 46.018738], [128.572556, 46.018589], [128.579102, 46.0182], [128.586838, 46.017445], [128.594666, 46.016773], [128.599808, 46.016293], [128.614761, 46.014912], [128.620117, 46.014488], [128.624863, 46.014156], [128.631561, 46.01376], [128.636948, 46.013351], [128.6470897, 46.0122664], [128.6485405, 46.012178], [128.6501241, 46.0121134], [128.6517694, 46.0121127], [128.6541405, 46.0121905], [128.6571145, 46.0122529], [128.6590854, 46.0122943], [128.6615062, 46.0122726], [128.6674209, 46.0121225], [128.6757649, 46.0118959], [128.6837815, 46.0117274], [128.6843967, 46.0117134], [128.6885295, 46.0115901]]}}, {"type": "Feature", "properties": {"osmWayId": 562969759, "highway": "tertiary", "name": "大通河大街", "oneway": "yes", "ref": "G102", "source": "digitalGlobe", "sourceMembership": "g102-tag"}, "geometry": {"type": "LineString", "coordinates": [[128.7799705, 45.993516], [128.7740193, 45.9926904], [128.7679754, 45.9918529], [128.76782, 45.9918311], [128.7614882, 45.990946]]}}, {"type": "Feature", "properties": {"osmWayId": 564202909, "highway": "trunk", "name": "外环路", "oneway": "yes", "ref": "G102", "sourceMembership": "g102-tag"}, "geometry": {"type": "LineString", "coordinates": [[120.8243281, 40.7869336], [120.8251673, 40.7874396], [120.8258156, 40.7878956], [120.8264842, 40.7885379], [120.8270002, 40.7892399], [120.8275842, 40.7902677], [120.8290182, 40.7931385], [120.8293562, 40.7936169], [120.8297345, 40.7940613], [120.830368, 40.7946122], [120.8311543, 40.7950913], [120.8320396, 40.7954491], [120.8329063, 40.795679], [120.8416339, 40.7970277], [120.8417459, 40.797045]]}}, {"type": "Feature", "properties": {"osmWayId": 601513569, "highway": "trunk", "lanes": "2", "name": "玉滨公路", "oneway": "yes", "ref": "G102", "sourceMembership": "g102-tag"}, "geometry": {"type": "LineString", "coordinates": [[117.6905324, 39.8953271], [117.6905581, 39.8957309], [117.6906814, 39.8961887], [117.6907816, 39.8964595], [117.6909427, 39.8966857], [117.6927327, 39.8975814], [117.6933274, 39.8978843], [117.6960526, 39.8992726], [117.6973325, 39.8998936]]}}, {"type": "Feature", "properties": {"osmWayId": 601513570, "highway": "trunk", "lanes": "2", "name": "玉滨公路", "oneway": "yes", "ref": "G102", "sourceMembership": "g102-tag"}, "geometry": {"type": "LineString", "coordinates": [[117.6978696, 39.900336], [117.6969516, 39.8998942], [117.6944007, 39.8986024], [117.6920087, 39.8973775], [117.6906095, 39.8967327], [117.6896902, 39.8963744], [117.6891499, 39.8961992], [117.6885563, 39.896099], [117.687636, 39.8959739], [117.6867662, 39.8959006], [117.6861396, 39.8959358], [117.6855316, 39.8959987]]}}, {"type": "Feature", "properties": {"osmWayId": 602122371, "highway": "trunk", "name": "京抚线", "ref": "G102", "source": "bing", "sourceMembership": "g102-tag"}, "geometry": {"type": "LineString", "coordinates": [[118.8105872, 39.8847733], [118.8070532, 39.8830384]]}}, {"type": "Feature", "properties": {"osmWayId": 602122372, "bridge": "yes", "highway": "trunk", "layer": "1", "name": "京抚线", "ref": "G102", "source": "bing", "sourceMembership": "g102-tag"}, "geometry": {"type": "LineString", "coordinates": [[118.8145468, 39.886689], [118.8105872, 39.8847733]]}}, {"type": "Feature", "properties": {"osmWayId": 617726308, "bridge": "yes", "highway": "trunk", "layer": "1", "name": "岭东街", "oneway": "yes", "ref": "G102", "source": "GPS", "sourceMembership": "g102-tag"}, "geometry": {"type": "LineString", "coordinates": [[123.8764913, 42.3076956], [123.8765018, 42.3075976]]}}, {"type": "Feature", "properties": {"osmWayId": 617726309, "highway": "trunk", "name": "岭东街", "oneway": "yes", "ref": "G102", "source": "GPS", "surface": "asphalt", "sourceMembership": "g102-tag"}, "geometry": {"type": "LineString", "coordinates": [[123.8765018, 42.3075976], [123.8765103, 42.3075167], [123.8765338, 42.3072944], [123.8768061, 42.3045169], [123.8768193, 42.3041858], [123.8768653, 42.3026456], [123.8766784, 42.300938], [123.8766519, 42.3006955], [123.8766147, 42.3003419], [123.8765497, 42.2998738], [123.8759863, 42.2960055], [123.8759645, 42.2958775], [123.8759358, 42.2957224], [123.8759144, 42.2956417], [123.8758839, 42.2955665], [123.875847, 42.2954979], [123.8758017, 42.2954279], [123.8757512, 42.2953481], [123.8756617, 42.295217], [123.8755576, 42.2950816], [123.8753917, 42.2949346], [123.8752697, 42.2948443], [123.875149, 42.2947661], [123.8749976, 42.2946807], [123.8748679, 42.2946244], [123.8747011, 42.2945663], [123.8745465, 42.294533], [123.8743597, 42.2945032], [123.8738027, 42.2944169], [123.8735959, 42.2943753]]}}, {"type": "Feature", "properties": {"osmWayId": 643592353, "highway": "trunk", "lanes": "3", "name": "南四环路", "oneway": "yes", "ref": "G102", "sourceMembership": "g102-tag"}, "geometry": {"type": "LineString", "coordinates": [[125.3843735, 43.8266908], [125.3826283, 43.8253455], [125.380275, 43.8237368]]}}, {"type": "Feature", "properties": {"osmWayId": 651621036, "highway": "trunk", "name": "西北二环快速路", "oneway": "yes", "ref": "G102", "source": "yahoo imagery", "sourceMembership": "g102-tag"}, "geometry": {"type": "LineString", "coordinates": [[123.3846495, 41.8567252], [123.382181, 41.856666], [123.3812899, 41.8566312], [123.3810327, 41.8566214]]}}, {"type": "Feature", "properties": {"osmWayId": 651621037, "bridge": "yes", "highway": "trunk", "layer": "1", "name": "西北二环快速路", "oneway": "yes", "ref": "G102", "source": "yahoo imagery", "sourceMembership": "g102-tag"}, "geometry": {"type": "LineString", "coordinates": [[123.3846301, 41.8566262], [123.3859217, 41.8566612], [123.3925491, 41.8568334], [123.394468, 41.8569168], [123.4010632, 41.857201]]}}, {"type": "Feature", "properties": {"osmWayId": 651621040, "bridge": "yes", "highway": "trunk", "lanes": "4", "layer": "1", "name": "西北二环快速路", "oneway": "yes", "ref": "G102", "source": "yahoo imagery", "sourceMembership": "g102-tag"}, "geometry": {"type": "LineString", "coordinates": [[123.4037735, 41.8574344], [123.4010499, 41.8572912]]}}, {"type": "Feature", "properties": {"osmWayId": 651621041, "highway": "trunk", "lanes": "4", "name": "白山路", "oneway": "yes", "ref": "G102", "source": "yahoo imagery", "sourceMembership": "g102-tag"}, "geometry": {"type": "LineString", "coordinates": [[123.4037814, 41.8573331], [123.4045613, 41.857371], [123.4047338, 41.8573794]]}}, {"type": "Feature", "properties": {"osmWayId": 651621042, "bridge": "yes", "highway": "trunk", "layer": "1", "name": "西北二环快速路", "oneway": "yes", "ref": "G102", "source": "yahoo imagery", "sourceMembership": "g102-tag"}, "geometry": {"type": "LineString", "coordinates": [[123.3810327, 41.8566214], [123.3790397, 41.8565462], [123.3759215, 41.8564498], [123.3752981, 41.8564283], [123.3746178, 41.8563826], [123.3741797, 41.8563279], [123.3739122, 41.8562812], [123.3736897, 41.8562264], [123.3734632, 41.8561533], [123.3683929, 41.8543128], [123.3652659, 41.8531828], [123.3646359, 41.8529443], [123.3602797, 41.8511979], [123.3593634, 41.8508487], [123.3555422, 41.8493601], [123.3538508, 41.8487012], [123.3512578, 41.8477105]]}}, {"type": "Feature", "properties": {"osmWayId": 651621043, "highway": "trunk", "name": "西北二环快速路", "oneway": "yes", "ref": "G102", "source": "yahoo imagery", "sourceMembership": "g102-tag"}, "geometry": {"type": "LineString", "coordinates": [[123.3810153, 41.8565231], [123.3823395, 41.8565597], [123.3826701, 41.8565693], [123.382768, 41.8565721], [123.3846301, 41.8566262]]}}, {"type": "Feature", "properties": {"osmWayId": 651621047, "highway": "trunk", "name": "重工北街", "oneway": "yes", "ref": "G102", "source": "yahoo imagery", "sourceMembership": "g102-tag"}, "geometry": {"type": "LineString", "coordinates": [[123.3426006, 41.8379114], [123.3419731, 41.8369727], [123.3416936, 41.8365726], [123.3414013, 41.8361444], [123.3413061, 41.836005], [123.3409874, 41.8356403]]}}, {"type": "Feature", "properties": {"osmWayId": 651621048, "bridge": "yes", "highway": "trunk", "layer": "1", "name": "重工北街", "oneway": "yes", "ref": "G102", "source": "yahoo imagery", "sourceMembership": "g102-tag"}, "geometry": {"type": "LineString", "coordinates": [[123.342724, 41.8378408], [123.3445061, 41.8407014], [123.3467669, 41.8443779]]}}, {"type": "Feature", "properties": {"osmWayId": 651621067, "bridge": "yes", "highway": "trunk", "layer": "1", "name": "重工北街", "oneway": "yes", "ref": "G102;G304", "sourceMembership": "g102-tag"}, "geometry": {"type": "LineString", "coordinates": [[123.3225979, 41.8082512], [123.3234247, 41.8100116], [123.3247658, 41.8130293], [123.3255559, 41.814825], [123.3270672, 41.8182258], [123.3271919, 41.8185124], [123.3284453, 41.8215609], [123.3310686, 41.8274591]]}}, {"type": "Feature", "properties": {"osmWayId": 651621068, "highway": "trunk", "name": "重工北街", "oneway": "yes", "ref": "G102;G304", "sourceMembership": "g102-tag"}, "geometry": {"type": "LineString", "coordinates": [[123.3224911, 41.8082699], [123.3221408, 41.8074979], [123.3218185, 41.8069197], [123.3216277, 41.8065689], [123.3212864, 41.8057596]]}}, {"type": "Feature", "properties": {"osmWayId": 651621070, "highway": "trunk", "name": "重工北街", "oneway": "yes", "ref": "G102", "sourceMembership": "g102-tag"}, "geometry": {"type": "LineString", "coordinates": [[123.3310686, 41.8274591], [123.3312274, 41.827846], [123.3313502, 41.8280823]]}}, {"type": "Feature", "properties": {"osmWayId": 651621071, "bridge": "yes", "highway": "trunk", "layer": "1", "name": "重工北街", "oneway": "yes", "ref": "G102;G304", "sourceMembership": "g102-tag"}, "geometry": {"type": "LineString", "coordinates": [[123.3309405, 41.827488], [123.3283205, 41.8216042], [123.3270844, 41.8185428], [123.3269519, 41.8182514], [123.3254409, 41.8148574], [123.3246473, 41.8130601], [123.3233192, 41.8100363], [123.3224911, 41.8082699]]}}, {"type": "Feature", "properties": {"osmWayId": 651621083, "highway": "trunk", "name": "重工北街", "oneway": "yes", "ref": "G102;G304", "sourceMembership": "g102-tag"}, "geometry": {"type": "LineString", "coordinates": [[123.3214457, 41.8057068], [123.3219956, 41.806966], [123.3222339, 41.8074697], [123.3223747, 41.8077401], [123.3225979, 41.8082512]]}}, {"type": "Feature", "properties": {"osmWayId": 651621084, "bridge": "yes", "highway": "trunk", "layer": "1", "name": "重工北街", "oneway": "yes", "ref": "G102;G304", "sourceMembership": "g102-tag"}, "geometry": {"type": "LineString", "coordinates": [[123.3209054, 41.8048564], [123.3207252, 41.8037831], [123.3207112, 41.8033644]]}}, {"type": "Feature", "properties": {"osmWayId": 651621089, "highway": "trunk", "name": "重工南街", "oneway": "yes", "ref": "G102;G304", "sourceMembership": "g102-tag"}, "geometry": {"type": "LineString", "coordinates": [[123.3206067, 41.7989964], [123.320598, 41.7984722], [123.3206168, 41.7983358], [123.3206195, 41.7979024], [123.3206264, 41.7968099]]}}, {"type": "Feature", "properties": {"osmWayId": 651621090, "bridge": "yes", "highway": "trunk", "layer": "1", "name": "重工南街", "oneway": "yes", "ref": "G102;G304", "sourceMembership": "g102-tag"}, "geometry": {"type": "LineString", "coordinates": [[123.3207845, 41.7989924], [123.3208382, 41.8005501], [123.3209023, 41.8017285]]}}, {"type": "Feature", "properties": {"osmWayId": 651621094, "bridge": "yes", "highway": "trunk", "layer": "1", "name": "重工南街", "oneway": "yes", "ref": "G102;G304", "sourceMembership": "g102-tag"}, "geometry": {"type": "LineString", "coordinates": [[123.3206264, 41.7968099], [123.320638, 41.7949519], [123.3206279, 41.7919272], [123.3205854, 41.7875399], [123.3204946, 41.7836101], [123.3204243, 41.7816322]]}}, {"type": "Feature", "properties": {"osmWayId": 651621095, "highway": "trunk", "name": "重工南街", "oneway": "yes", "ref": "G102;G304", "sourceMembership": "g102-tag"}, "geometry": {"type": "LineString", "coordinates": [[123.3207651, 41.7967943], [123.3207975, 41.7978913], [123.3208091, 41.7982823], [123.3208076, 41.7983223], [123.3208022, 41.7984653], [123.3207914, 41.7987515], [123.3207845, 41.7989924]]}}, {"type": "Feature", "properties": {"osmWayId": 651621097, "highway": "trunk", "name": "重工南街", "oneway": "yes", "ref": "G102;G304", "sourceMembership": "g102-tag"}, "geometry": {"type": "LineString", "coordinates": [[123.3204243, 41.7816322], [123.3204238, 41.7807275], [123.320423, 41.7804393], [123.3204246, 41.7803642]]}}, {"type": "Feature", "properties": {"osmWayId": 651621098, "bridge": "yes", "highway": "trunk", "layer": "1", "name": "重工南街", "oneway": "yes", "ref": "G102;G304", "sourceMembership": "g102-tag"}, "geometry": {"type": "LineString", "coordinates": [[123.3205542, 41.7816501], [123.3206349, 41.7836805], [123.3206885, 41.7875187], [123.3207717, 41.7901531], [123.3207506, 41.7920856], [123.3207717, 41.7948077], [123.3207651, 41.7967943]]}}, {"type": "Feature", "properties": {"osmWayId": 675631561, "highway": "trunk", "lanes": "2", "name": "黑大线", "oneway": "yes", "ref": "G102;G202", "sourceMembership": "g102-tag"}, "geometry": {"type": "LineString", "coordinates": [[126.5706793, 45.9147139], [126.5710932, 45.9128946], [126.5712711, 45.9119357]]}}, {"type": "Feature", "properties": {"osmWayId": 675631569, "highway": "trunk", "lanes": "3", "name": "黑大线", "nat_ref": "202国道", "oneway": "yes", "ref": "G102;G202", "source": "GPS", "sourceMembership": "g102-tag"}, "geometry": {"type": "LineString", "coordinates": [[126.5713017, 45.9093267], [126.5714736, 45.910338], [126.5715121, 45.9111382], [126.5714318, 45.9117331]]}}, {"type": "Feature", "properties": {"osmWayId": 675631570, "highway": "trunk", "lanes": "3", "name": "黑大线", "oneway": "yes", "ref": "G102;G202", "sourceMembership": "g102-tag"}, "geometry": {"type": "LineString", "coordinates": [[126.5711906, 45.909365], [126.5711506, 45.909178], [126.5710906, 45.9089793], [126.5709663, 45.9086591]]}}, {"type": "Feature", "properties": {"osmWayId": 675792308, "bridge": "yes", "highway": "trunk", "lanes": "4", "lanes:forward": "2", "layer": "1", "name": "京抚线", "oneway": "yes", "ref": "G102", "source": "yahoo imagery", "sourceMembership": "g102-tag"}, "geometry": {"type": "LineString", "coordinates": [[126.6473502, 45.9770632], [126.645321, 45.9770519], [126.6446016, 45.9770568], [126.6418259, 45.9770943], [126.6399347, 45.9771362], [126.638897, 45.9771712], [126.6372547, 45.9772339], [126.635047, 45.9773457]]}}, {"type": "Feature", "properties": {"osmWayId": 675792334, "bicycle": "yes", "bridge": "yes", "foot": "yes", "highway": "trunk", "horse": "yes", "lanes": "2", "layer": "1", "name": "萧红大道", "ref": "G102", "source": "yahoo imagery", "sourceMembership": "g102-tag"}, "geometry": {"type": "LineString", "coordinates": [[126.6258089, 45.9772302], [126.6255361, 45.9771462]]}}, {"type": "Feature", "properties": {"osmWayId": 675792335, "bicycle": "yes", "foot": "yes", "highway": "trunk", "horse": "yes", "lanes": "2", "name": "萧红大道", "ref": "G102", "source": "yahoo imagery", "sourceMembership": "g102-tag"}, "geometry": {"type": "LineString", "coordinates": [[126.6317243, 45.9775052], [126.6285526, 45.9776545], [126.6279742, 45.9776786], [126.6275895, 45.9776664], [126.6272253, 45.9776099], [126.6267283, 45.9774989], [126.6258089, 45.9772302]]}}, {"type": "Feature", "properties": {"osmWayId": 678975095, "alt_name:ru": "Годао 102", "bridge": "yes", "highway": "trunk", "layer": "1", "name": "京抚线", "name:ru": "Пекин — Харбин", "note": "trunk road superceded by G1", "ref": "G102", "sourceMembership": "g102-tag"}, "geometry": {"type": "LineString", "coordinates": [[126.1960161, 45.2106205], [126.1962853, 45.2108444]]}}, {"type": "Feature", "properties": {"osmWayId": 678975096, "alt_name:ru": "Годао 102", "bridge": "yes", "highway": "trunk", "layer": "1", "name": "京抚线", "name:ru": "Пекин — Харбин", "note": "trunk road superceded by G1", "ref": "G102", "source": "digitalGlobe Premium", "sourceMembership": "g102-tag"}, "geometry": {"type": "LineString", "coordinates": [[126.1839727, 45.194046], [126.1840623, 45.1943447]]}}, {"type": "Feature", "properties": {"osmWayId": 678975097, "alt_name:ru": "Годао 102", "highway": "trunk", "name": "京抚线", "name:ru": "Пекин — Харбин", "note": "trunk road superceded by G1", "ref": "G102", "sourceMembership": "g102-tag"}, "geometry": {"type": "LineString", "coordinates": [[126.1962853, 45.2108444], [126.1963515, 45.2108998], [126.2011085, 45.214881], [126.2021483, 45.2157512], [126.2065995, 45.2194401], [126.2069622, 45.2197793], [126.2072075, 45.2199592], [126.2074687, 45.2201778], [126.2078541, 45.2205004], [126.2101459, 45.2224425], [126.2166082, 45.2277464], [126.2166379, 45.2277708], [126.2188324, 45.2295992], [126.2209364, 45.231352], [126.2231405, 45.2331816], [126.2294841, 45.2384472], [126.2398098, 45.2470583], [126.2458009, 45.2522028], [126.2479437, 45.2542983], [126.250166, 45.2567934], [126.2579217, 45.2654928], [126.2673005, 45.2761031], [126.2723564, 45.2818241], [126.274763, 45.2838358], [126.2771089, 45.2855273], [126.2796841, 45.2869761], [126.2822657, 45.2880676], [126.2954189, 45.293657], [126.2968049, 45.2942619], [126.3032482, 45.2969315], [126.3048111, 45.2976536], [126.3057316, 45.2981262], [126.3064588, 45.2985432], [126.3070029, 45.2988858], [126.307229, 45.2990281], [126.307686, 45.2993421], [126.3081817, 45.2997455], [126.3084993, 45.3000368], [126.3091659, 45.3007054], [126.3098238, 45.3014578], [126.3105219, 45.3023417], [126.3108811, 45.3029448], [126.3112368, 45.3036707], [126.3119593, 45.3052907], [126.3146131, 45.3114369], [126.3193615, 45.3224323], [126.3232666, 45.3314735], [126.3234067, 45.3317646], [126.3242867, 45.3335936], [126.3252953, 45.3356897], [126.3257073, 45.3364221], [126.3261443, 45.3371544], [126.3266223, 45.3378478], [126.3271777, 45.3385158], [126.3281651, 45.3396279], [126.3289956, 45.3404851], [126.3305281, 45.341943], [126.3369586, 45.3476585], [126.3402187, 45.3511573], [126.3426964, 45.3547779], [126.3450328, 45.3590758], [126.3455318, 45.3599937], [126.3459607, 45.3607865], [126.3489582, 45.3663265], [126.3542365, 45.3760805], [126.3545674, 45.3767841], [126.3547145, 45.3769539]]}}, {"type": "Feature", "properties": {"osmWayId": 678975098, "alt_name:ru": "Годао 102", "highway": "trunk", "name": "京抚线", "name:ru": "Пекин — Харбин", "note": "trunk road superceded by G1", "ref": "G102", "sourceMembership": "g102-tag"}, "geometry": {"type": "LineString", "coordinates": [[126.1840623, 45.1943447], [126.1850708, 45.197111], [126.1858335, 45.1992028], [126.1863639, 45.200428], [126.1876142, 45.2025408], [126.1879355, 45.2029837], [126.1885494, 45.20383], [126.1892628, 45.2046865], [126.1904996, 45.2059701], [126.1921628, 45.2073873], [126.1935606, 45.2085782], [126.1960161, 45.2106205]]}}, {"type": "Feature", "properties": {"osmWayId": 680356735, "highway": "trunk", "name": "京抚线", "oneway": "no", "ref": "G102", "source": "landsat", "sourceMembership": "g102-tag"}, "geometry": {"type": "LineString", "coordinates": [[129.1850289, 46.1036471], [129.1860625, 46.1051332], [129.1870973, 46.1060244], [129.1888267, 46.107183], [129.1915615, 46.108968], [129.1947599, 46.1112284], [129.1967823, 46.1129839], [129.1983606, 46.1146114], [129.2024665, 46.1194201], [129.2036413, 46.1208283], [129.2044663, 46.1216131], [129.2124792, 46.1272339], [129.2130339, 46.1278709], [129.2156622, 46.130889], [129.2161672, 46.1314586], [129.216905, 46.1319901], [129.2216699, 46.1349241], [129.2219803, 46.1350523], [129.2228586, 46.1352607], [129.2387339, 46.1362759], [129.2400875, 46.1364561], [129.2537475, 46.1402335], [129.2549629, 46.1405706], [129.2620859, 46.1425464], [129.2636512, 46.1430855], [129.2652351, 46.1441326]]}}, {"type": "Feature", "properties": {"osmWayId": 680356738, "bridge": "yes", "highway": "trunk", "layer": "1", "name": "京抚线", "ref": "G102", "source": "digitalGlobe Premium", "sourceMembership": "g102-tag"}, "geometry": {"type": "LineString", "coordinates": [[129.265738, 46.144465], [129.2652351, 46.1441326]]}}, {"type": "Feature", "properties": {"osmWayId": 686254420, "bicycle": "yes", "foot": "yes", "highway": "trunk", "lanes": "3", "motor_vehicle": "yes", "name": "沈铁路", "oneway": "yes", "ref": "G102", "sourceMembership": "g102-tag"}, "geometry": {"type": "LineString", "coordinates": [[123.5011777, 41.8521573], [123.5012681, 41.851546], [123.501386, 41.8507109], [123.5014135, 41.8503449], [123.5013882, 41.8499953], [123.5013678, 41.8497613], [123.5013162, 41.849525], [123.5011313, 41.8489415], [123.5008819, 41.8482623], [123.5006077, 41.8474212], [123.5005775, 41.8473617], [123.5005238, 41.8472961], [123.4994865, 41.8464665], [123.4988195, 41.8458691], [123.4958774, 41.8432343], [123.4957863, 41.8431378], [123.4956576, 41.8430016], [123.4953621, 41.8426461], [123.4951267, 41.8422643], [123.4944191, 41.8408338], [123.4943074, 41.840608]]}}, {"type": "Feature", "properties": {"osmWayId": 686556599, "alt_name:ru": "Годао 102", "bridge": "yes", "highway": "trunk", "layer": "1", "name": "京抚线", "name:ru": "Пекин — Харбин", "ref": "G102", "source": "digitalGlobe Premium", "sourceMembership": "g102-tag"}, "geometry": {"type": "LineString", "coordinates": [[126.1780117, 45.0563566], [126.1782105, 45.0565939]]}}, {"type": "Feature", "properties": {"osmWayId": 686556600, "alt_name:ru": "Годао 102", "highway": "trunk", "name": "京抚线", "name:ru": "Пекин — Харбин", "ref": "G102", "source": "digitalGlobe Premium", "sourceMembership": "g102-tag"}, "geometry": {"type": "LineString", "coordinates": [[126.1782105, 45.0565939], [126.1790429, 45.0575874], [126.1792756, 45.0578651], [126.1797845, 45.0584725], [126.181405, 45.0604065], [126.1827562, 45.0622677], [126.1839449, 45.0640717], [126.1849076, 45.0658064], [126.1856665, 45.0674663], [126.1862436, 45.0688453], [126.1867199, 45.0702048], [126.1873032, 45.0724666], [126.1877337, 45.0746741], [126.1883052, 45.0808467], [126.1888627, 45.087083], [126.1892138, 45.0909268], [126.1895627, 45.0947929], [126.1902256, 45.1021397], [126.1903028, 45.1029952], [126.1903786, 45.1036877], [126.1903918, 45.1038592], [126.1904542, 45.1046693], [126.1908136, 45.1093325], [126.1906958, 45.1118353], [126.1904094, 45.1142786]]}}, {"type": "Feature", "properties": {"osmWayId": 689305569, "bicycle": "no", "bridge": "yes", "foot": "no", "highway": "trunk_link", "lanes": "2", "layer": "1", "motor_vehicle": "yes", "oneway": "yes", "ref": "G102", "sourceMembership": "g102-tag"}, "geometry": {"type": "LineString", "coordinates": [[123.4858522, 41.8431045], [123.4870135, 41.8426869], [123.4913809, 41.8414187]]}}, {"type": "Feature", "properties": {"osmWayId": 689305571, "bicycle": "no", "foot": "no", "highway": "trunk_link", "horse": "no", "lanes": "2", "motor_vehicle": "yes", "oneway": "yes", "ref": "G102", "sourceMembership": "g102-tag"}, "geometry": {"type": "LineString", "coordinates": [[123.4913809, 41.8414187], [123.4923772, 41.8411474]]}}, {"type": "Feature", "properties": {"osmWayId": 689327041, "highway": "trunk", "name": "京抚线", "oneway": "yes", "ref": "G102", "source": "digitalGlobe Premium", "sourceMembership": "g102-tag"}, "geometry": {"type": "LineString", "coordinates": [[124.0772121, 42.5919907], [124.0772841, 42.5922158], [124.0773077, 42.5923796], [124.0773121, 42.5926192], [124.0773199, 42.5928554], [124.07736, 42.5930298], [124.0773914, 42.5931634], [124.0774136, 42.593258], [124.0774158, 42.5933526], [124.0774126, 42.5934097], [124.0774017, 42.5934603], [124.0773673, 42.5935102], [124.0773383, 42.5935431], [124.0772713, 42.5936005], [124.0771793, 42.5936446], [124.0770937, 42.593647], [124.0770147, 42.5936386], [124.0769495, 42.5936317], [124.0768882, 42.5936246], [124.0767692, 42.593619], [124.0766899, 42.5936296], [124.0766467, 42.5936403], [124.0763882, 42.5937599]]}}, {"type": "Feature", "properties": {"osmWayId": 689327047, "highway": "trunk", "name": "京抚线", "ref": "G102", "source": "GPS", "sourceMembership": "g102-tag"}, "geometry": {"type": "LineString", "coordinates": [[124.0772121, 42.5919907], [124.0771078, 42.5916756], [124.0769507, 42.5909481], [124.0768775, 42.5906094]]}}, {"type": "Feature", "properties": {"osmWayId": 689327051, "highway": "trunk", "name": "京抚线", "oneway": "yes", "ref": "G102", "source": "digitalGlobe Premium", "sourceMembership": "g102-tag"}, "geometry": {"type": "LineString", "coordinates": [[124.0763882, 42.5937599], [124.07663, 42.5934686], [124.0767592, 42.5932814], [124.0768373, 42.5931478], [124.0769542, 42.592961], [124.0770285, 42.5927891], [124.0770821, 42.592632], [124.0771222, 42.5924565], [124.0771423, 42.5922306], [124.0772121, 42.5919907]]}}, {"type": "Feature", "properties": {"osmWayId": 689327275, "bicycle": "no", "foot": "no", "highway": "trunk_link", "horse": "no", "lanes": "2", "motor_vehicle": "yes", "oneway": "yes", "ref": "G102", "sourceMembership": "g102-tag"}, "geometry": {"type": "LineString", "coordinates": [[123.4924742, 41.8413871], [123.4915503, 41.8416747]]}}, {"type": "Feature", "properties": {"osmWayId": 689327276, "bicycle": "no", "bridge": "yes", "foot": "no", "highway": "trunk_link", "horse": "no", "lanes": "2", "layer": "1", "motor_vehicle": "yes", "oneway": "yes", "ref": "G102", "sourceMembership": "g102-tag"}, "geometry": {"type": "LineString", "coordinates": [[123.4915503, 41.8416747], [123.4871664, 41.8429434], [123.4858944, 41.8431998]]}}, {"type": "Feature", "properties": {"osmWayId": 689328857, "bridge": "yes", "highway": "trunk", "layer": "1", "name": "京抚线", "ref": "G102", "source": "GPS", "sourceMembership": "g102-tag"}, "geometry": {"type": "LineString", "coordinates": [[123.999591, 42.6224719], [123.9997107, 42.622084]]}}, {"type": "Feature", "properties": {"osmWayId": 689470106, "bridge": "yes", "highway": "trunk", "layer": "1", "name": "五里河大桥", "oneway": "yes", "ref": "G102", "sourceMembership": "g102-tag"}, "geometry": {"type": "LineString", "coordinates": [[120.8026782, 40.7570119], [120.8031406, 40.7576755], [120.8035471, 40.7583997], [120.8040954, 40.7595941], [120.8054053, 40.7632631]]}}, {"type": "Feature", "properties": {"osmWayId": 689470113, "bridge": "yes", "highway": "trunk", "layer": "1", "name": "连山河大桥", "oneway": "yes", "ref": "G102", "sourceMembership": "g102-tag"}, "geometry": {"type": "LineString", "coordinates": [[120.8225706, 40.7858824], [120.8230952, 40.7861962], [120.8243281, 40.7869336]]}}, {"type": "Feature", "properties": {"osmWayId": 689470116, "highway": "trunk", "name": "外环路", "oneway": "yes", "ref": "G102", "sourceMembership": "g102-tag"}, "geometry": {"type": "LineString", "coordinates": [[120.8054053, 40.7632631], [120.8057707, 40.7643589], [120.8061365, 40.7652302], [120.8064616, 40.7658463], [120.8068879, 40.7664907], [120.8073976, 40.7671389], [120.8116219, 40.771482], [120.8125482, 40.7724582], [120.8132543, 40.7733771], [120.8137022, 40.774121], [120.8140949, 40.7749057], [120.8170972, 40.781859], [120.8174634, 40.7823713], [120.8176997, 40.7826329], [120.8179287, 40.7828866], [120.8184764, 40.7833731], [120.819764, 40.7842024], [120.8225706, 40.7858824]]}}, {"type": "Feature", "properties": {"osmWayId": 690997925, "bicycle": "yes", "foot": "yes", "highway": "trunk", "lanes": "3", "motor_vehicle": "yes", "name": "沈铁路", "oneway": "yes", "ref": "G102", "sourceMembership": "g102-tag"}, "geometry": {"type": "LineString", "coordinates": [[123.4944687, 41.8405627], [123.4945902, 41.8407885], [123.4954163, 41.8423299], [123.495688, 41.8427432], [123.4960442, 41.8431466], [123.4964497, 41.8435513], [123.49693, 41.8439525], [123.4986108, 41.8454683], [123.4997822, 41.8464981], [123.5004855, 41.8470919], [123.5006372, 41.8472314], [123.5006953, 41.8473032], [123.5007385, 41.8473853], [123.5011754, 41.8486879], [123.5014382, 41.8494183], [123.5014926, 41.849699], [123.5015385, 41.8500652], [123.5015491, 41.8504314], [123.5015271, 41.8506577], [123.5013802, 41.8515365], [123.5013114, 41.851993], [123.5012963, 41.8521652]]}}, {"type": "Feature", "properties": {"osmWayId": 692377314, "highway": "trunk", "name": "京抚线", "ref": "G102", "source": "digitalGlobe Premium", "sourceMembership": "g102-tag"}, "geometry": {"type": "LineString", "coordinates": [[120.1909964, 40.2485324], [120.1846052, 40.2448747], [120.1810485, 40.2433001], [120.180176, 40.2428492], [120.1767652, 40.2404954], [120.1750408, 40.2392908], [120.1721555, 40.2372754], [120.1695825, 40.2360669], [120.1652117, 40.2339361], [120.159612, 40.2311866], [120.1554617, 40.2293339]]}}, {"type": "Feature", "properties": {"osmWayId": 692377315, "bridge": "yes", "highway": "trunk", "layer": "1", "name": "京抚线", "ref": "G102", "sourceMembership": "g102-tag"}, "geometry": {"type": "LineString", "coordinates": [[120.1914492, 40.2487883], [120.1909964, 40.2485324]]}}, {"type": "Feature", "properties": {"osmWayId": 692377316, "bridge": "yes", "highway": "trunk", "layer": "1", "name": "京抚线", "ref": "G102", "source": "digitalGlobe Premium", "sourceMembership": "g102-tag"}, "geometry": {"type": "LineString", "coordinates": [[120.1401771, 40.2200762], [120.1397818, 40.2197457]]}}, {"type": "Feature", "properties": {"osmWayId": 692377317, "bridge": "yes", "highway": "trunk", "layer": "1", "name": "狗河大桥", "ref": "G102", "sourceMembership": "g102-tag"}, "geometry": {"type": "LineString", "coordinates": [[120.1554617, 40.2293339], [120.1504635, 40.2271877]]}}, {"type": "Feature", "properties": {"osmWayId": 692377318, "highway": "trunk", "name": "京抚线", "ref": "G102", "sourceMembership": "g102-tag"}, "geometry": {"type": "LineString", "coordinates": [[120.0386787, 40.1584692], [120.035756, 40.1564752], [120.034987, 40.1560984], [120.0338508, 40.1556917], [120.0290644, 40.1543166], [120.0280387, 40.1540843], [120.0270023, 40.1538865], [120.0262307, 40.1537641], [120.021945, 40.1532337], [120.0207689, 40.1530347], [120.0135025, 40.1514555], [120.012781, 40.151305], [120.0124318, 40.1512021], [120.0119136, 40.1510352], [120.010875, 40.1505198], [120.0095831, 40.1498091], [120.0073765, 40.1485953], [120.0059639, 40.1478182], [120.0050143, 40.1473], [120.0046976, 40.1471272], [120.0038939, 40.1466886], [120.0035841, 40.1465195], [120.0027828, 40.1460823], [120.0024697, 40.1459114], [120.0014917, 40.145392], [120.0005278, 40.1448652], [119.9998645, 40.1445027], [119.9996904, 40.1443867], [119.9988163, 40.1438044], [119.9977258, 40.1428854], [119.9961766, 40.1411926], [119.9961066, 40.1411161], [119.9952491, 40.1402299], [119.994748, 40.1397121], [119.9941622, 40.1392131], [119.9935345, 40.1387537], [119.9891041, 40.1356287], [119.987881, 40.1345874], [119.987049, 40.1336502], [119.9866374, 40.1331079], [119.9865503, 40.1329568], [119.9859857, 40.1319773], [119.9833239, 40.1262498], [119.9824752, 40.1250406], [119.9820091, 40.1245547], [119.9812758, 40.1238806], [119.9632095, 40.1093386], [119.9607172, 40.1076597], [119.9462754, 40.0985806], [119.944716, 40.0976421], [119.94278, 40.0963815], [119.9411942, 40.0950589]]}}, {"type": "Feature", "properties": {"osmWayId": 692377319, "highway": "trunk", "name": "京抚线", "ref": "G102", "source": "digitalGlobe Premium", "sourceMembership": "g102-tag"}, "geometry": {"type": "LineString", "coordinates": [[120.1504635, 40.2271877], [120.1479556, 40.2260968], [120.1472304, 40.2257036], [120.1462747, 40.2251394], [120.1451662, 40.2243], [120.1441167, 40.2234489], [120.1410295, 40.2207889], [120.140263, 40.2201481], [120.1401771, 40.2200762]]}}, {"type": "Feature", "properties": {"osmWayId": 696202270, "highway": "trunk", "name": "南四环快速路", "name:en": "South 4th Ring Expressway", "name:zh": "南四环快速路", "oneway": "yes", "ref": "G102;G334", "surface": "asphalt", "sourceMembership": "g102-tag"}, "geometry": {"type": "LineString", "coordinates": [[125.3608997, 43.8080486], [125.3639208, 43.8106083], [125.3661271, 43.8124776], [125.3675961, 43.8137618]]}}, {"type": "Feature", "properties": {"osmWayId": 696202271, "highway": "trunk", "layer": "-1", "name": "南四环快速路", "name:en": "South 4th Ring Expressway", "name:zh": "南四环快速路", "oneway": "yes", "ref": "G102;G334", "surface": "asphalt", "tunnel": "yes", "sourceMembership": "g102-tag"}, "geometry": {"type": "LineString", "coordinates": [[125.3607522, 43.8081435], [125.3600563, 43.8075951], [125.3593603, 43.8070335], [125.3577806, 43.8057431]]}}, {"type": "Feature", "properties": {"osmWayId": 696202279, "highway": "trunk", "name": "南四环路", "oneway": "yes", "ref": "G102", "surface": "asphalt", "sourceMembership": "g102-tag"}, "geometry": {"type": "LineString", "coordinates": [[125.3788345, 43.8219441], [125.379674, 43.8225375], [125.3801424, 43.8229043], [125.382938, 43.8251362], [125.3847523, 43.8265752]]}}, {"type": "Feature", "properties": {"osmWayId": 696202280, "bridge": "yes", "highway": "trunk", "lanes": "3", "layer": "1", "name": "南四环快速路", "name:en": "South 4th Ring Expressway", "name:zh": "南四环快速路", "oneway": "yes", "ref": "G102;G334", "surface": "asphalt", "sourceMembership": "g102-tag"}, "geometry": {"type": "LineString", "coordinates": [[125.3747212, 43.8193963], [125.3735354, 43.8185503], [125.370601, 43.8164054], [125.3692748, 43.8153336]]}}, {"type": "Feature", "properties": {"osmWayId": 696202293, "highway": "trunk", "layer": "-1", "name": "南四环快速路", "name:en": "South 4th Ring Expressway", "name:zh": "南四环快速路", "oneway": "yes", "ref": "G102;G334", "surface": "asphalt", "tunnel": "yes", "sourceMembership": "g102-tag"}, "geometry": {"type": "LineString", "coordinates": [[125.3578679, 43.8056408], [125.3608997, 43.8080486]]}}, {"type": "Feature", "properties": {"osmWayId": 696202294, "highway": "trunk", "name": "南四环快速路", "name:en": "South 4th Ring Expressway", "name:zh": "南四环快速路", "oneway": "yes", "ref": "G102;G334", "surface": "asphalt", "sourceMembership": "g102-tag"}, "geometry": {"type": "LineString", "coordinates": [[125.3577806, 43.8057431], [125.35641, 43.8050066], [125.3554942, 43.8045851], [125.3543005, 43.8041124], [125.3536151, 43.8038916], [125.35262, 43.8036117], [125.3521994, 43.8035135], [125.351738, 43.8034192], [125.3505797, 43.8032386], [125.3501188, 43.8031883], [125.3496654, 43.8031389], [125.3489081, 43.8030864], [125.3482287, 43.8030678], [125.3473674, 43.8030707], [125.3467326, 43.8030998], [125.3461925, 43.8031528], [125.3459494, 43.8031767], [125.3452212, 43.8032702], [125.3439857, 43.8034649], [125.3428279, 43.8036665], [125.3411163, 43.8039563], [125.3403704, 43.8040916]]}}, {"type": "Feature", "properties": {"osmWayId": 696938077, "highway": "trunk", "lanes": "2", "name": "关城北路", "oneway": "yes", "ref": "G102;G205", "sourceMembership": "g102-tag"}, "geometry": {"type": "LineString", "coordinates": [[119.7805764, 40.0294526], [119.7884703, 40.031936], [119.791121, 40.032737], [119.7928159, 40.0331768], [119.7964597, 40.0341016], [119.804353, 40.0361388], [119.8069404, 40.0368066], [119.8070772, 40.036822], [119.8087577, 40.0372608], [119.8089982, 40.0373354]]}}, {"type": "Feature", "properties": {"osmWayId": 696938078, "bridge": "yes", "highway": "trunk", "lanes": "2", "layer": "1", "name": "关城北路", "oneway": "yes", "ref": "G102;G205", "sourceMembership": "g102-tag"}, "geometry": {"type": "LineString", "coordinates": [[119.7805138, 40.0295567], [119.7797387, 40.0293093]]}}, {"type": "Feature", "properties": {"osmWayId": 696938079, "bridge": "yes", "highway": "trunk", "lanes": "2", "layer": "1", "name": "关城北路", "oneway": "yes", "ref": "G102;G205", "sourceMembership": "g102-tag"}, "geometry": {"type": "LineString", "coordinates": [[119.7797848, 40.0292086], [119.7805764, 40.0294526]]}}, {"type": "Feature", "properties": {"osmWayId": 699815114, "bridge": "yes", "highway": "trunk", "name": "九江河桥", "ref": "G102", "sourceMembership": "g102-tag"}, "geometry": {"type": "LineString", "coordinates": [[119.8861152, 40.0661291], [119.8845411, 40.0649688]]}}, {"type": "Feature", "properties": {"osmWayId": 699815115, "highway": "trunk", "name": "京抚线", "ref": "G102", "sourceMembership": "g102-tag"}, "geometry": {"type": "LineString", "coordinates": [[119.8845411, 40.0649688], [119.883853, 40.0644616], [119.8833462, 40.0641076], [119.8828802, 40.0638137], [119.8826708, 40.0637022], [119.8818533, 40.0632668], [119.8811566, 40.062963], [119.8792253, 40.0623414], [119.8784154, 40.0621185], [119.8719903, 40.0603501], [119.870543, 40.0599387], [119.8656131, 40.0577601], [119.8637984, 40.0571685], [119.8636691, 40.0571174], [119.8615828, 40.0564089], [119.8603622, 40.0560596], [119.8550797, 40.0549676]]}}, {"type": "Feature", "properties": {"osmWayId": 700507096, "bridge": "yes", "highway": "trunk", "layer": "1", "name": "京抚线", "ref": "G102", "source": "Bing", "sourceMembership": "g102-tag"}, "geometry": {"type": "LineString", "coordinates": [[133.5385528, 47.5763806], [133.5390713, 47.5763845]]}}, {"type": "Feature", "properties": {"osmWayId": 700507097, "highway": "trunk", "name": "京抚线", "ref": "G102", "source": "Bing", "sourceMembership": "g102-tag"}, "geometry": {"type": "LineString", "coordinates": [[133.2050995, 47.5737144], [133.2157057, 47.5738215], [133.2157729, 47.5738222], [133.2401544, 47.5740728], [133.2444216, 47.5741167], [133.2555346, 47.5742015], [133.3458027, 47.5747848], [133.3792693, 47.5751098], [133.4878276, 47.575903], [133.5108946, 47.576112], [133.5194191, 47.5762265], [133.5265782, 47.5763021], [133.5385528, 47.5763806]]}}, {"type": "Feature", "properties": {"osmWayId": 701330567, "bridge": "yes", "highway": "trunk", "lanes": "2", "layer": "1", "name": "京抚线", "oneway": "yes", "ref": "G102", "source": "GPS", "sourceMembership": "g102-tag"}, "geometry": {"type": "LineString", "coordinates": [[124.3893729, 43.1852769], [124.3895658, 43.1860398]]}}, {"type": "Feature", "properties": {"osmWayId": 702049757, "highway": "trunk", "lanes": "2", "name": "北环路西段", "oneway": "yes", "ref": "G102", "sourceMembership": "g102-tag"}, "geometry": {"type": "LineString", "coordinates": [[120.3119443, 40.3338827], [120.3118145, 40.333813], [120.3107156, 40.3332818], [120.3098796, 40.3329441], [120.3085025, 40.3325347], [120.3048604, 40.3315245], [120.3046258, 40.3314594], [120.3016934, 40.3307074], [120.3007732, 40.330367], [120.3002839, 40.3301019], [120.2924397, 40.3252081], [120.2888087, 40.3229459], [120.2851422, 40.3206616], [120.2846145, 40.3201135], [120.2841629, 40.3193526], [120.283871, 40.3185874], [120.2837999, 40.3182041], [120.2837329, 40.3178431], [120.2837136, 40.3158654], [120.2837003, 40.315037], [120.283633, 40.3119655], [120.2835093, 40.3070059], [120.2835391, 40.3063144], [120.2838961, 40.3054842], [120.2842176, 40.3049489], [120.2843781, 40.3046512], [120.2843855, 40.3045343]]}}, {"type": "Feature", "properties": {"osmWayId": 702049759, "highway": "trunk", "lanes": "2", "name": "北环路中段", "oneway": "yes", "ref": "G102;G306", "sourceMembership": "g102-tag"}, "geometry": {"type": "LineString", "coordinates": [[120.3118857, 40.3337223], [120.3120096, 40.3337838], [120.3124633, 40.3340005], [120.3185997, 40.3369309], [120.3193698, 40.3372986], [120.3204088, 40.3377948], [120.3231485, 40.339129], [120.3267257, 40.340871], [120.3305958, 40.3427444], [120.330857, 40.3428655]]}}, {"type": "Feature", "properties": {"osmWayId": 702049762, "highway": "trunk", "lanes": "2", "name": "北环路中段", "oneway": "yes", "ref": "G102;G306", "sourceMembership": "g102-tag"}, "geometry": {"type": "LineString", "coordinates": [[120.3308038, 40.3429501], [120.3305367, 40.3428272], [120.3266482, 40.3409229], [120.3230056, 40.3391788], [120.3205173, 40.3379874], [120.3192704, 40.3373892], [120.3123912, 40.3340884], [120.3119443, 40.3338827]]}}, {"type": "Feature", "properties": {"osmWayId": 702049764, "highway": "trunk", "lanes": "2", "name": "北环路东段", "oneway": "yes", "ref": "G102;G306", "sourceMembership": "g102-tag"}, "geometry": {"type": "LineString", "coordinates": [[120.330857, 40.3428655], [120.3316121, 40.3432117], [120.333339, 40.344064], [120.3339312, 40.3442913], [120.3350012, 40.3446701], [120.3354927, 40.3447808], [120.3359613, 40.3447343], [120.3362457, 40.3446992]]}}, {"type": "Feature", "properties": {"osmWayId": 702067518, "highway": "trunk", "name": "京抚线", "ref": "G102", "source": "bing", "sourceMembership": "g102-tag"}, "geometry": {"type": "LineString", "coordinates": [[121.0016647, 40.9064259], [121.0017542, 40.9065181], [121.00193, 40.9066993], [121.0022029, 40.9069591], [121.0024148, 40.9072348], [121.0029379, 40.9080072], [121.0031766, 40.908291], [121.0035031, 40.908633], [121.0036622, 40.9089284], [121.0050316, 40.9094395], [121.0087476, 40.9105302], [121.0095993, 40.9109383], [121.0101364, 40.911331], [121.0110091, 40.9122018], [121.0181156, 40.92049], [121.0206356, 40.9234287], [121.0223527, 40.9253574], [121.0228382, 40.9257234], [121.0232577, 40.9259423], [121.0238569, 40.9261311], [121.0243467, 40.9262004], [121.0250748, 40.9261933], [121.0254401, 40.9261619], [121.0290616, 40.9258509], [121.030097, 40.925762], [121.0306359, 40.9257283], [121.0311858, 40.925787], [121.0318204, 40.9259654], [121.0358357, 40.9275919], [121.0379283, 40.9283923], [121.0410584, 40.9295823], [121.0429151, 40.9302437], [121.0435829, 40.9305335], [121.0439129, 40.9307775], [121.0620152, 40.9460108], [121.0641296, 40.9476683], [121.0879756, 40.965751], [121.0895866, 40.9669443], [121.0935117, 40.9696124], [121.0938296, 40.9698651], [121.0941466, 40.9701963], [121.094326, 40.9705015], [121.0944113, 40.9707825], [121.0944394, 40.9708993], [121.0955057, 40.9753237], [121.0958154, 40.9761338], [121.0975286, 40.9787275], [121.0977861, 40.9788828], [121.0982566, 40.9791861], [121.1013519, 40.9808102], [121.1027525, 40.9815451], [121.1028816, 40.9816358], [121.1033714, 40.9819799], [121.1036707, 40.9823512], [121.1039235, 40.9828374], [121.1040405, 40.9833363], [121.1040866, 40.9839105], [121.1039701, 40.9850295], [121.1037121, 40.9875082], [121.1036499, 40.9881049], [121.1036939, 40.9884677], [121.104358, 40.9895234], [121.1052126, 40.9905928], [121.1053778, 40.9907835], [121.1068181, 40.9924459], [121.1094571, 40.9956153], [121.1113578, 40.99777], [121.1130696, 40.9993791], [121.115479, 41.0012149], [121.1160026, 41.0017404], [121.1165358, 41.0024934], [121.1216256, 41.0093802], [121.1226856, 41.0105549], [121.1238958, 41.0117345], [121.1259976, 41.0134095], [121.1330269, 41.0181773], [121.1345817, 41.0191829], [121.1356248, 41.0195648], [121.137187, 41.0198888], [121.1448972, 41.0215147], [121.1457375, 41.0216902], [121.1465207, 41.0219692], [121.1472245, 41.0223764], [121.1498882, 41.0244526], [121.1516302, 41.0260687], [121.1522596, 41.0265723], [121.1539494, 41.0278074], [121.1553066, 41.0286491], [121.1575756, 41.0300756], [121.1651858, 41.0345868], [121.1685305, 41.0364983], [121.1685878, 41.036531], [121.1691394, 41.036909], [121.169959, 41.0374706], [121.1735964, 41.040042], [121.1774561, 41.042516], [121.1779869, 41.0428544], [121.1839562, 41.0466907], [121.1848906, 41.0472809], [121.1873168, 41.0485074], [121.1877705, 41.0487823], [121.1919089, 41.0515391], [121.1926386, 41.0520251], [121.194465, 41.0532676], [121.1994935, 41.0570001], [121.2003119, 41.0575686], [121.2055101, 41.0606881], [121.2073557, 41.0619453], [121.2094991, 41.0636933], [121.210611, 41.0647996], [121.2143517, 41.0686373], [121.2149332, 41.0694648], [121.2157925, 41.070859], [121.2183463, 41.0756013], [121.218589, 41.0758751], [121.2193241, 41.0765505], [121.2221802, 41.0787888], [121.2265286, 41.0822881], [121.2274927, 41.082855], [121.2279507, 41.0830744], [121.2283949, 41.08327]]}}, {"type": "Feature", "properties": {"osmWayId": 702181690, "highway": "trunk", "lanes": "2", "name": "辽河路北段", "oneway": "yes", "ref": "G102;G305", "source": "bing", "sourceMembership": "g102-tag"}, "geometry": {"type": "LineString", "coordinates": [[121.9890795, 41.2553325], [121.9880004, 41.2565252], [121.9874176, 41.2571936], [121.9864503, 41.2583028], [121.9846637, 41.2603767], [121.9829364, 41.2623663], [121.9827939, 41.2625304], [121.9793244, 41.2665267], [121.9788558, 41.2669904], [121.978472, 41.2673149], [121.9780053, 41.2676027], [121.9771397, 41.2680731], [121.9743516, 41.2696904]]}}, {"type": "Feature", "properties": {"osmWayId": 704143433, "highway": "trunk", "name": "南四环快速路", "name:en": "South 4th Ring Expressway", "name:zh": "南四环快速路", "oneway": "yes", "ref": "G102;G334", "surface": "asphalt", "sourceMembership": "g102-tag"}, "geometry": {"type": "LineString", "coordinates": [[125.2998163, 43.8035537], [125.3024534, 43.8040134], [125.3050243, 43.8044192], [125.3078456, 43.8049121]]}}, {"type": "Feature", "properties": {"osmWayId": 704235620, "highway": "trunk", "name": "榆林大街", "oneway": "yes", "ref": "G102", "sourceMembership": "g102-tag"}, "geometry": {"type": "LineString", "coordinates": [[123.5225198, 41.8861783], [123.5229633, 41.8866]]}}, {"type": "Feature", "properties": {"osmWayId": 704235622, "highway": "trunk", "name": "榆林大街", "oneway": "yes", "ref": "G102", "sourceMembership": "g102-tag"}, "geometry": {"type": "LineString", "coordinates": [[123.5217142, 41.8855577], [123.5212853, 41.8851244], [123.5211695, 41.8849897], [123.5210403, 41.8848241], [123.5208744, 41.884594], [123.5206497, 41.8842993], [123.5204535, 41.8840584], [123.5200834, 41.8836513], [123.5198527, 41.883405], [123.5195964, 41.8831622], [123.5192896, 41.8828888], [123.5185151, 41.8822169], [123.5178379, 41.8816212], [123.5171722, 41.8810173], [123.5162712, 41.880175], [123.5157256, 41.879632], [123.5142472, 41.8781528], [123.5124488, 41.8763706], [123.511972, 41.8758865], [123.5117866, 41.8756921], [123.5115993, 41.8754772], [123.511428, 41.875259], [123.5112099, 41.8749786], [123.510779, 41.8744159], [123.5094666, 41.8726939], [123.5081522, 41.8709896], [123.5074592, 41.8700676], [123.5072542, 41.8697785], [123.5071227, 41.8695594], [123.507022, 41.8693611], [123.5068456, 41.8690474], [123.5066068, 41.8684942], [123.5065374, 41.8682897], [123.5063703, 41.8676019], [123.5062534, 41.8670442], [123.5058978, 41.8653829], [123.5058615, 41.8652136], [123.5057103, 41.864526], [123.5056333, 41.8641284], [123.5054255, 41.8632384], [123.5051352, 41.8619467], [123.5051105, 41.8618199], [123.5050517, 41.8616071], [123.5049971, 41.8614326], [123.504932, 41.8612465], [123.5048472, 41.8610121], [123.5047492, 41.8607721], [123.504661, 41.8605677], [123.5045877, 41.8604135], [123.5044997, 41.8602514], [123.504373, 41.8600275], [123.5040002, 41.8594249], [123.5036137, 41.8588159], [123.503035, 41.8578617], [123.5027352, 41.8573318], [123.5026145, 41.8570873], [123.5024127, 41.8565688], [123.5022941, 41.8562196], [123.5022487, 41.8560874], [123.5018544, 41.8548961], [123.5014543, 41.8537363], [123.5013693, 41.8534769], [123.5013153, 41.8532772], [123.5012451, 41.8529544], [123.5012068, 41.8526939], [123.5011821, 41.8524253], [123.5011777, 41.8521573]]}}, {"type": "Feature", "properties": {"osmWayId": 704239165, "highway": "trunk", "name": "京抚线", "oneway": "yes", "ref": "G102", "source": "GPS", "sourceMembership": "g102-tag"}, "geometry": {"type": "LineString", "coordinates": [[123.6432179, 42.097127], [123.6454915, 42.1032522], [123.645924, 42.1043998], [123.6466684, 42.1064148], [123.6471309, 42.107448], [123.6474642, 42.1080452], [123.647887, 42.1087027], [123.6484493, 42.1094204], [123.6497991, 42.1111395], [123.650995, 42.1126473], [123.6526368, 42.1147585], [123.6539377, 42.1164172], [123.6554094, 42.1182567], [123.6560843, 42.1191131], [123.6564827, 42.1196921], [123.6569055, 42.1203254], [123.6574747, 42.1213265], [123.6588813, 42.1239982], [123.6590721, 42.124343], [123.6598489, 42.125747], [123.6611336, 42.1283823], [123.6626459, 42.1316325], [123.6635485, 42.1334536], [123.6638087, 42.1339239], [123.6641583, 42.1344726], [123.6648576, 42.135564], [123.6665288, 42.1380531], [123.6667602, 42.1383978], [123.667774, 42.1398991], [123.6695085, 42.1424674], [123.66985, 42.1428653], [123.6701394, 42.143164], [123.670224, 42.1432512], [123.6705411, 42.1435345], [123.6709883, 42.1438601], [123.6713054, 42.144041], [123.6718176, 42.1443002], [123.6722811, 42.1444871], [123.6729478, 42.1447162], [123.675753, 42.1454698], [123.6781271, 42.1461077], [123.6782799, 42.1461488], [123.682461, 42.1472723], [123.6842254, 42.1477606], [123.6849572, 42.1480078], [123.6857095, 42.1482896], [123.6857459, 42.1483032], [123.6862826, 42.1485383], [123.6870144, 42.148906], [123.6897545, 42.1504794], [123.6899098, 42.1505682], [123.6912405, 42.1513291], [123.6921369, 42.1518417], [123.6923113, 42.1519507], [123.6928605, 42.1522938], [123.6936248, 42.1528122], [123.6938322, 42.1529611], [123.6967146, 42.1550305], [123.6991446, 42.1567586], [123.7001133, 42.1574475], [123.700528, 42.1577127], [123.7009833, 42.1579719], [123.701398, 42.1581829], [123.7019102, 42.1584059], [123.7025119, 42.158641], [123.7032925, 42.1589001], [123.7111865, 42.1613538], [123.7134562, 42.1620945], [123.714066, 42.1623055], [123.7145864, 42.1625405], [123.7153263, 42.1629323], [123.7159036, 42.1633421], [123.7164077, 42.1637459], [123.7167514, 42.164059], [123.716798, 42.1641015], [123.7172045, 42.1645415], [123.7177981, 42.1652466], [123.7204538, 42.168449], [123.7210017, 42.1691096], [123.7243001, 42.1730724], [123.7243272, 42.173105], [123.7261515, 42.175275], [123.7280268, 42.1774737], [123.7294904, 42.1792392], [123.7299701, 42.1797694], [123.730458, 42.1803177], [123.7308726, 42.1807515], [123.7310641, 42.1809198], [123.7312223, 42.1810588], [123.7317914, 42.1815288], [123.7325313, 42.1821132], [123.7327643, 42.1822992], [123.7354829, 42.184469]]}}, {"type": "Feature", "properties": {"osmWayId": 704239166, "highway": "trunk", "name": "柴河街南段", "oneway": "yes", "ref": "G102", "source": "GPS", "sourceMembership": "g102-tag"}, "geometry": {"type": "LineString", "coordinates": [[123.8027286, 42.2448606], [123.8033494, 42.2453563], [123.8049804, 42.2468369], [123.8074505, 42.2490664], [123.8079065, 42.2494215], [123.8115173, 42.251979], [123.8122843, 42.2525664], [123.812889, 42.2531024], [123.813223, 42.2533904], [123.8133068, 42.253463]]}}, {"type": "Feature", "properties": {"osmWayId": 704239168, "highway": "trunk", "name": "岭东街", "oneway": "yes", "ref": "G102", "source": "GPS", "surface": "asphalt", "sourceMembership": "g102-tag"}, "geometry": {"type": "LineString", "coordinates": [[123.8713161, 42.2936782], [123.870925, 42.2935523], [123.8706598, 42.2934648], [123.870364, 42.2933566], [123.8696937, 42.2930927], [123.8689152, 42.2927681], [123.8685838, 42.2925604], [123.868378, 42.2923788], [123.8682031, 42.2921616], [123.8680528, 42.291908], [123.8674436, 42.2908594], [123.866884, 42.2898721], [123.8655973, 42.2876566], [123.8645103, 42.2859911], [123.8614163, 42.2813306], [123.8613629, 42.2812501], [123.8612816, 42.2811401], [123.8596217, 42.278895], [123.8575744, 42.276126], [123.8575096, 42.2760452], [123.857457, 42.2759756], [123.8573214, 42.2758208], [123.8560333, 42.2742047], [123.8556354, 42.2737081], [123.8548725, 42.2727484], [123.8544483, 42.2722762], [123.8541215, 42.271954], [123.8537264, 42.2716491], [123.8533713, 42.2714308], [123.8530186, 42.2712348], [123.8524588, 42.2709709], [123.8516061, 42.270593], [123.8473231, 42.2687161], [123.846595, 42.268397], [123.8453963, 42.2678386], [123.844269, 42.2672627], [123.8426088, 42.2663369], [123.842043, 42.2660167], [123.840484, 42.2651083], [123.8400338, 42.2648293], [123.8392418, 42.264309], [123.8386214, 42.2638852], [123.8380685, 42.2634716], [123.8367123, 42.2624371], [123.8342846, 42.2605344], [123.8341826, 42.2604533], [123.8281634, 42.2556676], [123.8280275, 42.2555657], [123.8278331, 42.2554195], [123.8248227, 42.2530366], [123.823439, 42.2519555], [123.8200849, 42.2493337], [123.8199817, 42.249253]]}}, {"type": "Feature", "properties": {"osmWayId": 706111758, "highway": "trunk", "name": "岭东街", "ref": "G102", "source": "GPS", "sourceMembership": "g102-tag"}, "geometry": {"type": "LineString", "coordinates": [[123.8747642, 42.3140938], [123.8760818, 42.3101576], [123.8761678, 42.3098962]]}}, {"type": "Feature", "properties": {"osmWayId": 706120571, "highway": "trunk", "name": "京抚线", "oneway": "yes", "ref": "G102", "sourceMembership": "g102-tag"}, "geometry": {"type": "LineString", "coordinates": [[124.0711045, 42.7482784], [124.0715949, 42.7485276], [124.0718567, 42.7486445], [124.07222, 42.7487666], [124.0725436, 42.7488473], [124.0729169, 42.7489037], [124.0733903, 42.7489234], [124.0754846, 42.7488132], [124.0759636, 42.7488181], [124.0764384, 42.7488399]]}}, {"type": "Feature", "properties": {"osmWayId": 706120576, "highway": "trunk", "lanes": "2", "name": "京抚线", "oneway": "yes", "ref": "G102", "sourceMembership": "g102-tag"}, "geometry": {"type": "LineString", "coordinates": [[124.0778324, 42.749082], [124.0783262, 42.7492498], [124.0787445, 42.7493949], [124.0792298, 42.7496019], [124.0797231, 42.7498896], [124.0802329, 42.7502221], [124.0807688, 42.7506349], [124.0813048, 42.7510949], [124.0823763, 42.751929], [124.0857579, 42.7547095], [124.0862308, 42.7550036], [124.0865725, 42.7551912], [124.0871573, 42.755459], [124.087699, 42.755659], [124.0897756, 42.7562588], [124.0905058, 42.7564697], [124.0930094, 42.7571615], [124.0959106, 42.7579631], [124.0961738, 42.7580337], [124.0963213, 42.7580706], [124.0966217, 42.758152], [124.1014079, 42.7595481], [124.1047856, 42.7604691], [124.1078649, 42.7611621], [124.1081415, 42.7612145], [124.1098289, 42.7615268], [124.1116231, 42.7618175], [124.1140411, 42.7621537], [124.1156349, 42.7623354], [124.1186755, 42.7626482], [124.1198003, 42.7627765], [124.1209779, 42.7629005], [124.1212446, 42.7629369], [124.1218212, 42.7630669], [124.1223028, 42.7632184], [124.1227172, 42.7633966], [124.1230344, 42.7635505], [124.1234048, 42.7637779], [124.1237681, 42.7640378], [124.1243354, 42.764513], [124.1249774, 42.7650515], [124.1281929, 42.767865], [124.1317237, 42.7709235], [124.1329737, 42.7720242], [124.1335072, 42.7724948], [124.1343062, 42.7732995], [124.134602, 42.7736396], [124.1347618, 42.7738234], [124.1357918, 42.7750078], [124.1365137, 42.7761811], [124.1365682, 42.7762697], [124.1371922, 42.777471], [124.1374391, 42.7779464], [124.1377452, 42.7785357], [124.1379645, 42.7790421], [124.1391777, 42.7821169], [124.139781, 42.7832301]]}}, {"type": "Feature", "properties": {"osmWayId": 706126424, "bridge": "yes", "highway": "trunk", "layer": "1", "name": "京抚线", "oneway": "yes", "ref": "G102", "sourceMembership": "g102-tag"}, "geometry": {"type": "LineString", "coordinates": [[124.139781, 42.7832301], [124.1404943, 42.784444], [124.1415602, 42.7858022], [124.142085, 42.7865184]]}}, {"type": "Feature", "properties": {"osmWayId": 706126427, "bridge": "yes", "highway": "trunk", "layer": "1", "name": "京抚线", "oneway": "yes", "ref": "G102", "sourceMembership": "g102-tag"}, "geometry": {"type": "LineString", "coordinates": [[124.141998, 42.786597], [124.1412583, 42.7855919], [124.1403668, 42.7844979], [124.1396657, 42.7832733]]}}, {"type": "Feature", "properties": {"osmWayId": 706126428, "bridge": "yes", "highway": "trunk", "layer": "1", "name": "京抚线", "oneway": "yes", "ref": "G102", "surface": "asphalt", "sourceMembership": "g102-tag"}, "geometry": {"type": "LineString", "coordinates": [[124.145149, 42.7948314], [124.1451642, 42.795817]]}}, {"type": "Feature", "properties": {"osmWayId": 706126429, "bridge": "yes", "highway": "trunk", "layer": "1", "name": "京抚线", "oneway": "yes", "ref": "G102", "surface": "asphalt", "sourceMembership": "g102-tag"}, "geometry": {"type": "LineString", "coordinates": [[124.1450461, 42.7957602], [124.1450286, 42.7948217]]}}, {"type": "Feature", "properties": {"osmWayId": 706126430, "highway": "trunk", "name": "京抚线", "oneway": "yes", "ref": "G102", "surface": "asphalt", "sourceMembership": "g102-tag"}, "geometry": {"type": "LineString", "coordinates": [[124.1451642, 42.795817], [124.1451577, 42.7982524], [124.1451635, 42.799844], [124.1451512, 42.8004182], [124.1451512, 42.801015], [124.1449971, 42.8016977], [124.1447064, 42.8024475], [124.1444787, 42.8028409], [124.1441467, 42.8032846], [124.143623, 42.8038724], [124.1322169, 42.8128912], [124.1317055, 42.8132664], [124.1309475, 42.8140891], [124.1301896, 42.8151197], [124.1297582, 42.816096], [124.1295118, 42.8168599], [124.1294255, 42.8178091], [124.1294871, 42.8186951], [124.1295734, 42.819373], [124.1315514, 42.8288957], [124.1318657, 42.8299577], [124.1324634, 42.8310604], [124.1334617, 42.8326918], [124.1342514, 42.8339999], [124.1371528, 42.8385096], [124.137578, 42.8390857], [124.1381016, 42.8395305]]}}, {"type": "Feature", "properties": {"osmWayId": 706541381, "highway": "trunk", "lanes": "2", "name": "京抚线", "oneway": "yes", "ref": "G102", "source": "Bing", "sourceMembership": "g102-tag"}, "geometry": {"type": "LineString", "coordinates": [[124.8680165, 43.5147836], [124.8616762, 43.5089013], [124.8603247, 43.5076236], [124.8600682, 43.5074468], [124.8599243, 43.5073127], [124.8569743, 43.5045636], [124.8520755, 43.5000434], [124.8490958, 43.4972458], [124.8480243, 43.4963808], [124.8471546, 43.4957959], [124.8460584, 43.4952433], [124.8453502, 43.4949532], [124.8450947, 43.4948712], [124.844909, 43.4948083], [124.843755, 43.4944958], [124.8404676, 43.4939314], [124.8400282, 43.4938559], [124.839649, 43.4937908], [124.838013, 43.4933211], [124.8362259, 43.4927061], [124.8351229, 43.4922359], [124.8345251, 43.4919365]]}}, {"type": "Feature", "properties": {"osmWayId": 707988164, "highway": "trunk", "name": "振兴街", "ref": "G102", "source": "bing", "sourceMembership": "g102-tag"}, "geometry": {"type": "LineString", "coordinates": [[118.59629, 39.8649448], [118.5936154, 39.8649845], [118.5918404, 39.8650109], [118.5903766, 39.8649979], [118.5877427, 39.8649367], [118.5803979, 39.864851], [118.5802425, 39.8648489], [118.5796237, 39.8648405], [118.5793996, 39.8648374]]}}, {"type": "Feature", "properties": {"osmWayId": 723907156, "highway": "trunk", "name": "朝阳门外大街", "name:en": "Chaoyangmen Outer Street", "name:zh": "朝阳门外大街", "name:zh-Latn-pinyin": "cháoyángmén wài dàJiē", "oneway": "yes", "ref": "G102", "sourceMembership": "g102-tag"}, "geometry": {"type": "LineString", "coordinates": [[116.4466498, 39.920193], [116.4467086, 39.9201659], [116.4468387, 39.9201059], [116.4470045, 39.9200518], [116.4515675, 39.9189218], [116.4516998, 39.9188873], [116.4551869, 39.9179899]]}}, {"type": "Feature", "properties": {"osmWayId": 740723827, "highway": "trunk", "lanes": "2", "name": "京抚线", "oneway": "yes", "ref": "G102", "source": "Bing", "sourceMembership": "g102-tag"}, "geometry": {"type": "LineString", "coordinates": [[124.7063293, 43.4367496], [124.7016515, 43.4347236], [124.6990315, 43.4335535], [124.6985621, 43.4333796], [124.6955822, 43.4321578], [124.6930814, 43.4309786], [124.6918493, 43.4303062], [124.6906198, 43.4295163], [124.6888429, 43.4283295], [124.6871515, 43.4270433], [124.6861468, 43.4263399], [124.6794756, 43.4208218], [124.6720683, 43.4149063], [124.6707574, 43.4138654], [124.6702835, 43.41347], [124.6664587, 43.4104007], [124.665136, 43.4093497], [124.6627365, 43.4074431], [124.6612411, 43.4062354], [124.6609326, 43.4059862], [124.6604189, 43.4055713], [124.6597658, 43.4050655], [124.6590647, 43.4045366], [124.6583013, 43.4040131], [124.6558494, 43.4024015], [124.6547617, 43.4016669], [124.6522941, 43.3997891], [124.6466417, 43.3952987], [124.6393448, 43.3894764], [124.6375683, 43.3879145], [124.6345594, 43.3852696], [124.6334717, 43.3844095], [124.6312717, 43.3828795], [124.6282271, 43.3805927], [124.625164, 43.3782112], [124.620218, 43.374302], [124.6188359, 43.3732316], [124.6163573, 43.3713119], [124.6154178, 43.3704834], [124.6090624, 43.3644775], [124.6083001, 43.3636487], [124.6079848, 43.3632264], [124.6076594, 43.3627875], [124.6065371, 43.3608119], [124.6022701, 43.3532383], [124.6014526, 43.3517997], [124.6010076, 43.350879], [124.6007915, 43.3503603], [124.5999793, 43.3457507], [124.5993567, 43.3414952], [124.5986325, 43.3365449], [124.598479, 43.3354732], [124.5981261, 43.3345467], [124.5976503, 43.3336257], [124.5971361, 43.3328275], [124.5964301, 43.3321075], [124.5956235, 43.3314795], [124.5954479, 43.3313428], [124.5951665, 43.3311847], [124.5929232, 43.3299249], [124.5905981, 43.3287918], [124.5888331, 43.3280438], [124.5879506, 43.3276921], [124.5873745, 43.3275251], [124.5871692, 43.3274655], [124.58693, 43.3273962], [124.5859324, 43.3271674], [124.5805301, 43.3261849], [124.570573, 43.324299], [124.559665, 43.3222827], [124.5579538, 43.3218919], [124.5565878, 43.321395], [124.5559507, 43.3210683], [124.5557821, 43.3209819], [124.5546048, 43.3201969], [124.5538479, 43.319601], [124.5406815, 43.3063986], [124.537837, 43.3032673], [124.5374929, 43.3028979], [124.5352783, 43.3007635], [124.5330709, 43.2988144], [124.5293323, 43.2951615], [124.5280141, 43.2939042], [124.5231395, 43.2890409], [124.5197315, 43.2854478], [124.5156422, 43.2813866], [124.5133015, 43.2788275], [124.5084562, 43.2744322], [124.5057878, 43.2719652], [124.5046485, 43.2707856], [124.5042301, 43.2703105], [124.5036244, 43.2694929], [124.5033837, 43.2691115], [124.5028558, 43.2681745], [124.5026398, 43.267791], [124.5023139, 43.2672213], [124.502137, 43.2669266], [124.5016567, 43.2662581], [124.5012187, 43.2657223], [124.4981901, 43.2626139], [124.4964117, 43.2608145], [124.4954194, 43.2598269]]}}, {"type": "Feature", "properties": {"osmWayId": 740723837, "highway": "trunk", "name": "京抚线", "ref": "G102", "source": "GPS", "sourceMembership": "g102-tag"}, "geometry": {"type": "LineString", "coordinates": [[124.3543099, 43.1281134], [124.3530877, 43.1264102], [124.3526427, 43.1257967], [124.3521774, 43.1250652]]}}, {"type": "Feature", "properties": {"osmWayId": 740723840, "bridge": "yes", "highway": "trunk", "layer": "1", "name": "重工北街", "oneway": "yes", "ref": "G102;G304", "sourceMembership": "g102-tag"}, "geometry": {"type": "LineString", "coordinates": [[123.3212864, 41.8057596], [123.3209054, 41.8048564]]}}, {"type": "Feature", "properties": {"osmWayId": 740723842, "bridge": "yes", "highway": "trunk", "layer": "1", "name": "重工南街", "oneway": "yes", "ref": "G102;G304", "sourceMembership": "g102-tag"}, "geometry": {"type": "LineString", "coordinates": [[123.3209023, 41.8017285], [123.3209045, 41.8021966]]}}, {"type": "Feature", "properties": {"osmWayId": 740723847, "highway": "trunk", "oneway": "yes", "ref": "G102", "sourceMembership": "g102-tag"}, "geometry": {"type": "LineString", "coordinates": [[123.4923772, 41.8411474], [123.4943074, 41.840608], [123.4944687, 41.8405627]]}}, {"type": "Feature", "properties": {"osmWayId": 740723848, "highway": "trunk", "oneway": "yes", "ref": "G102", "sourceMembership": "g102-tag"}, "geometry": {"type": "LineString", "coordinates": [[123.4945902, 41.8407885], [123.4944191, 41.8408338], [123.4924742, 41.8413871]]}}, {"type": "Feature", "properties": {"osmWayId": 740723851, "bridge": "yes", "highway": "trunk", "lanes": "3", "layer": "1", "name": "观泉路", "oneway": "yes", "ref": "G102", "sourceMembership": "g102-tag"}, "geometry": {"type": "LineString", "coordinates": [[123.4729806, 41.8468004], [123.4858522, 41.8431045]]}}, {"type": "Feature", "properties": {"osmWayId": 740723852, "bridge": "yes", "highway": "trunk", "lanes": "3", "layer": "1", "name": "观泉路", "oneway": "yes", "ref": "G102", "sourceMembership": "g102-tag"}, "geometry": {"type": "LineString", "coordinates": [[123.4858944, 41.8431998], [123.4804489, 41.8448013], [123.4767154, 41.8458366], [123.473038, 41.8469346]]}}, {"type": "Feature", "properties": {"osmWayId": 740723853, "highway": "trunk", "name": "重工南街辅路", "oneway": "yes", "ref": "G102", "sourceMembership": "g102-tag"}, "geometry": {"type": "LineString", "coordinates": [[123.3206313, 41.777211], [123.3206499, 41.7787933], [123.3206615, 41.7797833], [123.3205422, 41.7803103]]}}, {"type": "Feature", "properties": {"osmWayId": 740723854, "highway": "trunk", "name": "重工南街辅路", "oneway": "yes", "ref": "G102", "sourceMembership": "g102-tag"}, "geometry": {"type": "LineString", "coordinates": [[123.3204246, 41.7803642], [123.3203085, 41.7800393], [123.3202835, 41.7793565], [123.3202629, 41.7786418], [123.320255, 41.7780261], [123.320248, 41.7768846]]}}, {"type": "Feature", "properties": {"osmWayId": 740740630, "highway": "trunk", "lanes": "2", "name": "万宝大道", "note": "superceded by Expressway", "oneway": "yes", "ref": "G102;G301", "source": "GPS", "sourceMembership": "g102-tag"}, "geometry": {"type": "LineString", "coordinates": [[126.528536, 45.8393698], [126.528109, 45.8392775], [126.5279658, 45.8392592], [126.5278063, 45.8392425], [126.5274983, 45.8392246], [126.5203914, 45.8387677], [126.5201503, 45.8387522], [126.5161336, 45.8384939], [126.5128604, 45.8382834], [126.5104038, 45.838124], [126.5102197, 45.8381111]]}}, {"type": "Feature", "properties": {"osmWayId": 740740631, "highway": "trunk", "lanes": "2", "name": "万宝大道", "note": "superceded by Expressway", "oneway": "yes", "ref": "G102;G301", "source": "GPS", "sourceMembership": "g102-tag"}, "geometry": {"type": "LineString", "coordinates": [[126.5102145, 45.8380584], [126.5104051, 45.8380682], [126.5128479, 45.8382385], [126.51343, 45.8382758], [126.5270193, 45.8391469], [126.528597, 45.8392333]]}}, {"type": "Feature", "properties": {"osmWayId": 740740643, "highway": "trunk", "lanes": "2", "name": "红旗街", "oneway": "yes", "ref": "G102", "source": "Bing", "sourceMembership": "g102-tag"}, "geometry": {"type": "LineString", "coordinates": [[130.2814979, 46.8325148], [130.2894133, 46.8285339], [130.2938962, 46.8260593], [130.2945127, 46.8256597], [130.2948215, 46.8254333]]}}, {"type": "Feature", "properties": {"osmWayId": 740740644, "highway": "trunk", "lanes": "2", "name": "红旗街", "oneway": "yes", "ref": "G102", "source": "Bing", "sourceMembership": "g102-tag"}, "geometry": {"type": "LineString", "coordinates": [[130.2949653, 46.8254667], [130.2945642, 46.8257333], [130.2939628, 46.826112], [130.2894803, 46.8286022], [130.2815493, 46.8325713]]}}, {"type": "Feature", "properties": {"osmWayId": 740740645, "highway": "trunk", "name": "京抚公路", "oneway": "yes", "ref": "G102", "sourceMembership": "g102-tag"}, "geometry": {"type": "LineString", "coordinates": [[130.1956079, 46.8519211], [130.1975934, 46.852191], [130.1994282, 46.8524309], [130.2001494, 46.8525252], [130.2008774, 46.8526115], [130.2013982, 46.8526733], [130.2030442, 46.8528259], [130.2058264, 46.8530187], [130.2070519, 46.8530551], [130.2081841, 46.8529947], [130.212294, 46.8525486], [130.2252246, 46.8511198], [130.2260478, 46.8510402], [130.2269032, 46.8509899], [130.2279935, 46.8510036], [130.2303695, 46.8511014], [130.2326439, 46.8511857], [130.2350255, 46.8513433], [130.2376478, 46.8515313], [130.2398183, 46.8516788], [130.2416797, 46.8518219], [130.242345, 46.8519091], [130.2430747, 46.8520549], [130.2439869, 46.8523071], [130.2455911, 46.8528887], [130.247859, 46.8537039], [130.2498667, 46.8544234], [130.2512799, 46.8549491]]}}, {"type": "Feature", "properties": {"osmWayId": 740740646, "highway": "trunk", "name": "京抚公路", "oneway": "yes", "ref": "G102", "sourceMembership": "g102-tag"}, "geometry": {"type": "LineString", "coordinates": [[130.0848324, 46.8125024], [130.0851404, 46.8131216], [130.0854025, 46.8134966], [130.0857436, 46.8139208], [130.0861011, 46.8142209], [130.0864574, 46.8144861], [130.0871562, 46.8149062], [130.0936171, 46.8187268], [130.0965579, 46.8204304], [130.1004413, 46.8226765], [130.1010844, 46.8230539], [130.1020015, 46.8237617], [130.1037655, 46.8253588], [130.1043048, 46.8258347], [130.1048916, 46.826275], [130.1054232, 46.8266436], [130.1068421, 46.8275259], [130.1097179, 46.8292769], [130.1160618, 46.8332311], [130.123267, 46.8379125], [130.1244609, 46.8386439], [130.1249393, 46.8389201], [130.1258615, 46.8394296], [130.1262861, 46.8396331], [130.1273714, 46.840163], [130.1279566, 46.840423], [130.1292874, 46.8409533], [130.1301678, 46.8412696], [130.1314669, 46.8416799], [130.1326591, 46.8420036], [130.1338231, 46.842287], [130.1342953, 46.8423991], [130.1360998, 46.842719]]}}, {"type": "Feature", "properties": {"osmWayId": 740740647, "highway": "trunk", "name": "京抚线", "ref": "G102", "source": "bing", "sourceMembership": "g102-tag"}, "geometry": {"type": "LineString", "coordinates": [[129.3134477, 46.1909607], [129.3075736, 46.1881169], [129.3021621, 46.1854304], [129.2988221, 46.1837051]]}}, {"type": "Feature", "properties": {"osmWayId": 745168845, "bridge": "yes", "highway": "trunk", "layer": "1", "name": "凡河大桥", "oneway": "yes", "ref": "G102", "source": "GPS", "sourceMembership": "g102-tag"}, "geometry": {"type": "LineString", "coordinates": [[123.7436597, 42.1965964], [123.7436437, 42.1981225]]}}, {"type": "Feature", "properties": {"osmWayId": 745168846, "highway": "trunk", "name": "京抚线", "oneway": "yes", "ref": "G102", "source": "GPS", "surface": "asphalt", "sourceMembership": "g102-tag"}, "geometry": {"type": "LineString", "coordinates": [[123.7436437, 42.1981225], [123.7436383, 42.1986311], [123.7437057, 42.1995824], [123.743837, 42.2001566], [123.7439794, 42.2006553], [123.7441295, 42.2010221], [123.7444116, 42.2015475], [123.7446669, 42.2019491], [123.7450559, 42.2024884], [123.7455263, 42.2030134], [123.7460461, 42.2034771], [123.746486, 42.2038197], [123.7469818, 42.2041545], [123.7470445, 42.2041968], [123.7476984, 42.2045771], [123.7488694, 42.2051958], [123.7551624, 42.2084593], [123.7553059, 42.2085454], [123.757334, 42.2097626], [123.7582377, 42.2103705], [123.7594706, 42.2112667], [123.760727, 42.2122793], [123.762081, 42.2133498], [123.7654818, 42.2160924], [123.7666952, 42.2170355], [123.7672674, 42.2175065], [123.7679634, 42.218116], [123.7688725, 42.2189588], [123.7725698, 42.2226558], [123.7765214, 42.2265546], [123.7769911, 42.2270002], [123.7775248, 42.2274829], [123.7781906, 42.2280224], [123.7788244, 42.2284596], [123.779402, 42.2288233], [123.7827199, 42.2307655], [123.7839362, 42.2315667], [123.7858949, 42.2329215], [123.7874806, 42.2340275], [123.7891037, 42.2351613], [123.7907334, 42.2363043], [123.7932832, 42.2380664], [123.796065, 42.2399046], [123.7985316, 42.2416015], [123.8000917, 42.2427866], [123.8026657, 42.2448112], [123.8027286, 42.2448606]]}}, {"type": "Feature", "properties": {"osmWayId": 745177862, "highway": "trunk", "name": "繁盛路", "oneway": "yes", "ref": "G102", "source": "GPS", "sourceMembership": "g102-tag"}, "geometry": {"type": "LineString", "coordinates": [[123.8202146, 42.2492542], [123.8200849, 42.2493337], [123.8186414, 42.2502185], [123.8172775, 42.2510804], [123.817167, 42.2511503], [123.8136922, 42.2533463], [123.8133918, 42.2535361], [123.8132651, 42.2535677]]}}, {"type": "Feature", "properties": {"osmWayId": 745177864, "highway": "trunk", "name": "京抚线", "oneway": "yes", "ref": "G102", "source": "GPS", "surface": "asphalt", "sourceMembership": "g102-tag"}, "geometry": {"type": "LineString", "coordinates": [[123.8132651, 42.2535677], [123.8127935, 42.2531654], [123.8126033, 42.2530031], [123.8119649, 42.2524671], [123.8115197, 42.2521216], [123.8108867, 42.251665], [123.8081133, 42.2497074], [123.8072925, 42.2490879], [123.8069706, 42.248814], [123.8064825, 42.248397], [123.8043474, 42.2464075], [123.803237, 42.2454148], [123.8027488, 42.2450216], [123.8025993, 42.2449047], [123.8018905, 42.2443505], [123.8002812, 42.2430598], [123.7967729, 42.2404904], [123.7948149, 42.2392116], [123.7932109, 42.2381591], [123.7917089, 42.2371146], [123.7873481, 42.2340925], [123.7854486, 42.2327416], [123.7838571, 42.2316402], [123.7834702, 42.2313724], [123.7825897, 42.230812], [123.7797573, 42.2291596], [123.7790277, 42.2287147], [123.7785396, 42.228393], [123.77803, 42.2280434], [123.7776813, 42.2277733], [123.7771502, 42.2273125], [123.776787, 42.226976], [123.7749347, 42.2251516], [123.7724757, 42.2227065], [123.7720862, 42.2223192], [123.7687552, 42.2190222], [123.7675532, 42.2179015], [123.7670436, 42.2174566], [123.7653839, 42.2161516], [123.7631651, 42.2143656], [123.7619814, 42.2134214], [123.761352, 42.2129194], [123.7601396, 42.2119499], [123.7592062, 42.2112029], [123.7583211, 42.2105553], [123.7578276, 42.2102255], [123.7562422, 42.2092378], [123.755199, 42.2086441], [123.7550387, 42.2085634], [123.7537881, 42.2078931], [123.751519, 42.206713], [123.7488422, 42.2052944], [123.7473133, 42.2044838], [123.7468966, 42.2042167], [123.7466374, 42.2040506], [123.7461009, 42.2036533], [123.7456879, 42.2033075], [123.7453499, 42.2029857], [123.7449637, 42.2025485], [123.7445721, 42.2020319], [123.7443146, 42.2016226], [123.7440732, 42.2011855], [123.7438962, 42.2007802], [123.7437299, 42.2002953], [123.7436226, 42.1998781], [123.7435528, 42.1995085], [123.7435099, 42.1989323], [123.7435026, 42.198546], [123.7434941, 42.1981017]]}}, {"type": "Feature", "properties": {"osmWayId": 745181901, "highway": "trunk", "lanes": "6", "name": "京抚线", "oneway": "yes", "ref": "G102", "source": "Yahoo hires", "sourceMembership": "g102-tag"}, "geometry": {"type": "LineString", "coordinates": [[123.5784434, 41.9392994], [123.5789708, 41.9397091], [123.5790363, 41.9397594], [123.5797606, 41.9403155], [123.5803542, 41.9408961], [123.5808989, 41.9415311], [123.5812486, 41.9419968], [123.5815738, 41.9424867], [123.5818909, 41.9430129], [123.5821592, 41.9435995], [123.582481, 41.9444526], [123.582582, 41.9449058], [123.5826959, 41.9456799], [123.5829479, 41.9474398], [123.5832244, 41.9493931], [123.5833626, 41.9500643], [123.5835252, 41.9506448], [123.5837448, 41.9512375], [123.584127, 41.9520553], [123.5841287, 41.952059], [123.5843302, 41.9524348], [123.5845741, 41.9528218], [123.5849319, 41.9533841], [123.5870622, 41.9565224], [123.588528, 41.9587443], [123.5888414, 41.9592194]]}}, {"type": "Feature", "properties": {"osmWayId": 745181902, "bridge": "yes", "highway": "trunk", "lanes": "6", "layer": "1", "name": "㦤路中桥", "oneway": "yes", "ref": "G102", "source": "Yahoo hires", "sourceMembership": "g102-tag"}, "geometry": {"type": "LineString", "coordinates": [[123.6430838, 42.0971437], [123.6429043, 42.0966579]]}}, {"type": "Feature", "properties": {"osmWayId": 745181903, "highway": "trunk", "lanes": "6", "name": "京抚线", "oneway": "yes", "ref": "G102", "source": "Yahoo hires", "surface": "asphalt", "sourceMembership": "g102-tag"}, "geometry": {"type": "LineString", "coordinates": [[123.6429043, 42.0966579], [123.6426357, 42.0959312], [123.6417901, 42.0936506], [123.6417356, 42.0935028], [123.6403509, 42.0897467], [123.6399606, 42.0886787], [123.6397736, 42.0882081], [123.6395297, 42.0877978], [123.6392288, 42.0873331], [123.6391516, 42.0872124], [123.6388223, 42.0868082], [123.6384564, 42.0864039], [123.6380824, 42.086084], [123.6376433, 42.085728], [123.6372042, 42.0854384], [123.6361716, 42.0848289], [123.6335941, 42.0833987], [123.6313072, 42.0820359], [123.6308563, 42.0817219], [123.6303947, 42.0813674], [123.6300132, 42.0810235], [123.6295126, 42.0804917], [123.6250484, 42.0752], [123.6247254, 42.0747715], [123.6232783, 42.0727094], [123.6206455, 42.0693901], [123.620579, 42.069294], [123.6202978, 42.0688129], [123.6200568, 42.0682925], [123.6198878, 42.0678217], [123.6197898, 42.0674102], [123.6197198, 42.0669898], [123.6196882, 42.0664554], [123.6196969, 42.0659192], [123.6197724, 42.0650252], [123.6199346, 42.0637146], [123.6201128, 42.0614366], [123.620236, 42.0597459], [123.6202365, 42.0592422], [123.620183, 42.0588433], [123.6201114, 42.058404], [123.6200349, 42.0580944], [123.6198815, 42.0576309], [123.6168072, 42.0510966], [123.6158878, 42.0491053], [123.6154937, 42.0482517], [123.6140225, 42.0451127], [123.613629, 42.0442336], [123.6129248, 42.042432], [123.6123201, 42.0407735], [123.6107271, 42.0364046], [123.610653, 42.0362013], [123.6105093, 42.0357517], [123.6103946, 42.0353311], [123.6103334, 42.0350602], [123.6102715, 42.0345719], [123.6102588, 42.0340461], [123.6102546, 42.0283828], [123.6102643, 42.0244047], [123.6102796, 42.0190443], [123.6102334, 42.0181219], [123.6101748, 42.0175505], [123.6100656, 42.0169198], [123.6096723, 42.0154524], [123.6088105, 42.0122364], [123.6081541, 42.0099519]]}}, {"type": "Feature", "properties": {"osmWayId": 745181904, "bridge": "yes", "highway": "trunk", "lanes": "3", "layer": "1", "name": "辉山大街", "oneway": "yes", "ref": "G102", "sourceMembership": "g102-tag"}, "geometry": {"type": "LineString", "coordinates": [[123.5779149, 41.9389123], [123.5784434, 41.9392994]]}}, {"type": "Feature", "properties": {"osmWayId": 745181905, "bridge": "yes", "highway": "trunk", "lanes": "6", "layer": "1", "name": "京哈线", "oneway": "yes", "ref": "G102", "source": "Yahoo hires", "sourceMembership": "g102-tag"}, "geometry": {"type": "LineString", "coordinates": [[123.5888414, 41.9592194], [123.5895895, 41.9602775]]}}, {"type": "Feature", "properties": {"osmWayId": 745203461, "highway": "trunk", "name": "岭东街", "oneway": "yes", "ref": "G102", "source": "GPS", "surface": "asphalt", "sourceMembership": "g102-tag"}, "geometry": {"type": "LineString", "coordinates": [[123.8201085, 42.2491704], [123.8202146, 42.2492542], [123.8235465, 42.2518854], [123.8259928, 42.2538172], [123.8279365, 42.2553485], [123.8281229, 42.2554954], [123.8282789, 42.2556051], [123.8309656, 42.2577441], [123.8337386, 42.259956], [123.8342927, 42.2603862], [123.8370106, 42.2624962], [123.838126, 42.2633627], [123.8388716, 42.2638917], [123.8398575, 42.2645757], [123.8404244, 42.264936], [123.8411207, 42.2653373], [123.8421527, 42.2659267], [123.8427188, 42.26625], [123.8443373, 42.2671737], [123.8453664, 42.2676994], [123.8462538, 42.2681235], [123.8467291, 42.2683349], [123.8474789, 42.2686551], [123.8482168, 42.2689762], [123.8516876, 42.2704822], [123.851734, 42.2705023], [123.8528863, 42.2710358], [123.85333, 42.2712638], [123.8538264, 42.271575], [123.854242, 42.2719523], [123.8545871, 42.2722851], [123.855117, 42.2728916], [123.8557694, 42.2737062], [123.8561329, 42.2741602], [123.857584, 42.2759722], [123.8577606, 42.2761927], [123.8598742, 42.2790559], [123.861372, 42.2811041], [123.8614548, 42.2812174], [123.8615084, 42.2812907], [123.8616612, 42.2814996], [123.8644341, 42.2857211], [123.8655063, 42.2873394], [123.8659377, 42.2880642], [123.8668558, 42.289646], [123.8678849, 42.2914283], [123.8682176, 42.2920072], [123.8683655, 42.2922078], [123.8685997, 42.2924494], [123.8688154, 42.2926089], [123.8691481, 42.2927821], [123.8697358, 42.2930289], [123.8704118, 42.2932959], [123.8706943, 42.293394], [123.8709626, 42.2934913], [123.8713558, 42.2936085]]}}, {"type": "Feature", "properties": {"osmWayId": 745203462, "highway": "trunk", "name": "岭东街", "oneway": "yes", "ref": "G102", "source": "GPS", "surface": "asphalt", "sourceMembership": "g102-tag"}, "geometry": {"type": "LineString", "coordinates": [[123.8736258, 42.294307], [123.8738285, 42.2943514], [123.8743825, 42.2944317], [123.8745702, 42.2944693], [123.8747272, 42.294504], [123.8749001, 42.2945623], [123.8750641, 42.2946345], [123.8752211, 42.2947266], [123.8753435, 42.294805], [123.8754602, 42.2948842], [123.8756376, 42.2950527], [123.8757431, 42.2951839], [123.8758345, 42.2953175], [123.8758878, 42.2953973], [123.8759275, 42.2954775], [123.8759642, 42.2955549], [123.8759907, 42.2956326], [123.876017, 42.2957119], [123.8760596, 42.2958679], [123.8760805, 42.2959991], [123.8761544, 42.296734], [123.8766322, 42.2998442], [123.8767499, 42.3006799], [123.8767878, 42.3009828], [123.8769956, 42.3026444], [123.87691, 42.3041802], [123.8768955, 42.3045182], [123.8766246, 42.307304], [123.8765968, 42.3075673], [123.8765853, 42.3076768]]}}, {"type": "Feature", "properties": {"osmWayId": 745203463, "bridge": "yes", "highway": "trunk", "layer": "1", "name": "岭东街", "oneway": "yes", "ref": "G102", "source": "GPS", "surface": "asphalt", "sourceMembership": "g102-tag"}, "geometry": {"type": "LineString", "coordinates": [[123.8713558, 42.2936085], [123.8736258, 42.294307]]}}, {"type": "Feature", "properties": {"osmWayId": 754476528, "bridge": "yes", "highway": "trunk", "layer": "1", "name": "连山河大桥", "oneway": "yes", "ref": "G102", "sourceMembership": "g102-tag"}, "geometry": {"type": "LineString", "coordinates": [[120.8242699, 40.7870123], [120.8224908, 40.7859455]]}}, {"type": "Feature", "properties": {"osmWayId": 754476531, "highway": "trunk", "name": "外环路", "oneway": "yes", "ref": "G102", "sourceMembership": "g102-tag"}, "geometry": {"type": "LineString", "coordinates": [[120.8416661, 40.7971017], [120.8415566, 40.7970829], [120.8328739, 40.7957676], [120.831992, 40.7955263], [120.8310908, 40.7951619], [120.8302977, 40.7946894], [120.8296407, 40.7941281], [120.829239, 40.7936691], [120.8288994, 40.793173], [120.827474, 40.790345], [120.8268918, 40.7892958], [120.8263781, 40.7886088], [120.8257261, 40.7879738], [120.8250915, 40.7875074], [120.8242699, 40.7870123]]}}, {"type": "Feature", "properties": {"osmWayId": 754476534, "bridge": "yes", "highway": "trunk", "layer": "1", "name": "五里河大桥", "oneway": "yes", "ref": "G102", "sourceMembership": "g102-tag"}, "geometry": {"type": "LineString", "coordinates": [[120.8052979, 40.7632853], [120.803988, 40.7596162], [120.8034397, 40.7584219], [120.8030332, 40.7576977], [120.802573, 40.7570485]]}}, {"type": "Feature", "properties": {"osmWayId": 754476535, "highway": "trunk", "name": "外环路", "oneway": "yes", "ref": "G102", "sourceMembership": "g102-tag"}, "geometry": {"type": "LineString", "coordinates": [[120.8224908, 40.7859455], [120.8197849, 40.7843366], [120.8183933, 40.783418], [120.8178148, 40.7829052], [120.8176001, 40.7826607], [120.8173735, 40.7824025], [120.8169934, 40.7818867], [120.8139779, 40.7749335], [120.8135882, 40.7741395], [120.8131559, 40.7734117], [120.8124381, 40.7724841], [120.811508, 40.7715006], [120.8072837, 40.7671575], [120.806774, 40.7665093], [120.8063477, 40.7658649], [120.8060226, 40.7652487], [120.8056568, 40.7643775], [120.8052979, 40.7632853]]}}, {"type": "Feature", "properties": {"osmWayId": 754476536, "highway": "trunk", "name": "高新九路", "oneway": "yes", "ref": "G102", "sourceMembership": "g102-tag"}, "geometry": {"type": "LineString", "coordinates": [[120.7769468, 40.7267726], [120.7789761, 40.7287367], [120.7791761, 40.7288698]]}}, {"type": "Feature", "properties": {"osmWayId": 754476537, "highway": "trunk", "name": "高新九路", "oneway": "yes", "ref": "G102", "sourceMembership": "g102-tag"}, "geometry": {"type": "LineString", "coordinates": [[120.7791439, 40.7289744], [120.7789513, 40.7288644], [120.7788046, 40.7287154], [120.7768694, 40.7268307]]}}, {"type": "Feature", "properties": {"osmWayId": 754478411, "highway": "trunk", "name": "外环路", "oneway": "yes", "ref": "G102", "sourceMembership": "g102-tag"}, "geometry": {"type": "LineString", "coordinates": [[120.7768694, 40.7268307], [120.7767678, 40.7267492], [120.7761706, 40.7262913], [120.7726935, 40.7239401], [120.7717557, 40.7232915], [120.7705331, 40.7222227], [120.7699193, 40.7214422], [120.7697494, 40.7211471], [120.769486, 40.720597], [120.7693033, 40.7200336], [120.7691414, 40.7194027], [120.7690409, 40.7187805], [120.7684222, 40.7145969], [120.768257, 40.7140834], [120.7678955, 40.7134219], [120.7675852, 40.7129929], [120.7671408, 40.7125295], [120.7665206, 40.7120426], [120.7659809, 40.7117017], [120.7600148, 40.7083262], [120.7587774, 40.707626], [120.7576648, 40.7069357], [120.7573323, 40.7066698], [120.7568382, 40.7062748], [120.7563155, 40.7057494], [120.7558731, 40.7051747], [120.7555057, 40.7044256], [120.7552626, 40.7037293], [120.754096, 40.6985744], [120.7536346, 40.6963415], [120.7530059, 40.6942412], [120.75226, 40.6924063], [120.7519996, 40.6919167], [120.7509938, 40.6900253], [120.7489632, 40.6864661], [120.7486945, 40.6859673], [120.7477702, 40.6842511], [120.7475295, 40.6837577], [120.7471189, 40.6827171], [120.7469644, 40.6821353], [120.7466749, 40.6807148], [120.7466276, 40.6794373], [120.7466622, 40.6786524]]}}, {"type": "Feature", "properties": {"osmWayId": 754478412, "highway": "trunk", "name": "外环路", "oneway": "yes", "ref": "G102", "sourceMembership": "g102-tag"}, "geometry": {"type": "LineString", "coordinates": [[120.7432159, 40.6487938], [120.7414634, 40.6523633], [120.7413225, 40.6527324], [120.7410372, 40.6533736], [120.7409668, 40.6537767], [120.7409041, 40.6541461], [120.7408787, 40.6545127], [120.7408936, 40.6549325], [120.7409273, 40.6553074], [120.7409819, 40.6556192], [120.7410665, 40.6559488]]}}, {"type": "Feature", "properties": {"osmWayId": 754478413, "highway": "trunk", "name": "外环路", "oneway": "yes", "ref": "G102", "sourceMembership": "g102-tag"}, "geometry": {"type": "LineString", "coordinates": [[120.7467717, 40.6786172], [120.7467358, 40.6794234], [120.7467917, 40.6806994], [120.7471002, 40.6821316], [120.7472387, 40.6826906], [120.7476276, 40.6837348], [120.7478681, 40.6842251], [120.7490763, 40.6864381], [120.7510854, 40.6900014], [120.7520343, 40.6917762], [120.7523564, 40.6923787], [120.7531508, 40.6942159], [120.7537795, 40.6963162], [120.7542534, 40.6986299], [120.7553716, 40.7037072], [120.7556098, 40.7043886], [120.7559903, 40.7051422], [120.7564209, 40.7057223], [120.7569085, 40.7062196], [120.7574164, 40.7066143], [120.7577395, 40.7068655], [120.7588422, 40.7075422], [120.7660275, 40.7116255], [120.7665813, 40.7119755], [120.7672351, 40.7124757], [120.7676802, 40.7129521], [120.7679914, 40.7133783], [120.7683605, 40.7140626], [120.768534, 40.7145961], [120.7691327, 40.7187638], [120.7692455, 40.7193753], [120.7694099, 40.7200053], [120.7695803, 40.7205775], [120.769853, 40.7211232], [120.7700276, 40.7213997], [120.7706304, 40.7221904], [120.771853, 40.7232592], [120.7727908, 40.7239078], [120.7762456, 40.726244], [120.776845, 40.7266902], [120.7769468, 40.7267726]]}}, {"type": "Feature", "properties": {"osmWayId": 754478414, "bridge": "yes", "highway": "trunk", "name": "外环路", "oneway": "yes", "ref": "G102", "sourceMembership": "g102-tag"}, "geometry": {"type": "LineString", "coordinates": [[120.7429718, 40.6600658], [120.741437, 40.657148], [120.7411191, 40.6564874], [120.7409316, 40.6559765]]}}, {"type": "Feature", "properties": {"osmWayId": 754478415, "highway": "trunk", "name": "外环路", "oneway": "yes", "ref": "G102", "sourceMembership": "g102-tag"}, "geometry": {"type": "LineString", "coordinates": [[120.7409316, 40.6559765], [120.7408493, 40.6556417], [120.7408048, 40.6553268], [120.7407711, 40.6549519], [120.7407291, 40.6545389], [120.7407571, 40.6541629], [120.7408179, 40.6537776], [120.7409004, 40.653376], [120.7411731, 40.6527213], [120.741349, 40.6523258], [120.7431559, 40.6486877]]}}, {"type": "Feature", "properties": {"osmWayId": 754478416, "bridge": "yes", "highway": "trunk", "name": "外环路", "oneway": "yes", "ref": "G102", "sourceMembership": "g102-tag"}, "geometry": {"type": "LineString", "coordinates": [[120.7410665, 40.6559488], [120.7412433, 40.6564654], [120.7415694, 40.6571163], [120.7430937, 40.6600273]]}}, {"type": "Feature", "properties": {"osmWayId": 758673790, "highway": "trunk", "name": "京抚旧线", "oneway": "no", "ref": "G102", "source": "bing", "sourceMembership": "g102-tag"}, "geometry": {"type": "LineString", "coordinates": [[121.1036939, 40.9884677], [121.1034455, 40.9881126], [121.1032851, 40.9878754], [121.1031857, 40.9876922], [121.1024432, 40.9861329], [121.1023568, 40.9859754], [121.1007735, 40.983616], [121.1002133, 40.9827813], [121.1000768, 40.9825751], [121.0997399, 40.9820664], [121.0994058, 40.981562], [121.0990236, 40.9809849], [121.0986074, 40.9803564], [121.0975286, 40.9787275]]}}, {"type": "Feature", "properties": {"osmWayId": 777462318, "bridge": "yes", "highway": "trunk", "lanes": "2", "layer": "1", "name": "京抚线", "oneway": "yes", "ref": "G102", "sourceMembership": "g102-tag"}, "geometry": {"type": "LineString", "coordinates": [[118.1931745, 39.8684648], [118.1938128, 39.868349], [118.1944511, 39.8682476], [118.1953124, 39.8681293], [118.1964086, 39.8680337], [118.1973356, 39.8679836], [118.1985307, 39.8679311], [118.1996184, 39.8678962], [118.2011414, 39.8678983], [118.2023616, 39.86791], [118.203507, 39.8679505], [118.2048074, 39.8679795], [118.2056038, 39.8679809], [118.2064001, 39.8679537]]}}, {"type": "Feature", "properties": {"osmWayId": 777462320, "bridge": "yes", "highway": "trunk", "lanes": "2", "layer": "1", "name": "京抚线", "oneway": "yes", "ref": "G102", "sourceMembership": "g102-tag"}, "geometry": {"type": "LineString", "coordinates": [[118.2062519, 39.8681003], [118.205506, 39.8681215], [118.2046598, 39.8681197], [118.2034627, 39.8680773], [118.2023909, 39.8680313], [118.2010704, 39.8680299], [118.199834, 39.8680141], [118.198712, 39.8680357], [118.1975059, 39.868086], [118.1963608, 39.8681599], [118.1952278, 39.8682685], [118.1943905, 39.868373], [118.1932355, 39.8685491]]}}, {"type": "Feature", "properties": {"osmWayId": 777462321, "highway": "trunk", "lanes": "2", "name": "京抚线", "oneway": "yes", "ref": "G102", "sourceMembership": "g102-tag"}, "geometry": {"type": "LineString", "coordinates": [[118.2064001, 39.8679537], [118.2072328, 39.8678985], [118.2079545, 39.8678389], [118.2104192, 39.8676353], [118.2149467, 39.8670878], [118.2162955, 39.8669111], [118.2172871, 39.8667207], [118.2187946, 39.8663802], [118.2195383, 39.8661657], [118.2203732, 39.8657926], [118.2218069, 39.8650011], [118.2225396, 39.8644608], [118.2232353, 39.8638732], [118.2234871, 39.8636182], [118.2238281, 39.8632655], [118.224101, 39.8629645], [118.2246886, 39.8621681], [118.2254214, 39.860834], [118.2257251, 39.860084], [118.2268902, 39.8560138], [118.2281157, 39.8519005], [118.2285298, 39.8507469], [118.2289411, 39.8497051], [118.2293932, 39.8487609], [118.2301082, 39.8474984], [118.2306466, 39.8466817], [118.2323475, 39.8443048], [118.2341418, 39.8416124], [118.2357872, 39.839273], [118.2362308, 39.8384732], [118.2365624, 39.8377309], [118.2369072, 39.8368777], [118.2371374, 39.8361822], [118.2385202, 39.8314787], [118.2387404, 39.8306462], [118.2389154, 39.8297637], [118.2389922, 39.8291441], [118.2390369, 39.8283349], [118.23902, 39.8276541], [118.239005, 39.8272712], [118.2387622, 39.8248781], [118.2387255, 39.8241045], [118.2381481, 39.8174834], [118.2381097, 39.817351], [118.2379748, 39.8171856], [118.2378068, 39.8170815], [118.2371114, 39.8168568]]}}, {"type": "Feature", "properties": {"osmWayId": 781923585, "foot": "yes", "highway": "trunk", "lanes": "2", "name": "京抚线", "oneway": "yes", "ref": "G102", "surface": "asphalt", "sourceMembership": "g102-tag"}, "geometry": {"type": "LineString", "coordinates": [[117.6577472, 39.9020489], [117.6541782, 39.902729], [117.6520458, 39.9031648], [117.6518421, 39.9032221], [117.6512568, 39.903387], [117.6453376, 39.9053115], [117.6398033, 39.9070377], [117.6387636, 39.9074025], [117.6380992, 39.9076509], [117.6329182, 39.9092856], [117.6306033, 39.909999], [117.6290394, 39.9104278], [117.6279741, 39.9107604], [117.6243972, 39.9118773], [117.6215406, 39.9128174], [117.6199841, 39.9133488], [117.6192272, 39.9135622], [117.6174578, 39.9139235], [117.6170936, 39.9139894], [117.6165638, 39.9140853], [117.6158394, 39.9142693], [117.6152822, 39.9144568], [117.6146899, 39.9146778], [117.6139392, 39.9150485], [117.61274, 39.9156165], [117.6125828, 39.915691], [117.611659, 39.9161141], [117.6107951, 39.9164889], [117.6092272, 39.9170115], [117.6084559, 39.9172877], [117.6067024, 39.9179157], [117.6044013, 39.9187034], [117.6038086, 39.9188647], [117.6027571, 39.919118], [117.6017499, 39.9193362], [117.6012061, 39.9194873], [117.5995381, 39.9201229], [117.5989337, 39.9203094], [117.5981562, 39.9204989], [117.5975891, 39.9205708], [117.5969329, 39.9206314], [117.5957106, 39.9206729], [117.5897285, 39.9209625], [117.5870031, 39.9211131], [117.5858343, 39.9211687], [117.5857431, 39.921173], [117.5843473, 39.9212231], [117.5807635, 39.9212953], [117.5776389, 39.9213631], [117.5772465, 39.9213716], [117.5770473, 39.9213759], [117.5764448, 39.9214384], [117.5756579, 39.9215534], [117.574986, 39.9216994], [117.5713014, 39.9225839], [117.5698122, 39.9229414], [117.5656334, 39.9239597], [117.5650019, 39.9240541]]}}, {"type": "Feature", "properties": {"osmWayId": 781923587, "highway": "trunk", "lanes": "2", "name": "京抚线", "oneway": "yes", "ref": "G102", "sourceMembership": "g102-tag"}, "geometry": {"type": "LineString", "coordinates": [[117.6577328, 39.9019815], [117.6593684, 39.9016348], [117.6624076, 39.9008326], [117.6654298, 39.9000054], [117.6675048, 39.8994527], [117.6690403, 39.8990892], [117.6705799, 39.8987248], [117.6727288, 39.8982082], [117.6729042, 39.8981748], [117.6744357, 39.897883], [117.6775969, 39.8972811], [117.6789013, 39.8970327], [117.6849585, 39.895908], [117.6855189, 39.8958081]]}}, {"type": "Feature", "properties": {"osmWayId": 785181043, "highway": "trunk", "name": "京抚线", "ref": "G102", "source": "bing", "sourceMembership": "g102-tag"}, "geometry": {"type": "LineString", "coordinates": [[118.6769575, 39.8656798], [118.6759071, 39.865523], [118.673692, 39.8652191], [118.6711627, 39.8648846], [118.6659163, 39.8641909], [118.6613297, 39.8638001], [118.6604124, 39.8637494], [118.6578919, 39.8637062], [118.653222, 39.8636522], [118.6490243, 39.863695], [118.6408345, 39.8639801], [118.638611, 39.8640781], [118.6366773, 39.8642471], [118.6337564, 39.8645962], [118.6309504, 39.8649278], [118.6293795, 39.8650717], [118.6252163, 39.8655599], [118.6248302, 39.8656052], [118.6243225, 39.8656283], [118.6236765, 39.8656062], [118.6235528, 39.865597], [118.6228759, 39.8655466], [118.6221331, 39.8654846], [118.6207061, 39.8653654], [118.6205879, 39.8653555], [118.6204525, 39.8653444], [118.6191059, 39.8652344], [118.6187652, 39.8652213], [118.6182256, 39.8652006], [118.617958, 39.8652123], [118.6172626, 39.8652428], [118.6130201, 39.8654172], [118.611762, 39.8654659], [118.6114456, 39.8654623], [118.6104561, 39.8654509], [118.6094729, 39.8654102], [118.6087723, 39.8653813], [118.6082386, 39.8653592], [118.6070265, 39.8653091], [118.6052237, 39.8652345]]}}, {"type": "Feature", "properties": {"osmWayId": 788309656, "highway": "trunk", "name": "外环路", "oneway": "yes", "ref": "G102", "sourceMembership": "g102-tag"}, "geometry": {"type": "LineString", "coordinates": [[120.7791761, 40.7288698], [120.7791439, 40.7289744], [120.7832514, 40.7333471], [120.7835201, 40.7336093], [120.7837965, 40.7338615], [120.7846812, 40.7346362], [120.7849287, 40.7348284], [120.7856354, 40.7353619], [120.7862644, 40.7357852], [120.7867462, 40.7361301], [120.7873437, 40.7365684], [120.790191, 40.7386159], [120.7904896, 40.7388302], [120.7907764, 40.7390733], [120.7910487, 40.7393497], [120.7914788, 40.7398192], [120.7920436, 40.740502], [120.7923696, 40.7409526], [120.7927281, 40.7415177], [120.7929989, 40.7420914], [120.7944928, 40.7466466], [120.7948197, 40.7473925], [120.7951678, 40.747948], [120.7957266, 40.7487212], [120.7979569, 40.7513916], [120.8007704, 40.7547331], [120.8019706, 40.7561197], [120.8022998, 40.7565347], [120.8026782, 40.7570119]]}}, {"type": "Feature", "properties": {"osmWayId": 788309657, "highway": "trunk", "name": "外环路", "oneway": "yes", "ref": "G102", "sourceMembership": "g102-tag"}, "geometry": {"type": "LineString", "coordinates": [[120.802573, 40.7570485], [120.801873, 40.7561764], [120.8005823, 40.7546915], [120.7977952, 40.7513843], [120.7956122, 40.7487478], [120.7950515, 40.7479776], [120.7946817, 40.7473986], [120.7943773, 40.7466593], [120.7928737, 40.742116], [120.7925901, 40.7415447], [120.792269, 40.7409856], [120.791942, 40.7405357], [120.7913707, 40.7398765], [120.7909618, 40.7394201], [120.7906681, 40.7391267], [120.7904009, 40.7388861], [120.7901019, 40.7386838], [120.7872371, 40.7366186], [120.7866346, 40.7362182], [120.7861536, 40.7358732], [120.7855404, 40.7354317], [120.7848359, 40.7349061], [120.7845748, 40.7346999], [120.7836995, 40.7339105], [120.7834419, 40.7336626], [120.7831458, 40.7333931], [120.7789513, 40.7288644], [120.7789761, 40.7287367]]}}, {"type": "Feature", "properties": {"osmWayId": 797111532, "bridge": "yes", "highway": "trunk", "lanes": "2", "layer": "1", "name": "京抚线", "name:en": "Balihe Bridge", "oneway": "yes", "ref": "G102", "source": "Bing", "sourceMembership": "g102-tag"}, "geometry": {"type": "LineString", "coordinates": [[124.8688827, 43.5155872], [124.8680165, 43.5147836]]}}, {"type": "Feature", "properties": {"osmWayId": 797111533, "highway": "trunk", "lanes": "2", "name": "京抚线", "oneway": "yes", "ref": "G102", "source": "Bing", "sourceMembership": "g102-tag"}, "geometry": {"type": "LineString", "coordinates": [[124.8844959, 43.5556787], [124.8848496, 43.554022], [124.8849561, 43.552352], [124.8848915, 43.550554], [124.8846286, 43.5489374], [124.8842507, 43.5469286], [124.8835704, 43.5449929], [124.8816636, 43.541323], [124.8804152, 43.5384894], [124.880018, 43.5367197], [124.8798381, 43.5352261], [124.8798442, 43.5332977], [124.8801743, 43.5314058], [124.8803806, 43.5304487], [124.8804509, 43.5289484], [124.8802012, 43.5275975], [124.8797962, 43.5265175], [124.8787546, 43.5248545], [124.8782943, 43.5243369], [124.877474, 43.5235568], [124.8688827, 43.5155872]]}}, {"type": "Feature", "properties": {"osmWayId": 797111534, "bridge": "yes", "highway": "trunk", "lanes": "2", "layer": "1", "name": "八里河大桥", "name:en": "Balihe Bridge", "oneway": "yes", "ref": "G102", "source": "Bing", "sourceMembership": "g102-tag"}, "geometry": {"type": "LineString", "coordinates": [[124.8680677, 43.5146633], [124.8689811, 43.5155107]]}}, {"type": "Feature", "properties": {"osmWayId": 797111535, "highway": "trunk", "lanes": "2", "name": "京抚线", "oneway": "yes", "ref": "G102", "source": "Bing", "sourceMembership": "g102-tag"}, "geometry": {"type": "LineString", "coordinates": [[124.8346094, 43.491853], [124.8351996, 43.4921486], [124.8362927, 43.4926146], [124.8380698, 43.4932262], [124.8396918, 43.4936919], [124.8399532, 43.4937368], [124.8405998, 43.4938478], [124.8437965, 43.4943966], [124.8449634, 43.4947126], [124.845204, 43.4947875], [124.8454148, 43.4948609], [124.8461342, 43.4951556], [124.8472442, 43.4957151], [124.848126, 43.4963082], [124.8492054, 43.4971795], [124.852188, 43.4999799], [124.8570863, 43.5044997], [124.8603332, 43.5074936], [124.8605084, 43.5076554], [124.8617883, 43.5088375], [124.8680677, 43.5146633]]}}, {"type": "Feature", "properties": {"osmWayId": 805520638, "highway": "trunk", "layer": "-1", "name": "京抚线", "ref": "G102", "source": "bing", "tunnel": "yes", "sourceMembership": "g102-tag"}, "geometry": {"type": "LineString", "coordinates": [[118.5553059, 39.8647247], [118.5548451, 39.8647121]]}}, {"type": "Feature", "properties": {"osmWayId": 805520639, "highway": "trunk", "name": "京抚线", "ref": "G102", "source": "bing", "sourceMembership": "g102-tag"}, "geometry": {"type": "LineString", "coordinates": [[118.5684531, 39.8651339], [118.5664164, 39.8653214], [118.5661974, 39.8653328], [118.565739, 39.8653566], [118.5648511, 39.8653719], [118.5608109, 39.8650083], [118.559417, 39.8648828], [118.5584725, 39.8648094], [118.5582247, 39.8647902], [118.5567217, 39.8647633], [118.5553059, 39.8647247]]}}, {"type": "Feature", "properties": {"osmWayId": 825064036, "foot": "yes", "highway": "trunk", "lanes": "2", "name": "京抚线", "oneway": "yes", "ref": "G102", "surface": "asphalt", "sourceMembership": "g102-tag"}, "geometry": {"type": "LineString", "coordinates": [[117.5650019, 39.9240541], [117.5655473, 39.9238644], [117.56978, 39.9228612], [117.5712642, 39.9225015], [117.574962, 39.9216054], [117.5756183, 39.921466], [117.5764222, 39.9213583], [117.5770562, 39.9212996], [117.5772421, 39.9212955], [117.5776299, 39.9212869], [117.5807561, 39.9212173], [117.5843541, 39.9211497], [117.5857415, 39.9210948], [117.58583, 39.9210907], [117.5870037, 39.9210367], [117.5897191, 39.9208801], [117.5957316, 39.9206022], [117.5969703, 39.9205581], [117.5976213, 39.9204878], [117.5982119, 39.9204049], [117.5988359, 39.9202411], [117.599541, 39.9200322], [117.6000313, 39.9198472], [117.6006689, 39.9196022], [117.6011894, 39.919409], [117.6017043, 39.9192732], [117.6026541, 39.9190611], [117.603804, 39.9187774], [117.6043494, 39.9186339], [117.6066524, 39.9178478], [117.6084126, 39.9172168], [117.6091696, 39.9169455], [117.6107385, 39.9164347], [117.6117514, 39.9159947], [117.6126702, 39.9155587], [117.6127201, 39.9155353], [117.6140908, 39.9148925], [117.6146043, 39.9146354], [117.6153237, 39.914364], [117.6158304, 39.9142017], [117.6165523, 39.9140187], [117.617078, 39.9139223], [117.6174989, 39.9138451], [117.6191919, 39.9134939], [117.6199545, 39.9132844], [117.6216545, 39.9126969], [117.624256, 39.9118415], [117.6243707, 39.9118055], [117.6256656, 39.9113991], [117.6279554, 39.9106804], [117.6290202, 39.9103462], [117.6314398, 39.9096091], [117.6329564, 39.9091766], [117.6360159, 39.908194], [117.6387051, 39.9073099], [117.6397901, 39.9069609], [117.6452281, 39.9052264], [117.6463149, 39.9048818], [117.6501436, 39.9036679], [117.6511989, 39.9033333], [117.6514892, 39.9032517], [117.6518182, 39.9031593], [117.6520009, 39.903108], [117.6541222, 39.902672], [117.6577328, 39.9019815]]}}, {"type": "Feature", "properties": {"osmWayId": 825064037, "foot": "yes", "highway": "trunk", "lanes": "2", "name": "京抚线", "oneway": "yes", "ref": "G102", "sourceMembership": "g102-tag"}, "geometry": {"type": "LineString", "coordinates": [[117.4045187, 39.9796248], [117.4048219, 39.9795151], [117.4050716, 39.9794467], [117.4053131, 39.9793888], [117.4055264, 39.9793541], [117.4057595, 39.9793226]]}}, {"type": "Feature", "properties": {"osmWayId": 825064038, "bridge": "yes", "foot": "yes", "highway": "trunk", "lanes": "2", "layer": "1", "name": "京抚线", "oneway": "yes", "ref": "G102", "sourceMembership": "g102-tag"}, "geometry": {"type": "LineString", "coordinates": [[117.4024312, 39.9807164], [117.4033998, 39.9801704]]}}, {"type": "Feature", "properties": {"osmWayId": 835900478, "highway": "secondary", "name": "大通河大街", "oneway": "yes", "ref": "G102", "source": "digitalGlobe", "sourceMembership": "g102-tag"}, "geometry": {"type": "LineString", "coordinates": [[128.7363013, 45.9875905], [128.7415985, 45.988054], [128.7426877, 45.9881686], [128.7461904, 45.988639], [128.7506005, 45.9892587], [128.7508433, 45.9892965], [128.7554011, 45.9899459], [128.7613546, 45.9907895], [128.7615208, 45.9908104]]}}, {"type": "Feature", "properties": {"osmWayId": 835900480, "highway": "secondary", "name": "大通河大街", "oneway": "yes", "ref": "G102", "source": "digitalGlobe", "sourceMembership": "g102-tag"}, "geometry": {"type": "LineString", "coordinates": [[128.7614882, 45.990946], [128.7613186, 45.9909202], [128.7553595, 45.9900829], [128.7508489, 45.9894287], [128.7505637, 45.9893873], [128.7461631, 45.9887811], [128.7426649, 45.9883143], [128.7415731, 45.9881959], [128.7362753, 45.9876826]]}}, {"type": "Feature", "properties": {"osmWayId": 836736345, "highway": "trunk", "name": "振兴大街", "oneway": "yes", "ref": "G102", "source": "GPS", "sourceMembership": "g102-tag"}, "geometry": {"type": "LineString", "coordinates": [[128.0178918, 45.9575337], [128.0169233, 45.9581321], [128.0166235, 45.9583138], [128.0163764, 45.9584482], [128.0162689, 45.9585068], [128.0161202, 45.9585603], [128.0159289, 45.9586087], [128.0157102, 45.9586691], [128.0154646, 45.9587203], [128.0152767, 45.9587504], [128.0139792, 45.9588277]]}}, {"type": "Feature", "properties": {"osmWayId": 836736346, "highway": "trunk", "name": "京抚线", "ref": "G102", "source": "digitalGlobe", "surface": "asphalt", "sourceMembership": "g102-tag"}, "geometry": {"type": "LineString", "coordinates": [[128.1015103, 45.9460563], [128.1022251, 45.9462882], [128.1028078, 45.9465151], [128.1042161, 45.9470823], [128.1055503, 45.9476625], [128.1066434, 45.9481945], [128.1090576, 45.949444], [128.1106864, 45.9502333], [128.1119072, 45.9506873], [128.1133456, 45.9510953], [128.1166104, 45.9520559], [128.1189857, 45.9529243], [128.1228372, 45.954431], [128.1236919, 45.9547501], [128.1246068, 45.9550494], [128.1254017, 45.9552665], [128.1273322, 45.9556086], [128.1317516, 45.9563915], [128.133171, 45.9565954], [128.1349919, 45.956677], [128.1373067, 45.9567526], [128.139905, 45.9568382], [128.144818, 45.957006], [128.1503089, 45.9571941], [128.1518988, 45.9572665], [128.1533656, 45.9574046], [128.1550879, 45.957602], [128.1570657, 45.9579309]]}}, {"type": "Feature", "properties": {"osmWayId": 837489453, "highway": "trunk", "name": "京抚线", "oneway": "no", "ref": "G102", "source": "Bing", "sourceMembership": "g102-tag"}, "geometry": {"type": "LineString", "coordinates": [[134.3120912, 48.3558615], [134.3127972, 48.356119], [134.3131658, 48.3563108], [134.3134926, 48.3565042], [134.3147823, 48.3573105], [134.3151102, 48.3574931], [134.3154945, 48.3576928], [134.3158177, 48.3578073], [134.3160909, 48.3578856], [134.3165147, 48.3579785], [134.3168442, 48.3580255], [134.3171612, 48.3580419], [134.3174723, 48.3580524], [134.3177827, 48.3580403], [134.3183751, 48.3579676], [134.3193973, 48.3577546], [134.3197753, 48.3576921], [134.3203249, 48.3575882], [134.3209254, 48.357538], [134.3213519, 48.3575322], [134.3218803, 48.35753], [134.3223362, 48.357563], [134.3228959, 48.3576439], [134.3235368, 48.3577773], [134.3246484, 48.3580979], [134.3277498, 48.3588965], [134.3281856, 48.3589616], [134.3286168, 48.3589965], [134.3289823, 48.3589973], [134.3293524, 48.358967], [134.3297869, 48.3588993], [134.3302161, 48.3587905], [134.330546, 48.3586693], [134.3308813, 48.3585321], [134.3314463, 48.3582945], [134.3315974, 48.3582309], [134.3320866, 48.3580667], [134.3323827, 48.3580179], [134.3327036, 48.357987], [134.3342187, 48.3579391], [134.3371095, 48.3578478], [134.3396279, 48.3578535], [134.3398277, 48.3578572], [134.3518667, 48.3580574], [134.3544253, 48.3580999], [134.3601901, 48.3581971], [134.3659652, 48.3581996], [134.3663407, 48.3582174], [134.3667128, 48.3582573], [134.3670273, 48.3583172], [134.3673785, 48.3583894], [134.3688673, 48.3587592], [134.3703176, 48.3591457], [134.3712687, 48.3593788], [134.3720235, 48.3595092], [134.3727708, 48.3595784], [134.3734467, 48.3595926], [134.3748109, 48.3593462], [134.3755785, 48.3591345], [134.3761893, 48.358901], [134.3767599, 48.358634], [134.376913, 48.3585665], [134.3811645, 48.356525], [134.3850868, 48.354645], [134.386254, 48.3540994], [134.386953, 48.3537845], [134.3882975, 48.3532095], [134.3903645, 48.3523959]]}}, {"type": "Feature", "properties": {"osmWayId": 838000315, "highway": "trunk", "junction": "roundabout", "name": "杨闸环岛", "ref": "G102", "sourceMembership": "g102-tag"}, "geometry": {"type": "LineString", "coordinates": [[116.5944698, 39.910666], [116.5945643, 39.9107399], [116.5946423, 39.9108313]]}}, {"type": "Feature", "properties": {"osmWayId": 838000316, "highway": "trunk", "junction": "roundabout", "name": "杨闸环岛", "ref": "G102", "sourceMembership": "g102-tag"}, "geometry": {"type": "LineString", "coordinates": [[116.5934882, 39.9107212], [116.5935853, 39.9106441]]}}, {"type": "Feature", "properties": {"osmWayId": 838000317, "highway": "trunk", "junction": "roundabout", "name": "杨闸环岛", "ref": "G102", "sourceMembership": "g102-tag"}, "geometry": {"type": "LineString", "coordinates": [[116.5935853, 39.9106441], [116.5937209, 39.9105827], [116.5938522, 39.910554], [116.5940514, 39.9105399], [116.5942847, 39.91058], [116.5944698, 39.910666]]}}, {"type": "Feature", "properties": {"osmWayId": 838000318, "highway": "trunk", "junction": "roundabout", "name": "杨闸环岛", "ref": "G102", "sourceMembership": "g102-tag"}, "geometry": {"type": "LineString", "coordinates": [[116.5945186, 39.9114601], [116.5944374, 39.9115143], [116.5943571, 39.911554], [116.5942683, 39.9115857], [116.5941633, 39.9116096], [116.5940447, 39.9116211], [116.5939211, 39.9116166], [116.5938961, 39.9116122], [116.5937978, 39.911595], [116.5936657, 39.9115501], [116.5935484, 39.9114856], [116.5934485, 39.9114019]]}}, {"type": "Feature", "properties": {"osmWayId": 838002290, "highway": "trunk", "lanes": "3", "name": "辉山大街", "oneway": "yes", "ref": "G102", "sourceMembership": "g102-tag"}, "geometry": {"type": "LineString", "coordinates": [[123.5687513, 41.9303777], [123.5686792, 41.9303133], [123.5683496, 41.9300188], [123.5654805, 41.9274555], [123.5644994, 41.9265924], [123.5625295, 41.9250634], [123.5600753, 41.9231807], [123.5580283, 41.9216141], [123.5553841, 41.9196623], [123.5525662, 41.9175938], [123.55174, 41.9168714], [123.5505707, 41.915849], [123.5502368, 41.9155336], [123.5497451, 41.915069], [123.5482987, 41.9134054], [123.5478949, 41.9129409], [123.547109, 41.9119309], [123.5465572, 41.9111169], [123.5459827, 41.9100441], [123.5456642, 41.9095299], [123.5455016, 41.9092863], [123.5453918, 41.909135], [123.5452292, 41.9089308], [123.5449934, 41.9086555], [123.5446979, 41.9083216], [123.5445986, 41.9082227], [123.5442128, 41.9078386], [123.5428773, 41.9064543], [123.5423732, 41.9059158], [123.5422675, 41.9057932], [123.5421659, 41.9056737], [123.5420744, 41.9055482], [123.5419951, 41.9054377], [123.5419077, 41.9053091], [123.5415947, 41.904825], [123.5412445, 41.9042739], [123.5410255, 41.9039294], [123.5408466, 41.9036661], [123.5406893, 41.9034481], [123.5405079, 41.9032085], [123.5403934, 41.903059], [123.5402323, 41.902854], [123.5400339, 41.9026263], [123.5398541, 41.9024143], [123.5396673, 41.9022023], [123.5394431, 41.9019763], [123.5391209, 41.9016426], [123.5379487, 41.9004904], [123.5368956, 41.8995293], [123.5359523, 41.8986933], [123.5352168, 41.898019], [123.5350276, 41.89784], [123.5349179, 41.8977305], [123.5348058, 41.8976071], [123.5345373, 41.8973012], [123.5344462, 41.8971795], [123.5341987, 41.896851], [123.5339582, 41.8965243], [123.5337574, 41.8962844], [123.5336453, 41.896168], [123.5335239, 41.8960463], [123.5333955, 41.8959194], [123.5332507, 41.8957943], [123.5330989, 41.895657], [123.5328748, 41.8954779], [123.5327043, 41.8953563], [123.5324806, 41.8952057], [123.5314224, 41.8945567], [123.5304697, 41.8939849], [123.5301545, 41.8937868], [123.5299513, 41.8936564], [123.5297599, 41.893526], [123.5295567, 41.8933905], [123.5293007, 41.8932064]]}}, {"type": "Feature", "properties": {"osmWayId": 838002292, "highway": "trunk", "lanes": "3", "name": "辉山大街", "oneway": "yes", "ref": "G102", "sourceMembership": "g102-tag"}, "geometry": {"type": "LineString", "coordinates": [[123.5689554, 41.9302571], [123.5691194, 41.9304049]]}}, {"type": "Feature", "properties": {"osmWayId": 838002294, "highway": "trunk", "lanes": "3", "name": "辉山大街", "oneway": "yes", "ref": "G102", "sourceMembership": "g102-tag"}, "geometry": {"type": "LineString", "coordinates": [[123.5689163, 41.9305249], [123.5687513, 41.9303777]]}}, {"type": "Feature", "properties": {"osmWayId": 838002297, "highway": "trunk", "lanes": "3", "name": "辉山大街", "oneway": "yes", "ref": "G102", "sourceMembership": "g102-tag"}, "geometry": {"type": "LineString", "coordinates": [[123.5691194, 41.9304049], [123.5691817, 41.9304666], [123.5695056, 41.9307794], [123.5721704, 41.9333022], [123.5729512, 41.9341286], [123.5754369, 41.9367594], [123.5764649, 41.9376224], [123.5769749, 41.9381019], [123.5779149, 41.9389123]]}}, {"type": "Feature", "properties": {"osmWayId": 838004661, "highway": "trunk", "name": "繁盛路", "oneway": "yes", "ref": "G102", "source": "GPS", "sourceMembership": "g102-tag"}, "geometry": {"type": "LineString", "coordinates": [[123.8133068, 42.253463], [123.8136167, 42.2532742], [123.8170883, 42.2510805], [123.8171986, 42.2510108], [123.8199817, 42.249253], [123.8201085, 42.2491704]]}}, {"type": "Feature", "properties": {"osmWayId": 838006518, "highway": "trunk", "name": "京抚线", "oneway": "no", "ref": "G102", "source": "GPS", "sourceMembership": "g102-tag"}, "geometry": {"type": "LineString", "coordinates": [[124.0715037, 42.7485755], [124.0711045, 42.7482784], [124.0703065, 42.7477307], [124.067804, 42.7459295], [124.0660641, 42.7446885], [124.0632089, 42.7427566], [124.0596923, 42.7404552], [124.057804, 42.7392193], [124.052664, 42.7353791], [124.046304, 42.7309489], [124.043684, 42.7290289], [124.042364, 42.7279488], [124.0413695, 42.7270567], [124.035954, 42.7221986], [124.033884, 42.7202485], [124.032104, 42.7184385], [124.031424, 42.7175484], [124.030664, 42.7163984], [124.029054, 42.7138583], [124.028474, 42.7127482], [124.027944, 42.7114582], [124.027544, 42.7102281], [124.0272587, 42.7093329], [124.0271031, 42.7085262], [124.0268863, 42.7058541], [124.0267294, 42.7039194], [124.0265413, 42.701601], [124.0265385, 42.7015665], [124.0257946, 42.694596], [124.0251477, 42.6873292], [124.024924, 42.6860172], [124.024684, 42.6855172], [124.023124, 42.6829471], [124.0212221, 42.6793619], [124.0206081, 42.6782188], [124.0123378, 42.6626141], [124.0094583, 42.6571843], [124.003774, 42.6464657], [123.999984, 42.6381754], [123.999164, 42.6362953], [123.998714, 42.6351052], [123.9986316, 42.6346394], [123.99853, 42.6340657], [123.998514, 42.6339752], [123.9985101, 42.6338308], [123.9984757, 42.6325645], [123.9983704, 42.6287166], [123.9983653, 42.6285285], [123.9983444, 42.6277664], [123.9983418, 42.6276723], [123.998333, 42.6273494], [123.9983229, 42.6269818], [123.998314, 42.6266549], [123.9983193, 42.6265011], [123.998334, 42.6260749], [123.9983742, 42.6258975], [123.998454, 42.6255841], [123.9993372, 42.623175], [123.999591, 42.6224719]]}}, {"type": "Feature", "properties": {"osmWayId": 838006521, "bridge": "yes", "highway": "trunk", "layer": "1", "name": "京抚线", "oneway": "yes", "ref": "G102", "sourceMembership": "g102-tag"}, "geometry": {"type": "LineString", "coordinates": [[124.0777022, 42.7491469], [124.0772485, 42.7490397], [124.0770108, 42.7490035], [124.0767638, 42.7489703], [124.0763585, 42.7489351]]}}, {"type": "Feature", "properties": {"osmWayId": 838006522, "bridge": "yes", "highway": "trunk", "layer": "1", "name": "京抚线", "oneway": "yes", "ref": "G102", "sourceMembership": "g102-tag"}, "geometry": {"type": "LineString", "coordinates": [[124.0764384, 42.7488399], [124.0769181, 42.7488889], [124.0772449, 42.7489416], [124.077551, 42.7490082], [124.0778324, 42.749082]]}}, {"type": "Feature", "properties": {"osmWayId": 838006523, "highway": "trunk", "lanes": "2", "name": "京抚线", "oneway": "yes", "ref": "G102", "sourceMembership": "g102-tag"}, "geometry": {"type": "LineString", "coordinates": [[124.1396657, 42.7832733], [124.1390805, 42.7821331], [124.137598, 42.778559], [124.1370452, 42.7774662], [124.1364462, 42.7763188], [124.1356834, 42.7750691], [124.1345942, 42.7737855], [124.1344374, 42.7736007], [124.1342135, 42.7733368], [124.1338715, 42.7729617], [124.1329071, 42.7721033], [124.1316051, 42.7709579], [124.1306634, 42.7701359], [124.1281682, 42.7679561], [124.1281312, 42.7679238], [124.1236565, 42.7640612], [124.1232485, 42.7637866], [124.1229338, 42.7635937], [124.1226293, 42.763447], [124.1222738, 42.763302], [124.1217864, 42.7631517], [124.1212624, 42.7630372], [124.1209429, 42.7629897], [124.1197771, 42.7628657], [124.1186625, 42.7627444], [124.1156007, 42.7624175], [124.1140538, 42.7622341], [124.1116121, 42.7619029], [124.109805, 42.7616181], [124.1081185, 42.7613], [124.1078402, 42.7612403], [124.1047328, 42.7605422], [124.1013544, 42.7596257], [124.096574, 42.7582745], [124.0962608, 42.7581953], [124.0961173, 42.7581487], [124.095855, 42.7580836], [124.0929856, 42.757254], [124.0905241, 42.7565727], [124.0875114, 42.7556899], [124.0865002, 42.7552567], [124.0855674, 42.7546989], [124.0820515, 42.7518565], [124.0811966, 42.751121], [124.0800837, 42.7502228], [124.079657, 42.7499689], [124.0792946, 42.7497527], [124.0785984, 42.7494525], [124.0781615, 42.7492912], [124.0777022, 42.7491469]]}}, {"type": "Feature", "properties": {"osmWayId": 838006525, "highway": "trunk", "layer": "1", "name": "京抚线", "oneway": "yes", "ref": "G102", "surface": "asphalt", "sourceMembership": "g102-tag"}, "geometry": {"type": "LineString", "coordinates": [[124.142085, 42.7865184], [124.1430817, 42.7879576], [124.144444, 42.7897184], [124.1446462, 42.7900989], [124.1448787, 42.7906655], [124.1450297, 42.7912141], [124.1451072, 42.7918575], [124.1451243, 42.792385], [124.1451349, 42.7932005], [124.145149, 42.7948314]]}}, {"type": "Feature", "properties": {"osmWayId": 838006526, "highway": "trunk", "layer": "1", "name": "京抚线", "oneway": "yes", "ref": "G102", "surface": "asphalt", "sourceMembership": "g102-tag"}, "geometry": {"type": "LineString", "coordinates": [[124.1450286, 42.7948217], [124.1450233, 42.7932173], [124.1450011, 42.7918863], [124.1449226, 42.7912345], [124.1447543, 42.7906606], [124.1445437, 42.7901465], [124.1443222, 42.789741], [124.1437624, 42.7890148], [124.1429392, 42.787947], [124.141998, 42.786597]]}}, {"type": "Feature", "properties": {"osmWayId": 838008278, "bridge": "yes", "highway": "trunk", "lanes": "3", "layer": "1", "name": "京抚线", "oneway": "yes", "ref": "G102", "source": "Bing", "sourceMembership": "g102-tag"}, "geometry": {"type": "LineString", "coordinates": [[124.3593702, 43.1377137], [124.3582975, 43.1342922]]}}, {"type": "Feature", "properties": {"osmWayId": 838008279, "highway": "trunk", "lanes": "3", "name": "京抚线", "oneway": "yes", "ref": "G102", "source": "Bing", "sourceMembership": "g102-tag"}, "geometry": {"type": "LineString", "coordinates": [[124.3594759, 43.1376823], [124.3595113, 43.137798], [124.3596356, 43.1380519], [124.3596795, 43.1381414], [124.3597957, 43.1383786], [124.3626404, 43.1427802]]}}, {"type": "Feature", "properties": {"osmWayId": 838008280, "highway": "trunk", "name": "京抚线", "ref": "G102", "source": "GPS", "sourceMembership": "g102-tag"}, "geometry": {"type": "LineString", "coordinates": [[124.3580729, 43.133422], [124.3576234, 43.1326656], [124.3565188, 43.1311031], [124.3544242, 43.1282827]]}}, {"type": "Feature", "properties": {"osmWayId": 838008282, "highway": "trunk", "lanes": "3", "name": "京抚线", "oneway": "yes", "ref": "G102", "source": "Bing", "sourceMembership": "g102-tag"}, "geometry": {"type": "LineString", "coordinates": [[124.3582975, 43.1342922], [124.3581552, 43.1338271], [124.3580729, 43.133422]]}}, {"type": "Feature", "properties": {"osmWayId": 838010456, "highway": "trunk", "lanes": "3", "name": "南一经街", "oneway": "yes", "ref": "G102", "source": "Bing", "sourceMembership": "g102-tag"}, "geometry": {"type": "LineString", "coordinates": [[124.3626404, 43.1427802], [124.3646039, 43.1458898]]}}, {"type": "Feature", "properties": {"osmWayId": 838010457, "highway": "trunk", "lanes": "3", "name": "京抚线", "oneway": "yes", "ref": "G102", "source": "Bing", "sourceMembership": "g102-tag"}, "geometry": {"type": "LineString", "coordinates": [[124.3625097, 43.1428295], [124.3596515, 43.1384228], [124.3595327, 43.1381803], [124.35949, 43.138093], [124.3593702, 43.1377137]]}}, {"type": "Feature", "properties": {"osmWayId": 838010458, "highway": "trunk", "lanes": "3", "name": "南一经街", "oneway": "yes", "ref": "G102", "source": "Bing", "sourceMembership": "g102-tag"}, "geometry": {"type": "LineString", "coordinates": [[124.3644558, 43.1459366], [124.364115, 43.1453802], [124.3625097, 43.1428295]]}}, {"type": "Feature", "properties": {"osmWayId": 838010459, "bridge": "yes", "highway": "trunk", "lanes": "3", "layer": "1", "name": "南一经街", "oneway": "yes", "ref": "G102", "source": "Bing", "sourceMembership": "g102-tag"}, "geometry": {"type": "LineString", "coordinates": [[124.3648034, 43.1464712], [124.3644558, 43.1459366]]}}, {"type": "Feature", "properties": {"osmWayId": 838010460, "bridge": "yes", "highway": "trunk", "lanes": "3", "layer": "1", "name": "南一经街", "oneway": "yes", "ref": "G102", "source": "Bing", "sourceMembership": "g102-tag"}, "geometry": {"type": "LineString", "coordinates": [[124.3646039, 43.1458898], [124.3649459, 43.1464275]]}}, {"type": "Feature", "properties": {"osmWayId": 838010461, "highway": "trunk", "lanes": "3", "name": "南一经街", "oneway": "yes", "ref": "G102", "source": "Bing", "sourceMembership": "g102-tag"}, "geometry": {"type": "LineString", "coordinates": [[124.3649459, 43.1464275], [124.3669566, 43.1495959], [124.3670021, 43.1496745], [124.3672459, 43.1500431], [124.3702203, 43.1549354], [124.3702853, 43.1550424], [124.371286, 43.1566088], [124.3713747, 43.1567602], [124.3727933, 43.1590102], [124.3730472, 43.1594152], [124.3742928, 43.1613794], [124.3752569, 43.1629843], [124.3755215, 43.1633477], [124.3767511, 43.1652976], [124.3779076, 43.1670578], [124.3781171, 43.1673767]]}}, {"type": "Feature", "properties": {"osmWayId": 838010467, "highway": "trunk", "lanes": "3", "name": "北一经街", "oneway": "yes", "ref": "G102", "source": "Bing", "sourceMembership": "g102-tag"}, "geometry": {"type": "LineString", "coordinates": [[124.378168, 43.1674755], [124.3783559, 43.1677776], [124.3792618, 43.1692338], [124.3802449, 43.1708085], [124.3804884, 43.171212], [124.3816944, 43.1731402], [124.3829907, 43.1752129], [124.3838192, 43.1765375], [124.3849599, 43.1784675], [124.3851212, 43.1788238], [124.3852234, 43.1792242], [124.3852628, 43.1793448], [124.3856098, 43.1807381], [124.3856874, 43.1809675], [124.3858128, 43.1811382], [124.3860997, 43.181487], [124.3865306, 43.1819108], [124.3888084, 43.1842302], [124.3891319, 43.1845864], [124.3892424, 43.1848285], [124.3893729, 43.1852769]]}}, {"type": "Feature", "properties": {"osmWayId": 838010469, "highway": "trunk", "lanes": "3", "name": "北一经街", "oneway": "yes", "ref": "G102", "source": "Bing", "sourceMembership": "g102-tag"}, "geometry": {"type": "LineString", "coordinates": [[124.3780103, 43.1675484], [124.3779496, 43.1674492]]}}, {"type": "Feature", "properties": {"osmWayId": 838024615, "highway": "trunk", "lanes": "2", "name": "黑大线", "oneway": "yes", "ref": "G102;G202", "sourceMembership": "g102-tag"}, "geometry": {"type": "LineString", "coordinates": [[126.5713104, 45.911723], [126.5713739, 45.9111158], [126.5713437, 45.9103641], [126.5713233, 45.9101526], [126.5712783, 45.9098256], [126.5711906, 45.909365]]}}, {"type": "Feature", "properties": {"osmWayId": 838024616, "bridge": "yes", "highway": "trunk", "lanes": "2", "layer": "1", "name": "黑大线", "oneway": "yes", "ref": "G102;G202", "sourceMembership": "g102-tag"}, "geometry": {"type": "LineString", "coordinates": [[126.5712711, 45.9119357], [126.5713104, 45.911723]]}}, {"type": "Feature", "properties": {"osmWayId": 838024617, "highway": "trunk", "lanes": "3", "name": "黑大线", "nat_ref": "202国道", "oneway": "yes", "ref": "G102;G202", "source": "GPS", "sourceMembership": "g102-tag"}, "geometry": {"type": "LineString", "coordinates": [[126.5713925, 45.9119441], [126.5713682, 45.9121075]]}}, {"type": "Feature", "properties": {"osmWayId": 838024618, "bridge": "yes", "highway": "trunk", "lanes": "3", "layer": "1", "name": "黑大线", "nat_ref": "202国道", "oneway": "yes", "ref": "G102;G202", "source": "GPS", "sourceMembership": "g102-tag"}, "geometry": {"type": "LineString", "coordinates": [[126.5714318, 45.9117331], [126.5713925, 45.9119441]]}}, {"type": "Feature", "properties": {"osmWayId": 838027625, "highway": "trunk", "name": "京抚线", "oneway": "yes", "ref": "G102", "sourceMembership": "g102-tag"}, "geometry": {"type": "LineString", "coordinates": [[129.9584265, 46.8100555], [129.9596045, 46.810377], [129.9605244, 46.8106328], [129.9620378, 46.8110213], [129.9629814, 46.8112209], [129.9639735, 46.8112818], [129.964941, 46.8112038]]}}, {"type": "Feature", "properties": {"osmWayId": 838027626, "bridge": "yes", "highway": "trunk", "layer": "1", "name": "京抚线", "oneway": "yes", "ref": "G102", "sourceMembership": "g102-tag"}, "geometry": {"type": "LineString", "coordinates": [[129.9570709, 46.8114008], [129.9562681, 46.8111873]]}}, {"type": "Feature", "properties": {"osmWayId": 838027627, "highway": "trunk", "name": "京抚公路", "oneway": "yes", "ref": "G102", "sourceMembership": "g102-tag"}, "geometry": {"type": "LineString", "coordinates": [[129.9699478, 46.8104086], [129.975505, 46.8094985], [129.9766662, 46.8092476], [129.9800638, 46.8083493]]}}, {"type": "Feature", "properties": {"osmWayId": 838027628, "highway": "trunk", "name": "京抚线", "oneway": "yes", "ref": "G102", "sourceMembership": "g102-tag"}, "geometry": {"type": "LineString", "coordinates": [[129.9479521, 46.8056981], [129.9482656, 46.8062652], [129.9486462, 46.8067102], [129.949103, 46.8070929], [129.9494268, 46.8073216], [129.9498386, 46.8075591], [129.9501215, 46.8076893], [129.9505082, 46.8078455], [129.9508986, 46.8079584], [129.9552608, 46.8092035], [129.9575235, 46.8098135]]}}, {"type": "Feature", "properties": {"osmWayId": 838027629, "bridge": "yes", "highway": "trunk", "layer": "1", "name": "京抚线", "oneway": "yes", "ref": "G102", "sourceMembership": "g102-tag"}, "geometry": {"type": "LineString", "coordinates": [[129.9575235, 46.8098135], [129.9584265, 46.8100555]]}}, {"type": "Feature", "properties": {"osmWayId": 838027630, "highway": "trunk", "name": "京抚线", "oneway": "yes", "ref": "G102", "sourceMembership": "g102-tag"}, "geometry": {"type": "LineString", "coordinates": [[129.9562681, 46.8111873], [129.9543873, 46.8106541], [129.9512522, 46.8098297], [129.9509505, 46.8097378], [129.950557, 46.8095976], [129.950206, 46.8094469], [129.9498638, 46.8092799], [129.9495517, 46.8090881], [129.9492216, 46.808855], [129.9490202, 46.8086586], [129.948762, 46.8083909], [129.9485798, 46.8081993], [129.9484566, 46.8080234], [129.9482797, 46.8077081]]}}, {"type": "Feature", "properties": {"osmWayId": 838027632, "highway": "trunk", "name": "京抚线", "oneway": "yes", "ref": "G102", "sourceMembership": "g102-tag"}, "geometry": {"type": "LineString", "coordinates": [[129.9626562, 46.8119453], [129.9618204, 46.8120563], [129.9611469, 46.8120995], [129.9604794, 46.8120982], [129.9602957, 46.8120842], [129.9598726, 46.8120521], [129.9592927, 46.8119751], [129.9570709, 46.8114008]]}}, {"type": "Feature", "properties": {"osmWayId": 838027636, "highway": "trunk", "name": "京抚公路", "oneway": "yes", "ref": "G102", "sourceMembership": "g102-tag"}, "geometry": {"type": "LineString", "coordinates": [[129.9800638, 46.8083493], [129.9817538, 46.8080555], [129.9841902, 46.8076837], [129.9852102, 46.8075281]]}}, {"type": "Feature", "properties": {"osmWayId": 838027638, "highway": "trunk", "name": "京抚公路", "oneway": "yes", "ref": "G102", "sourceMembership": "g102-tag"}, "geometry": {"type": "LineString", "coordinates": [[129.9852102, 46.8075281], [129.9889497, 46.8069575], [129.9998735, 46.8056294], [130.0018049, 46.8054945], [130.003854, 46.8054255], [130.0048618, 46.8053753], [130.0056448, 46.8052797], [130.0064, 46.8051276], [130.007681, 46.8047894], [130.0093976, 46.8043361], [130.0124392, 46.8034871], [130.0148371, 46.8028363], [130.0156475, 46.8026427], [130.0162646, 46.8025367], [130.0168025, 46.8024699], [130.0177323, 46.8023664], [130.0215807, 46.8019635], [130.0234866, 46.8018192], [130.0371878, 46.8013245], [130.0442266, 46.8009316], [130.0506059, 46.8005535], [130.0588766, 46.7999075], [130.0595827, 46.7998569], [130.0603184, 46.7998436], [130.0610011, 46.7998841], [130.0616991, 46.7999927], [130.0626322, 46.8001915], [130.0675471, 46.8013723], [130.070519, 46.8020863], [130.0758718, 46.8033863], [130.0763936, 46.8035507], [130.0768681, 46.8037383], [130.0774258, 46.8040321], [130.0779835, 46.8044581], [130.0827095, 46.8089693], [130.0829226, 46.8092082], [130.0831735, 46.8095526], [130.0835295, 46.8100805], [130.0840039, 46.8109316]]}}, {"type": "Feature", "properties": {"osmWayId": 845292885, "highway": "trunk", "name": "朝阳北路", "name:zh": "朝阳北路", "name:zh-Hans": "朝阳北路", "name:zh-Hant": "朝陽北路", "oneway": "yes", "ref": "G102", "trolley_wire": "yes", "sourceMembership": "g102-tag"}, "geometry": {"type": "LineString", "coordinates": [[116.4456653, 39.9218021], [116.4453294, 39.9216491], [116.445215, 39.9216013], [116.4450896, 39.9215708], [116.4447848, 39.9215589], [116.4445056, 39.9215689], [116.4442578, 39.9215777]]}}, {"type": "Feature", "properties": {"osmWayId": 845916949, "highway": "trunk", "name": "段甲岭大街", "name:en": "Duanjialing Street", "name:zh": "段甲岭大街", "oneway": "yes", "ref": "G102", "source": "Maxar Premium Imagery", "sourceMembership": "g102-tag"}, "geometry": {"type": "LineString", "coordinates": [[117.145835, 39.9978636], [117.1484692, 39.9981317], [117.1494101, 39.9982158], [117.1539152, 39.9986181], [117.1563619, 39.9988335], [117.1588077, 39.9990542], [117.1599097, 39.9991463], [117.1605525, 39.9991929], [117.161042, 39.9992284], [117.1617068, 39.9992695], [117.1618662, 39.9992775], [117.1632678, 39.999348], [117.1652057, 39.9994455], [117.167304, 39.999551], [117.1704815, 39.9997107], [117.1707248, 39.99972], [117.1713659, 39.9997444], [117.1723068, 39.9997672], [117.1741272, 39.9997972], [117.1747735, 39.9998035], [117.1753086, 39.9998045], [117.1758629, 39.9998], [117.1759226, 39.9997995], [117.176497, 39.9997847], [117.1774491, 39.9997426], [117.1776825, 39.9997143], [117.1781547, 39.9996975], [117.1785879, 39.9996577], [117.179687, 39.9995103], [117.1802442, 39.999429], [117.1817258, 39.9991864], [117.1833601, 39.9989188]]}}, {"type": "Feature", "properties": {"osmWayId": 845916950, "highway": "trunk", "name": "段甲岭大街", "name:en": "Duanjialing Street", "name:zh": "段甲岭大街", "oneway": "yes", "ref": "G102", "source": "Maxar Premium Imagery", "sourceMembership": "g102-tag"}, "geometry": {"type": "LineString", "coordinates": [[117.1903296, 39.9978546], [117.1901175, 39.9978894], [117.1893894, 39.9980088], [117.1882478, 39.9981959], [117.1867096, 39.9984452], [117.1852717, 39.9986784], [117.1833581, 39.998992], [117.1826312, 39.999111], [117.1821973, 39.999182]]}}, {"type": "Feature", "properties": {"osmWayId": 845918199, "highway": "trunk", "name": "泃阳西大街", "name:en": "Juyang West Street", "name:zh": "泃阳西大街", "oneway": "yes", "ref": "G102;G230", "source": "Maxar Premium Imagery", "sourceMembership": "g102-tag"}, "geometry": {"type": "LineString", "coordinates": [[117.043696, 39.9827179], [117.043805, 39.9827316], [117.0439799, 39.9827536], [117.0455052, 39.9829422], [117.0465579, 39.9830819], [117.0468485, 39.9831205], [117.0489037, 39.9833735], [117.0489858, 39.9833836], [117.0490875, 39.9833961], [117.0505868, 39.9835771], [117.0518705, 39.9837312], [117.0525514, 39.9838088], [117.0531019, 39.9838632], [117.0540694, 39.9839501], [117.0549637, 39.9840198], [117.0567632, 39.9841227], [117.0570194, 39.9841373], [117.0576557, 39.9841771], [117.0580408, 39.9842109], [117.0586112, 39.9842611], [117.0597889, 39.9843788], [117.0609615, 39.9845179], [117.0614255, 39.9845764], [117.0617528, 39.9846177], [117.0627536, 39.9847535], [117.0629398, 39.9847787], [117.0638034, 39.9848945], [117.064879, 39.9850375], [117.0658565, 39.9851675], [117.0679979, 39.9854588], [117.0680471, 39.9854655]]}}, {"type": "Feature", "properties": {"osmWayId": 845918200, "highway": "trunk", "name": "泃阳西大街", "name:en": "Juyang West Street", "name:zh": "泃阳西大街", "oneway": "yes", "ref": "G102;G230", "source": "Maxar Premium Imagery", "sourceMembership": "g102-tag"}, "geometry": {"type": "LineString", "coordinates": [[117.0680352, 39.9855368], [117.0679865, 39.9855302], [117.0662864, 39.985299], [117.0650862, 39.985138], [117.0627053, 39.9848199], [117.0618193, 39.9846997], [117.0606966, 39.9845592], [117.0605349, 39.98454], [117.0597756, 39.98445], [117.0589461, 39.9843663], [117.0586784, 39.9843393], [117.0576465, 39.9842486], [117.0570121, 39.984209], [117.056752, 39.9841941], [117.0549554, 39.9840914], [117.0540592, 39.9840216], [117.053775, 39.9839961], [117.0530905, 39.9839346], [117.0525385, 39.98388], [117.0518563, 39.9838022], [117.0503167, 39.9836167], [117.0489856, 39.9834564], [117.0489035, 39.9834463], [117.0480509, 39.9833418], [117.0478014, 39.9833112], [117.0476347, 39.9832898], [117.0472863, 39.9832452], [117.0468351, 39.9831873], [117.0457636, 39.9830615], [117.0454891, 39.9830293], [117.0449194, 39.9829674], [117.0445019, 39.9829149], [117.0439978, 39.9828514], [117.0437911, 39.9828254]]}}, {"type": "Feature", "properties": {"osmWayId": 845918242, "highway": "trunk", "name": "京哈公路", "oneway": "yes", "ref": "G102;G230", "source": "Maxar Premium Imagery", "sourceMembership": "g102-tag"}, "geometry": {"type": "LineString", "coordinates": [[117.0279916, 39.9802045], [117.0290663, 39.9805725], [117.0295101, 39.9806978], [117.0298752, 39.9807948], [117.0300689, 39.9808391], [117.0304245, 39.9809106], [117.0306987, 39.9809601], [117.0333151, 39.9813566], [117.034273, 39.981501], [117.0360051, 39.9817519], [117.0374534, 39.9819388], [117.0384608, 39.9820688], [117.0405705, 39.9823282], [117.0415232, 39.9824453], [117.0418123, 39.9824809], [117.043696, 39.9827179]]}}, {"type": "Feature", "properties": {"osmWayId": 845918243, "highway": "trunk", "name": "京哈公路", "oneway": "yes", "ref": "G102;G230", "source": "Maxar Premium Imagery", "sourceMembership": "g102-tag"}, "geometry": {"type": "LineString", "coordinates": [[117.0436813, 39.9828116], [117.0417926, 39.982574], [117.0397266, 39.9823195], [117.0374478, 39.9820388], [117.035979, 39.9818578], [117.0342463, 39.9816068], [117.0309334, 39.9811074], [117.0306683, 39.9810654], [117.0303905, 39.9810152], [117.030313, 39.9809997], [117.0300309, 39.9809429], [117.029832, 39.9808974], [117.0293424, 39.9807673], [117.0290128, 39.9806722], [117.0282838, 39.9804228], [117.0279887, 39.9803218], [117.0279526, 39.9803094], [117.0279135, 39.9802956]]}}, {"type": "Feature", "properties": {"osmWayId": 845918880, "bridge": "yes", "highway": "trunk", "layer": "1", "name": "京哈公路", "oneway": "yes", "ref": "G102;G230", "source": "Maxar Premium Imagery", "sourceMembership": "g102-tag"}, "geometry": {"type": "LineString", "coordinates": [[117.0275396, 39.9800436], [117.0276548, 39.9800855], [117.0279916, 39.9802045]]}}, {"type": "Feature", "properties": {"osmWayId": 845918881, "bridge": "yes", "highway": "trunk", "layer": "1", "name": "京哈公路", "oneway": "yes", "ref": "G102;G230", "source": "Maxar Premium Imagery", "sourceMembership": "g102-tag"}, "geometry": {"type": "LineString", "coordinates": [[117.0279135, 39.9802956], [117.0275951, 39.9801831], [117.0274832, 39.9801423]]}}, {"type": "Feature", "properties": {"osmWayId": 845918883, "highway": "trunk", "name": "京哈公路", "oneway": "yes", "ref": "G102;G230", "surface": "asphalt", "sourceMembership": "g102-tag"}, "geometry": {"type": "LineString", "coordinates": [[116.9430751, 39.9581361], [116.9432005, 39.958161], [116.9438077, 39.9582725], [116.9439969, 39.9583001], [116.9442512, 39.9583371], [116.9446552, 39.9583944], [116.9454331, 39.9584931], [116.9458389, 39.9585333], [116.9464833, 39.9586], [116.948257, 39.9587465], [116.9488685, 39.958808], [116.949068, 39.9588364], [116.9493999, 39.958884], [116.94989, 39.9589661], [116.950284, 39.9590435], [116.9507279, 39.9591404], [116.9517039, 39.9593764], [116.9522505, 39.9594935], [116.9548305, 39.9600463], [116.956723, 39.9604463], [116.957774, 39.9606916], [116.9582443, 39.9608037], [116.9587729, 39.9609495], [116.9599225, 39.9612572], [116.9611178, 39.9615826], [116.9616354, 39.9617102], [116.9622755, 39.9618546], [116.9668782, 39.9628561], [116.9685424, 39.9632115], [116.9689002, 39.9632879], [116.9710484, 39.9637568], [116.972575, 39.96409], [116.9744729, 39.9645025], [116.9746194, 39.9645337], [116.9769328, 39.9650268], [116.9774587, 39.9651403], [116.9780004, 39.9652573], [116.980107, 39.9657122], [116.9802651, 39.9657464], [116.9810492, 39.9659123], [116.9823903, 39.9661961], [116.9840997, 39.9665489], [116.9845301, 39.9666362], [116.9886012, 39.9674624], [116.9897064, 39.9676841], [116.9931016, 39.9683651], [116.994922, 39.9687353], [116.9982597, 39.9694091], [116.999633, 39.9696979], [116.9997693, 39.9697265], [116.9999995, 39.9697792], [117.0007725, 39.9699811], [117.0011287, 39.9700741], [117.001495, 39.9701769], [117.0019534, 39.9703161], [117.002295, 39.9704261], [117.0026057, 39.9705261], [117.0030316, 39.9706764], [117.0034219, 39.9708209], [117.003817, 39.9709753], [117.004393, 39.9712116], [117.0060537, 39.9719139], [117.0060967, 39.9719297], [117.0067532, 39.9721715], [117.0074502, 39.9724328], [117.007877, 39.9725928], [117.0085836, 39.9728601], [117.0093958, 39.9731673], [117.0104774, 39.9735626], [117.012323, 39.9742373], [117.0135875, 39.9747177], [117.0143013, 39.9749835], [117.0145561, 39.975063], [117.0153614, 39.9753861], [117.0154463, 39.9754201], [117.0166565, 39.9759127], [117.0188247, 39.9768116], [117.0195784, 39.9771105], [117.0208209, 39.9775941], [117.0219615, 39.9780239], [117.0234948, 39.9785727], [117.0242466, 39.9788456], [117.0275396, 39.9800436]]}}, {"type": "Feature", "properties": {"osmWayId": 845918884, "highway": "trunk", "lanes": "2", "name": "京哈公路", "oneway": "yes", "ref": "G102;G230", "surface": "asphalt", "sourceMembership": "g102-tag"}, "geometry": {"type": "LineString", "coordinates": [[117.0274832, 39.9801423], [117.0234378, 39.9786663], [117.0219032, 39.9781171], [117.0207606, 39.9776866], [117.0195169, 39.9772025], [117.0187616, 39.9769029], [117.0165928, 39.9760037], [117.0154089, 39.9755217], [117.015324, 39.9754877], [117.0144942, 39.9751547], [117.0142578, 39.9750522], [117.0135436, 39.9747862], [117.0122793, 39.9743059], [117.0119072, 39.9741686], [117.0113411, 39.9739633], [117.0109435, 39.9738192], [117.010695, 39.9737235], [117.0093548, 39.9732319], [117.0078357, 39.9726573], [117.0067123, 39.9722361], [117.0063244, 39.9720933], [117.0060107, 39.9719777], [117.0043482, 39.9712747], [117.0037736, 39.971039], [117.0035123, 39.9709369], [117.0033802, 39.9708852], [117.0029916, 39.9707414], [117.0025679, 39.9705919], [117.0022373, 39.9704854], [117.001918, 39.9703826], [117.0017359, 39.9703271], [117.0015548, 39.9702724], [117.0014616, 39.9702441], [117.0010973, 39.9701419], [117.0002658, 39.9699227], [117.000175, 39.9698987], [116.9999716, 39.9698478], [116.9997435, 39.9697956], [116.999029, 39.9696454], [116.9982354, 39.9694785], [116.9962549, 39.9690777], [116.9933495, 39.9684896], [116.9930776, 39.9684345], [116.9885661, 39.9675296], [116.9844965, 39.9667038], [116.9840755, 39.9666184], [116.9823656, 39.9662654], [116.980478, 39.965866], [116.9787265, 39.9654888], [116.9785316, 39.9654467], [116.9771084, 39.9651393], [116.9755635, 39.9648095], [116.974401, 39.9645615], [116.9728027, 39.9642142], [116.9706308, 39.9637406], [116.9692183, 39.9634325], [116.9684741, 39.9632734], [116.9672272, 39.9630068], [116.9622495, 39.9619236], [116.9616078, 39.9617788], [116.9610878, 39.9616506], [116.9590702, 39.9611052], [116.958227, 39.9608802], [116.9577399, 39.9607609], [116.9576444, 39.9607375], [116.956697, 39.9605154], [116.9563984, 39.9604523], [116.9558693, 39.9603404], [116.9533051, 39.9597941], [116.952592, 39.9596413], [116.9502194, 39.959133], [116.9501486, 39.9591196], [116.9498488, 39.9590629], [116.9491917, 39.9589566], [116.948978, 39.9589247], [116.9488953, 39.9589139], [116.9482334, 39.9588392], [116.9480452, 39.9588239], [116.947609, 39.9587885], [116.9464581, 39.9586951], [116.9457973, 39.9586349], [116.945404, 39.95859], [116.9446186, 39.9584933], [116.9444169, 39.9584649], [116.9441953, 39.9584336], [116.9437732, 39.9583686], [116.9431834, 39.9582599]]}}, {"type": "Feature", "properties": {"osmWayId": 845929446, "highway": "trunk", "name": "昌盛大街", "oneway": "yes", "ref": "G102", "source": "Maxar Premium Imagery", "sourceMembership": "g102-tag"}, "geometry": {"type": "LineString", "coordinates": [[117.0983513, 39.9892222], [117.0986721, 39.9892649], [117.0991902, 39.9893443], [117.0992617, 39.9893583], [117.0996016, 39.9894247], [117.0999338, 39.9894961], [117.1004393, 39.9896047], [117.1011342, 39.9897492], [117.1033494, 39.9902235], [117.1041007, 39.9903843], [117.1080091, 39.9912258], [117.108165, 39.9912594], [117.1103995, 39.9917406], [117.1117427, 39.9920255], [117.1119801, 39.9920759], [117.1132706, 39.9923697], [117.1137594, 39.9924852], [117.1142254, 39.9925954], [117.1154894, 39.9928942], [117.1155206, 39.9929017], [117.1167338, 39.993195], [117.1197428, 39.9939223], [117.1223952, 39.9945563], [117.1244447, 39.9950461], [117.1254416, 39.9952743], [117.1264048, 39.995464], [117.1273712, 39.9956427], [117.1287629, 39.9958923], [117.1299831, 39.9961018], [117.1321858, 39.9964627], [117.1324566, 39.9965004], [117.1325934, 39.9965194], [117.1329847, 39.9965639], [117.1358568, 39.9968482], [117.1377228, 39.9970374], [117.1403822, 39.9972984], [117.1431858, 39.9975969], [117.144332, 39.9977106], [117.145835, 39.9978636]]}}, {"type": "Feature", "properties": {"osmWayId": 845929447, "bridge": "yes", "highway": "trunk", "layer": "1", "oneway": "yes", "ref": "G102;G230", "source": "Maxar Premium Imagery", "sourceMembership": "g102-tag"}, "geometry": {"type": "LineString", "coordinates": [[117.0888587, 39.9890749], [117.0872077, 39.9890543]]}}, {"type": "Feature", "properties": {"osmWayId": 845929448, "bridge": "yes", "highway": "trunk", "layer": "1", "oneway": "yes", "ref": "G102;G230", "source": "Maxar Premium Imagery", "sourceMembership": "g102-tag"}, "geometry": {"type": "LineString", "coordinates": [[117.0872051, 39.9889824], [117.0888626, 39.9890031]]}}, {"type": "Feature", "properties": {"osmWayId": 845929449, "highway": "trunk", "name": "昌盛大街", "oneway": "yes", "ref": "G102", "source": "Maxar Premium Imagery", "sourceMembership": "g102-tag"}, "geometry": {"type": "LineString", "coordinates": [[117.1458247, 39.9979341], [117.1448211, 39.9978316], [117.1431733, 39.9976682], [117.1403698, 39.9973696], [117.1379521, 39.9971324], [117.1358447, 39.9969195], [117.1334104, 39.9966785], [117.1329718, 39.9966351], [117.1325781, 39.9965904], [117.1321678, 39.9965332], [117.130686, 39.9962905], [117.1299626, 39.996172], [117.128742, 39.9959623], [117.1273496, 39.9957126], [117.1263404, 39.9955255], [117.1254165, 39.9953436], [117.1244174, 39.9951148], [117.1214915, 39.9944155], [117.1193474, 39.9939021], [117.1154615, 39.9929628], [117.1137577, 39.99256], [117.1132435, 39.9924385], [117.1119543, 39.9921449], [117.1090447, 39.9915235], [117.1040756, 39.9904536], [117.1033151, 39.9902908], [117.1023705, 39.9900885], [117.1017527, 39.9899563], [117.1011093, 39.9898185], [117.1004144, 39.989674], [117.0998181, 39.9895459], [117.0995774, 39.9894942], [117.0991694, 39.9894144], [117.0986549, 39.9893356], [117.0983347, 39.9892929]]}}, {"type": "Feature", "properties": {"osmWayId": 845929450, "highway": "trunk", "name": "泃阳东大街", "name:en": "Juyang East Street", "name:zh": "泃阳东大街", "oneway": "yes", "ref": "G102;G230", "source": "Maxar Premium Imagery", "sourceMembership": "g102-tag"}, "geometry": {"type": "LineString", "coordinates": [[117.0680471, 39.9854655], [117.0680959, 39.9854721], [117.0704012, 39.9857857], [117.0710761, 39.9858749], [117.0713858, 39.9859149], [117.0719099, 39.9859687], [117.0721734, 39.9859872], [117.0726113, 39.986002], [117.0731115, 39.986014], [117.0737147, 39.9860211], [117.0743251, 39.9860223], [117.0749134, 39.9860236], [117.075336, 39.9860307], [117.0755184, 39.986039], [117.0757458, 39.9860568], [117.0760847, 39.9860928], [117.0763256, 39.9861324], [117.0766536, 39.9862071], [117.0768318, 39.9862534], [117.0770095, 39.9863045], [117.0772567, 39.9863875], [117.0774847, 39.9864739], [117.0777454, 39.9865814], [117.0782664, 39.9868037], [117.0794653, 39.9873154], [117.0802657, 39.9876461], [117.0819991, 39.9883839], [117.082598, 39.9886285], [117.0827017, 39.9886639], [117.0828622, 39.9887059], [117.0830134, 39.9887455], [117.0832087, 39.9887913], [117.0833, 39.9888127], [117.0835838, 39.9888733], [117.0836377, 39.9888814], [117.0840188, 39.9889037], [117.0848819, 39.9889451], [117.0852934, 39.9889586], [117.0872051, 39.9889824]]}}, {"type": "Feature", "properties": {"osmWayId": 845929456, "highway": "trunk", "name": "泃阳东大街", "name:en": "Juyang East Street", "name:zh": "泃阳东大街", "oneway": "yes", "ref": "G102;G230", "source": "Maxar Premium Imagery", "sourceMembership": "g102-tag"}, "geometry": {"type": "LineString", "coordinates": [[117.0872077, 39.9890543], [117.0852906, 39.9890305], [117.084877, 39.9890168], [117.0840124, 39.9889754], [117.0836243, 39.9889526], [117.0835627, 39.9889434], [117.0832897, 39.9888854], [117.0831984, 39.988864], [117.0829845, 39.9888139], [117.0826674, 39.9887309], [117.0825568, 39.9886932], [117.0819542, 39.988447], [117.0802207, 39.9877092], [117.0794202, 39.9873784], [117.0786828, 39.9870637], [117.0777004, 39.9866444], [117.0774417, 39.9865378], [117.077217, 39.9864526], [117.0769741, 39.9863711], [117.0768003, 39.9863211], [117.0766251, 39.9862756], [117.0763023, 39.9862021], [117.0760684, 39.9861636], [117.0757346, 39.9861282], [117.0755109, 39.9861106], [117.0753322, 39.9861025], [117.0749122, 39.9860954], [117.0743182, 39.9860932], [117.0734561, 39.9860899], [117.0731093, 39.9860858], [117.0723928, 39.9860665], [117.0721677, 39.9860589], [117.0720091, 39.9860497], [117.0717732, 39.986029], [117.0713715, 39.985986], [117.0708742, 39.9859217], [117.0702416, 39.9858369], [117.0694735, 39.9857325], [117.0680845, 39.9855436], [117.0680352, 39.9855368]]}}, {"type": "Feature", "properties": {"osmWayId": 847502851, "highway": "trunk", "lanes": "2", "name": "伯雍西街", "name:en": "Boyong Street", "oneway": "yes", "ref": "G102", "sourceMembership": "g102-tag"}, "geometry": {"type": "LineString", "coordinates": [[117.7470995, 39.8981621], [117.7425063, 39.8984525], [117.7402104, 39.8986174], [117.7391952, 39.8986943], [117.7386913, 39.8987177], [117.7373845, 39.8987783], [117.7353647, 39.8988721], [117.7342739, 39.8989095], [117.7297293, 39.899091], [117.7245766, 39.8992973], [117.7244295, 39.899298], [117.7189116, 39.8994866], [117.716473, 39.8996119], [117.7123667, 39.8998108], [117.7099429, 39.8998947], [117.7096945, 39.8998984]]}}, {"type": "Feature", "properties": {"osmWayId": 847502852, "highway": "trunk", "lanes": "2", "name": "伯雍东街", "name:en": "Boyong Street", "oneway": "yes", "ref": "G102", "sourceMembership": "g102-tag"}, "geometry": {"type": "LineString", "coordinates": [[117.7472292, 39.8979658], [117.7479545, 39.8979112], [117.7480937, 39.8979394], [117.7483602, 39.8979174], [117.7493393, 39.8978544], [117.7512319, 39.8977139], [117.7529586, 39.8976058], [117.7541045, 39.8975048], [117.7569554, 39.8972954], [117.7587657, 39.8971595], [117.7617767, 39.8969361], [117.7629834, 39.8968466], [117.7664165, 39.8966061], [117.7665128, 39.896595], [117.7682209, 39.8964735], [117.7707543, 39.896288], [117.7796464, 39.8956369], [117.7815768, 39.8954956]]}}, {"type": "Feature", "properties": {"osmWayId": 850471399, "foot": "yes", "highway": "trunk", "lanes": "2", "name": "京抚线", "oneway": "yes", "ref": "G102", "sourceMembership": "g102-tag"}, "geometry": {"type": "LineString", "coordinates": [[117.3476715, 39.9858918], [117.345907, 39.9860422], [117.3450003, 39.9861196], [117.3444929, 39.9861629], [117.3429553, 39.9862941], [117.336996, 39.9867865], [117.3330946, 39.9870728], [117.3292897, 39.9873358], [117.3239892, 39.9876705], [117.321, 39.9878529], [117.3189981, 39.9879836], [117.3180198, 39.9880474], [117.3174079, 39.9880775], [117.3161869, 39.9881576], [117.3137326, 39.9882982], [117.3122592, 39.9883854], [117.3087718, 39.988476], [117.3080433, 39.9884908], [117.3075284, 39.9885013], [117.3060422, 39.9885316], [117.3047907, 39.9885411], [117.3029156, 39.9885885], [117.3019202, 39.9886076], [117.3003621, 39.9886375], [117.2984491, 39.9886586]]}}, {"type": "Feature", "properties": {"osmWayId": 850471400, "bridge": "yes", "foot": "yes", "highway": "trunk", "lanes": "2", "layer": "1", "name": "京抚线", "oneway": "yes", "ref": "G102", "sourceMembership": "g102-tag"}, "geometry": {"type": "LineString", "coordinates": [[117.3510434, 39.9856036], [117.3503498, 39.9856629]]}}, {"type": "Feature", "properties": {"osmWayId": 850471401, "foot": "yes", "highway": "trunk", "lanes": "2", "name": "京抚线", "oneway": "yes", "ref": "G102", "sourceMembership": "g102-tag"}, "geometry": {"type": "LineString", "coordinates": [[117.3510229, 39.9855115], [117.3526183, 39.9853777]]}}, {"type": "Feature", "properties": {"osmWayId": 850471402, "bridge": "yes", "foot": "yes", "highway": "trunk", "lanes": "2", "layer": "1", "name": "京抚线", "oneway": "yes", "ref": "G102", "sourceMembership": "g102-tag"}, "geometry": {"type": "LineString", "coordinates": [[117.350314, 39.9855682], [117.3510229, 39.9855115]]}}, {"type": "Feature", "properties": {"osmWayId": 853278139, "foot": "yes", "highway": "trunk", "lanes": "2", "name": "京抚线", "oneway": "yes", "ref": "G102", "source": "ESRB", "sourceMembership": "g102-tag"}, "geometry": {"type": "LineString", "coordinates": [[117.2789298, 39.9888674], [117.275943, 39.9888552], [117.2721708, 39.9888584], [117.2712818, 39.9888572], [117.2693939, 39.9888407], [117.2664923, 39.9888617], [117.2651664, 39.9889023], [117.2646647, 39.9889226], [117.2638826, 39.9889605], [117.2633669, 39.9889974], [117.262647, 39.9890551], [117.2613241, 39.9891818], [117.2610732, 39.9892077], [117.2596297, 39.9893527], [117.256661, 39.9896773], [117.2560243, 39.9897353], [117.253513, 39.9899887], [117.2534117, 39.9900013], [117.2513706, 39.9902387], [117.2498919, 39.9903708], [117.2479203, 39.9905783], [117.24604, 39.9907772], [117.2457011, 39.9908147]]}}, {"type": "Feature", "properties": {"osmWayId": 853282301, "highway": "trunk", "name": "段甲岭大街", "name:en": "Duanjialing Street", "name:zh": "段甲岭大街", "oneway": "yes", "ref": "G102", "source": "Maxar Premium Imagery", "sourceMembership": "g102-tag"}, "geometry": {"type": "LineString", "coordinates": [[117.1821973, 39.999182], [117.1817428, 39.9992566], [117.1802628, 39.9994994], [117.179704, 39.999581], [117.1790059, 39.9996762], [117.1786009, 39.9997289], [117.1781642, 39.999769], [117.1777086, 39.9998063], [117.1774558, 39.9998143], [117.1765013, 39.9998565], [117.1759247, 39.9998714], [117.175309, 39.9998764], [117.1747728, 39.9998754], [117.1738404, 39.9998648], [117.1723043, 39.999839], [117.1713621, 39.9998163], [117.1704761, 39.9997825], [117.1688295, 39.9996997], [117.1667725, 39.9995963], [117.1633728, 39.9994253], [117.1617, 39.9993412], [117.1610338, 39.9993], [117.1609816, 39.9992962], [117.1603168, 39.999248], [117.1599002, 39.9992178], [117.1588554, 39.9991305], [117.1587331, 39.9991203], [117.1574473, 39.999004], [117.1557221, 39.998848], [117.153589, 39.998662], [117.1498943, 39.9983315], [117.1484576, 39.998203], [117.1460362, 39.9979557], [117.1458247, 39.9979341]]}}, {"type": "Feature", "properties": {"osmWayId": 853285213, "highway": "trunk", "name": "京抚线", "oneway": "yes", "ref": "G102", "source": "Maxar Premium Imagery", "sourceMembership": "g102-tag"}, "geometry": {"type": "LineString", "coordinates": [[117.1903667, 39.9977611], [117.1905222, 39.9977359], [117.1922606, 39.9974457], [117.1929121, 39.9973487], [117.1945163, 39.9970887], [117.1963068, 39.9968025], [117.1977426, 39.996573], [117.1979888, 39.9965321], [117.2002746, 39.9961518], [117.2008782, 39.9960548], [117.2015987, 39.9959391]]}}, {"type": "Feature", "properties": {"osmWayId": 853294183, "foot": "yes", "highway": "trunk", "lanes": "2", "name": "京抚线", "oneway": "yes", "ref": "G102", "sourceMembership": "g102-tag"}, "geometry": {"type": "LineString", "coordinates": [[117.278944, 39.9887544], [117.2793237, 39.9887524], [117.2794311, 39.9887519], [117.2847958, 39.9887635], [117.2983563, 39.9885843]]}}, {"type": "Feature", "properties": {"osmWayId": 855708884, "foot": "yes", "highway": "trunk", "lanes": "2", "name": "京抚线", "name:en": "Jingfu Highway", "oneway": "yes", "ref": "G102", "sourceMembership": "g102-tag"}, "geometry": {"type": "LineString", "coordinates": [[117.3974765, 39.981677], [117.3993839, 39.9815611], [117.3996014, 39.9815429], [117.3997957, 39.9815248], [117.4000001, 39.9815071], [117.4002076, 39.9814825], [117.4003368, 39.9814671], [117.4005184, 39.9814418], [117.4007101, 39.9813997], [117.4008864, 39.9813475], [117.4011593, 39.9812587], [117.401383, 39.9811724], [117.4016697, 39.9810644], [117.4019021, 39.9809659], [117.4021179, 39.9808673], [117.4024312, 39.9807164]]}}, {"type": "Feature", "properties": {"osmWayId": 855708887, "foot": "yes", "highway": "trunk", "lanes": "2", "name": "京抚线", "name:en": "Jingfu Highway", "oneway": "yes", "ref": "G102", "sourceMembership": "g102-tag"}, "geometry": {"type": "LineString", "coordinates": [[117.3902204, 39.9822427], [117.3873371, 39.9824461], [117.3842495, 39.9826504], [117.3824473, 39.9827692], [117.3793547, 39.9829772], [117.3761604, 39.9831955]]}}, {"type": "Feature", "properties": {"osmWayId": 855713954, "foot": "yes", "highway": "trunk", "lanes": "2", "name": "京抚线", "name:en": "Jingfu Highway", "oneway": "yes", "ref": "G102", "sourceMembership": "g102-tag"}, "geometry": {"type": "LineString", "coordinates": [[117.3761437, 39.9831191], [117.3793614, 39.9828942], [117.3829539, 39.9826453], [117.3838349, 39.9825849], [117.3842519, 39.9825587], [117.3902177, 39.9821646]]}}, {"type": "Feature", "properties": {"osmWayId": 855713955, "bridge": "yes", "foot": "yes", "highway": "trunk", "lanes": "2", "layer": "1", "name": "京抚线", "name:en": "Jingfu Highway", "oneway": "yes", "ref": "G102", "sourceMembership": "g102-tag"}, "geometry": {"type": "LineString", "coordinates": [[117.3760193, 39.9831326], [117.3761437, 39.9831191]]}}, {"type": "Feature", "properties": {"osmWayId": 855713956, "bridge": "yes", "foot": "yes", "highway": "trunk", "lanes": "2", "layer": "1", "name": "京抚线", "name:en": "Jingfu Highway", "oneway": "yes", "ref": "G102", "sourceMembership": "g102-tag"}, "geometry": {"type": "LineString", "coordinates": [[117.3761604, 39.9831955], [117.3760401, 39.9832075]]}}, {"type": "Feature", "properties": {"osmWayId": 855713957, "foot": "yes", "highway": "trunk", "lanes": "2", "name": "京抚线", "name:en": "Jingfu Highway", "oneway": "yes", "ref": "G102", "sourceMembership": "g102-tag"}, "geometry": {"type": "LineString", "coordinates": [[117.3760401, 39.9832075], [117.3702497, 39.9837325], [117.3635471, 39.9843953]]}}, {"type": "Feature", "properties": {"osmWayId": 855713964, "foot": "yes", "highway": "trunk", "lanes": "2", "name": "京抚线", "oneway": "yes", "ref": "G102", "sourceMembership": "g102-tag"}, "geometry": {"type": "LineString", "coordinates": [[117.3593363, 39.9848049], [117.359005, 39.9848394], [117.3575233, 39.9850018]]}}, {"type": "Feature", "properties": {"osmWayId": 855713965, "foot": "yes", "highway": "trunk", "lanes": "2", "name": "京抚线", "oneway": "yes", "ref": "G102", "sourceMembership": "g102-tag"}, "geometry": {"type": "LineString", "coordinates": [[117.3597687, 39.9846841], [117.3601678, 39.9846454], [117.3608607, 39.9845813], [117.3615841, 39.9845103]]}}, {"type": "Feature", "properties": {"osmWayId": 855713967, "foot": "yes", "highway": "trunk", "lanes": "2", "name": "京抚线", "name:en": "Jingfu Highway", "oneway": "yes", "ref": "G102", "sourceMembership": "g102-tag"}, "geometry": {"type": "LineString", "coordinates": [[117.3634446, 39.9843241], [117.3635478, 39.9843133], [117.3702079, 39.9836653], [117.3760193, 39.9831326]]}}, {"type": "Feature", "properties": {"osmWayId": 858506238, "highway": "trunk", "name": "京抚线", "ref": "G102", "source": "landsat", "sourceMembership": "g102-tag"}, "geometry": {"type": "LineString", "coordinates": [[128.8103339, 46.0086765], [128.8133623, 46.0092434], [128.8387338, 46.0141901], [128.8527744, 46.0169117], [128.8706199, 46.021417], [128.8892795, 46.030186], [128.8952344, 46.0333682], [128.8965735, 46.0340647], [128.8969925, 46.0342749], [128.897311, 46.0343999], [128.8975164, 46.0344717], [128.8976792, 46.0345286], [128.8981015, 46.0346728], [128.8985952, 46.0347868], [128.8992798, 46.0349082], [128.9009228, 46.0350617], [128.9016583, 46.0351304], [128.9137078, 46.0361202], [128.9147068, 46.0361956], [128.9152344, 46.0362583], [128.9157591, 46.0364005], [128.9186687, 46.0373321], [128.922334, 46.0384992], [128.9243374, 46.039051], [128.9264019, 46.0395625], [128.9328919, 46.0411744], [128.940117, 46.0432355], [128.9457721, 46.0448487], [128.956549, 46.0475613], [128.9572497, 46.0476785], [128.9607199, 46.0481844], [128.9662156, 46.0497444], [128.9715018, 46.0511848], [128.975448, 46.0521026], [128.9798394, 46.0529215], [128.9999837, 46.056024], [129.0040315, 46.0566011], [129.011059, 46.057448], [129.0196906, 46.0588956], [129.0252148, 46.0594139], [129.0426675, 46.0602476], [129.0888083, 46.0560076], [129.0935288, 46.0566378], [129.0976497, 46.057222], [129.1023944, 46.057928], [129.1033708, 46.0581377], [129.1048524, 46.0587959], [129.1106397, 46.0618459], [129.1118772, 46.062255], [129.1133302, 46.0624281], [129.1161025, 46.0626118], [129.1201334, 46.0628624], [129.1242972, 46.063033], [129.1296719, 46.0631499], [129.1305758, 46.0632256], [129.1332846, 46.0634523], [129.1356009, 46.0637991], [129.1373412, 46.0642864], [129.1382708, 46.0646488], [129.1391648, 46.0651058], [129.1449281, 46.0688825], [129.1486428, 46.0711952], [129.1542453, 46.074486], [129.1603651, 46.0771003], [129.161657, 46.0777585], [129.1625573, 46.0785272], [129.1647588, 46.0813296], [129.1698006, 46.0851176], [129.1720671, 46.0881417], [129.1742102, 46.0906661], [129.1774334, 46.0934143], [129.1793323, 46.0951826], [129.1804716, 46.096838], [129.1816749, 46.0991483], [129.1840523, 46.1023305]]}}, {"type": "Feature", "properties": {"osmWayId": 858727643, "highway": "tertiary", "name": "大通河大街", "oneway": "yes", "ref": "G102", "source": "digitalGlobe", "sourceMembership": "g102-tag"}, "geometry": {"type": "LineString", "coordinates": [[128.7615208, 45.9908104], [128.767825, 45.9916799], [128.7679908, 45.9917028], [128.7740509, 45.9925383], [128.7796435, 45.9933086]]}}, {"type": "Feature", "properties": {"osmWayId": 859620393, "highway": "trunk", "name": "长沈路", "name:en": "Changshen Road", "name:zh": "长沈路", "oneway": "yes", "ref": "G102", "source": "GPS", "sourceMembership": "g102-tag"}, "geometry": {"type": "LineString", "coordinates": [[125.1828993, 43.8039353], [125.190843, 43.8097712], [125.1951815, 43.8129583], [125.1953672, 43.8130417], [125.1955439, 43.8130799], [125.1958314, 43.813112]]}}, {"type": "Feature", "properties": {"osmWayId": 863743351, "highway": "trunk", "name": "南四环快速路", "name:en": "South 4th Ring Expressway", "name:zh": "南四环快速路", "oneway": "yes", "ref": "G102;G334", "sourceMembership": "g102-tag"}, "geometry": {"type": "LineString", "coordinates": [[125.3236714, 43.8060394], [125.3256406, 43.8060563], [125.3266301, 43.8060604], [125.3269703, 43.8060523], [125.3278011, 43.8060011], [125.3285468, 43.8059254], [125.3295271, 43.805781], [125.3301537, 43.8056553], [125.3327938, 43.8052088]]}}, {"type": "Feature", "properties": {"osmWayId": 865870363, "highway": "trunk", "name": "段甲岭大街", "name:en": "Duanjialing Street", "name:zh": "段甲岭大街", "oneway": "yes", "ref": "G102", "source": "Maxar Premium Imagery", "sourceMembership": "g102-tag"}, "geometry": {"type": "LineString", "coordinates": [[117.1833601, 39.9989188], [117.1893715, 39.997942], [117.1900984, 39.997809], [117.1903667, 39.9977611]]}}, {"type": "Feature", "properties": {"osmWayId": 865870364, "highway": "trunk", "name": "京抚线", "oneway": "yes", "ref": "G102", "source": "Maxar Premium Imagery", "sourceMembership": "g102-tag"}, "geometry": {"type": "LineString", "coordinates": [[117.2016227, 39.996027], [117.2008854, 39.9961454], [117.2002991, 39.9962396], [117.1980155, 39.9966195], [117.197767, 39.9966609], [117.1972168, 39.9967489], [117.1963483, 39.9968877], [117.1945404, 39.9971766], [117.1935025, 39.9973437], [117.1928267, 39.9974525], [117.1923017, 39.9975371], [117.1905348, 39.997821], [117.1903296, 39.9978546]]}}, {"type": "Feature", "properties": {"osmWayId": 866833277, "foot": "yes", "highway": "trunk", "lanes": "2", "name": "京抚线", "oneway": "yes", "ref": "G102", "sourceMembership": "g102-tag"}, "geometry": {"type": "LineString", "coordinates": [[117.2128408, 39.9942425], [117.2111955, 39.9944684], [117.2090489, 39.9948028], [117.2081198, 39.9949578], [117.2064734, 39.9952324], [117.2053996, 39.9954083], [117.2016227, 39.996027]]}}, {"type": "Feature", "properties": {"osmWayId": 866836536, "foot": "yes", "highway": "trunk", "lanes": "2", "name": "京抚线", "oneway": "yes", "ref": "G102", "sourceMembership": "g102-tag"}, "geometry": {"type": "LineString", "coordinates": [[117.2015987, 39.9959391], [117.203271, 39.995653], [117.204936, 39.9953822], [117.2064134, 39.9951419], [117.2090269, 39.9946983]]}}, {"type": "Feature", "properties": {"osmWayId": 868221093, "bridge": "yes", "highway": "trunk", "layer": "1", "name": "京哈公路", "oneway": "yes", "ref": "G102", "source": "Maxar Premium Imagery", "sourceMembership": "g102-tag"}, "geometry": {"type": "LineString", "coordinates": [[116.9238961, 39.9550116], [116.924585, 39.9551367]]}}, {"type": "Feature", "properties": {"osmWayId": 868221094, "highway": "trunk", "name": "京哈公路", "oneway": "yes", "ref": "G102", "source": "Maxar Premium Imagery", "sourceMembership": "g102-tag"}, "geometry": {"type": "LineString", "coordinates": [[116.9080018, 39.9525797], [116.9089988, 39.9527222], [116.913234, 39.9532995], [116.9136135, 39.953347], [116.9141664, 39.9534161], [116.9148708, 39.9535042], [116.9154875, 39.9535813], [116.9165535, 39.9537357], [116.9176183, 39.9539127], [116.920874, 39.954464], [116.9221352, 39.9547008], [116.9238961, 39.9550116]]}}, {"type": "Feature", "properties": {"osmWayId": 868221095, "bridge": "yes", "highway": "trunk", "layer": "1", "name": "京哈公路", "oneway": "yes", "ref": "G102", "source": "Maxar Premium Imagery", "sourceMembership": "g102-tag"}, "geometry": {"type": "LineString", "coordinates": [[116.9245603, 39.9552156], [116.9238631, 39.9550934]]}}, {"type": "Feature", "properties": {"osmWayId": 868221096, "highway": "trunk", "lanes": "2", "name": "京哈公路", "oneway": "yes", "ref": "G102", "source": "Maxar Premium Imagery", "sourceMembership": "g102-tag"}, "geometry": {"type": "LineString", "coordinates": [[116.9238631, 39.9550934], [116.9213058, 39.9546293], [116.9210179, 39.9545771], [116.9208401, 39.9545448], [116.9175972, 39.9539841], [116.9173217, 39.9539383], [116.9165345, 39.9538075], [116.9154709, 39.9536534], [116.9140792, 39.9534794], [116.9132183, 39.9533718], [116.9089801, 39.9528041], [116.9079907, 39.9526754]]}}, {"type": "Feature", "properties": {"osmWayId": 885868668, "highway": "trunk", "name": "京抚线", "ref": "G102", "sourceMembership": "g102-tag"}, "geometry": {"type": "LineString", "coordinates": [[120.8931522, 40.7943067], [120.8904956, 40.7935406]]}}, {"type": "Feature", "properties": {"osmWayId": 885868671, "highway": "trunk", "lanes": "2", "name": "岛东线", "oneway": "yes", "ref": "G102", "source": "bing", "sourceMembership": "g102-tag"}, "geometry": {"type": "LineString", "coordinates": [[120.8415566, 40.7970829], [120.8416339, 40.7970277], [120.8437406, 40.7955373], [120.8447658, 40.7948821], [120.8456775, 40.7943766], [120.8465168, 40.7940296], [120.8475277, 40.7936549], [120.8485864, 40.7933458], [120.8497841, 40.7931388], [120.851434, 40.7929358], [120.8514435, 40.7929346], [120.8639241, 40.7916939], [120.8640666, 40.7916809], [120.8641409, 40.7916739], [120.8668767, 40.7914454], [120.8687167, 40.7913717], [120.8726673, 40.7913638], [120.8780048, 40.7913705], [120.8806733, 40.7913616], [120.8815171, 40.7913924], [120.8826134, 40.7914951], [120.883527, 40.7916335], [120.8845599, 40.7918407], [120.8855237, 40.7920962], [120.8892987, 40.793168], [120.8903932, 40.7934766], [120.8904956, 40.7935406]]}}, {"type": "Feature", "properties": {"osmWayId": 885877897, "highway": "trunk", "lanes": "2", "name": "京抚线", "oneway": "no", "ref": "G102", "source": "Bing", "sourceMembership": "g102-tag"}, "geometry": {"type": "LineString", "coordinates": [[120.7358508, 40.6394757], [120.7347821, 40.6390247], [120.7342646, 40.6389038], [120.7336612, 40.6388499], [120.7334465, 40.6388457], [120.7320212, 40.6390241], [120.7314957, 40.6390052], [120.7309311, 40.6389127], [120.730425, 40.6387589], [120.72581, 40.637211], [120.725242, 40.6370681], [120.7245094, 40.6369685], [120.7238525, 40.6369364], [120.7231766, 40.6369595], [120.7221955, 40.6370366], [120.7155949, 40.6375965], [120.7087486, 40.6382095], [120.7073961, 40.6382927], [120.706849, 40.6382872], [120.7063171, 40.6382544], [120.7057671, 40.6381913], [120.704778, 40.6380325], [120.7037045, 40.6378689]]}}, {"type": "Feature", "properties": {"osmWayId": 885879518, "bridge": "yes", "highway": "trunk", "layer": "1", "name": "京抚线", "oneway": "yes", "ref": "G102", "source": "bing", "sourceMembership": "g102-tag"}, "geometry": {"type": "LineString", "coordinates": [[121.3912683, 41.1809946], [121.3781849, 41.1755332], [121.377888, 41.1754093]]}}, {"type": "Feature", "properties": {"osmWayId": 893665604, "highway": "trunk", "name": "京抚线", "ref": "G102", "source": "bing", "sourceMembership": "g102-tag"}, "geometry": {"type": "LineString", "coordinates": [[118.6001025, 39.8650197], [118.5990197, 39.8649738], [118.5978432, 39.8649514], [118.5969683, 39.8649347], [118.59629, 39.8649448]]}}, {"type": "Feature", "properties": {"osmWayId": 893665605, "bridge": "yes", "highway": "trunk", "layer": "1", "name": "京抚线", "oneway": "yes", "ref": "G102", "source": "bing", "sourceMembership": "g102-tag"}, "geometry": {"type": "LineString", "coordinates": [[118.6010463, 39.8650783], [118.6029233, 39.8651394], [118.603285, 39.8651535]]}}, {"type": "Feature", "properties": {"osmWayId": 901104674, "highway": "trunk", "lanes": "2", "name": "京哈公路", "oneway": "yes", "ref": "G102", "source": "Maxar Premium Imagery", "sourceMembership": "g102-tag"}, "geometry": {"type": "LineString", "coordinates": [[116.943056, 39.958235], [116.9422381, 39.9580992], [116.940277, 39.9577305], [116.9385565, 39.9574027], [116.9375929, 39.9572324], [116.9354592, 39.9568417], [116.934695, 39.9567018], [116.9341922, 39.9566079], [116.9336675, 39.9565265], [116.9325903, 39.9563742], [116.9323047, 39.9563326], [116.9319167, 39.9562932], [116.9294601, 39.9560383], [116.9289397, 39.9559755], [116.9284016, 39.9559064], [116.927882, 39.9558187], [116.9273488, 39.9557215], [116.9268125, 39.9556275], [116.9257334, 39.9554353], [116.9245603, 39.9552156]]}}, {"type": "Feature", "properties": {"osmWayId": 901104675, "highway": "trunk", "name": "京哈公路", "oneway": "yes", "ref": "G102", "source": "Maxar Premium Imagery", "sourceMembership": "g102-tag"}, "geometry": {"type": "LineString", "coordinates": [[116.924585, 39.9551367], [116.9257557, 39.9553501], [116.9268423, 39.9555474], [116.9273991, 39.9556511], [116.927892, 39.9557389], [116.928435, 39.9558301], [116.9289547, 39.9558947], [116.9294845, 39.9559595], [116.9319336, 39.9562123], [116.9326116, 39.9562962], [116.9336866, 39.9564568], [116.9342188, 39.9565372], [116.9347135, 39.9566283], [116.9354148, 39.956753], [116.9359448, 39.9568472], [116.9376092, 39.9571479], [116.9385923, 39.9573314], [116.9411831, 39.9577927], [116.9422786, 39.9579877], [116.9430751, 39.9581361]]}}, {"type": "Feature", "properties": {"osmWayId": 901104676, "highway": "trunk", "name": "昌盛大街", "oneway": "yes", "ref": "G102;G230", "source": "Maxar Premium Imagery", "sourceMembership": "g102-tag"}, "geometry": {"type": "LineString", "coordinates": [[117.0983347, 39.9892929], [117.0980033, 39.9892525], [117.0977055, 39.9892264], [117.0972211, 39.9892013], [117.0966039, 39.9891837], [117.0952477, 39.9891651], [117.0948995, 39.9891604], [117.0939765, 39.9891452], [117.0929494, 39.9891284], [117.0920721, 39.9891169], [117.091078, 39.9891039], [117.0888587, 39.9890749]]}}, {"type": "Feature", "properties": {"osmWayId": 901104677, "highway": "trunk", "name": "昌盛大街", "oneway": "yes", "ref": "G102;G230", "source": "Maxar Premium Imagery", "sourceMembership": "g102-tag"}, "geometry": {"type": "LineString", "coordinates": [[117.0888626, 39.9890031], [117.0906954, 39.9890259], [117.0936261, 39.9890685], [117.0937537, 39.9890704], [117.0962394, 39.9891065], [117.0966064, 39.9891119], [117.097226, 39.9891295], [117.097714, 39.9891548], [117.0978319, 39.9891652], [117.0980158, 39.9891813], [117.0982564, 39.9892096], [117.0983513, 39.9892222]]}}, {"type": "Feature", "properties": {"osmWayId": 904982726, "highway": "trunk", "name": "揽军路辅路", "oneway": "yes", "ref": "G102", "sourceMembership": "g102-tag"}, "geometry": {"type": "LineString", "coordinates": [[123.3245016, 41.7728341], [123.3231221, 41.7733553], [123.3227767, 41.7734803], [123.3223983, 41.7736206], [123.3221144, 41.7737231], [123.3218327, 41.7738256], [123.3215543, 41.7739271], [123.3213592, 41.7740222], [123.3212666, 41.7740788], [123.3211881, 41.7741413], [123.3211068, 41.7742102], [123.3210263, 41.7742858], [123.3209653, 41.7743513], [123.3209047, 41.7744202], [123.3208643, 41.7744711], [123.3208188, 41.7745403], [123.3207778, 41.7746176], [123.3207464, 41.7746895], [123.3207133, 41.7747671], [123.3206841, 41.7748471], [123.320661, 41.7749254], [123.3206396, 41.7750088], [123.320628, 41.7750768], [123.3206172, 41.775164]]}}, {"type": "Feature", "properties": {"osmWayId": 904982727, "highway": "trunk", "name": "沈辽路", "oneway": "yes", "ref": "G102", "sourceMembership": "g102-tag"}, "geometry": {"type": "LineString", "coordinates": [[123.3222887, 41.772615], [123.3226062, 41.7729713], [123.3226769, 41.7730613], [123.322762, 41.7731574]]}}, {"type": "Feature", "properties": {"osmWayId": 904982728, "highway": "trunk", "layer": "-1", "name": "沈辽路", "oneway": "yes", "ref": "G102", "tunnel": "yes", "sourceMembership": "g102-tag"}, "geometry": {"type": "LineString", "coordinates": [[123.322762, 41.7731574], [123.3230125, 41.7734401]]}}, {"type": "Feature", "properties": {"osmWayId": 904982729, "highway": "trunk", "name": "沈辽路", "oneway": "yes", "ref": "G102", "sourceMembership": "g102-tag"}, "geometry": {"type": "LineString", "coordinates": [[123.322659, 41.7732002], [123.3213608, 41.7716997], [123.3211149, 41.7714243]]}}, {"type": "Feature", "properties": {"osmWayId": 904982731, "highway": "trunk", "name": "重工南街", "oneway": "yes", "ref": "G102;G304", "source": "yahoo imagery", "sourceMembership": "g102-tag"}, "geometry": {"type": "LineString", "coordinates": [[123.3204246, 41.7803642], [123.3204212, 41.7792546]]}}, {"type": "Feature", "properties": {"osmWayId": 904982732, "highway": "trunk", "name": "重工南街", "oneway": "yes", "ref": "G102;G304", "sourceMembership": "g102-tag"}, "geometry": {"type": "LineString", "coordinates": [[123.3205241, 41.7792516], [123.3205422, 41.7803103]]}}, {"type": "Feature", "properties": {"osmWayId": 905131259, "highway": "trunk", "lanes": "3", "name": "沈辽路", "oneway": "yes", "ref": "G102", "sourceMembership": "g102-tag"}, "geometry": {"type": "LineString", "coordinates": [[123.3211149, 41.7714243], [123.3209097, 41.7711918], [123.3204631, 41.7706809], [123.3202381, 41.7704236], [123.3196457, 41.7697247]]}}, {"type": "Feature", "properties": {"osmWayId": 905131260, "highway": "trunk", "lanes": "3", "name": "沈辽路", "oneway": "yes", "ref": "G102", "sourceMembership": "g102-tag"}, "geometry": {"type": "LineString", "coordinates": [[123.3197484, 41.7696705], [123.3203328, 41.7703481], [123.3205819, 41.7706368], [123.3222887, 41.772615]]}}, {"type": "Feature", "properties": {"osmWayId": 905131266, "bridge": "yes", "highway": "trunk", "lanes": "3", "layer": "1", "name": "沈辽路", "oneway": "yes", "ref": "G102", "sourceMembership": "g102-tag"}, "geometry": {"type": "LineString", "coordinates": [[123.3089796, 41.7631268], [123.309957, 41.7638169], [123.3117572, 41.765086], [123.3124096, 41.765556], [123.3129888, 41.7660107], [123.3132354, 41.7661476], [123.3136391, 41.7663207], [123.3150708, 41.7668832], [123.3162397, 41.7673428], [123.3168775, 41.7675783], [123.3174457, 41.7678038], [123.3179643, 41.7680768], [123.3181813, 41.7682085], [123.3185413, 41.768455], [123.3188489, 41.7687196], [123.3189917, 41.7688549], [123.3192708, 41.7691245], [123.3193677, 41.7692315], [123.3197484, 41.7696705]]}}, {"type": "Feature", "properties": {"osmWayId": 905131267, "bridge": "yes", "highway": "trunk", "lanes": "3", "layer": "2", "name": "沈辽路", "oneway": "yes", "ref": "G102;S102", "sourceMembership": "g102-tag"}, "geometry": {"type": "LineString", "coordinates": [[123.3077113, 41.7623304], [123.3082021, 41.7626177], [123.3089796, 41.7631268]]}}, {"type": "Feature", "properties": {"osmWayId": 905131288, "highway": "trunk", "lanes": "3", "name": "沈辽路", "oneway": "yes", "ref": "G102;S102", "sourceMembership": "g102-tag"}, "geometry": {"type": "LineString", "coordinates": [[123.2706736, 41.755021], [123.2712405, 41.7552125], [123.2716765, 41.7553439]]}}, {"type": "Feature", "properties": {"osmWayId": 905131289, "highway": "trunk", "lanes": "3", "name": "沈辽路", "oneway": "yes", "ref": "G102;S102", "sourceMembership": "g102-tag"}, "geometry": {"type": "LineString", "coordinates": [[123.2716514, 41.7554346], [123.2714103, 41.7553705], [123.2712111, 41.7553063], [123.2704093, 41.7550437]]}}, {"type": "Feature", "properties": {"osmWayId": 905131292, "highway": "trunk", "name": "沈辽路", "oneway": "yes", "ref": "G102;S102", "sourceMembership": "g102-tag"}, "geometry": {"type": "LineString", "coordinates": [[123.2704093, 41.7550437], [123.2694443, 41.7546598], [123.2664444, 41.7534245]]}}, {"type": "Feature", "properties": {"osmWayId": 905131293, "highway": "trunk", "name": "沈辽路", "oneway": "yes", "ref": "G102;S102", "sourceMembership": "g102-tag"}, "geometry": {"type": "LineString", "coordinates": [[123.2666603, 41.753343], [123.2681994, 41.7539779], [123.2706736, 41.755021]]}}, {"type": "Feature", "properties": {"osmWayId": 905989240, "highway": "trunk", "lanes": "3", "oneway": "yes", "ref": "G102", "sourceMembership": "g102-tag"}, "geometry": {"type": "LineString", "coordinates": [[125.3907483, 43.8320308], [125.3905384, 43.8318653], [125.3903347, 43.8317008], [125.3893269, 43.8308077], [125.3889025, 43.8304232], [125.3887866, 43.8303086], [125.3887532, 43.8302762], [125.3886582, 43.8301839]]}}, {"type": "Feature", "properties": {"osmWayId": 915377201, "highway": "trunk", "junction": "roundabout", "oneway": "yes", "ref": "G102", "sourceMembership": "g102-tag"}, "geometry": {"type": "LineString", "coordinates": [[130.3238199, 46.8075505], [130.3236339, 46.8075594], [130.3234632, 46.8075278], [130.3233141, 46.8074567], [130.3232152, 46.8073644], [130.3231632, 46.8072557], [130.3231631, 46.8071412], [130.323215, 46.8070325], [130.3233137, 46.8069401], [130.3234495, 46.8068733], [130.3236088, 46.8068387], [130.323776, 46.8068397], [130.3239344, 46.8068763], [130.3240786, 46.806952], [130.3242146, 46.8070961], [130.3242182, 46.8071778], [130.324205, 46.8072551], [130.3241972, 46.8073014], [130.3241165, 46.807413], [130.3239857, 46.8074993], [130.3238199, 46.8075505]]}}, {"type": "Feature", "properties": {"osmWayId": 916746483, "bridge": "yes", "highway": "trunk", "layer": "1", "name": "京抚线", "oneway": "yes", "ref": "G102", "sourceMembership": "g102-tag"}, "geometry": {"type": "LineString", "coordinates": [[119.6384127, 40.0070208], [119.6368528, 40.0071237], [119.6355675, 40.0072946]]}}, {"type": "Feature", "properties": {"osmWayId": 916746484, "bridge": "yes", "highway": "trunk", "layer": "1", "name": "京抚线", "oneway": "yes", "ref": "G102", "sourceMembership": "g102-tag"}, "geometry": {"type": "LineString", "coordinates": [[119.6260717, 40.0075272], [119.6246882, 40.0071809], [119.6235369, 40.0067254], [119.6222776, 40.006092]]}}, {"type": "Feature", "properties": {"osmWayId": 916746485, "highway": "trunk", "name": "京抚线", "oneway": "yes", "ref": "G102", "sourceMembership": "g102-tag"}, "geometry": {"type": "LineString", "coordinates": [[119.6355675, 40.0072946], [119.632777, 40.0078084], [119.6316638, 40.0079586], [119.6301936, 40.0079587], [119.6287639, 40.007913], [119.6274199, 40.007747], [119.626464, 40.0075912], [119.6260717, 40.0075272]]}}, {"type": "Feature", "properties": {"osmWayId": 916746486, "highway": "trunk", "name": "京抚线", "oneway": "yes", "ref": "G102", "sourceMembership": "g102-tag"}, "geometry": {"type": "LineString", "coordinates": [[119.5422231, 39.9844004], [119.5440452, 39.9851128], [119.5452601, 39.9855292], [119.546633, 39.985941], [119.5525171, 39.9874753], [119.5558667, 39.9884788], [119.5619468, 39.9902042], [119.5652995, 39.9910905], [119.566347, 39.9913256], [119.5684852, 39.9918217], [119.5763104, 39.9933492], [119.5798095, 39.9940916], [119.5811037, 39.9945165], [119.5824642, 39.9950873], [119.584837, 39.9961401], [119.5877776, 39.9974426], [119.5888817, 39.997789], [119.5902969, 39.9980429], [119.5925927, 39.9983571], [119.6031055, 39.9996836], [119.607017, 40.0000543], [119.6101713, 40.0004981], [119.6121883, 40.0010159], [119.6143985, 40.0018049], [119.6178746, 40.0035636], [119.62237, 40.005988]]}}, {"type": "Feature", "properties": {"osmWayId": 916746487, "bridge": "yes", "highway": "trunk", "layer": "1", "name": "京抚线", "oneway": "yes", "ref": "G102", "sourceMembership": "g102-tag"}, "geometry": {"type": "LineString", "coordinates": [[119.62237, 40.005988], [119.6236199, 40.0066167], [119.6247518, 40.0070645], [119.6261144, 40.0074056]]}}, {"type": "Feature", "properties": {"osmWayId": 916746488, "highway": "trunk", "name": "京抚线", "oneway": "yes", "ref": "G102", "sourceMembership": "g102-tag"}, "geometry": {"type": "LineString", "coordinates": [[119.6261144, 40.0074056], [119.6274501, 40.0076233], [119.6287805, 40.0077877], [119.6301967, 40.0078329], [119.63157, 40.0078288], [119.6327448, 40.007685], [119.6355343, 40.0071714]]}}, {"type": "Feature", "properties": {"osmWayId": 916746489, "bridge": "yes", "highway": "trunk", "layer": "1", "name": "京抚线", "oneway": "yes", "ref": "G102", "sourceMembership": "g102-tag"}, "geometry": {"type": "LineString", "coordinates": [[119.6355343, 40.0071714], [119.6368325, 40.0069988], [119.6384013, 40.0068983]]}}, {"type": "Feature", "properties": {"osmWayId": 916746511, "highway": "trunk", "name": "京抚线", "oneway": "yes", "ref": "G102", "sourceMembership": "g102-tag"}, "geometry": {"type": "LineString", "coordinates": [[119.6222776, 40.006092], [119.6177821, 40.0036675], [119.6143181, 40.0019149], [119.6121274, 40.0011329], [119.6101302, 40.0006202], [119.606982, 40.0001883], [119.6048598, 39.9999845], [119.6030795, 39.9997913], [119.5935087, 39.998607], [119.5902698, 39.998168], [119.5888317, 39.9979092], [119.5877051, 39.9975557], [119.5847547, 39.9962489], [119.5823836, 39.9951968], [119.5810318, 39.9946297], [119.5797551, 39.9942105], [119.5762682, 39.9934708], [119.5711737, 39.9924763], [119.5684361, 39.9919419], [119.5663118, 39.9914487], [119.5652497, 39.9912103], [119.5618915, 39.9903226], [119.5558083, 39.9885964], [119.5524609, 39.9875935], [119.5465761, 39.9860686], [119.5451921, 39.9856535], [119.543969, 39.9852343], [119.5421612, 39.9845108]]}}, {"type": "Feature", "properties": {"osmWayId": 916746513, "highway": "trunk", "name": "京抚线", "oneway": "yes", "ref": "G102", "sourceMembership": "g102-tag"}, "geometry": {"type": "LineString", "coordinates": [[119.5302498, 39.9787908], [119.533071, 39.9801672], [119.5336733, 39.980454], [119.5354063, 39.9812794], [119.5365546, 39.9817754], [119.537177, 39.9820442]]}}, {"type": "Feature", "properties": {"osmWayId": 916746518, "bridge": "yes", "highway": "trunk", "layer": "1", "name": "京抚线", "oneway": "yes", "ref": "G102", "sourceMembership": "g102-tag"}, "geometry": {"type": "LineString", "coordinates": [[119.5421612, 39.9845108], [119.5413297, 39.9841615], [119.5397097, 39.9834339], [119.5371187, 39.9821844]]}}, {"type": "Feature", "properties": {"osmWayId": 916746520, "highway": "trunk", "name": "京抚线", "oneway": "yes", "ref": "G102", "sourceMembership": "g102-tag"}, "geometry": {"type": "LineString", "coordinates": [[119.5371187, 39.9821844], [119.5353162, 39.9813952], [119.5351763, 39.981329], [119.5328218, 39.9802154], [119.5301559, 39.9789047]]}}, {"type": "Feature", "properties": {"osmWayId": 916746521, "bridge": "yes", "highway": "trunk", "layer": "1", "name": "京抚线", "oneway": "yes", "ref": "G102", "sourceMembership": "g102-tag"}, "geometry": {"type": "LineString", "coordinates": [[119.5288829, 39.9781342], [119.5302498, 39.9787908]]}}, {"type": "Feature", "properties": {"osmWayId": 916746522, "bridge": "yes", "highway": "trunk", "layer": "1", "name": "京抚线", "oneway": "yes", "ref": "G102", "sourceMembership": "g102-tag"}, "geometry": {"type": "LineString", "coordinates": [[119.5301559, 39.9789047], [119.5287895, 39.9782484]]}}, {"type": "Feature", "properties": {"osmWayId": 916746523, "bridge": "yes", "highway": "trunk", "layer": "1", "name": "京抚线", "oneway": "yes", "ref": "G102", "sourceMembership": "g102-tag"}, "geometry": {"type": "LineString", "coordinates": [[119.537177, 39.9820442], [119.539801, 39.9833188], [119.5414172, 39.9840446], [119.5422231, 39.9844004]]}}, {"type": "Feature", "properties": {"osmWayId": 916746524, "highway": "trunk", "name": "京抚线", "oneway": "yes", "ref": "G102", "sourceMembership": "g102-tag"}, "geometry": {"type": "LineString", "coordinates": [[119.4075297, 39.9458983], [119.4087359, 39.9465418], [119.409462, 39.9470374], [119.4099443, 39.9474496], [119.4111163, 39.9486114], [119.412089, 39.9494598], [119.4127114, 39.9498649], [119.4133832, 39.9502025], [119.413999, 39.9504442], [119.4150431, 39.9507669], [119.4155484, 39.9508802], [119.4165996, 39.9509834], [119.4217032, 39.9511311], [119.4245007, 39.9512062], [119.4276574, 39.951305], [119.4295442, 39.9515092], [119.4306638, 39.9517211], [119.4337609, 39.9524453], [119.4425793, 39.9545052], [119.4438141, 39.9548327], [119.444842, 39.9552203], [119.4458274, 39.9556426], [119.446832, 39.9561362], [119.4586102, 39.9631414], [119.4599098, 39.9637735], [119.4607675, 39.9641192], [119.4619397, 39.9645001], [119.4633089, 39.9648502], [119.4655481, 39.9652936], [119.467586, 39.9656718], [119.4692373, 39.9660211], [119.4715911, 39.9664895], [119.4730983, 39.9667876], [119.4743068, 39.9671255], [119.4754197, 39.9675541], [119.4765012, 39.968026], [119.4786371, 39.9687934], [119.4793929, 39.9689892], [119.4803194, 39.9691142], [119.4819192, 39.9692649], [119.4833317, 39.969269], [119.4845138, 39.9691756], [119.4953664, 39.9678523], [119.4985866, 39.9674527], [119.4996392, 39.9673903], [119.5005093, 39.9673736], [119.5017587, 39.9674275], [119.5029316, 39.9675108], [119.5042402, 39.9677322], [119.5053665, 39.9680366], [119.507587, 39.9687719], [119.512807, 39.9707927], [119.5138646, 39.9712165], [119.5161871, 39.9721394], [119.5180707, 39.9730179], [119.523493, 39.975613], [119.527029, 39.9772437], [119.5288829, 39.9781342]]}}, {"type": "Feature", "properties": {"osmWayId": 916746526, "highway": "trunk", "name": "京抚线", "oneway": "yes", "ref": "G102", "sourceMembership": "g102-tag"}, "geometry": {"type": "LineString", "coordinates": [[119.5287895, 39.9782484], [119.526937, 39.9773585], [119.5233724, 39.9757146], [119.5179784, 39.9731325], [119.5161009, 39.9722569], [119.5137834, 39.971336], [119.5127267, 39.9709126], [119.5075124, 39.968894], [119.5053023, 39.9681622], [119.5041919, 39.967862], [119.5029044, 39.9676441], [119.5017457, 39.9675619], [119.5005065, 39.9675085], [119.4996482, 39.9675249], [119.4986075, 39.9675866], [119.4953942, 39.9679854], [119.4845366, 39.9693092], [119.4833404, 39.9694038], [119.4819081, 39.9693997], [119.4802934, 39.9692475], [119.4793493, 39.9691201], [119.4785714, 39.9689186], [119.4764203, 39.9681457], [119.4753367, 39.9676729], [119.474237, 39.9672495], [119.4730461, 39.9669164], [119.4716567, 39.9666163], [119.4691783, 39.966123], [119.46751, 39.9657858], [119.4654661, 39.9653829], [119.4632238, 39.9649471], [119.461835, 39.9645882], [119.4607214, 39.9642178], [119.4598222, 39.9638619], [119.458522, 39.9632432], [119.4549788, 39.9611556], [119.4467533, 39.9562194], [119.4457984, 39.9557589], [119.4447685, 39.9552983], [119.4437533, 39.9549262], [119.4425583, 39.9546239], [119.4337285, 39.9525596], [119.4306493, 39.9518276], [119.4295335, 39.9516138], [119.4276774, 39.9514], [119.4244683, 39.9513324], [119.4215777, 39.9512469], [119.416557, 39.9510915], [119.4154895, 39.9509559], [119.4149584, 39.9508571], [119.4138048, 39.9504993], [119.4133116, 39.9503102], [119.4126462, 39.9499508], [119.4120133, 39.949533], [119.4110103, 39.9486717], [119.4098514, 39.947522], [119.4093303, 39.9470975], [119.4086659, 39.9466172], [119.4074535, 39.945988]]}}, {"type": "Feature", "properties": {"osmWayId": 933131178, "bridge": "yes", "highway": "trunk", "lanes": "6", "layer": "1", "name": "京抚线", "oneway": "yes", "ref": "G102", "source": "GPS;Yahoo hires", "sourceMembership": "g102-tag"}, "geometry": {"type": "LineString", "coordinates": [[123.7356667, 42.1847683], [123.7353513, 42.1845149]]}}, {"type": "Feature", "properties": {"osmWayId": 933131179, "highway": "trunk", "lanes": "6", "name": "京抚线", "oneway": "yes", "ref": "G102", "source": "GPS;Yahoo hires", "sourceMembership": "g102-tag"}, "geometry": {"type": "LineString", "coordinates": [[123.7434986, 42.1965941], [123.7435184, 42.19552], [123.7435015, 42.1945562], [123.7434115, 42.1939162], [123.7433015, 42.1933662], [123.7429915, 42.1924462], [123.7427315, 42.1918761], [123.7424009, 42.1911994], [123.7418915, 42.1903661], [123.7415496, 42.1899067], [123.7409559, 42.1891879], [123.7401515, 42.188436], [123.7396958, 42.1880117], [123.7356667, 42.1847683]]}}, {"type": "Feature", "properties": {"osmWayId": 933131180, "bridge": "yes", "highway": "trunk", "layer": "1", "name": "京抚线", "oneway": "yes", "ref": "G102", "source": "GPS", "sourceMembership": "g102-tag"}, "geometry": {"type": "LineString", "coordinates": [[123.7354829, 42.184469], [123.7357584, 42.1846883]]}}, {"type": "Feature", "properties": {"osmWayId": 933131181, "highway": "trunk", "name": "京抚线", "oneway": "yes", "ref": "G102", "source": "GPS", "sourceMembership": "g102-tag"}, "geometry": {"type": "LineString", "coordinates": [[123.7357584, 42.1846883], [123.7397516, 42.187879], [123.740337, 42.1884092], [123.7408981, 42.1889393], [123.7413615, 42.1894575], [123.7417356, 42.1899033], [123.7421665, 42.1905117], [123.7424674, 42.1910358], [123.7428007, 42.1916503], [123.7430853, 42.1922407], [123.7433048, 42.1928853], [123.7434756, 42.1935298], [123.7436168, 42.1943469], [123.7436597, 42.194955], [123.7436597, 42.1955186], [123.7436597, 42.1965964]]}}, {"type": "Feature", "properties": {"osmWayId": 952924200, "foot": "yes", "highway": "trunk", "lanes": "2", "name": "京抚线", "oneway": "yes", "ref": "G102", "sourceMembership": "g102-tag"}, "geometry": {"type": "LineString", "coordinates": [[117.2984491, 39.9886586], [117.298359, 39.9886566]]}}, {"type": "Feature", "properties": {"osmWayId": 952924201, "foot": "yes", "highway": "trunk", "lanes": "2", "name": "京抚线", "oneway": "yes", "ref": "G102", "sourceMembership": "g102-tag"}, "geometry": {"type": "LineString", "coordinates": [[117.298359, 39.9886566], [117.2847936, 39.9888448], [117.2812132, 39.988857], [117.2807272, 39.9888604], [117.2797725, 39.9888674], [117.2794302, 39.9888654], [117.2793281, 39.9888658], [117.2789298, 39.9888674]]}}, {"type": "Feature", "properties": {"osmWayId": 952924202, "foot": "yes", "highway": "trunk", "lanes": "2", "name": "京抚线", "oneway": "yes", "ref": "G102", "sourceMembership": "g102-tag"}, "geometry": {"type": "LineString", "coordinates": [[117.2983563, 39.9885843], [117.2984445, 39.9885829]]}}, {"type": "Feature", "properties": {"osmWayId": 952924206, "foot": "yes", "highway": "trunk", "lanes": "2", "name": "京抚线", "oneway": "yes", "ref": "G102", "sourceMembership": "g102-tag"}, "geometry": {"type": "LineString", "coordinates": [[117.2984445, 39.9885829], [117.29914, 39.9885667], [117.3003213, 39.9885625], [117.3019202, 39.9885306], [117.302896, 39.9885112], [117.3048089, 39.9884645], [117.3080514, 39.9884101], [117.30877, 39.9883981], [117.3122484, 39.9883067], [117.3137301, 39.9882102], [117.3173617, 39.9880016], [117.3209838, 39.9877659], [117.3240748, 39.9875739], [117.3292746, 39.9872461], [117.3335903, 39.9869518], [117.3341258, 39.9869153], [117.3369868, 39.9866896], [117.3429383, 39.9862056], [117.3476251, 39.985801], [117.3476571, 39.9857975]]}}, {"type": "Feature", "properties": {"osmWayId": 956172024, "highway": "secondary", "name": "京抚线", "ref": "G102", "source": "GPS", "sourceMembership": "g102-tag"}, "geometry": {"type": "LineString", "coordinates": [[128.7008615, 46.0113032], [128.7014836, 46.0111826], [128.7030529, 46.0108964], [128.703826, 46.0107195], [128.7044827, 46.0105412], [128.7052481, 46.0102578], [128.705808, 46.0100468], [128.7065754, 46.009685], [128.7067548, 46.0096004], [128.7072256, 46.0093636], [128.7078989, 46.0089568], [128.7095165, 46.0079365], [128.7102106, 46.0074939]]}}, {"type": "Feature", "properties": {"osmWayId": 956172025, "highway": "tertiary", "name": "京抚线", "ref": "G102", "source": "landsat", "sourceMembership": "g102-tag"}, "geometry": {"type": "LineString", "coordinates": [[128.7796435, 45.9933086], [128.7799705, 45.993516], [128.7851791, 45.9970519], [128.7859989, 45.9975659], [128.78682, 45.9979822], [128.7877132, 45.9983116], [128.7885805, 45.9984788], [128.789724, 45.9986095], [128.7905443, 45.9986221], [128.7914033, 45.9985814], [128.7925021, 45.9984854], [128.7930475, 45.9984734], [128.7935412, 45.9985641], [128.7939795, 45.9987557], [128.7944797, 45.9990978], [128.7986947, 46.0036664], [128.7991469, 46.0041106], [128.7995915, 46.0044145], [128.8000381, 46.0046323], [128.8037891, 46.0061942], [128.8083462, 46.0080994], [128.8086826, 46.0082098], [128.8094254, 46.0084227], [128.8103339, 46.0086765]]}}, {"type": "Feature", "properties": {"osmWayId": 957439007, "bridge": "yes", "highway": "trunk", "lanes": "4", "layer": "2", "name": "阳明滩大桥", "oneway": "yes", "ref": "G102", "surface": "asphalt", "sourceMembership": "g102-tag"}, "geometry": {"type": "LineString", "coordinates": [[126.5151543, 45.7996463], [126.5146293, 45.8004664]]}}, {"type": "Feature", "properties": {"osmWayId": 957439008, "bridge": "yes", "highway": "trunk", "lanes": "4", "layer": "2", "name": "阳明滩大桥", "oneway": "yes", "ref": "G102", "surface": "asphalt", "sourceMembership": "g102-tag"}, "geometry": {"type": "LineString", "coordinates": [[126.5144242, 45.8004098], [126.5149524, 45.7995814]]}}, {"type": "Feature", "properties": {"osmWayId": 976823025, "highway": "trunk", "lanes": "3", "name": "祥安北大街", "oneway": "yes", "ref": "G102", "sourceMembership": "g102-tag"}, "geometry": {"type": "LineString", "coordinates": [[126.5100289, 45.8127672], [126.5100154, 45.8125827], [126.5100057, 45.8124502]]}}, {"type": "Feature", "properties": {"osmWayId": 976823026, "highway": "trunk", "lanes": "3", "name": "祥安北大街", "oneway": "yes", "ref": "G102", "sourceMembership": "g102-tag"}, "geometry": {"type": "LineString", "coordinates": [[126.5102619, 45.8125838], [126.5102667, 45.8127678], [126.5102705, 45.812914]]}}, {"type": "Feature", "properties": {"osmWayId": 977168004, "highway": "trunk", "lanes": "2", "name": "京抚线", "ref": "G102;S261", "source": "bing", "surface": "asphalt", "sourceMembership": "g102-tag"}, "geometry": {"type": "LineString", "coordinates": [[119.2115978, 39.9371238], [119.2116397, 39.9369921], [119.2133713, 39.9315485], [119.2157443, 39.9244207], [119.216587, 39.9218159]]}}, {"type": "Feature", "properties": {"osmWayId": 977168006, "highway": "trunk", "name": "京抚线", "oneway": "yes", "ref": "G102", "sourceMembership": "g102-tag"}, "geometry": {"type": "LineString", "coordinates": [[119.2876628, 39.9434498], [119.2872119, 39.9432411], [119.2855555, 39.942406], [119.2847864, 39.9420645], [119.2840939, 39.9418338], [119.2833823, 39.9416664], [119.2826236, 39.9415539], [119.2818562, 39.9415088], [119.2810218, 39.9415234], [119.2775048, 39.9417514], [119.2764321, 39.9417931], [119.2755234, 39.9417542], [119.2746999, 39.9416352], [119.2734619, 39.9413088], [119.2695397, 39.9398311], [119.2671175, 39.938912], [119.2645193, 39.9381402], [119.2630525, 39.9377719], [119.2613043, 39.937393], [119.2591048, 39.9370198], [119.2575281, 39.9367247], [119.253536, 39.936114], [119.2527381, 39.9360145], [119.2524212, 39.9359978], [119.2512088, 39.9359391], [119.2471208, 39.9360209], [119.2431087, 39.9359324], [119.2382704, 39.9356886], [119.2324029, 39.9353822], [119.2311198, 39.9354225], [119.2293093, 39.9356115], [119.228348, 39.9358464], [119.2253121, 39.9367647], [119.2243757, 39.9370046], [119.2236897, 39.937159], [119.2229594, 39.9372593], [119.2223932, 39.937321], [119.2219014, 39.9373401], [119.2210986, 39.9373402], [119.2168495, 39.9372301], [119.2115978, 39.9371238]]}}, {"type": "Feature", "properties": {"osmWayId": 977168007, "highway": "trunk", "name": "京抚线", "oneway": "yes", "ref": "G102", "sourceMembership": "g102-tag"}, "geometry": {"type": "LineString", "coordinates": [[119.2116397, 39.9369921], [119.2168794, 39.9371127], [119.2210985, 39.9372444], [119.2218975, 39.9372521], [119.2223626, 39.9372307], [119.2229784, 39.937171], [119.2236815, 39.9370626], [119.2243754, 39.9369231], [119.2252952, 39.9366707], [119.2283237, 39.9357531], [119.2292732, 39.9355334], [119.2311037, 39.9353296], [119.2323375, 39.9352893], [119.238291, 39.9355978], [119.243124, 39.9358447], [119.2471263, 39.9359363], [119.2512252, 39.9358451], [119.2521739, 39.9358736], [119.2527319, 39.9359155], [119.2535472, 39.9360253], [119.2575717, 39.9366178], [119.2593874, 39.9369489], [119.2613416, 39.9373084], [119.2630831, 39.9376864], [119.2645523, 39.938057], [119.2671715, 39.9388301], [119.2695197, 39.9397041], [119.2735002, 39.9412214], [119.2747285, 39.9415381], [119.2755353, 39.9416538], [119.2764396, 39.9416989], [119.2775053, 39.9416631], [119.2810297, 39.9414291], [119.281865, 39.9414169], [119.2826609, 39.9414648], [119.2834155, 39.9415771], [119.2841502, 39.9417509], [119.2848299, 39.9419769], [119.2856413, 39.9423366], [119.2872772, 39.9431773], [119.2877555, 39.9433817]]}}, {"type": "Feature", "properties": {"osmWayId": 977534210, "bridge": "yes", "highway": "trunk", "lanes": "2", "layer": "1", "name": "北邱河桥", "oneway": "yes", "ref": "G102", "sourceMembership": "g102-tag"}, "geometry": {"type": "LineString", "coordinates": [[119.8326993, 40.0469992], [119.8311386, 40.0468645]]}}, {"type": "Feature", "properties": {"osmWayId": 977534211, "highway": "trunk", "lanes": "2", "name": "关城北路", "oneway": "yes", "ref": "G102;G205", "sourceMembership": "g102-tag"}, "geometry": {"type": "LineString", "coordinates": [[119.8089105, 40.0374762], [119.8069187, 40.0368553], [119.8043914, 40.0362822], [119.7961804, 40.0341504], [119.7910866, 40.0328325], [119.7884321, 40.0320485], [119.7805138, 40.0295567]]}}, {"type": "Feature", "properties": {"osmWayId": 977534212, "bridge": "yes", "highway": "trunk", "lanes": "2", "layer": "1", "name": "北邱河桥", "oneway": "yes", "ref": "G102", "sourceMembership": "g102-tag"}, "geometry": {"type": "LineString", "coordinates": [[119.831148, 40.0467477], [119.8327221, 40.0469038]]}}, {"type": "Feature", "properties": {"osmWayId": 977534213, "highway": "trunk", "lanes": "2", "name": "关城北路", "oneway": "yes", "ref": "G102", "sourceMembership": "g102-tag"}, "geometry": {"type": "LineString", "coordinates": [[119.8327221, 40.0469038], [119.8333733, 40.0469795], [119.8335356, 40.0470502]]}}, {"type": "Feature", "properties": {"osmWayId": 977785691, "highway": "trunk", "name": "京抚线", "oneway": "yes", "ref": "G102", "sourceMembership": "g102-tag"}, "geometry": {"type": "LineString", "coordinates": [[119.6963262, 40.0194077], [119.6991556, 40.021545], [119.7005313, 40.0222893], [119.7022064, 40.0229595], [119.7029943, 40.0232248], [119.7038475, 40.0234334], [119.7246011, 40.0283507], [119.7250475, 40.0284433], [119.7292234, 40.0293103], [119.733376, 40.0297451]]}}, {"type": "Feature", "properties": {"osmWayId": 977785694, "highway": "trunk", "name": "京抚线", "oneway": "yes", "ref": "G102", "sourceMembership": "g102-tag"}, "geometry": {"type": "LineString", "coordinates": [[119.7333191, 40.0300647], [119.7292989, 40.0295055], [119.7250763, 40.0285811], [119.7250009, 40.0285634], [119.7192346, 40.0272099], [119.7038033, 40.0235876], [119.7029312, 40.0233764], [119.7021417, 40.0231305], [119.7004346, 40.0224502], [119.699055, 40.0217031], [119.696281, 40.0195301]]}}, {"type": "Feature", "properties": {"osmWayId": 978560444, "highway": "trunk", "lanes": "2", "name": "京抚线", "oneway": "yes", "ref": "G102", "source": "bing", "surface": "asphalt", "sourceMembership": "g102-tag"}, "geometry": {"type": "LineString", "coordinates": [[122.057978, 41.2881416], [122.0582574, 41.2883474], [122.0584905, 41.2885], [122.0587608, 41.2886592], [122.0590098, 41.2887844], [122.0593752, 41.2889645], [122.0596652, 41.2890863], [122.0599643, 41.2891972], [122.0605212, 41.2893778], [122.0643104, 41.2904861], [122.0670056, 41.2912843], [122.0671975, 41.2913472], [122.0674445, 41.2914374], [122.0676542, 41.2915244], [122.0679097, 41.2916499], [122.0681691, 41.2918018], [122.0683288, 41.2919091], [122.0684559, 41.2920047], [122.0686067, 41.2921343], [122.0687524, 41.2922731], [122.0688845, 41.2924207], [122.0689997, 41.292566], [122.0690997, 41.2927244], [122.0692118, 41.2929417], [122.0692692, 41.2931275], [122.0693132, 41.2932794], [122.0695315, 41.2941848], [122.0696251, 41.294643], [122.0697466, 41.2951762], [122.069863, 41.2957159], [122.0699384, 41.2960653], [122.0699752, 41.2962354], [122.0699918, 41.2963134], [122.0700639, 41.2966542], [122.070066, 41.296675]]}}, {"type": "Feature", "properties": {"osmWayId": 983611772, "highway": "trunk", "lanes": "2", "name": "关城北路", "oneway": "yes", "ref": "G102;G205", "sourceMembership": "g102-tag"}, "geometry": {"type": "LineString", "coordinates": [[119.7797387, 40.0293093], [119.7790118, 40.0290636], [119.7776764, 40.0286282], [119.7770505, 40.0283982], [119.7765532, 40.0281892], [119.7758377, 40.0278781], [119.7746471, 40.027302], [119.7738507, 40.0269589], [119.7730937, 40.0266992], [119.772316, 40.0265065], [119.7715764, 40.0264018], [119.7709498, 40.0263713], [119.7700922, 40.0263544], [119.7693926, 40.026441], [119.7681286, 40.0267112]]}}, {"type": "Feature", "properties": {"osmWayId": 983611773, "highway": "trunk", "lanes": "2", "name": "关城北路", "oneway": "yes", "ref": "G102;G205", "sourceMembership": "g102-tag"}, "geometry": {"type": "LineString", "coordinates": [[119.7680611, 40.0266188], [119.7689227, 40.0264018], [119.7693059, 40.0263297], [119.7696979, 40.0262763], [119.7701017, 40.0262409], [119.7709253, 40.0262616], [119.7715874, 40.0262956], [119.7723575, 40.0263977], [119.7731634, 40.0265964], [119.773938, 40.0268568], [119.7747071, 40.0271929], [119.7759016, 40.0277571], [119.7770685, 40.0282538], [119.7797848, 40.0292086]]}}, {"type": "Feature", "properties": {"osmWayId": 983611774, "highway": "trunk", "lanes": "2", "name": "关城北路", "oneway": "yes", "ref": "G102", "sourceMembership": "g102-tag"}, "geometry": {"type": "LineString", "coordinates": [[119.8311386, 40.0468645], [119.8293422, 40.0467154], [119.8282822, 40.0466053], [119.8276339, 40.0464829], [119.8272752, 40.0463613], [119.8269202, 40.0462189], [119.8216437, 40.0435823], [119.8191919, 40.0423572]]}}, {"type": "Feature", "properties": {"osmWayId": 983611775, "highway": "trunk", "lanes": "2", "name": "关城北路", "oneway": "yes", "ref": "G102", "sourceMembership": "g102-tag"}, "geometry": {"type": "LineString", "coordinates": [[119.8192603, 40.0422719], [119.8193558, 40.0423197], [119.8245668, 40.0449271], [119.8269795, 40.0461344], [119.8273339, 40.0462664], [119.827682, 40.0463864], [119.8283004, 40.0465042], [119.8293663, 40.046611], [119.831148, 40.0467477]]}}, {"type": "Feature", "properties": {"osmWayId": 996233710, "bridge": "yes", "highway": "trunk", "layer": "1", "name": "京抚线", "oneway": "yes", "ref": "G102", "sourceMembership": "g102-tag"}, "geometry": {"type": "LineString", "coordinates": [[118.6032803, 39.8652686], [118.6029186, 39.8652545], [118.6010415, 39.8651935]]}}, {"type": "Feature", "properties": {"osmWayId": 996233711, "highway": "trunk", "name": "京抚线", "oneway": "yes", "ref": "G102", "source": "bing", "sourceMembership": "g102-tag"}, "geometry": {"type": "LineString", "coordinates": [[118.6001025, 39.8650197], [118.6010463, 39.8650783]]}}, {"type": "Feature", "properties": {"osmWayId": 996233712, "highway": "trunk", "name": "京抚线", "oneway": "yes", "ref": "G102", "source": "bing", "sourceMembership": "g102-tag"}, "geometry": {"type": "LineString", "coordinates": [[118.6010415, 39.8651935], [118.6004081, 39.8651505], [118.6001025, 39.8650197]]}}, {"type": "Feature", "properties": {"osmWayId": 996233713, "highway": "trunk", "name": "京抚线", "oneway": "yes", "ref": "G102", "source": "bing", "sourceMembership": "g102-tag"}, "geometry": {"type": "LineString", "coordinates": [[118.6052237, 39.8652345], [118.604062, 39.8653078], [118.6032803, 39.8652686]]}}, {"type": "Feature", "properties": {"osmWayId": 996233714, "highway": "trunk", "name": "京抚线", "oneway": "yes", "ref": "G102", "source": "bing", "sourceMembership": "g102-tag"}, "geometry": {"type": "LineString", "coordinates": [[118.603285, 39.8651535], [118.6052237, 39.8652345]]}}, {"type": "Feature", "properties": {"osmWayId": 997516438, "highway": "trunk", "name": "岭东街", "oneway": "yes", "ref": "G102", "source": "GPS", "sourceMembership": "g102-tag"}, "geometry": {"type": "LineString", "coordinates": [[123.8765728, 42.3077942], [123.876568, 42.3078418], [123.8765253, 42.3082659], [123.8764643, 42.3088683], [123.8763848, 42.3093242], [123.8763057, 42.3096534], [123.8761678, 42.3098962]]}}, {"type": "Feature", "properties": {"osmWayId": 997516439, "highway": "trunk", "name": "岭东街", "oneway": "yes", "ref": "G102", "source": "GPS", "sourceMembership": "g102-tag"}, "geometry": {"type": "LineString", "coordinates": [[123.8761678, 42.3098962], [123.8762339, 42.3096484], [123.8763361, 42.3091472], [123.8763717, 42.3088702], [123.8764331, 42.3082583], [123.8764859, 42.3077473], [123.8764913, 42.3076956]]}}, {"type": "Feature", "properties": {"osmWayId": 997516441, "bridge": "yes", "highway": "trunk", "layer": "1", "name": "岭东街", "oneway": "yes", "ref": "G102", "source": "GPS", "sourceMembership": "g102-tag"}, "geometry": {"type": "LineString", "coordinates": [[123.8765853, 42.3076768], [123.8765728, 42.3077942]]}}, {"type": "Feature", "properties": {"osmWayId": 997519469, "highway": "trunk", "lanes": "2", "name": "京抚线", "old_ref": "G102", "oneway": "yes", "ref": "G505", "source": "Bing", "sourceMembership": "g102-tag"}, "geometry": {"type": "LineString", "coordinates": [[124.0416264, 42.5214526], [124.0415937, 42.5214927], [124.0414543, 42.5216742], [124.0413045, 42.5219204], [124.0411717, 42.5221704], [124.041082, 42.5224369], [124.0409974, 42.5230914], [124.0408437, 42.5253474], [124.0408492, 42.5256839], [124.0408512, 42.5258056], [124.0410142, 42.5263286], [124.0412819, 42.5267674], [124.0417073, 42.5272925], [124.0429513, 42.5283299], [124.0457173, 42.5306989], [124.0457689, 42.5307417], [124.0461045, 42.5309895], [124.0468894, 42.5315473], [124.0484201, 42.5324336], [124.0493543, 42.5329745], [124.0504572, 42.5336131], [124.050991, 42.5340472], [124.0512479, 42.534429], [124.0514293, 42.5348314], [124.0514636, 42.5352366], [124.0513721, 42.5366801], [124.0512119, 42.5392712], [124.0511979, 42.5394135], [124.050474, 42.5453841], [124.0504642, 42.545498], [124.0503457, 42.5463533], [124.0502157, 42.5467334], [124.0500957, 42.5469134], [124.0485957, 42.5487434], [124.0484957, 42.5490734], [124.0485757, 42.5494135]]}}, {"type": "Feature", "properties": {"osmWayId": 997605211, "bridge": "yes", "highway": "trunk", "layer": "1", "name": "京抚线", "oneway": "yes", "ref": "G102", "source": "bing", "sourceMembership": "g102-tag"}, "geometry": {"type": "LineString", "coordinates": [[125.6985968, 44.4547863], [125.6989162, 44.4558821]]}}, {"type": "Feature", "properties": {"osmWayId": 997605600, "highway": "trunk", "name": "京抚线", "note": "trunk route superceded by Expressway G1", "ref": "G102", "sourceMembership": "g102-tag"}, "geometry": {"type": "LineString", "coordinates": [[125.741408, 44.5179494], [125.7419878, 44.5182003], [125.7442868, 44.5191951], [125.7477464, 44.5206997]]}}, {"type": "Feature", "properties": {"osmWayId": 997605601, "highway": "trunk", "name": "京抚线", "note": "trunk route superceded by Expressway G1", "oneway": "yes", "ref": "G102", "sourceMembership": "g102-tag"}, "geometry": {"type": "LineString", "coordinates": [[125.6989162, 44.4558821], [125.702018, 44.4662696], [125.7051869, 44.4769172], [125.7084642, 44.4879249], [125.7092971, 44.4901838], [125.7099884, 44.4917956], [125.7106538, 44.4931489], [125.7121143, 44.4957025], [125.7128553, 44.4968836], [125.7137951, 44.4982177], [125.7156367, 44.5006082], [125.7161814, 44.5013151], [125.7187717, 44.5039748], [125.7210583, 44.506046], [125.7215396, 44.5064477], [125.7228579, 44.507548], [125.7242654, 44.5086393], [125.7251994, 44.5092976], [125.7261775, 44.5099763], [125.7290745, 44.5118018], [125.7292648, 44.5119131], [125.7316107, 44.5132185], [125.7319669, 44.5134086], [125.7329222, 44.5139185], [125.73429, 44.5145981], [125.7346979, 44.514792], [125.7350255, 44.514948], [125.7392083, 44.5168883], [125.7393202, 44.5169389], [125.7409084, 44.5176572], [125.741408, 44.5179494]]}}, {"type": "Feature", "properties": {"osmWayId": 1008863292, "bridge": "yes", "highway": "trunk", "layer": "1", "name": "博士营中桥", "oneway": "yes", "ref": "G102", "sourceMembership": "g102-tag"}, "geometry": {"type": "LineString", "coordinates": [[119.2882831, 39.9436897], [119.2876628, 39.9434498]]}}, {"type": "Feature", "properties": {"osmWayId": 1008863294, "bridge": "yes", "highway": "trunk", "layer": "1", "name": "博士营中桥", "oneway": "yes", "ref": "G102", "sourceMembership": "g102-tag"}, "geometry": {"type": "LineString", "coordinates": [[119.2877555, 39.9433817], [119.2884301, 39.9436296]]}}, {"type": "Feature", "properties": {"osmWayId": 1008863295, "highway": "trunk", "name": "京抚线", "oneway": "yes", "ref": "G102", "sourceMembership": "g102-tag"}, "geometry": {"type": "LineString", "coordinates": [[119.2884301, 39.9436296], [119.2890264, 39.9437965], [119.289596, 39.9439229], [119.2903266, 39.944041], [119.2912705, 39.9441087], [119.2946305, 39.944144]]}}, {"type": "Feature", "properties": {"osmWayId": 1008863296, "bridge": "yes", "highway": "trunk", "layer": "1", "name": "京抚线", "oneway": "yes", "ref": "G102", "sourceMembership": "g102-tag"}, "geometry": {"type": "LineString", "coordinates": [[119.2946305, 39.944144], [119.2948315, 39.9441431]]}}, {"type": "Feature", "properties": {"osmWayId": 1008863297, "highway": "trunk", "name": "京抚线", "oneway": "yes", "ref": "G102", "sourceMembership": "g102-tag"}, "geometry": {"type": "LineString", "coordinates": [[119.2946713, 39.9442616], [119.2912863, 39.9442062], [119.2903025, 39.9441334], [119.2895637, 39.9440116], [119.2889705, 39.9438884], [119.2882831, 39.9436897]]}}, {"type": "Feature", "properties": {"osmWayId": 1008863298, "bridge": "yes", "highway": "trunk", "layer": "1", "name": "京抚线", "oneway": "yes", "ref": "G102", "sourceMembership": "g102-tag"}, "geometry": {"type": "LineString", "coordinates": [[119.294867, 39.9442614], [119.2946713, 39.9442616]]}}, {"type": "Feature", "properties": {"osmWayId": 1028621053, "highway": "trunk", "lanes": "2", "name": "胜利西路", "oneway": "yes", "ref": "G102;S307", "surface": "asphalt", "sourceMembership": "g102-tag"}, "geometry": {"type": "LineString", "coordinates": [[122.3857257, 41.4063205], [122.3858268, 41.4062876], [122.3861474, 41.4061701], [122.387999, 41.4054624], [122.3895064, 41.4048524], [122.3895228, 41.4048457], [122.3930352, 41.4034383], [122.3950252, 41.4026482], [122.3960022, 41.4022613], [122.3963649, 41.4021062], [122.3968318, 41.4018864], [122.3969686, 41.4018121], [122.3971339, 41.4017027], [122.3971464, 41.4016944]]}}, {"type": "Feature", "properties": {"osmWayId": 1028621054, "highway": "trunk", "name": "外环路", "oneway": "yes", "ref": "G102", "sourceMembership": "g102-tag"}, "geometry": {"type": "LineString", "coordinates": [[122.4148361, 41.3991541], [122.4153055, 41.398975], [122.4155843, 41.3988906], [122.4158085, 41.3988272], [122.4161401, 41.3987407], [122.4164804, 41.3986748], [122.4168967, 41.3986054], [122.4172713, 41.3985603], [122.4202357, 41.3983165], [122.4247486, 41.3979695], [122.425748, 41.3978695], [122.4259023, 41.3978541], [122.4274214, 41.3977463], [122.4277387, 41.3977274], [122.4281131, 41.3976996], [122.431409, 41.3974547], [122.4392866, 41.3968284]]}}, {"type": "Feature", "properties": {"osmWayId": 1028621062, "highway": "trunk", "name": "京抚线", "ref": "G102", "sourceMembership": "g102-tag"}, "geometry": {"type": "LineString", "coordinates": [[122.6962456, 41.4535341], [122.6968888, 41.4535369], [122.6974914, 41.4536424], [122.6980436, 41.4537993], [122.6985019, 41.4539967], [122.6989133, 41.454305], [122.6991644, 41.4545398]]}}, {"type": "Feature", "properties": {"osmWayId": 1028621065, "highway": "trunk", "name": "京抚线", "ref": "G102;S102;S107", "source": "Yahoo hires", "sourceMembership": "g102-tag"}, "geometry": {"type": "LineString", "coordinates": [[122.7135875, 41.4757243], [122.7134874, 41.475627], [122.7132537, 41.4753498], [122.7093285, 41.4704636], [122.7031498, 41.4630753], [122.7025587, 41.4620083], [122.6991644, 41.4545398], [122.6985076, 41.4530099]]}}, {"type": "Feature", "properties": {"osmWayId": 1028621066, "bridge": "yes", "highway": "trunk", "layer": "1", "name": "沈辽路", "oneway": "yes", "ref": "S102;G102", "sourceMembership": "g102-tag"}, "geometry": {"type": "LineString", "coordinates": [[123.2300428, 41.73504], [123.2296725, 41.7344702]]}}, {"type": "Feature", "properties": {"osmWayId": 1029177040, "highway": "trunk", "name": "京抚公路", "oneway": "yes", "ref": "G102", "sourceMembership": "g102-tag"}, "geometry": {"type": "LineString", "coordinates": [[129.9277017, 46.7644582], [129.9282701, 46.7647848], [129.9287646, 46.7651706], [129.9292683, 46.7656954], [129.9295128, 46.7660014], [129.9297326, 46.7664003], [129.930026, 46.7672027], [129.930284, 46.7678981], [129.9307244, 46.7688167], [129.9313574, 46.7698686], [129.9322935, 46.7714846], [129.9342404, 46.7748444], [129.9420963, 46.7881225], [129.9446925, 46.7923008], [129.944992, 46.7931712]]}}, {"type": "Feature", "properties": {"osmWayId": 1029177041, "bridge": "yes", "highway": "trunk", "layer": "1", "name": "京抚公路", "oneway": "yes", "ref": "G102", "sourceMembership": "g102-tag"}, "geometry": {"type": "LineString", "coordinates": [[129.9249613, 46.7629182], [129.9254982, 46.7633427], [129.9277017, 46.7644582]]}}, {"type": "Feature", "properties": {"osmWayId": 1029177047, "highway": "trunk", "name": "揽军路辅路", "oneway": "yes", "ref": "G102;G230", "sourceMembership": "g102-tag"}, "geometry": {"type": "LineString", "coordinates": [[123.3202396, 41.7754975], [123.3202333, 41.7753496]]}}, {"type": "Feature", "properties": {"osmWayId": 1034748208, "bridge": "yes", "highway": "trunk", "layer": "1", "name": "京抚线", "oneway": "yes", "ref": "G102", "sourceMembership": "g102-tag"}, "geometry": {"type": "LineString", "coordinates": [[119.6514188, 40.012973], [119.651812, 40.0131496], [119.6522367, 40.0133079], [119.6552025, 40.0142394]]}}, {"type": "Feature", "properties": {"osmWayId": 1034748209, "bridge": "yes", "highway": "trunk", "layer": "1", "name": "京抚线", "oneway": "yes", "ref": "G102", "sourceMembership": "g102-tag"}, "geometry": {"type": "LineString", "coordinates": [[119.6551594, 40.0143551], [119.6521915, 40.0134302], [119.6517668, 40.0132719], [119.65137, 40.0130858]]}}, {"type": "Feature", "properties": {"osmWayId": 1034748210, "highway": "trunk", "name": "京抚线", "oneway": "yes", "ref": "G102", "sourceMembership": "g102-tag"}, "geometry": {"type": "LineString", "coordinates": [[119.6384013, 40.0068983], [119.6388361, 40.0068737], [119.6392552, 40.0068875], [119.6395695, 40.0069212], [119.6398983, 40.0069602], [119.6401887, 40.0070155], [119.6404947, 40.0070773], [119.6407768, 40.0071529], [119.6410583, 40.0072286], [119.6413146, 40.0073], [119.6415776, 40.0073918], [119.6418039, 40.0074742], [119.6420203, 40.0075755], [119.6422234, 40.0076826], [119.6424298, 40.0077897], [119.6433934, 40.0083221], [119.6450117, 40.0092472], [119.6481863, 40.0113037], [119.6500662, 40.012338], [119.6505822, 40.0125873], [119.6510165, 40.0127931], [119.6513594, 40.0129443], [119.6514188, 40.012973]]}}, {"type": "Feature", "properties": {"osmWayId": 1034748211, "highway": "trunk", "name": "京抚线", "oneway": "yes", "ref": "G102", "sourceMembership": "g102-tag"}, "geometry": {"type": "LineString", "coordinates": [[119.65137, 40.0130858], [119.6511065, 40.0129751], [119.6509713, 40.0129154], [119.650537, 40.0127097], [119.650021, 40.0124603], [119.6481411, 40.011426], [119.6449665, 40.0093695], [119.6432937, 40.0084108], [119.6423846, 40.007912], [119.6421782, 40.0078049], [119.6419751, 40.0076978], [119.6417587, 40.0075965], [119.6415324, 40.0075141], [119.6412694, 40.0074223], [119.6410131, 40.0073509], [119.6407316, 40.0072752], [119.6404495, 40.0071996], [119.6401435, 40.0071378], [119.639853, 40.0070824], [119.6395243, 40.0070435], [119.63921, 40.0070098], [119.6387909, 40.006996], [119.6384127, 40.0070208]]}}, {"type": "Feature", "properties": {"osmWayId": 1036015717, "highway": "trunk", "name": "京抚线", "oneway": "yes", "ref": "G102", "sourceMembership": "g102-tag"}, "geometry": {"type": "LineString", "coordinates": [[119.7554583, 40.03201], [119.7488867, 40.0313221], [119.7471666, 40.0311421], [119.7429497, 40.0308346]]}}, {"type": "Feature", "properties": {"osmWayId": 1036015718, "highway": "trunk", "name": "京抚线", "oneway": "yes", "ref": "G102", "sourceMembership": "g102-tag"}, "geometry": {"type": "LineString", "coordinates": [[119.7428328, 40.0305222], [119.7472215, 40.0309633], [119.754415, 40.0317315], [119.7554531, 40.0318755]]}}, {"type": "Feature", "properties": {"osmWayId": 1036015719, "highway": "trunk", "layer": "-1", "name": "京抚线", "oneway": "yes", "ref": "G102", "tunnel": "yes", "sourceMembership": "g102-tag"}, "geometry": {"type": "LineString", "coordinates": [[119.7429497, 40.0308346], [119.7333191, 40.0300647]]}}, {"type": "Feature", "properties": {"osmWayId": 1036015720, "highway": "trunk", "layer": "-1", "name": "京抚线", "oneway": "yes", "ref": "G102", "tunnel": "yes", "sourceMembership": "g102-tag"}, "geometry": {"type": "LineString", "coordinates": [[119.733376, 40.0297451], [119.7428328, 40.0305222]]}}, {"type": "Feature", "properties": {"osmWayId": 1036015804, "highway": "trunk", "name": "京抚线", "oneway": "yes", "ref": "G102", "sourceMembership": "g102-tag"}, "geometry": {"type": "LineString", "coordinates": [[119.6881299, 40.0169016], [119.6857419, 40.0165559], [119.6820501, 40.0160214], [119.6813183, 40.0159314], [119.6806968, 40.0158736], [119.6800432, 40.0158244], [119.6793168, 40.0158027], [119.6786395, 40.0158001], [119.677962, 40.0158575], [119.6772993, 40.0159422], [119.676619, 40.0160531], [119.6759501, 40.0162012], [119.6752524, 40.0163823], [119.6699198, 40.0178297], [119.6694844, 40.0179254], [119.6690639, 40.0180284], [119.6686041, 40.0181338], [119.6681683, 40.0182206], [119.6677526, 40.0182818], [119.667365, 40.0183289], [119.6669347, 40.0183548], [119.6664553, 40.0183721], [119.665978, 40.0183591], [119.665563, 40.0183234], [119.665212, 40.0182649], [119.664827, 40.0181944], [119.6644427, 40.0181188], [119.6640334, 40.0180179], [119.6636636, 40.0179065], [119.6580588, 40.0155903], [119.6569748, 40.0151253], [119.6568724, 40.0150843], [119.6551594, 40.0143551]]}}, {"type": "Feature", "properties": {"osmWayId": 1036015805, "highway": "trunk", "name": "京抚线", "oneway": "yes", "ref": "G102", "sourceMembership": "g102-tag"}, "geometry": {"type": "LineString", "coordinates": [[119.6552025, 40.0142394], [119.6569732, 40.0149835], [119.6570739, 40.0150277], [119.658104, 40.0154679], [119.6637088, 40.0177842], [119.6640786, 40.0178956], [119.6644879, 40.0179964], [119.6648722, 40.0180721], [119.6652572, 40.0181425], [119.6656082, 40.018201], [119.6660232, 40.0182367], [119.6665005, 40.0182497], [119.6669799, 40.0182325], [119.6674102, 40.0182065], [119.6677978, 40.0181594], [119.6682136, 40.0180982], [119.6686493, 40.0180114], [119.6691091, 40.0179061], [119.6695296, 40.017803], [119.669965, 40.0177073], [119.6752976, 40.0162599], [119.6759953, 40.0160788], [119.6766642, 40.0159307], [119.6773445, 40.0158199], [119.6780072, 40.0157352], [119.6786847, 40.0156778], [119.679362, 40.0156803], [119.6800884, 40.0157021], [119.680742, 40.0157512], [119.6813636, 40.015809], [119.6820953, 40.0158991], [119.6857234, 40.0164172], [119.6881613, 40.0167653]]}}, {"type": "Feature", "properties": {"osmWayId": 1036015806, "bridge": "yes", "highway": "trunk", "layer": "1", "name": "京抚线", "oneway": "yes", "ref": "G102", "sourceMembership": "g102-tag"}, "geometry": {"type": "LineString", "coordinates": [[119.696281, 40.0195301], [119.6948502, 40.0186363], [119.6927311, 40.0177616], [119.6913443, 40.0173525], [119.6881299, 40.0169016]]}}, {"type": "Feature", "properties": {"osmWayId": 1036015807, "bridge": "yes", "highway": "trunk", "layer": "1", "name": "京抚线", "oneway": "yes", "ref": "G102", "sourceMembership": "g102-tag"}, "geometry": {"type": "LineString", "coordinates": [[119.6881613, 40.0167653], [119.6913895, 40.0172301], [119.6927763, 40.0176393], [119.6948954, 40.0185139], [119.6963262, 40.0194077]]}}, {"type": "Feature", "properties": {"osmWayId": 1039471259, "highway": "trunk", "lanes": "2", "name": "京抚线", "oneway": "yes", "ref": "G102", "sourceMembership": "g102-tag"}, "geometry": {"type": "LineString", "coordinates": [[118.1932355, 39.8685491], [118.1909499, 39.8688979], [118.1898898, 39.8690622], [118.1887164, 39.8691668], [118.1869112, 39.8692996], [118.1855992, 39.8693302], [118.1820674, 39.8693077], [118.172833, 39.869273], [118.1682523, 39.8692701], [118.1659611, 39.8692752], [118.1629546, 39.8692631], [118.1628667, 39.8692627], [118.1589779, 39.8692471], [118.1561725, 39.8692266], [118.1557692, 39.8692236], [118.1551564, 39.8692017], [118.154327, 39.8691276], [118.1535911, 39.8690391], [118.1526403, 39.8688986], [118.1518015, 39.8687509], [118.1498081, 39.8683841], [118.1491816, 39.8682688]]}}, {"type": "Feature", "properties": {"osmWayId": 1039471260, "bridge": "yes", "highway": "trunk", "lanes": "2", "layer": "1", "name": "京抚线", "oneway": "yes", "ref": "G102", "sourceMembership": "g102-tag"}, "geometry": {"type": "LineString", "coordinates": [[118.1491816, 39.8682688], [118.1477833, 39.8680046]]}}, {"type": "Feature", "properties": {"osmWayId": 1039471261, "highway": "trunk", "lanes": "2", "name": "京抚线", "oneway": "yes", "ref": "G102", "sourceMembership": "g102-tag"}, "geometry": {"type": "LineString", "coordinates": [[118.1492044, 39.8681689], [118.1497827, 39.868273], [118.1505466, 39.8684106], [118.1520972, 39.8687084], [118.1528703, 39.8688428], [118.1537088, 39.8689593], [118.1545613, 39.8690521], [118.1551464, 39.869101], [118.1557596, 39.8691321], [118.1564647, 39.8691432], [118.1574874, 39.869154], [118.1628674, 39.8691723], [118.1630042, 39.8691728], [118.1820723, 39.8692376], [118.1859374, 39.8692455], [118.1868928, 39.8692092], [118.1898721, 39.8689813], [118.1909045, 39.8688199], [118.1931745, 39.8684648]]}}, {"type": "Feature", "properties": {"osmWayId": 1039471262, "bridge": "yes", "highway": "trunk", "lanes": "2", "layer": "1", "name": "京抚线", "oneway": "yes", "ref": "G102", "sourceMembership": "g102-tag"}, "geometry": {"type": "LineString", "coordinates": [[118.1478103, 39.8679148], [118.1492044, 39.8681689]]}}, {"type": "Feature", "properties": {"osmWayId": 1041898157, "highway": "trunk", "name": "京抚线", "oneway": "yes", "ref": "G102", "source": "bing", "sourceMembership": "g102-tag"}, "geometry": {"type": "LineString", "coordinates": [[118.8612101, 39.8921855], [118.8600787, 39.8921804], [118.8593876, 39.8921838]]}}, {"type": "Feature", "properties": {"osmWayId": 1052236564, "bridge": "yes", "highway": "trunk", "lanes": "2", "layer": "1", "name": "京抚线", "oneway": "yes", "ref": "G102", "source": "bing", "surface": "asphalt", "sourceMembership": "g102-tag"}, "geometry": {"type": "LineString", "coordinates": [[122.0100589, 41.2469893], [122.012052, 41.2494948], [122.0123105, 41.2498503], [122.0123957, 41.2499659], [122.0130163, 41.2508843], [122.0149143, 41.2538482]]}}, {"type": "Feature", "properties": {"osmWayId": 1052236565, "highway": "trunk", "lanes": "2", "name": "京抚线", "oneway": "yes", "ref": "G102", "source": "Esri", "surface": "asphalt", "sourceMembership": "g102-tag"}, "geometry": {"type": "LineString", "coordinates": [[122.0033067, 41.2387076], [122.0034079, 41.238783], [122.0035217, 41.2388921], [122.0036209, 41.2389965], [122.0073685, 41.2436538], [122.0089056, 41.2455595], [122.0100589, 41.2469893]]}}, {"type": "Feature", "properties": {"osmWayId": 1052437497, "highway": "trunk", "name": "京抚线;沈盘线", "ref": "G102;S102", "source": "bing", "sourceMembership": "g102-tag"}, "geometry": {"type": "LineString", "coordinates": [[122.6450673, 41.4590842], [122.6451836, 41.4591063], [122.6490581, 41.4598419], [122.6518976, 41.460381], [122.6534941, 41.4606656], [122.6549039, 41.4607316], [122.6625036, 41.4606585]]}}, {"type": "Feature", "properties": {"osmWayId": 1052437498, "bridge": "yes", "highway": "trunk", "layer": "1", "name": "京抚线;沈盘线", "ref": "G102;S102", "source": "bing", "sourceMembership": "g102-tag"}, "geometry": {"type": "LineString", "coordinates": [[122.6057198, 41.4518936], [122.6450673, 41.4590842]]}}, {"type": "Feature", "properties": {"osmWayId": 1053033204, "highway": "trunk", "lanes": "4", "name": "京抚线", "ref": "G102", "source": "GPS", "surface": "asphalt", "sourceMembership": "g102-tag"}, "geometry": {"type": "LineString", "coordinates": [[123.896964, 42.3428758], [123.8968574, 42.342747], [123.8965171, 42.342401], [123.8963934, 42.3423049], [123.8960239, 42.342018], [123.8957979, 42.3418425], [123.8956289, 42.3417113], [123.8952404, 42.3413963], [123.8947574, 42.3410046], [123.8944377, 42.3407454], [123.8924924, 42.3391109], [123.8921186, 42.3388956], [123.8908365, 42.3382171], [123.8904032, 42.3378402], [123.8896045, 42.337115], [123.8845598, 42.333594], [123.8841408, 42.3332557], [123.8839051, 42.3330725], [123.8809235, 42.3301529], [123.8779771, 42.3280419], [123.8776578, 42.3277989], [123.8773124, 42.3275022], [123.8771912, 42.3273633], [123.8769475, 42.3270803], [123.8766565, 42.3266989], [123.8751106, 42.3243678], [123.8733112, 42.3218186], [123.8730842, 42.3214052], [123.8729374, 42.3210232], [123.8728323, 42.3205887], [123.8728209, 42.3201953], [123.8728579, 42.319806], [123.8729023, 42.3194424], [123.8730122, 42.3190836], [123.8733016, 42.3182998], [123.8747642, 42.3140938]]}}, {"type": "Feature", "properties": {"osmWayId": 1053033205, "bridge": "yes", "highway": "trunk", "lanes": "4", "layer": "1", "name": "京抚线", "ref": "G102", "source": "GPS", "surface": "asphalt", "sourceMembership": "g102-tag"}, "geometry": {"type": "LineString", "coordinates": [[123.8971864, 42.3431454], [123.896964, 42.3428758]]}}, {"type": "Feature", "properties": {"osmWayId": 1053033206, "highway": "trunk", "lanes": "4", "name": "京抚线", "ref": "G102", "source": "GPS", "surface": "asphalt", "sourceMembership": "g102-tag"}, "geometry": {"type": "LineString", "coordinates": [[123.9526736, 42.3931725], [123.9520522, 42.392499], [123.9516024, 42.3920114], [123.951273, 42.3916544], [123.9512177, 42.3915913], [123.9508075, 42.3911235], [123.9494732, 42.3896018], [123.9488587, 42.3889009], [123.9485384, 42.3885357], [123.9479617, 42.3878779], [123.9474183, 42.3872582], [123.944103, 42.3834341], [123.942813, 42.382044], [123.939683, 42.3788539], [123.938643, 42.3778539], [123.937633, 42.3769246], [123.936053, 42.3755438], [123.9352364, 42.3747997], [123.9348945, 42.3743877], [123.934483, 42.3737437], [123.933013, 42.3715136], [123.931593, 42.3698035], [123.9310936, 42.3691301], [123.930433, 42.3679335], [123.929993, 42.3673935], [123.929113, 42.3666534], [123.927233, 42.3652434], [123.926133, 42.3642133], [123.9259516, 42.3640906], [123.9256086, 42.364067], [123.9254146, 42.3640253], [123.9252285, 42.3639853], [123.9250755, 42.3638404], [123.924973, 42.3637433], [123.924899, 42.3635909], [123.92477, 42.3633253], [123.9246314, 42.3630399], [123.9244909, 42.3627504], [123.9243688, 42.362499], [123.9242187, 42.3621899], [123.9240628, 42.3618689], [123.923623, 42.3609632], [123.923413, 42.3605932], [123.923133, 42.3602432], [123.9228809, 42.3600415], [123.922383, 42.3596432], [123.9219311, 42.3593527], [123.9212497, 42.3589146], [123.921123, 42.3588331], [123.920663, 42.3586531], [123.9194071, 42.3582857], [123.917723, 42.3577931], [123.915803, 42.3569831], [123.9140102, 42.3562084], [123.9134003, 42.3559118], [123.9128283, 42.3556038], [123.9094151, 42.3536889], [123.9077154, 42.3526611], [123.9062409, 42.3519265], [123.9058463, 42.3517001], [123.9053928, 42.3514456], [123.9049487, 42.3510805], [123.9045188, 42.3507513], [123.903905, 42.3501567], [123.9025535, 42.3487767], [123.9008484, 42.3467342], [123.9003325, 42.3462403], [123.9000374, 42.3459578], [123.8998298, 42.3457591], [123.899442, 42.3454118], [123.8990521, 42.3450627], [123.8985985, 42.3446569], [123.8983341, 42.3444203], [123.8971864, 42.3431454]]}}, {"type": "Feature", "properties": {"osmWayId": 1053033207, "bridge": "yes", "highway": "trunk", "lanes": "4", "layer": "1", "name": "京抚线", "ref": "G102", "source": "GPS", "surface": "asphalt", "sourceMembership": "g102-tag"}, "geometry": {"type": "LineString", "coordinates": [[123.9537908, 42.3943487], [123.9526736, 42.3931725]]}}, {"type": "Feature", "properties": {"osmWayId": 1053033208, "highway": "trunk", "lanes": "4", "name": "京抚线", "ref": "G102", "source": "GPS", "surface": "asphalt", "sourceMembership": "g102-tag"}, "geometry": {"type": "LineString", "coordinates": [[124.0136718, 42.4421044], [124.0129012, 42.4409083], [124.0121483, 42.4402825], [124.0114982, 42.4398938], [124.0105252, 42.4395523], [124.0078265, 42.4386569], [124.0073757, 42.4385134], [124.0071594, 42.4384445], [124.0031683, 42.437174], [124.0017575, 42.4367249], [124.000694, 42.4363864], [123.9999233, 42.436018], [123.9979809, 42.4349207], [123.9970422, 42.4343903], [123.996495, 42.4340812], [123.9963109, 42.4339772], [123.9954036, 42.4334486], [123.99517, 42.4332746], [123.9942475, 42.4325875], [123.9922108, 42.4308013], [123.9910134, 42.4297695], [123.9903656, 42.4292251], [123.9896492, 42.4286231], [123.9873053, 42.4265327], [123.9839614, 42.4236171], [123.9831147, 42.4228323], [123.9815308, 42.4212375], [123.9797643, 42.4195349], [123.9790824, 42.4188848], [123.9781112, 42.4179283], [123.9778603, 42.4176812], [123.9777625, 42.4176073], [123.9771351, 42.4171728], [123.9761078, 42.4164493], [123.9725407, 42.4140028], [123.9716897, 42.4133772], [123.9709371, 42.4128322], [123.9690494, 42.4113632], [123.9665486, 42.4094157], [123.963926, 42.4072825], [123.9634846, 42.4069404], [123.9630838, 42.4065203], [123.9626478, 42.4059802], [123.9617965, 42.4048088], [123.958207, 42.4000375], [123.9552589, 42.3960809], [123.954546, 42.395218], [123.9537908, 42.3943487]]}}, {"type": "Feature", "properties": {"osmWayId": 1053033209, "bridge": "yes", "highway": "trunk", "lanes": "4", "layer": "1", "name": "京抚线", "ref": "G102", "source": "GPS", "surface": "asphalt", "sourceMembership": "g102-tag"}, "geometry": {"type": "LineString", "coordinates": [[124.0150703, 42.444274], [124.0136718, 42.4421044]]}}, {"type": "Feature", "properties": {"osmWayId": 1053043168, "highway": "trunk", "name": "京抚线", "ref": "G102", "source": "GPS", "sourceMembership": "g102-tag"}, "geometry": {"type": "LineString", "coordinates": [[124.1681238, 42.8584067], [124.1674652, 42.8579025], [124.1670613, 42.8576461], [124.1664574, 42.8573931], [124.1584091, 42.8544422], [124.1576742, 42.8540387], [124.1569226, 42.8535267], [124.1565272, 42.8532307], [124.1414968, 42.8419782], [124.1385216, 42.8397506], [124.1381016, 42.8395305], [124.1377127, 42.8393709]]}}, {"type": "Feature", "properties": {"osmWayId": 1053043169, "bridge": "yes", "highway": "trunk", "layer": "1", "name": "京抚线", "ref": "G102", "source": "GPS", "sourceMembership": "g102-tag"}, "geometry": {"type": "LineString", "coordinates": [[124.1695223, 42.8595485], [124.1681238, 42.8584067]]}}, {"type": "Feature", "properties": {"osmWayId": 1053052726, "highway": "trunk", "lanes": "2", "name": "京抚线", "oneway": "yes", "ref": "G102", "source": "Bing", "sourceMembership": "g102-tag"}, "geometry": {"type": "LineString", "coordinates": [[125.1646101, 43.7887422], [125.1626611, 43.7871072], [125.1625507, 43.7870207], [125.1560998, 43.7816139], [125.1552292, 43.7808654], [125.1499211, 43.7763009], [125.1495676, 43.7759731], [125.1495066, 43.7759165], [125.1493788, 43.7757979], [125.148713, 43.7751804], [125.1475751, 43.7739486], [125.1472509, 43.7735742], [125.1471328, 43.7734378], [125.1462124, 43.7723627], [125.1449169, 43.7709089], [125.1441316, 43.7698641], [125.1433811, 43.7690726], [125.1426692, 43.7685281], [125.1419785, 43.7681187], [125.1414818, 43.7678282], [125.1407952, 43.7675271], [125.1403335, 43.7673566], [125.1385735, 43.7668966], [125.1339447, 43.7657866], [125.1311057, 43.7651376], [125.1277542, 43.7643319], [125.1232299, 43.7632774], [125.1214935, 43.7628465], [125.1205085, 43.7625616], [125.1199499, 43.7623412], [125.1192128, 43.7620504], [125.1117682, 43.7585921], [125.1067799, 43.7561853], [125.1046335, 43.7550062], [125.1037635, 43.7543461], [125.1032913, 43.7538948], [125.1027197, 43.7532377], [125.1019996, 43.7520903], [125.1016188, 43.7510867], [125.1009858, 43.7490899], [125.1001513, 43.7466202], [125.0996178, 43.7450414], [125.0993566, 43.7444158]]}}, {"type": "Feature", "properties": {"osmWayId": 1053052727, "bridge": "yes", "highway": "trunk", "lanes": "2", "layer": "1", "name": "京抚线", "oneway": "yes", "ref": "G102", "source": "Bing", "sourceMembership": "g102-tag"}, "geometry": {"type": "LineString", "coordinates": [[125.0993566, 43.7444158], [125.0990733, 43.7435827]]}}, {"type": "Feature", "properties": {"osmWayId": 1053052728, "highway": "trunk", "lanes": "2", "name": "京抚线", "oneway": "yes", "ref": "G102", "source": "Bing", "sourceMembership": "g102-tag"}, "geometry": {"type": "LineString", "coordinates": [[125.0994843, 43.7443997], [125.0997198, 43.7450104], [125.1002751, 43.7466325], [125.1011113, 43.7490749], [125.101769, 43.7510906], [125.1021606, 43.7520399], [125.102885, 43.7532178], [125.1033943, 43.7538264], [125.1038655, 43.7542879], [125.1047179, 43.7549347], [125.1068732, 43.7561192], [125.1118433, 43.7584642], [125.1193238, 43.7619709], [125.1200134, 43.7622406], [125.1205649, 43.7624563], [125.1215467, 43.7627612], [125.1232745, 43.7631896], [125.127794, 43.764243], [125.1311426, 43.7650368], [125.1339867, 43.7657023], [125.1370316, 43.7664484], [125.1386149, 43.7668081], [125.1403822, 43.7672699], [125.1408876, 43.7674559], [125.1415676, 43.7677469], [125.1421328, 43.7680457], [125.1427608, 43.7684736], [125.1434771, 43.7690137], [125.1442562, 43.7698193], [125.1451761, 43.7709824], [125.146323, 43.7723142], [125.1472415, 43.7733871], [125.1476889, 43.7739075], [125.1488042, 43.775134], [125.1494658, 43.7757361], [125.1495981, 43.7758565], [125.1496369, 43.7758918], [125.1500248, 43.7762448], [125.15625, 43.7815403], [125.1626484, 43.7869526], [125.1627605, 43.7870474], [125.1647949, 43.7886742]]}}, {"type": "Feature", "properties": {"osmWayId": 1053052729, "bridge": "yes", "highway": "trunk", "lanes": "2", "layer": "1", "name": "京抚线", "oneway": "yes", "ref": "G102", "source": "Bing", "sourceMembership": "g102-tag"}, "geometry": {"type": "LineString", "coordinates": [[125.099199, 43.7435641], [125.0994843, 43.7443997]]}}, {"type": "Feature", "properties": {"osmWayId": 1054171863, "highway": "trunk", "name": "京抚线", "ref": "G102", "sourceMembership": "g102-tag"}, "geometry": {"type": "LineString", "coordinates": [[129.3330315, 46.2050986], [129.3323743, 46.2044285], [129.3311485, 46.20366], [129.3299389, 46.2032256], [129.326688, 46.2023122], [129.3259612, 46.2020446], [129.3251839, 46.201676], [129.3242398, 46.2007877], [129.3230835, 46.1993957], [129.3197397, 46.1954085], [129.3186307, 46.1941771], [129.3178221, 46.1934027], [129.3166135, 46.1925765], [129.3134477, 46.1909607]]}}, {"type": "Feature", "properties": {"osmWayId": 1054171864, "bridge": "yes", "highway": "trunk", "layer": "1", "name": "京抚线", "ref": "G102", "sourceMembership": "g102-tag"}, "geometry": {"type": "LineString", "coordinates": [[129.3335035, 46.2056332], [129.3330315, 46.2050986]]}}, {"type": "Feature", "properties": {"osmWayId": 1054171866, "highway": "trunk", "name": "京抚线", "ref": "G102", "sourceMembership": "g102-tag"}, "geometry": {"type": "LineString", "coordinates": [[129.3791343, 46.2695601], [129.3795179, 46.2700091], [129.3796042, 46.2700945], [129.3799907, 46.2702865], [129.3805503, 46.2704245], [129.3816075, 46.2705846], [129.382922, 46.2707212], [129.3836728, 46.2707993], [129.3866846, 46.2718822], [129.4041441, 46.2782818], [129.4048676, 46.2785565], [129.4054266, 46.2789619], [129.4092862, 46.2827579], [129.4108978, 46.284362], [129.411614, 46.284853], [129.4172678, 46.2878984], [129.4198983, 46.2890049], [129.4261627, 46.2907576], [129.4306785, 46.2917393], [129.4393093, 46.2958907], [129.4408938, 46.2965331], [129.4432516, 46.2971024], [129.4440298, 46.2974008], [129.4517985, 46.3015044], [129.4557373, 46.3038177], [129.4586028, 46.3051136], [129.4596951, 46.3056929], [129.4603908, 46.3062777], [129.462153, 46.3086704], [129.4628691, 46.3093368], [129.4637247, 46.3098608], [129.4645915, 46.3101493], [129.4655043, 46.3103906], [129.4677745, 46.310968], [129.4685586, 46.3112784], [129.4697206, 46.3120189], [129.4706257, 46.3126274], [129.4717126, 46.3130008], [129.4727253, 46.3132638], [129.4737494, 46.3137373], [129.4774883, 46.3165145], [129.481185, 46.3191505], [129.4819575, 46.3201012], [129.4822719, 46.3206897], [129.4828517, 46.3216229], [129.4835414, 46.3221722], [129.4845403, 46.3226315], [129.4852271, 46.3228483], [129.4859138, 46.3229612], [129.4868907, 46.3230079], [129.4886077, 46.3230111], [129.4906153, 46.3230663], [129.4917298, 46.3233048], [129.4923149, 46.323663], [129.4932708, 46.3245284], [129.494208, 46.3249532], [129.4952705, 46.3250003], [129.5015309, 46.3243219], [129.5023446, 46.3243135], [129.5031584, 46.3243645], [129.5084936, 46.3250179], [129.5094484, 46.3252701], [129.5100876, 46.3256239], [129.5107664, 46.3263134], [129.5115663, 46.3270359], [129.5129907, 46.3276466], [129.5144304, 46.3279042], [129.5168766, 46.3284969], [129.5185717, 46.3291252], [129.5274337, 46.3330307], [129.5298483, 46.3343431], [129.5310468, 46.3351423], [129.5318915, 46.3358249], [129.5324086, 46.3364065], [129.5328574, 46.3369869], [129.5331082, 46.3373827], [129.533351, 46.3378029], [129.5335379, 46.3382439], [129.5337088, 46.3387956], [129.5337941, 46.3393343], [129.5338327, 46.3399116], [129.5338178, 46.3404629], [129.5337562, 46.3410205], [129.5336037, 46.3416136], [129.5334186, 46.3421035], [129.5331826, 46.3425918], [129.5328158, 46.3431864], [129.5323868, 46.3437123], [129.5319613, 46.3441767], [129.5314574, 46.3446389], [129.5310699, 46.3449485], [129.5306079, 46.3452776], [129.5299667, 46.345695], [129.5293336, 46.3460598], [129.5272877, 46.3471836], [129.5268526, 46.3473535], [129.5265112, 46.3474483], [129.5260388, 46.347543], [129.5255676, 46.3475922], [129.5247673, 46.3476268], [129.5241158, 46.3476694], [129.5237051, 46.3477322], [129.5232236, 46.3478244], [129.5183786, 46.3490294], [129.5178449, 46.3494256], [129.5178111, 46.3494666]]}}, {"type": "Feature", "properties": {"osmWayId": 1054171867, "bridge": "yes", "highway": "trunk", "layer": "1", "name": "京抚线", "ref": "G102", "sourceMembership": "g102-tag"}, "geometry": {"type": "LineString", "coordinates": [[129.5178111, 46.3494666], [129.5171078, 46.3505278]]}}, {"type": "Feature", "properties": {"osmWayId": 1054172795, "highway": "trunk", "name": "京抚公路", "oneway": "no", "ref": "G102", "sourceMembership": "g102-tag"}, "geometry": {"type": "LineString", "coordinates": [[129.7276664, 46.6820187], [129.7280554, 46.6824525], [129.7289749, 46.6831129], [129.7295681, 46.6835389], [129.7314886, 46.6848078], [129.7328297, 46.6857469], [129.7335593, 46.6866596], [129.7344605, 46.6887792], [129.7345356, 46.6897241], [129.7340635, 46.6929328], [129.7335485, 46.6940807], [129.7317568, 46.6969918], [129.7317139, 46.6975805], [129.7319607, 46.6982015], [129.732819, 46.6998792], [129.7331623, 46.7011742], [129.7340313, 46.7061449], [129.7347072, 46.707119], [129.7375826, 46.710768], [129.7385374, 46.7112947], [129.740812, 46.7117656], [129.744449, 46.7126807], [129.7472922, 46.7137665], [129.7485367, 46.7142961], [129.7500388, 46.7144138], [129.7588793, 46.7138842], [129.781751, 46.7123835], [129.7839741, 46.7126218], [129.8008484, 46.7156496], [129.8021702, 46.7164764], [129.8198674, 46.7335668], [129.8201418, 46.733804], [129.8204502, 46.7339796], [129.820783, 46.7341163], [129.8211301, 46.7341989], [129.8215203, 46.7342351], [129.821775, 46.734224], [129.822054, 46.7342017], [129.8355669, 46.7310654], [129.8494715, 46.724829], [129.8508018, 46.7241818], [129.8523039, 46.7230933], [129.8532909, 46.7223872], [129.8540548, 46.7220077], [129.8550419, 46.7217429], [129.8560804, 46.7218282], [129.8584819, 46.7222968]]}}, {"type": "Feature", "properties": {"osmWayId": 1054172796, "bridge": "yes", "highway": "trunk", "layer": "1", "name": "京抚线", "ref": "G102", "sourceMembership": "g102-tag"}, "geometry": {"type": "LineString", "coordinates": [[129.7242577, 46.6788843], [129.7276664, 46.6820187]]}}, {"type": "Feature", "properties": {"osmWayId": 1054203390, "highway": "trunk", "lanes": "2", "name": "京抚线", "ref": "G102", "sourceMembership": "g102-tag"}, "geometry": {"type": "LineString", "coordinates": [[130.9555457, 47.0188171], [130.9771391, 47.0197928], [130.9801489, 47.0197837], [131.0032874, 47.0191725], [131.0156376, 47.0187579], [131.0221491, 47.0185811], [131.0281578, 47.0182151], [131.0299907, 47.0182011], [131.0316474, 47.0185018], [131.0332366, 47.0189834], [131.0419228, 47.0222891], [131.0420266, 47.0223286], [131.0963946, 47.0431522], [131.0982119, 47.0436422], [131.1084701, 47.0454888], [131.1093328, 47.0457252], [131.1102201, 47.0460242], [131.1231541, 47.051122], [131.124589, 47.0516543], [131.1263518, 47.0520632], [131.1352182, 47.0536613], [131.1356449, 47.0537726], [131.1376629, 47.0545785], [131.1394091, 47.0554027], [131.150408, 47.0605123], [131.1559685, 47.0629706], [131.159632, 47.0642579], [131.1644439, 47.06572], [131.1693656, 47.0672154], [131.1785748, 47.0707816], [131.1796148, 47.0715185], [131.1807781, 47.0729111], [131.1890168, 47.082773], [131.189837, 47.0841855], [131.190786, 47.0898163], [131.1913825, 47.0907394], [131.1925017, 47.0914921], [131.1951677, 47.092667], [131.1971052, 47.0935208], [131.1989203, 47.0943206], [131.2028644, 47.0957058], [131.2100101, 47.0982154], [131.2106347, 47.0984022], [131.2112202, 47.0985284], [131.2118521, 47.0985955], [131.2127798, 47.098647], [131.2141273, 47.0987218]]}}, {"type": "Feature", "properties": {"osmWayId": 1054203391, "bridge": "yes", "highway": "trunk", "lanes": "2", "layer": "1", "name": "京抚线", "ref": "G102", "sourceMembership": "g102-tag"}, "geometry": {"type": "LineString", "coordinates": [[131.2141273, 47.0987218], [131.2162547, 47.0988244]]}}, {"type": "Feature", "properties": {"osmWayId": 1054203392, "highway": "trunk", "lanes": "2", "name": "京抚线", "ref": "G102", "sourceMembership": "g102-tag"}, "geometry": {"type": "LineString", "coordinates": [[131.2162547, 47.0988244], [131.2248417, 47.099249], [131.226346, 47.0994705], [131.2356886, 47.1020763], [131.2925511, 47.1179337], [131.2941291, 47.1181908], [131.2957325, 47.1183147], [131.2981485, 47.1183139], [131.306287, 47.118311], [131.3096451, 47.1183098], [131.3210529, 47.1176966], [131.3222536, 47.117739], [131.3302942, 47.1185838], [131.3424628, 47.1202221], [131.3432969, 47.1203305], [131.345427, 47.120571], [131.3677235, 47.122573], [131.3806795, 47.1237363], [131.4103641, 47.1245133], [131.4114686, 47.1246366], [131.412571, 47.1248584], [131.4248783, 47.12831], [131.4265052, 47.1285682], [131.4281458, 47.1286631], [131.4522511, 47.1289356], [131.4561708, 47.1294256], [131.5147196, 47.1357434], [131.5418769, 47.1400038], [131.5647838, 47.1417905], [131.5762258, 47.1418726]]}}, {"type": "Feature", "properties": {"osmWayId": 1054203393, "bridge": "yes", "highway": "trunk", "lanes": "2", "layer": "1", "name": "京抚线", "ref": "G102", "sourceMembership": "g102-tag"}, "geometry": {"type": "LineString", "coordinates": [[131.5762258, 47.1418726], [131.577919, 47.1418823]]}}, {"type": "Feature", "properties": {"osmWayId": 1058013667, "highway": "trunk", "name": "京抚线", "oneway": "yes", "ref": "G102", "sourceMembership": "g102-tag"}, "geometry": {"type": "LineString", "coordinates": [[119.3625025, 39.9331844], [119.3607734, 39.9330657], [119.3601058, 39.9330557], [119.3594463, 39.933096], [119.3585659, 39.9332213], [119.3577564, 39.9334394], [119.3569391, 39.9337282], [119.3485779, 39.937241], [119.3471461, 39.9378175], [119.345559, 39.9383699], [119.3398975, 39.9400856], [119.3387066, 39.9404481], [119.3377707, 39.9406521], [119.3370189, 39.9407388], [119.3361631, 39.9407483], [119.3353905, 39.9406987], [119.3344254, 39.9405496], [119.3333876, 39.9402703], [119.3305766, 39.9394843], [119.3277452, 39.9386711]]}}, {"type": "Feature", "properties": {"osmWayId": 1058013668, "bridge": "yes", "highway": "trunk", "layer": "1", "name": "京抚线", "oneway": "yes", "ref": "G102", "sourceMembership": "g102-tag"}, "geometry": {"type": "LineString", "coordinates": [[119.3631898, 39.9332365], [119.3625025, 39.9331844]]}}, {"type": "Feature", "properties": {"osmWayId": 1058013669, "highway": "trunk", "name": "京抚线", "oneway": "yes", "ref": "G102", "sourceMembership": "g102-tag"}, "geometry": {"type": "LineString", "coordinates": [[119.3277784, 39.9385856], [119.3305926, 39.939362], [119.3334109, 39.9401764], [119.3344633, 39.9404411], [119.3354248, 39.9405902], [119.3361385, 39.9406396], [119.3370211, 39.9406242], [119.3377483, 39.9405437], [119.33867, 39.9403442], [119.3398069, 39.9400099], [119.3455035, 39.9382796], [119.3470892, 39.9377277], [119.3485053, 39.9371684], [119.3568833, 39.9336292], [119.357717, 39.9333284], [119.3585501, 39.9331124], [119.3594405, 39.93299], [119.3601178, 39.9329513], [119.360635, 39.9329513], [119.3624655, 39.9330649]]}}, {"type": "Feature", "properties": {"osmWayId": 1058013670, "bridge": "yes", "highway": "trunk", "layer": "1", "name": "京抚线", "oneway": "yes", "ref": "G102", "sourceMembership": "g102-tag"}, "geometry": {"type": "LineString", "coordinates": [[119.3624655, 39.9330649], [119.3631254, 39.9331173]]}}, {"type": "Feature", "properties": {"osmWayId": 1058045303, "highway": "trunk", "name": "朝阳北路", "name:zh": "朝阳北路", "name:zh-Hans": "朝阳北路", "name:zh-Hant": "朝陽北路", "oneway": "yes", "ref": "G102", "sourceMembership": "g102-tag"}, "geometry": {"type": "LineString", "coordinates": [[116.4466932, 39.9216516], [116.4465862, 39.9218451], [116.4465567, 39.9218718], [116.446487, 39.9219088], [116.4463529, 39.9219438], [116.4461382, 39.9219617]]}}, {"type": "Feature", "properties": {"osmWayId": 1058045304, "highway": "trunk", "name": "朝阳北路", "oneway": "yes", "ref": "G102", "trolley_wire": "yes", "sourceMembership": "g102-tag"}, "geometry": {"type": "LineString", "coordinates": [[116.4461382, 39.9219617], [116.4459987, 39.9219294]]}}, {"type": "Feature", "properties": {"osmWayId": 1058045305, "highway": "trunk", "name": "朝阳北路", "name:zh": "朝阳北路", "name:zh-Hans": "朝阳北路", "name:zh-Hant": "朝陽北路", "oneway": "yes", "ref": "G102", "trolley_wire": "yes", "sourceMembership": "g102-tag"}, "geometry": {"type": "LineString", "coordinates": [[116.4459987, 39.9219294], [116.4458725, 39.9218914], [116.4456653, 39.9218021]]}}, {"type": "Feature", "properties": {"osmWayId": 1058051671, "highway": "trunk", "int_name": "Chaoyang Lu", "name": "朝阳路", "name:zh-Latn-pinyin": "cháoyáng lù", "oneway": "yes", "ref": "G102", "trolley_wire": "yes", "sourceMembership": "g102-tag"}, "geometry": {"type": "LineString", "coordinates": [[116.4444434, 39.9214164], [116.4451888, 39.9210078], [116.4453337, 39.9209358]]}}, {"type": "Feature", "properties": {"osmWayId": 1060236086, "highway": "trunk", "name": "京抚线;沈盘线", "ref": "G102;S102", "source": "bing", "sourceMembership": "g102-tag"}, "geometry": {"type": "LineString", "coordinates": [[122.6626844, 41.4606568], [122.6627419, 41.4606543], [122.6646714, 41.4605691], [122.6659857, 41.4603665], [122.6687471, 41.459743], [122.673548, 41.4586591], [122.6788273, 41.4574671]]}}, {"type": "Feature", "properties": {"osmWayId": 1060236087, "bridge": "yes", "highway": "trunk", "layer": "1", "name": "京抚线;沈盘线", "ref": "G102;S102", "source": "bing", "sourceMembership": "g102-tag"}, "geometry": {"type": "LineString", "coordinates": [[122.6625036, 41.4606585], [122.6626844, 41.4606568]]}}, {"type": "Feature", "properties": {"osmWayId": 1060236099, "highway": "trunk", "name": "京抚线;沈盘线", "ref": "G102;S102", "source": "bing", "sourceMembership": "g102-tag"}, "geometry": {"type": "LineString", "coordinates": [[122.6789813, 41.4574323], [122.6791663, 41.4573905], [122.6962456, 41.4535341], [122.6985076, 41.4530099]]}}, {"type": "Feature", "properties": {"osmWayId": 1060236100, "bridge": "yes", "highway": "trunk", "layer": "1", "name": "京抚线;沈盘线", "ref": "G102;S102", "source": "bing", "sourceMembership": "g102-tag"}, "geometry": {"type": "LineString", "coordinates": [[122.6788273, 41.4574671], [122.6789813, 41.4574323]]}}, {"type": "Feature", "properties": {"osmWayId": 1062897817, "highway": "motorway", "lanes": "2", "loc_name": "通燕高速", "name": "通燕高速", "oneway": "yes", "ref": "G102", "short_name": "京哈线", "sourceMembership": "g102-tag"}, "geometry": {"type": "LineString", "coordinates": [[116.7597406, 39.9344477], [116.7592615, 39.9343098], [116.7589287, 39.934207]]}}, {"type": "Feature", "properties": {"osmWayId": 1062899224, "highway": "motorway", "lanes": "2", "loc_name": "通燕高速", "name": "通燕高速", "oneway": "yes", "ref": "G102", "short_name": "京哈线", "sourceMembership": "g102-tag"}, "geometry": {"type": "LineString", "coordinates": [[116.6311407, 39.9171287], [116.6315857, 39.917373], [116.6318815, 39.9175625], [116.6323224, 39.9178812]]}}, {"type": "Feature", "properties": {"osmWayId": 1069659027, "highway": "trunk", "name": "京抚线", "ref": "G102", "source": "Bing", "sourceMembership": "g102-tag"}, "geometry": {"type": "LineString", "coordinates": [[134.612269, 48.2587838], [134.6137915, 48.2584138], [134.6162606, 48.2579577], [134.6187682, 48.2575719], [134.6219672, 48.2573196], [134.6479663, 48.2567148], [134.6540869, 48.2565728], [134.6557692, 48.2565336], [134.6559558, 48.2565293]]}}, {"type": "Feature", "properties": {"osmWayId": 1069659028, "bridge": "yes", "highway": "trunk", "layer": "1", "name": "京抚线", "ref": "G102", "source": "Bing", "sourceMembership": "g102-tag"}, "geometry": {"type": "LineString", "coordinates": [[134.5746974, 48.269575], [134.5750445, 48.2695478]]}}, {"type": "Feature", "properties": {"osmWayId": 1069659031, "highway": "trunk", "name": "京抚线", "ref": "G102", "source": "Bing", "sourceMembership": "g102-tag"}, "geometry": {"type": "LineString", "coordinates": [[134.5750445, 48.2695478], [134.5763929, 48.2693948], [134.5786133, 48.269143], [134.5816884, 48.2686186], [134.5847303, 48.267957], [134.5899564, 48.2664944], [134.5951863, 48.264585], [134.6075059, 48.2602652], [134.6114176, 48.2590123]]}}, {"type": "Feature", "properties": {"osmWayId": 1069659032, "bridge": "yes", "highway": "trunk", "layer": "1", "name": "京抚线", "ref": "G102", "source": "Bing", "sourceMembership": "g102-tag"}, "geometry": {"type": "LineString", "coordinates": [[134.6114176, 48.2590123], [134.612269, 48.2587838]]}}, {"type": "Feature", "properties": {"osmWayId": 1092056561, "highway": "trunk", "name": "京抚线", "ref": "G102", "source": "bing", "sourceMembership": "g102-tag"}, "geometry": {"type": "LineString", "coordinates": [[119.1052259, 39.9035953], [119.1050061, 39.903619], [119.0958253, 39.9051179], [119.0940285, 39.9051604], [119.0899597, 39.9042838], [119.0868038, 39.9045404], [119.0815266, 39.9049872], [119.0798973, 39.905102], [119.0781137, 39.9049197]]}}, {"type": "Feature", "properties": {"osmWayId": 1092056562, "bridge": "yes", "highway": "trunk", "layer": "1", "name": "京抚线", "ref": "G102", "sourceMembership": "g102-tag"}, "geometry": {"type": "LineString", "coordinates": [[119.1064709, 39.9033795], [119.1052259, 39.9035953]]}}, {"type": "Feature", "properties": {"osmWayId": 1093263746, "highway": "trunk", "name": "京抚线", "oneway": "yes", "ref": "G102", "sourceMembership": "g102-tag"}, "geometry": {"type": "LineString", "coordinates": [[119.3916607, 39.9398839], [119.390282, 39.9393334], [119.389408, 39.9390509], [119.3883781, 39.9388533], [119.3876633, 39.9387683], [119.386739, 39.9387494], [119.3857372, 39.938787], [119.383951, 39.9390041], [119.3832358, 39.9390432], [119.3825343, 39.9390513], [119.38173, 39.938983], [119.3808903, 39.9388458], [119.3802253, 39.9386811], [119.3797118, 39.9385256], [119.3793167, 39.9383722], [119.3785843, 39.9380267], [119.3780016, 39.9377002], [119.3773876, 39.9372685], [119.376368, 39.9364181], [119.3756347, 39.9358509], [119.3753884, 39.9356783], [119.3745103, 39.9351302], [119.3737007, 39.9347202], [119.3727119, 39.9343341], [119.3717277, 39.9340353], [119.3708011, 39.9338312], [119.3698677, 39.9336999], [119.3686101, 39.9335993], [119.3631898, 39.9332365]]}}, {"type": "Feature", "properties": {"osmWayId": 1093263747, "bridge": "yes", "highway": "trunk", "layer": "1", "name": "京抚线", "oneway": "yes", "ref": "G102", "sourceMembership": "g102-tag"}, "geometry": {"type": "LineString", "coordinates": [[119.3926459, 39.9402567], [119.3916607, 39.9398839]]}}, {"type": "Feature", "properties": {"osmWayId": 1093263748, "highway": "trunk", "name": "京抚线", "oneway": "yes", "ref": "G102", "sourceMembership": "g102-tag"}, "geometry": {"type": "LineString", "coordinates": [[119.3631254, 39.9331173], [119.3686306, 39.9334996], [119.3698623, 39.9335963], [119.3708222, 39.9337375], [119.3717341, 39.9339319], [119.3727571, 39.9342323], [119.3737671, 39.9346384], [119.3746067, 39.9350489], [119.3754624, 39.9355828], [119.3757263, 39.9357577], [119.3764539, 39.9363533], [119.3774842, 39.9371967], [119.3780892, 39.9376378], [119.3786712, 39.937965], [119.3793691, 39.9382864], [119.3797639, 39.9384311], [119.3802547, 39.9385901], [119.3809316, 39.9387505], [119.3817587, 39.9388836], [119.3825449, 39.9389404], [119.3831898, 39.9389414], [119.3839476, 39.9388919], [119.3857248, 39.9386874], [119.3867137, 39.9386255], [119.3876236, 39.9386585], [119.388407, 39.9387417], [119.3894462, 39.9389572], [119.3903182, 39.9392445], [119.3917427, 39.9397991]]}}, {"type": "Feature", "properties": {"osmWayId": 1093263749, "bridge": "yes", "highway": "trunk", "layer": "1", "name": "京抚线", "oneway": "yes", "ref": "G102", "sourceMembership": "g102-tag"}, "geometry": {"type": "LineString", "coordinates": [[119.3917427, 39.9397991], [119.3927124, 39.9401795]]}}, {"type": "Feature", "properties": {"osmWayId": 1093263750, "bridge": "yes", "highway": "trunk", "layer": "1", "name": "京抚线", "oneway": "yes", "ref": "G102", "sourceMembership": "g102-tag"}, "geometry": {"type": "LineString", "coordinates": [[119.3963466, 39.9415631], [119.4065703, 39.9455019], [119.4075297, 39.9458983]]}}, {"type": "Feature", "properties": {"osmWayId": 1093263751, "bridge": "yes", "highway": "trunk", "layer": "1", "name": "京抚线", "oneway": "yes", "ref": "G102", "sourceMembership": "g102-tag"}, "geometry": {"type": "LineString", "coordinates": [[119.4074535, 39.945988], [119.4065005, 39.9456089], [119.3962788, 39.9416632]]}}, {"type": "Feature", "properties": {"osmWayId": 1093263752, "highway": "trunk", "name": "京抚线", "oneway": "yes", "ref": "G102", "sourceMembership": "g102-tag"}, "geometry": {"type": "LineString", "coordinates": [[119.3962788, 39.9416632], [119.3926459, 39.9402567]]}}, {"type": "Feature", "properties": {"osmWayId": 1093263753, "highway": "trunk", "name": "京抚线", "oneway": "yes", "ref": "G102", "sourceMembership": "g102-tag"}, "geometry": {"type": "LineString", "coordinates": [[119.3927124, 39.9401795], [119.3963466, 39.9415631]]}}, {"type": "Feature", "properties": {"osmWayId": 1093263756, "highway": "trunk", "name": "京抚线", "oneway": "yes", "ref": "G102", "sourceMembership": "g102-tag"}, "geometry": {"type": "LineString", "coordinates": [[119.2948315, 39.9441431], [119.2951062, 39.9441447], [119.2984023, 39.9441972], [119.2993221, 39.9441809], [119.3000477, 39.9440999], [119.3007004, 39.9439749], [119.3014543, 39.9437814], [119.3022992, 39.9434479], [119.3029928, 39.9430936], [119.3036781, 39.9426386], [119.3046826, 39.9418725], [119.3053119, 39.9414205], [119.3059325, 39.9410748], [119.3066451, 39.9407503], [119.307496, 39.9404727], [119.3081618, 39.9403224], [119.3088723, 39.9402246], [119.3098598, 39.9401609], [119.3104164, 39.9401676], [119.3117515, 39.9402116], [119.3130213, 39.9401813], [119.3136138, 39.9401146]]}}, {"type": "Feature", "properties": {"osmWayId": 1093263757, "highway": "trunk", "name": "京抚线", "oneway": "yes", "ref": "G102", "sourceMembership": "g102-tag"}, "geometry": {"type": "LineString", "coordinates": [[119.3135979, 39.9402133], [119.3130314, 39.9402776], [119.3117431, 39.9403077], [119.3104053, 39.9402577], [119.3098526, 39.9402492], [119.3089062, 39.9403118], [119.3081851, 39.9404204], [119.3075226, 39.9405694], [119.3066987, 39.9408432], [119.3059734, 39.9411619], [119.3053973, 39.9414909], [119.3047654, 39.9419468], [119.3037692, 39.9427049], [119.3030539, 39.9431775], [119.3023837, 39.9435181], [119.3014902, 39.9438625], [119.3007625, 39.9440701], [119.3000783, 39.9441884], [119.299337, 39.9442744], [119.2984073, 39.9442846], [119.2950556, 39.9442579], [119.294867, 39.9442614]]}}, {"type": "Feature", "properties": {"osmWayId": 1093263758, "bridge": "yes", "highway": "trunk", "layer": "1", "name": "京抚线", "oneway": "yes", "ref": "G102", "sourceMembership": "g102-tag"}, "geometry": {"type": "LineString", "coordinates": [[119.3277452, 39.9386711], [119.3252458, 39.9379957]]}}, {"type": "Feature", "properties": {"osmWayId": 1093263759, "bridge": "yes", "highway": "trunk", "layer": "1", "name": "京抚线", "oneway": "yes", "ref": "G102", "sourceMembership": "g102-tag"}, "geometry": {"type": "LineString", "coordinates": [[119.3252983, 39.9378914], [119.3277784, 39.9385856]]}}, {"type": "Feature", "properties": {"osmWayId": 1099905014, "alt_name:ru": "Годао 102", "highway": "trunk", "name": "哈双路", "name:ru": "Пекин — Харбин", "name:zh": "京抚线", "note": "trunk road superceded by G1", "oneway": "yes", "ref": "G102", "sourceMembership": "g102-tag"}, "geometry": {"type": "LineString", "coordinates": [[126.5221894, 45.6379305], [126.5198281, 45.6345968], [126.5197217, 45.6344532], [126.5193247, 45.6339226], [126.5189849, 45.63339], [126.5186588, 45.6328969], [126.5183959, 45.632438], [126.518235, 45.6321704], [126.5180358, 45.6317992], [126.517924, 45.6315799], [126.5176558, 45.6310445], [126.5173216, 45.630308], [126.5168528, 45.6291484], [126.516381, 45.627975], [126.515146, 45.6248806], [126.5148744, 45.6242304], [126.5137169, 45.6214599], [126.5124715, 45.6183489], [126.5112285, 45.6153355], [126.5109819, 45.6146953], [126.5104321, 45.6133721], [126.5100148, 45.6122732], [126.5097878, 45.6116442], [126.5095171, 45.6108545], [126.5091626, 45.6097528], [126.5088306, 45.6086301], [126.5085996, 45.6077447], [126.5084104, 45.6068809], [126.5082075, 45.6060057], [126.5077279, 45.6035604], [126.5076037, 45.602967], [126.507002, 45.6000779], [126.506603, 45.5980994], [126.5062017, 45.5961658], [126.5060869, 45.5957024], [126.5058222, 45.5947775], [126.5052175, 45.5929586], [126.5045896, 45.5914627], [126.5042792, 45.5908364], [126.5040274, 45.5903169], [126.5037002, 45.5897187], [126.5029432, 45.5884572], [126.5024601, 45.5876363], [126.5021, 45.587085], [126.5017019, 45.5865083], [126.5013847, 45.5860952], [126.5010206, 45.5856147], [126.5007303, 45.5852444], [126.5004168, 45.5848536], [126.4989106, 45.583087], [126.4987488, 45.5828904], [126.4985512, 45.5826649], [126.4981918, 45.5822429], [126.4968917, 45.5807576], [126.4954588, 45.5791172], [126.494627, 45.5781114], [126.4944154, 45.577851], [126.4942687, 45.5776503], [126.4941155, 45.5774357], [126.493996, 45.5772413], [126.4937794, 45.5768972], [126.493655, 45.57668], [126.4935199, 45.5764291], [126.4933079, 45.5759605], [126.4930916, 45.5753938], [126.4929268, 45.5748533], [126.4928563, 45.5743401], [126.4927947, 45.5738913], [126.492787, 45.5734022], [126.4928087, 45.5729275], [126.4929107, 45.5722218], [126.4930089, 45.5717616], [126.4931388, 45.57132], [126.4932901, 45.5708423], [126.4934361, 45.5704246], [126.4936753, 45.5697976], [126.4938416, 45.5692626], [126.4939659, 45.5687668], [126.4940386, 45.5684132], [126.4940819, 45.5680154], [126.4941049, 45.5677839], [126.4941112, 45.5674805], [126.4941017, 45.5669379], [126.4940541, 45.5665084], [126.4939335, 45.5659776], [126.4937839, 45.5654704], [126.4936958, 45.5651917], [126.4935672, 45.5648903], [126.4933138, 45.564378], [126.4931618, 45.5640849], [126.4929922, 45.5638095], [126.4927759, 45.5634833], [126.4922166, 45.5627266], [126.491937, 45.5623462], [126.4914414, 45.5617181], [126.4893487, 45.559022], [126.4886716, 45.558158], [126.4852944, 45.5538274], [126.4851207, 45.5536046]]}}, {"type": "Feature", "properties": {"osmWayId": 1099929897, "bridge": "yes", "highway": "trunk", "layer": "1", "name": "哈双路", "name:zh": "京抚线", "oneway": "yes", "ref": "G102", "sourceMembership": "g102-tag"}, "geometry": {"type": "LineString", "coordinates": [[126.522846, 45.6388806], [126.5221894, 45.6379305]]}}, {"type": "Feature", "properties": {"osmWayId": 1100617176, "highway": "trunk", "name": "京抚公路", "oneway": "yes", "ref": "G102", "sourceMembership": "g102-tag"}, "geometry": {"type": "LineString", "coordinates": [[130.1360998, 46.842719], [130.1377133, 46.8429322], [130.139926, 46.8432307], [130.1429211, 46.8436404], [130.146282, 46.8440438], [130.1487207, 46.8442986], [130.1526636, 46.8445261], [130.156585, 46.8446802], [130.1625761, 46.8448977], [130.1652477, 46.8449935], [130.1659834, 46.8450103], [130.169127, 46.8452525], [130.1712835, 46.845546], [130.172901, 46.845806], [130.1733541, 46.8458982], [130.1767444, 46.8466395], [130.180521, 46.8477768], [130.1841117, 46.8488845], [130.1881813, 46.8501542], [130.1893066, 46.8504942], [130.1899886, 46.8506806], [130.1915087, 46.8510754], [130.1929665, 46.8514089], [130.1956079, 46.8519211]]}}, {"type": "Feature", "properties": {"osmWayId": 1100617188, "highway": "trunk", "name": "京抚公路", "oneway": "yes", "ref": "G102", "sourceMembership": "g102-tag"}, "geometry": {"type": "LineString", "coordinates": [[129.8584819, 46.7222968], [129.8594342, 46.7224479], [129.8608834, 46.7227654], [129.8631012, 46.7233406], [129.8669807, 46.724459], [129.8680709, 46.7246712], [129.8763645, 46.7258057], [129.8772097, 46.7259296], [129.8780548, 46.7261303], [129.8821823, 46.7271536], [129.8869365, 46.7283017], [129.8897663, 46.7289911], [129.8899885, 46.7290336], [129.8915844, 46.7294367], [129.8921778, 46.7295753], [129.8942481, 46.7301541], [129.8943871, 46.7301839], [129.898306, 46.7312833], [129.9004361, 46.7318392], [129.9005496, 46.7318635], [129.9027095, 46.7324429], [129.9048002, 46.733071], [129.9053301, 46.7333402], [129.9056945, 46.7335388], [129.9078984, 46.734764]]}}, {"type": "Feature", "properties": {"osmWayId": 1100617189, "highway": "trunk", "name": "京抚公路", "oneway": "yes", "ref": "G102", "sourceMembership": "g102-tag"}, "geometry": {"type": "LineString", "coordinates": [[129.9139693, 46.7414799], [129.9177105, 46.7467357], [129.9232988, 46.7546029], [129.9241435, 46.7558548], [129.9245685, 46.7566027], [129.9248152, 46.7573591], [129.9247825, 46.7581113], [129.92454, 46.7589179], [129.92418, 46.7597748], [129.9239457, 46.7605925], [129.9240687, 46.7614856], [129.9243846, 46.7622361], [129.9249613, 46.7629182]]}}, {"type": "Feature", "properties": {"osmWayId": 1100617190, "bridge": "yes", "highway": "trunk", "layer": "1", "name": "京抚公路", "oneway": "yes", "ref": "G102", "sourceMembership": "g102-tag"}, "geometry": {"type": "LineString", "coordinates": [[129.9078984, 46.734764], [129.9083792, 46.7351672]]}}, {"type": "Feature", "properties": {"osmWayId": 1100617191, "highway": "trunk", "name": "京抚公路", "oneway": "yes", "ref": "G102", "sourceMembership": "g102-tag"}, "geometry": {"type": "LineString", "coordinates": [[129.9083792, 46.7351672], [129.9114635, 46.7381175], [129.9116346, 46.7382918], [129.9118374, 46.7384984], [129.9132116, 46.7404154], [129.9137968, 46.7412375]]}}, {"type": "Feature", "properties": {"osmWayId": 1100617192, "bridge": "yes", "highway": "trunk", "layer": "1", "name": "京抚公路", "oneway": "yes", "ref": "G102", "sourceMembership": "g102-tag"}, "geometry": {"type": "LineString", "coordinates": [[129.9137968, 46.7412375], [129.9139693, 46.7414799]]}}, {"type": "Feature", "properties": {"osmWayId": 1101334657, "bridge": "yes", "highway": "trunk", "lanes": "2", "layer": "1", "name": "红旗街", "oneway": "yes", "ref": "G102", "sourceMembership": "g102-tag"}, "geometry": {"type": "LineString", "coordinates": [[130.2997867, 46.8223015], [130.3002876, 46.821976]]}}, {"type": "Feature", "properties": {"osmWayId": 1101334659, "bridge": "yes", "highway": "trunk", "lanes": "2", "layer": "1", "name": "红旗街", "oneway": "yes", "ref": "G102", "sourceMembership": "g102-tag"}, "geometry": {"type": "LineString", "coordinates": [[130.3003241, 46.8220203], [130.2998468, 46.8223305]]}}, {"type": "Feature", "properties": {"osmWayId": 1103393258, "highway": "trunk", "lanes": "2", "name": "伯雍西街", "name:en": "Boyong Street", "oneway": "yes", "ref": "G102", "sourceMembership": "g102-tag"}, "geometry": {"type": "LineString", "coordinates": [[117.7412879, 39.8984353], [117.7430715, 39.8983054], [117.743852, 39.8982494], [117.7459711, 39.8980786], [117.7471375, 39.8979889], [117.7472292, 39.8979658]]}}, {"type": "Feature", "properties": {"osmWayId": 1105674520, "highway": "trunk", "name": "朝阳门外大街", "name:en": "Chaoyangmen Outer Street", "name:zh": "朝阳门外大街", "name:zh-Latn-pinyin": "cháoyángmén wài dàJiē", "oneway": "yes", "ref": "G102", "trolley_wire": "yes", "sourceMembership": "g102-tag"}, "geometry": {"type": "LineString", "coordinates": [[116.4453337, 39.9209358], [116.4455214, 39.9208392], [116.4463696, 39.9204306], [116.4464186, 39.920407], [116.4465909, 39.920324]]}}, {"type": "Feature", "properties": {"osmWayId": 1107642711, "highway": "trunk", "lanes": "2", "layer": "1", "oneway": "yes", "ref": "G102", "sourceMembership": "g102-tag"}, "geometry": {"type": "LineString", "coordinates": [[117.8263907, 39.8800375], [117.8259926, 39.8800546], [117.8256001, 39.880072], [117.8235765, 39.8801471], [117.8223479, 39.8801987], [117.8207825, 39.880209], [117.8180186, 39.8801569], [117.8113484, 39.8802204], [117.8077569, 39.880308]]}}, {"type": "Feature", "properties": {"osmWayId": 1107642712, "bridge": "yes", "highway": "trunk", "lanes": "2", "layer": "1", "oneway": "yes", "ref": "G102", "sourceMembership": "g102-tag"}, "geometry": {"type": "LineString", "coordinates": [[117.8268107, 39.8800176], [117.8263907, 39.8800375]]}}, {"type": "Feature", "properties": {"osmWayId": 1107642713, "highway": "trunk", "lanes": "2", "layer": "1", "oneway": "yes", "ref": "G102", "sourceMembership": "g102-tag"}, "geometry": {"type": "LineString", "coordinates": [[117.8077911, 39.8802266], [117.8113445, 39.8801575], [117.8184532, 39.8800796], [117.8223276, 39.8801171], [117.8229626, 39.8800906], [117.8250597, 39.8799895], [117.8251085, 39.8799877], [117.8260755, 39.8799511], [117.8264167, 39.8799382]]}}, {"type": "Feature", "properties": {"osmWayId": 1107642714, "bridge": "yes", "highway": "trunk", "lanes": "2", "layer": "1", "oneway": "yes", "ref": "G102", "sourceMembership": "g102-tag"}, "geometry": {"type": "LineString", "coordinates": [[117.8264167, 39.8799382], [117.8267913, 39.8799242]]}}, {"type": "Feature", "properties": {"osmWayId": 1111807914, "highway": "trunk_link", "junction": "roundabout", "name": "杨闸环岛", "sourceMembership": "g102-relation"}, "geometry": {"type": "LineString", "coordinates": [[116.5946423, 39.9108313], [116.5946822, 39.9109022], [116.5947097, 39.9109817], [116.5947214, 39.911074], [116.5947116, 39.9111706], [116.5946752, 39.9112731], [116.5946139, 39.9113676], [116.5945186, 39.9114601]]}}, {"type": "Feature", "properties": {"osmWayId": 1111807915, "highway": "trunk", "name": "朝阳路", "name:en": "Chaoyang Road", "name:fr": "Route Cháoyáng", "name:zh": "朝阳路", "name:zh-Latn-pinyin": "cháoyáng lù", "oneway": "yes", "ref": "G102", "sourceMembership": "g102-tag"}, "geometry": {"type": "LineString", "coordinates": [[116.6183268, 39.9128737], [116.6177911, 39.9128277]]}}, {"type": "Feature", "properties": {"osmWayId": 1111807923, "highway": "motorway", "lanes": "2", "loc_name": "通燕高速", "name": "通燕高速", "oneway": "yes", "ref": "G102", "short_name": "京哈线", "sourceMembership": "g102-tag"}, "geometry": {"type": "LineString", "coordinates": [[116.6537727, 39.9216082], [116.6513028, 39.9214168]]}}, {"type": "Feature", "properties": {"osmWayId": 1111807924, "highway": "motorway", "lanes": "2", "loc_name": "通燕高速", "name": "通燕高速", "oneway": "yes", "ref": "G102", "short_name": "京哈线", "sourceMembership": "g102-tag"}, "geometry": {"type": "LineString", "coordinates": [[116.6809939, 39.9226363], [116.6800281, 39.9226325], [116.6762971, 39.9227343]]}}, {"type": "Feature", "properties": {"osmWayId": 1112548550, "highway": "trunk", "lanes": "2", "name": "京抚线", "oneway": "yes", "ref": "G102", "source": "Esri", "surface": "asphalt", "sourceMembership": "g102-tag"}, "geometry": {"type": "LineString", "coordinates": [[122.2660876, 41.3257263], [122.2668288, 41.3256508], [122.2671987, 41.3256346], [122.2675422, 41.3256388], [122.2678586, 41.3256491], [122.2681214, 41.3256765], [122.2684876, 41.3257243], [122.2708446, 41.3260186], [122.2718551, 41.3261314], [122.2728266, 41.3262281], [122.2753925, 41.3264518], [122.2772694, 41.3266082], [122.277783, 41.3266559], [122.2784064, 41.3267332], [122.2786848, 41.3267852], [122.2790173, 41.3268601], [122.2793119, 41.3269459], [122.2795917, 41.3270411], [122.2798918, 41.3271479], [122.2821674, 41.3281676], [122.2986874, 41.3356872], [122.3023724, 41.3373685], [122.3059767, 41.3390558], [122.3110635, 41.3414305], [122.3178033, 41.3446115], [122.3182004, 41.3448119], [122.318563, 41.3450055], [122.3190222, 41.3452695], [122.3356439, 41.3555486], [122.3358675, 41.3556731], [122.336197, 41.3558215], [122.3366391, 41.3560057], [122.3369518, 41.3561009], [122.3372477, 41.3561839], [122.3376116, 41.3562655], [122.3379788, 41.3563391], [122.3391907, 41.3565277], [122.3437052, 41.3572058], [122.361718, 41.3598943], [122.3618156, 41.3599088]]}}, {"type": "Feature", "properties": {"osmWayId": 1112548551, "bridge": "yes", "highway": "trunk", "lanes": "2", "layer": "1", "name": "京抚线", "oneway": "yes", "ref": "G102", "source": "Esri", "surface": "asphalt", "sourceMembership": "g102-tag"}, "geometry": {"type": "LineString", "coordinates": [[122.2653376, 41.325847], [122.2660876, 41.3257263]]}}, {"type": "Feature", "properties": {"osmWayId": 1115884112, "highway": "trunk", "name": "朝阳门外大街", "name:en": "Outer Chaoyangmen Street", "name:zh": "朝阳门外大街", "name:zh-Latn-pinyin": "cháoyángmén wài dàJiē", "oneway": "yes", "ref": "G102", "surface": "asphalt", "trolley_wire": "yes", "sourceMembership": "g102-tag"}, "geometry": {"type": "LineString", "coordinates": [[116.444119, 39.9215874], [116.4439879, 39.9215934]]}}, {"type": "Feature", "properties": {"osmWayId": 1122024073, "highway": "trunk", "name": "京抚线", "ref": "G102", "source": "Bing", "sourceMembership": "g102-tag"}, "geometry": {"type": "LineString", "coordinates": [[133.7815881, 47.5940345], [133.7924158, 47.5942391], [133.79252, 47.5942411], [133.7981437, 47.5943458], [133.8260506, 47.5948654], [133.8332292, 47.594999], [133.8613632, 47.595459], [133.8745038, 47.5956915], [133.8758664, 47.5957157], [133.8766936, 47.5957303], [133.8781902, 47.5957568], [133.8790775, 47.5957725], [133.8824125, 47.5958315]]}}, {"type": "Feature", "properties": {"osmWayId": 1122024074, "highway": "trunk", "name": "京抚线;丹阿线", "ref": "G102;G331", "source": "Bing", "sourceMembership": "g102-tag"}, "geometry": {"type": "LineString", "coordinates": [[134.2515019, 48.1510181], [134.2569395, 48.1539813], [134.2584888, 48.1549446], [134.2586565, 48.155063], [134.2589063, 48.1552394], [134.2598749, 48.1559234], [134.2613184, 48.1570708], [134.2626274, 48.1582587], [134.2650261, 48.1609435], [134.2713776, 48.1683326], [134.2720311, 48.1690928], [134.2788097, 48.1769035], [134.2847717, 48.1837722], [134.2853526, 48.1844414], [134.286964, 48.1863787], [134.2884439, 48.1880545], [134.2889618, 48.1885986], [134.2893515, 48.1890471], [134.2917803, 48.1918308]]}}, {"type": "Feature", "properties": {"osmWayId": 1122024077, "highway": "trunk", "name": "京抚线", "oneway": "yes", "ref": "G102;G331", "sourceMembership": "g102-tag"}, "geometry": {"type": "LineString", "coordinates": [[134.2917803, 48.1918308], [134.2922871, 48.1923467], [134.2927865, 48.1928903], [134.2931024, 48.1932341], [134.2931672, 48.1933146]]}}, {"type": "Feature", "properties": {"osmWayId": 1122024078, "highway": "trunk", "name": "京抚线", "oneway": "yes", "ref": "G102;G331", "sourceMembership": "g102-tag"}, "geometry": {"type": "LineString", "coordinates": [[134.2930544, 48.1933583], [134.29298, 48.1932793], [134.2926765, 48.1929287], [134.2922979, 48.1924911], [134.2917803, 48.1918308]]}}, {"type": "Feature", "properties": {"osmWayId": 1122024079, "highway": "trunk", "name": "京抚线", "oneway": "yes", "ref": "G102", "sourceMembership": "g102-tag"}, "geometry": {"type": "LineString", "coordinates": [[134.2941413, 48.1945324], [134.2937739, 48.1941967], [134.2933006, 48.1936452], [134.2930544, 48.1933583]]}}, {"type": "Feature", "properties": {"osmWayId": 1122024080, "highway": "trunk", "name": "京抚线", "oneway": "yes", "ref": "G102", "sourceMembership": "g102-tag"}, "geometry": {"type": "LineString", "coordinates": [[134.2931672, 48.1933146], [134.293408, 48.1936076], [134.2938605, 48.1941582], [134.2941413, 48.1945324]]}}, {"type": "Feature", "properties": {"osmWayId": 1126713760, "highway": "trunk", "lanes": "2", "layer": "1", "name": "京抚线", "oneway": "yes", "ref": "G102", "sourceMembership": "g102-tag"}, "geometry": {"type": "LineString", "coordinates": [[117.9563748, 39.8726194], [117.9556072, 39.8727178], [117.9521727, 39.8728153], [117.9503539, 39.8728547], [117.9491804, 39.8728948], [117.9464273, 39.8729795], [117.9457306, 39.8730009], [117.9446993, 39.8730321], [117.9438723, 39.8730627], [117.9425374, 39.8731704], [117.9413675, 39.8732942], [117.9400503, 39.8734619], [117.93733, 39.8739558], [117.9367828, 39.8740493], [117.9359137, 39.8741399], [117.9352084, 39.8741715], [117.9345256, 39.8742018], [117.9338482, 39.8742018], [117.9329521, 39.8741671], [117.9322882, 39.8741426], [117.9277507, 39.8739347]]}}, {"type": "Feature", "properties": {"osmWayId": 1126713761, "bridge": "yes", "highway": "trunk", "lanes": "2", "layer": "1", "name": "京抚线", "oneway": "yes", "ref": "G102", "sourceMembership": "g102-tag"}, "geometry": {"type": "LineString", "coordinates": [[117.9277507, 39.8739347], [117.9268007, 39.873887]]}}, {"type": "Feature", "properties": {"osmWayId": 1126713762, "highway": "trunk", "lanes": "2", "layer": "1", "name": "京抚线", "oneway": "yes", "ref": "G102", "sourceMembership": "g102-tag"}, "geometry": {"type": "LineString", "coordinates": [[117.9277544, 39.8738486], [117.9288357, 39.8739107], [117.9322837, 39.8740505], [117.9329757, 39.8740985], [117.9338081, 39.8741301], [117.934542, 39.8741312], [117.9358924, 39.8740706], [117.9367934, 39.8739769], [117.9400866, 39.8733902], [117.9412853, 39.8732168], [117.9423809, 39.8730995], [117.9438089, 39.8729821], [117.944589, 39.8729563], [117.945759, 39.8729283], [117.9480987, 39.8728671], [117.9503505, 39.8727969], [117.9521735, 39.8727686], [117.9563748, 39.8726194]]}}, {"type": "Feature", "properties": {"osmWayId": 1126713763, "bridge": "yes", "highway": "trunk", "lanes": "2", "layer": "1", "name": "京抚线", "oneway": "yes", "ref": "G102", "sourceMembership": "g102-tag"}, "geometry": {"type": "LineString", "coordinates": [[117.9268019, 39.8738008], [117.9277544, 39.8738486]]}}, {"type": "Feature", "properties": {"osmWayId": 1129028010, "foot": "yes", "highway": "trunk", "lanes": "4", "name": "京抚线", "ref": "G102", "surface": "asphalt", "sourceMembership": "g102-tag"}, "geometry": {"type": "LineString", "coordinates": [[117.5494274, 39.9312122], [117.5500229, 39.930809], [117.5504762, 39.9305108], [117.5522357, 39.9295236], [117.5544995, 39.92831], [117.5552398, 39.9279131], [117.5556448, 39.9277279], [117.5563368, 39.9274256], [117.5592376, 39.9262149], [117.5595562, 39.9260835], [117.5628036, 39.9247331], [117.5637236, 39.9243957], [117.5641367, 39.9242723], [117.5650019, 39.9240541]]}}, {"type": "Feature", "properties": {"osmWayId": 1129028011, "foot": "yes", "highway": "trunk", "lanes": "2", "name": "京抚线", "oneway": "yes", "ref": "G102", "surface": "asphalt", "sourceMembership": "g102-tag"}, "geometry": {"type": "LineString", "coordinates": [[117.4330978, 39.9726455], [117.4331986, 39.9726182], [117.4368159, 39.9716568], [117.4404146, 39.9707171], [117.4412604, 39.970504], [117.4413628, 39.9704767], [117.4454501, 39.9693984], [117.4492164, 39.9683659], [117.4541306, 39.9670171], [117.4561375, 39.9664672], [117.4592345, 39.9656131], [117.4608311, 39.9651867], [117.4664149, 39.9636549], [117.4697497, 39.9627404], [117.4784636, 39.9603502], [117.4816843, 39.9594979], [117.4836226, 39.9590037], [117.4850356, 39.9586462], [117.4884246, 39.9578204], [117.4890703, 39.9576478], [117.4896329, 39.9575075], [117.4900853, 39.9573686], [117.4903704, 39.9572775]]}}, {"type": "Feature", "properties": {"osmWayId": 1129028012, "foot": "yes", "highway": "trunk", "lanes": "2", "name": "京抚线", "oneway": "yes", "ref": "G102", "surface": "asphalt", "sourceMembership": "g102-tag"}, "geometry": {"type": "LineString", "coordinates": [[117.4903802, 39.95736], [117.490236, 39.9574075], [117.4896656, 39.9575756], [117.4890939, 39.9577249], [117.488456, 39.9578838], [117.4850723, 39.9587235], [117.4817227, 39.9595609], [117.4785424, 39.9604085], [117.4735403, 39.9617798], [117.466443, 39.9637231], [117.4653623, 39.964019], [117.460856, 39.9652669], [117.4601913, 39.9654439], [117.4592998, 39.9656898], [117.4592226, 39.9657088], [117.4588871, 39.9657978], [117.4583175, 39.9659492], [117.4561849, 39.9665673], [117.4541668, 39.9671049], [117.4492536, 39.9684372], [117.4454749, 39.9694618], [117.4413869, 39.9705487], [117.4412892, 39.9705775], [117.4404572, 39.9707902], [117.4387247, 39.971248], [117.4371446, 39.9716502], [117.4368317, 39.9717298], [117.4332227, 39.9726865]]}}, {"type": "Feature", "properties": {"osmWayId": 1136116760, "highway": "trunk", "lanes": "2", "name": "京抚线", "oneway": "yes", "ref": "G102", "sourceMembership": "g102-tag"}, "geometry": {"type": "LineString", "coordinates": [[125.4178507, 44.0438914], [125.4170251, 44.0499522], [125.4169525, 44.0504159], [125.4166595, 44.0526951]]}}, {"type": "Feature", "properties": {"osmWayId": 1137368948, "highway": "trunk", "name": "京抚线", "oneway": "yes", "ref": "G102", "sourceMembership": "g102-tag"}, "geometry": {"type": "LineString", "coordinates": [[126.6473525, 45.9769733], [126.6495574, 45.9769927], [126.6506074, 45.9770019], [126.6512893, 45.9770044], [126.6532061, 45.9770626]]}}, {"type": "Feature", "properties": {"osmWayId": 1137368949, "highway": "trunk", "lanes": "4", "lanes:forward": "2", "name": "萧红大道", "oneway": "yes", "ref": "G102", "source": "yahoo imagery", "sourceMembership": "g102-tag"}, "geometry": {"type": "LineString", "coordinates": [[126.635047, 45.9773457], [126.6322936, 45.9775021], [126.6317243, 45.9775052]]}}, {"type": "Feature", "properties": {"osmWayId": 1137368951, "highway": "trunk", "name": "京抚线", "oneway": "yes", "ref": "G102", "sourceMembership": "g102-tag"}, "geometry": {"type": "LineString", "coordinates": [[126.6532061, 45.9770626], [126.651868, 45.9770807], [126.6512752, 45.9770887], [126.6496003, 45.9770778], [126.6495434, 45.9770774], [126.6473502, 45.9770632]]}}, {"type": "Feature", "properties": {"osmWayId": 1139114048, "highway": "trunk", "lanes": "2", "name": "关城北路", "oneway": "yes", "ref": "G102;G205", "sourceMembership": "g102-tag"}, "geometry": {"type": "LineString", "coordinates": [[119.7681286, 40.0267112], [119.7680441, 40.0267404]]}}, {"type": "Feature", "properties": {"osmWayId": 1139114049, "highway": "trunk", "lanes": "2", "name": "关城北路", "oneway": "yes", "ref": "G205", "sourceMembership": "g102-relation"}, "geometry": {"type": "LineString", "coordinates": [[119.7680441, 40.0267404], [119.767976, 40.026642]]}}, {"type": "Feature", "properties": {"osmWayId": 1139114053, "highway": "trunk", "name": "京抚线", "oneway": "yes", "ref": "G102", "sourceMembership": "g102-tag"}, "geometry": {"type": "LineString", "coordinates": [[119.7680441, 40.0267404], [119.7679374, 40.0267742], [119.767489, 40.0269028], [119.7671777, 40.0270298], [119.7668537, 40.0271612], [119.7665625, 40.0273084], [119.7644025, 40.0288934]]}}, {"type": "Feature", "properties": {"osmWayId": 1139114054, "bridge": "yes", "highway": "trunk", "layer": "1", "name": "京抚线", "oneway": "yes", "ref": "G102", "sourceMembership": "g102-tag"}, "geometry": {"type": "LineString", "coordinates": [[119.7644025, 40.0288934], [119.7636591, 40.0294314]]}}, {"type": "Feature", "properties": {"osmWayId": 1139114055, "highway": "trunk", "name": "京抚线", "oneway": "yes", "ref": "G102", "sourceMembership": "g102-tag"}, "geometry": {"type": "LineString", "coordinates": [[119.7643068, 40.0288241], [119.7661729, 40.0273971], [119.7664819, 40.0272247], [119.7667491, 40.0270645], [119.7670854, 40.0269159], [119.7672562, 40.0268698], [119.7678877, 40.0266655], [119.767976, 40.026642], [119.7680611, 40.0266188]]}}, {"type": "Feature", "properties": {"osmWayId": 1139114056, "bridge": "yes", "highway": "trunk", "layer": "1", "name": "京抚线", "oneway": "yes", "ref": "G102", "sourceMembership": "g102-tag"}, "geometry": {"type": "LineString", "coordinates": [[119.7634584, 40.0293357], [119.7643068, 40.0288241]]}}, {"type": "Feature", "properties": {"osmWayId": 1141825452, "highway": "trunk", "lanes": "2", "name": "京抚线", "old_ref": "G102", "oneway": "yes", "ref": "G505", "source": "Bing", "sourceMembership": "g102-tag"}, "geometry": {"type": "LineString", "coordinates": [[124.0418241, 42.5211405], [124.0418012, 42.5212407]]}}, {"type": "Feature", "properties": {"osmWayId": 1141825453, "bridge": "yes", "highway": "trunk", "lanes": "2", "layer": "1", "name": "京抚线", "old_ref": "G102", "oneway": "yes", "ref": "G505", "source": "Bing", "sourceMembership": "g102-tag"}, "geometry": {"type": "LineString", "coordinates": [[124.0418012, 42.5212407], [124.0416264, 42.5214526]]}}, {"type": "Feature", "properties": {"osmWayId": 1141825454, "highway": "trunk", "lanes": "2", "name": "京抚线", "old_ref": "G102", "oneway": "yes", "ref": "G505", "source": "Bing", "sourceMembership": "g102-tag"}, "geometry": {"type": "LineString", "coordinates": [[124.0417179, 42.5211989], [124.0418241, 42.5211405]]}}, {"type": "Feature", "properties": {"osmWayId": 1141825455, "bridge": "yes", "highway": "trunk", "lanes": "2", "layer": "1", "name": "京抚线", "old_ref": "G102", "oneway": "yes", "ref": "G505", "source": "Bing", "sourceMembership": "g102-tag"}, "geometry": {"type": "LineString", "coordinates": [[124.0415414, 42.5214154], [124.0417179, 42.5211989]]}}, {"type": "Feature", "properties": {"osmWayId": 1167859599, "highway": "trunk", "name": "京抚线", "ref": "G102", "source": "bing", "sourceMembership": "g102-tag"}, "geometry": {"type": "LineString", "coordinates": [[121.2509622, 41.0928933], [121.2480856, 41.0916729], [121.2458464, 41.0907115], [121.2446418, 41.0901964], [121.2431709, 41.0895988], [121.2397252, 41.0880939]]}}, {"type": "Feature", "properties": {"osmWayId": 1167859600, "bridge": "yes", "highway": "trunk", "layer": "1", "name": "京抚线", "ref": "G102", "source": "bing", "sourceMembership": "g102-tag"}, "geometry": {"type": "LineString", "coordinates": [[121.2512108, 41.0929987], [121.2509622, 41.0928933]]}}, {"type": "Feature", "properties": {"osmWayId": 1174152171, "highway": "trunk", "lanes": "2", "name": "京抚线;沈盘线", "oneway": "yes", "ref": "G102;S102", "source": "bing", "sourceMembership": "g102-tag"}, "geometry": {"type": "LineString", "coordinates": [[122.7134874, 41.475627], [122.7168039, 41.4767188], [122.7176082, 41.4770576], [122.7180862, 41.4773398], [122.7185876, 41.4777808], [122.7190449, 41.4784285], [122.7232167, 41.4858924], [122.7237278, 41.4866903], [122.7243862, 41.4873377], [122.7252998, 41.4879344], [122.726233, 41.4883613], [122.7268009, 41.4885684], [122.7275411, 41.488719], [122.7287278, 41.4887751], [122.7321573, 41.4886588], [122.745244, 41.4880992], [122.7464647, 41.4881617], [122.7474024, 41.4882895], [122.7482706, 41.4884589], [122.7495501, 41.4888173], [122.7505987, 41.4891852], [122.7515748, 41.4896553], [122.7520337, 41.4899712], [122.7524536, 41.4902602], [122.7532462, 41.4908718], [122.7539895, 41.4915304], [122.754638, 41.4922314], [122.7552492, 41.4931228], [122.7557334, 41.4942223], [122.7573231, 41.4984088], [122.7606508, 41.5071715], [122.7607702, 41.5072876], [122.7616909, 41.5072291], [122.7626379, 41.507088], [122.7651462, 41.5066373], [122.7672222, 41.506251], [122.7698079, 41.5057699], [122.774516, 41.5048884], [122.7747676, 41.5048401], [122.775289, 41.5047399]]}}, {"type": "Feature", "properties": {"osmWayId": 1174152172, "bridge": "yes", "highway": "trunk", "lanes": "2", "layer": "1", "name": "京抚线;沈盘线", "oneway": "yes", "ref": "G102;S102", "source": "bing", "sourceMembership": "g102-tag"}, "geometry": {"type": "LineString", "coordinates": [[122.775289, 41.5047399], [122.7762625, 41.5045528]]}}, {"type": "Feature", "properties": {"osmWayId": 1174152173, "highway": "trunk", "lanes": "2", "name": "京抚线;沈盘线", "oneway": "yes", "ref": "G102;S102", "source": "bing", "sourceMembership": "g102-tag"}, "geometry": {"type": "LineString", "coordinates": [[122.7753244, 41.5048538], [122.7748328, 41.5049478], [122.7698425, 41.5058833], [122.7672613, 41.5063605], [122.7651864, 41.5067442], [122.7626766, 41.5072059], [122.7617196, 41.5073485], [122.760809, 41.5074064], [122.7606598, 41.5073637], [122.7605448, 41.5072396], [122.7572001, 41.4984322], [122.7556214, 41.4942746], [122.7551412, 41.4931841], [122.7545384, 41.492305], [122.7538983, 41.491613], [122.7531618, 41.4909604], [122.7523748, 41.4903532], [122.7520622, 41.490138], [122.7515068, 41.4897558], [122.7505472, 41.4892937], [122.7495111, 41.4889301], [122.7482426, 41.4885748], [122.7475486, 41.4884394], [122.7473854, 41.4884076], [122.7464595, 41.4882814], [122.7452535, 41.4882196], [122.7321661, 41.488713], [122.7287245, 41.4888202], [122.7275194, 41.4887622], [122.7267734, 41.4886117], [122.726198, 41.4883888], [122.7252559, 41.4879609], [122.7243028, 41.4874279], [122.7236285, 41.4867649], [122.7231103, 41.4859559], [122.7189395, 41.4784938], [122.7184915, 41.4778592], [122.7180075, 41.4774335], [122.7175474, 41.4771619], [122.7167583, 41.4768295], [122.7135875, 41.4757243]]}}, {"type": "Feature", "properties": {"osmWayId": 1174152174, "bridge": "yes", "highway": "trunk", "lanes": "2", "layer": "1", "name": "京抚线;沈盘线", "oneway": "yes", "ref": "G102;S102", "source": "bing", "sourceMembership": "g102-tag"}, "geometry": {"type": "LineString", "coordinates": [[122.7762879, 41.5046697], [122.7753244, 41.5048538]]}}, {"type": "Feature", "properties": {"osmWayId": 1178017757, "alt_name:ru": "Годао 102", "bridge": "yes", "highway": "trunk", "layer": "1", "name": "哈双路", "name:ru": "Пекин — Харбин", "name:zh": "京抚线", "note": "trunk road superceded by G1", "oneway": "yes", "ref": "G102", "sourceMembership": "g102-tag"}, "geometry": {"type": "LineString", "coordinates": [[126.4851207, 45.5536046], [126.484225, 45.5524681]]}}, {"type": "Feature", "properties": {"osmWayId": 1184796490, "alt_name:ru": "Годао 102", "highway": "trunk", "name": "京抚线", "name:ru": "Пекин — Харбин", "note": "trunk road superceded by G1", "oneway": "yes", "ref": "G102", "sourceMembership": "g102-tag"}, "geometry": {"type": "LineString", "coordinates": [[126.3648004, 45.392565], [126.3644494, 45.3921263], [126.3644163, 45.392085], [126.3639658, 45.3914602], [126.3627029, 45.3897087], [126.3604562, 45.3865925], [126.358373, 45.3835246], [126.3578015, 45.3826706], [126.3577547, 45.3825899], [126.3572458, 45.38174], [126.3571076, 45.3815092], [126.3565532, 45.3805445], [126.3558648, 45.3793465], [126.3557252, 45.3790985], [126.3547273, 45.3773264], [126.3547145, 45.3769539]]}}, {"type": "Feature", "properties": {"osmWayId": 1186049828, "highway": "trunk", "name": "京抚线", "oneway": "yes", "ref": "G102", "sourceMembership": "g102-tag"}, "geometry": {"type": "LineString", "coordinates": [[132.4919002, 47.3293715], [132.5130497, 47.3304813], [132.5144767, 47.3305431], [132.5160109, 47.3305649], [132.5173049, 47.3305613], [132.5189259, 47.3305085], [132.5209872, 47.3303861], [132.5228049, 47.3302015], [132.5245461, 47.3299856], [132.5260326, 47.3297457], [132.5274058, 47.3294867], [132.528779, 47.3291892], [132.5300956, 47.3288822], [132.5313272, 47.3285559], [132.5330119, 47.3280522], [132.5343143, 47.3276108], [132.5362467, 47.3268959], [132.537896, 47.3262002], [132.5393683, 47.3255189], [132.5407132, 47.3248232], [132.5420156, 47.3240987], [132.5432968, 47.323331], [132.5443515, 47.3226256], [132.545576, 47.3217619], [132.5494938, 47.3187695], [132.5678418, 47.3047527], [132.5839261, 47.2924573], [132.5839613, 47.2924304], [132.595368, 47.2837351], [132.5958778, 47.2833845], [132.5969019, 47.2826766], [132.5980258, 47.2819119], [132.5984195, 47.2816795], [132.5991013, 47.2812668], [132.600104, 47.2806969], [132.6008788, 47.2802767], [132.6016218, 47.2798951], [132.6023909, 47.2795177], [132.6031975, 47.2791207], [132.6038626, 47.2788177], [132.6047662, 47.2784216], [132.6055625, 47.2781038], [132.60622, 47.2778468], [132.6069689, 47.277565], [132.6078992, 47.277225], [132.608581, 47.2769873], [132.6093609, 47.2767339], [132.6099867, 47.2765374], [132.6105564, 47.2763663], [132.6112756, 47.2761541], [132.6120134, 47.2759513], [132.6125972, 47.275796], [132.6133304, 47.2756122], [132.614199, 47.2754063], [132.6149742, 47.2752289], [132.6157635, 47.2750673], [132.6168235, 47.274855], [132.6180751, 47.2746522], [132.6205222, 47.2743195], [132.6227451, 47.274028], [132.6257713, 47.2736288], [132.6306234, 47.272995], [132.6359839, 47.2723001], [132.6411122, 47.2716262], [132.6455954, 47.27104], [132.6517318, 47.2702351], [132.6532962, 47.2700323], [132.6543096, 47.2699087], [132.6550101, 47.2698358], [132.655846, 47.2697566], [132.6564905, 47.2697027], [132.6575599, 47.269633], [132.6583632, 47.2695918], [132.659498, 47.2695411], [132.6604553, 47.2695189], [132.6616088, 47.2695094], [132.6624354, 47.2695158], [132.6633227, 47.2695316], [132.6643081, 47.2695633], [132.6651954, 47.2696045], [132.666134, 47.2696615], [132.6670167, 47.2697313], [132.6685905, 47.2698865], [132.6688463, 47.2699173], [132.6697326, 47.2700238], [132.6703928, 47.2701032], [132.6705145, 47.2701178], [132.6712757, 47.2702256], [132.672107, 47.2703523], [132.673083, 47.2705203], [132.6741431, 47.2707199], [132.6751238, 47.2709291], [132.6767863, 47.2712998], [132.6781079, 47.2716452], [132.6785975, 47.2717804]]}}, {"type": "Feature", "properties": {"osmWayId": 1189182527, "highway": "motorway", "lanes": "2", "loc_name": "通燕高速", "name": "通燕高速", "oneway": "yes", "ref": "G102", "short_name": "京哈线", "sourceMembership": "g102-tag"}, "geometry": {"type": "LineString", "coordinates": [[116.6756625, 39.9226596], [116.6800251, 39.9225467], [116.6806576, 39.9225446], [116.6809892, 39.9225435]]}}, {"type": "Feature", "properties": {"osmWayId": 1189182528, "highway": "motorway", "lanes": "2", "loc_name": "通燕高速", "name": "通燕高速", "oneway": "yes", "ref": "G102", "short_name": "京哈线", "sourceMembership": "g102-tag"}, "geometry": {"type": "LineString", "coordinates": [[116.6535297, 39.9214862], [116.6546579, 39.9215502]]}}, {"type": "Feature", "properties": {"osmWayId": 1195201147, "highway": "trunk", "lanes": "2", "name": "102国道", "name:en": "G102", "name:zh": "102国道", "oneway": "yes", "ref": "G102", "sourceMembership": "g102-tag"}, "geometry": {"type": "LineString", "coordinates": [[125.4252236, 44.0247122], [125.4253013, 44.024557], [125.4256892, 44.0238502], [125.4260849, 44.0232165], [125.4263468, 44.0225929], [125.4265911, 44.0217992], [125.4267232, 44.0210713], [125.4267872, 44.0204766], [125.426752, 44.0195092], [125.4264345, 44.0162294], [125.4264659, 44.0153143], [125.4264853, 44.014543], [125.4265981, 44.0134626], [125.4270307, 44.0105262], [125.4276921, 44.0059553], [125.427803, 44.0055182], [125.4278436, 44.0053581]]}}, {"type": "Feature", "properties": {"osmWayId": 1195201148, "highway": "trunk", "lanes": "2", "name": "102国道", "name:en": "G102", "name:zh": "102国道", "oneway": "yes", "ref": "G102", "sourceMembership": "g102-tag"}, "geometry": {"type": "LineString", "coordinates": [[125.4279688, 44.005365], [125.4279495, 44.0054677], [125.4277264, 44.0066547], [125.4271424, 44.0105351], [125.4270255, 44.0113287], [125.4267101, 44.0134699], [125.4265976, 44.0145468], [125.4265783, 44.0153141], [125.4265784, 44.0162302], [125.4268643, 44.0195059], [125.4268997, 44.0204787], [125.426835, 44.0210797], [125.4267019, 44.0218132], [125.4264556, 44.0226133], [125.4261912, 44.0232431], [125.4259399, 44.0236983], [125.4256542, 44.024216], [125.425397, 44.0246818], [125.4253078, 44.0248361]]}}, {"type": "Feature", "properties": {"osmWayId": 1195201165, "highway": "trunk", "lanes": "2", "name": "京抚线", "oneway": "yes", "ref": "G102", "sourceMembership": "g102-tag"}, "geometry": {"type": "LineString", "coordinates": [[125.4342008, 44.0882413], [125.4341081, 44.0881354], [125.4337132, 44.0876572], [125.4265416, 44.0791306], [125.422548, 44.0743708], [125.4220863, 44.0738033], [125.4219192, 44.0735967], [125.4217218, 44.0733477], [125.4215628, 44.0731281], [125.4214428, 44.0729542], [125.4213248, 44.0727828], [125.4212129, 44.0726227], [125.4210576, 44.0723815], [125.4209164, 44.0721612], [125.4202564, 44.0710872], [125.4166056, 44.0637457], [125.4161753, 44.0628883], [125.4159036, 44.0621165], [125.4158055, 44.0617011], [125.4156739, 44.0610794]]}}, {"type": "Feature", "properties": {"osmWayId": 1195201166, "highway": "trunk", "lanes": "2", "name": "长德大街", "oneway": "yes", "ref": "G102", "sourceMembership": "g102-tag"}, "geometry": {"type": "LineString", "coordinates": [[125.4392603, 44.096834], [125.43965, 44.0976866], [125.4397204, 44.0978498], [125.4398021, 44.0980392], [125.4405476, 44.0996287], [125.4407837, 44.1000603], [125.4409606, 44.1003422], [125.4411691, 44.1006181], [125.4413694, 44.1008739], [125.4416969, 44.1012187], [125.4448401, 44.1039474], [125.4471489, 44.1059366], [125.4472661, 44.1060371], [125.4542707, 44.1120675], [125.4558609, 44.1132215], [125.4585603, 44.1156981], [125.461186, 44.1180217], [125.4627179, 44.1192919], [125.4627288, 44.119301], [125.466863, 44.1229031], [125.4713369, 44.1267312], [125.4714002, 44.1267858], [125.4760147, 44.130674], [125.4764716, 44.1309715], [125.476965, 44.1312409]]}}, {"type": "Feature", "properties": {"osmWayId": 1195448904, "access": "no", "highway": "trunk", "lanes": "2", "name": "京抚线", "oneway": "yes", "ref": "G102", "sourceMembership": "g102-tag"}, "geometry": {"type": "LineString", "coordinates": [[125.4156739, 44.0610794], [125.4156583, 44.0609624], [125.4156301, 44.060703], [125.4156087, 44.0604659], [125.4156006, 44.059878], [125.4156221, 44.0594154], [125.4156612, 44.0590498], [125.4156861, 44.0587758], [125.4160516, 44.0560582], [125.4161484, 44.0553718]]}}, {"type": "Feature", "properties": {"osmWayId": 1195448905, "access": "no", "highway": "trunk", "lanes": "2", "name": "京抚线", "oneway": "yes", "ref": "G102", "sourceMembership": "g102-tag"}, "geometry": {"type": "LineString", "coordinates": [[125.4163066, 44.0553798], [125.4160623, 44.0570599], [125.4158405, 44.058748], [125.4157585, 44.0592743], [125.4157278, 44.0598633], [125.4157607, 44.060606], [125.4158046, 44.060992]]}}, {"type": "Feature", "properties": {"osmWayId": 1196674589, "highway": "trunk", "lanes": "2", "name": "长德大街", "oneway": "yes", "ref": "G102", "sourceMembership": "g102-tag"}, "geometry": {"type": "LineString", "coordinates": [[125.476965, 44.1312409], [125.4774412, 44.1314723], [125.4779549, 44.1316988], [125.4784362, 44.1318728], [125.4788585, 44.1320119], [125.4860461, 44.1339978], [125.4904542, 44.1352157], [125.490704, 44.1352809], [125.4946446, 44.1363827], [125.4954796, 44.1366149], [125.4963612, 44.1368602], [125.4973057, 44.1371229], [125.5016743, 44.1383725], [125.5040486, 44.1390933], [125.5042895, 44.1391716], [125.5049756, 44.1393777], [125.5121896, 44.1415444], [125.5123434, 44.1415884], [125.5165151, 44.1428704]]}}, {"type": "Feature", "properties": {"osmWayId": 1196674590, "highway": "trunk", "lanes": "2", "name": "长德大街", "oneway": "yes", "ref": "G102", "sourceMembership": "g102-tag"}, "geometry": {"type": "LineString", "coordinates": [[125.4768693, 44.1313221], [125.4763786, 44.131043], [125.4759187, 44.1307523], [125.4725808, 44.1279022], [125.4712789, 44.1268197], [125.4626225, 44.1193504], [125.4610851, 44.1180796], [125.4600026, 44.1171217], [125.4584625, 44.1157588], [125.4541358, 44.112141], [125.4471465, 44.1060849], [125.4470236, 44.1059811], [125.4447923, 44.1040642], [125.4416611, 44.1013358], [125.4414453, 44.1011123], [125.4412338, 44.1008851], [125.4410481, 44.1006584], [125.4408773, 44.1004286], [125.4407168, 44.1001903], [125.4405612, 44.0999293], [125.4404173, 44.0996564], [125.4395977, 44.0978897], [125.4395225, 44.0977298], [125.4374461, 44.0931928], [125.4366873, 44.0915452], [125.4364949, 44.091204], [125.4362609, 44.0908314], [125.4357201, 44.0900706], [125.4342008, 44.0882413]]}}, {"type": "Feature", "properties": {"osmWayId": 1196674591, "bridge": "yes", "highway": "trunk", "lanes": "2", "layer": "1", "name": "长德大街", "oneway": "yes", "ref": "G102", "sourceMembership": "g102-tag"}, "geometry": {"type": "LineString", "coordinates": [[125.5165151, 44.1428704], [125.5172109, 44.1430658]]}}, {"type": "Feature", "properties": {"osmWayId": 1196674592, "bridge": "yes", "highway": "trunk", "lanes": "2", "layer": "1", "name": "长德大街", "oneway": "yes", "ref": "G102", "sourceMembership": "g102-tag"}, "geometry": {"type": "LineString", "coordinates": [[125.5172081, 44.1431666], [125.5165019, 44.1429644]]}}, {"type": "Feature", "properties": {"osmWayId": 1199491287, "bridge": "yes", "highway": "trunk", "layer": "2", "oneway": "yes", "ref": "G102;G302", "sourceMembership": "g102-tag"}, "geometry": {"type": "LineString", "coordinates": [[125.4202027, 43.9310071], [125.4202534, 43.9312229], [125.4203251, 43.9315284]]}}, {"type": "Feature", "properties": {"osmWayId": 1199491288, "bridge": "yes", "highway": "trunk", "layer": "2", "oneway": "yes", "ref": "G102;G302", "surface": "asphalt", "sourceMembership": "g102-tag"}, "geometry": {"type": "LineString", "coordinates": [[125.4201719, 43.931431], [125.4200557, 43.9309276]]}}, {"type": "Feature", "properties": {"osmWayId": 1217076643, "highway": "trunk", "name": "锦绣大街", "oneway": "yes", "ref": "G102", "sourceMembership": "g102-tag"}, "geometry": {"type": "LineString", "coordinates": [[131.9844064, 47.2167913], [131.9846043, 47.2171604], [131.9848205, 47.2173715], [131.9850593, 47.2175153], [131.9865398, 47.2182036], [131.9868296, 47.2183384], [131.992501, 47.2209696], [132.0054699, 47.2270361], [132.0104116, 47.2293304], [132.0116233, 47.2298382], [132.0129522, 47.2303459], [132.0140063, 47.2307375], [132.016146, 47.2314471], [132.0170212, 47.2317011], [132.0172316, 47.2317622], [132.0227607, 47.233278], [132.0229223, 47.2333233], [132.0279321, 47.2347289], [132.0292774, 47.2351082], [132.0294391, 47.2351537], [132.0340592, 47.2364562], [132.0342064, 47.2364977], [132.0347683, 47.2366561], [132.0365052, 47.2371371], [132.0385876, 47.2376925], [132.0401469, 47.2381456], [132.0411109, 47.2384147], [132.0430614, 47.238953], [132.04462, 47.2393628], [132.0457957, 47.2396717], [132.047776, 47.2401205], [132.047913, 47.2401515]]}}, {"type": "Feature", "properties": {"osmWayId": 1254301627, "highway": "trunk", "name": "泃阳西大街", "name:en": "Juyang West Street", "name:zh": "泃阳西大街", "oneway": "yes", "ref": "G102;G230", "source": "Maxar Premium Imagery", "sourceMembership": "g102-tag"}, "geometry": {"type": "LineString", "coordinates": [[117.0437911, 39.9828254], [117.0436813, 39.9828116]]}}, {"type": "Feature", "properties": {"osmWayId": 1254496326, "highway": "trunk", "lanes": "2", "name": "京榆大街", "oneway": "yes", "ref": "G102", "source": "Yahoo", "sourceMembership": "g102-tag"}, "geometry": {"type": "LineString", "coordinates": [[116.8087537, 39.9426422], [116.808878, 39.9426369]]}}, {"type": "Feature", "properties": {"osmWayId": 1254497749, "highway": "trunk", "lanes": "2", "name": "京榆大街", "oneway": "yes", "ref": "G102", "source": "Yahoo", "sourceMembership": "g102-tag"}, "geometry": {"type": "LineString", "coordinates": [[116.808882, 39.9427374], [116.808745, 39.9427391]]}}, {"type": "Feature", "properties": {"osmWayId": 1254588766, "highway": "trunk", "oneway": "yes", "ref": "G102", "sourceMembership": "g102-tag"}, "geometry": {"type": "LineString", "coordinates": [[125.3853273, 43.8272331], [125.3889554, 43.8299606]]}}, {"type": "Feature", "properties": {"osmWayId": 1254857455, "highway": "trunk", "lanes": "2", "name": "京哈公路", "oneway": "yes", "ref": "G102;G230", "surface": "asphalt", "sourceMembership": "g102-tag"}, "geometry": {"type": "LineString", "coordinates": [[116.9431834, 39.9582599], [116.943056, 39.958235]]}}, {"type": "Feature", "properties": {"osmWayId": 1259694262, "bridge": "yes", "highway": "trunk", "layer": "1", "name": "南四环快速路", "name:en": "South 4th Ring Expressway", "name:zh": "南四环快速路", "oneway": "yes", "ref": "G102;G334", "surface": "asphalt", "sourceMembership": "g102-tag"}, "geometry": {"type": "LineString", "coordinates": [[125.3692748, 43.8153336], [125.3674966, 43.8138256]]}}, {"type": "Feature", "properties": {"osmWayId": 1259694265, "highway": "trunk", "lanes": "3", "name": "南四环快速路", "name:en": "South 4th Ring Expressway", "name:zh": "南四环快速路", "oneway": "yes", "ref": "G102;G334", "surface": "asphalt", "sourceMembership": "g102-tag"}, "geometry": {"type": "LineString", "coordinates": [[125.3780458, 43.8217681], [125.3769773, 43.8210058], [125.3747212, 43.8193963]]}}, {"type": "Feature", "properties": {"osmWayId": 1259694266, "bridge": "yes", "highway": "trunk", "layer": "1", "name": "南四环快速路", "name:en": "South 4th Ring Expressway", "name:zh": "南四环快速路", "oneway": "yes", "ref": "G102;G334", "surface": "asphalt", "sourceMembership": "g102-tag"}, "geometry": {"type": "LineString", "coordinates": [[125.3675961, 43.8137618], [125.3688679, 43.8147863], [125.3697582, 43.8155455], [125.3720313, 43.8172461], [125.3733792, 43.8182617], [125.3748203, 43.8193116]]}}, {"type": "Feature", "properties": {"osmWayId": 1263256220, "bridge": "yes", "highway": "trunk", "lanes": "6", "layer": "1", "name": "京抚线", "oneway": "yes", "ref": "G102", "source": "Yahoo hires", "surface": "asphalt", "sourceMembership": "g102-tag"}, "geometry": {"type": "LineString", "coordinates": [[123.6081931, 42.0094024], [123.608338, 42.0099321]]}}, {"type": "Feature", "properties": {"osmWayId": 1263256221, "highway": "trunk", "lanes": "6", "name": "京抚线", "oneway": "yes", "ref": "G102", "source": "Yahoo hires", "surface": "asphalt", "sourceMembership": "g102-tag"}, "geometry": {"type": "LineString", "coordinates": [[123.5895895, 41.9602775], [123.5909074, 41.9622018], [123.5911326, 41.9625306], [123.5915663, 41.963164], [123.5915978, 41.9632099], [123.5920049, 41.9637716], [123.5923865, 41.9642981], [123.592422, 41.9643537], [123.5927007, 41.9647906], [123.592915, 41.9651264], [123.5930381, 41.9653688], [123.5932159, 41.9657189], [123.5934761, 41.9663416], [123.5937932, 41.9671275], [123.5939477, 41.9676656], [123.5940615, 41.9682943], [123.5941265, 41.9690137], [123.5941672, 41.9707487], [123.5941916, 41.9724958], [123.5942078, 41.9730398], [123.5942485, 41.9736323], [123.5943217, 41.9742609], [123.5943604, 41.9745198], [123.5944111, 41.9748594], [123.5944924, 41.9753369], [123.5947526, 41.9767937], [123.5952649, 41.979683], [123.5960372, 41.9835049], [123.5966227, 41.9860776], [123.5973301, 41.9891418], [123.5975171, 41.9898126], [123.5977285, 41.9903927], [123.5979237, 41.9907795], [123.5981757, 41.9912569], [123.5984522, 41.9916558], [123.5987124, 41.9920063], [123.5990945, 41.9924414], [123.5995824, 41.992949], [123.6010378, 41.9943389], [123.6033064, 41.9965204], [123.603778, 41.9969918], [123.604217, 41.9974994], [123.604648, 41.9980613], [123.6049407, 41.9985145], [123.6049909, 41.9986145], [123.6052984, 41.9992275], [123.6054855, 41.9996384], [123.605705, 42.0002729], [123.6061603, 42.0019648], [123.6066121, 42.0036382], [123.6072173, 42.00588], [123.6078184, 42.0080499], [123.6081931, 42.0094024]]}}, {"type": "Feature", "properties": {"osmWayId": 1263256222, "highway": "trunk", "lanes": "6", "name": "京抚线", "oneway": "yes", "ref": "G102", "source": "Yahoo hires", "surface": "asphalt", "sourceMembership": "g102-tag"}, "geometry": {"type": "LineString", "coordinates": [[123.6079824, 42.0093619], [123.6076635, 42.0080823], [123.6064772, 42.0036692], [123.6055539, 42.0002357], [123.6051762, 41.9993108], [123.6048373, 41.998673], [123.6043093, 41.9978438], [123.6037085, 41.9970975], [123.6029017, 41.9962937], [123.5994615, 41.9930115], [123.5987868, 41.9922995], [123.5983573, 41.9918102], [123.5979814, 41.9912087], [123.597652, 41.9905794], [123.5974304, 41.9900186], [123.5972594, 41.9894688], [123.5958892, 41.9835113], [123.5951197, 41.9796927], [123.5944603, 41.9760171], [123.5942075, 41.9745462], [123.5941236, 41.9736875], [123.5940457, 41.9727443], [123.5940112, 41.9695119], [123.5939304, 41.968526], [123.5938841, 41.968076], [123.5937367, 41.9674257], [123.5933683, 41.9663764], [123.5928978, 41.9654243], [123.5925583, 41.9648315], [123.5922412, 41.9643975], [123.5911655, 41.9627487], [123.5910748, 41.9626157], [123.5907928, 41.9622022], [123.5894735, 41.9603065]]}}, {"type": "Feature", "properties": {"osmWayId": 1263256223, "bridge": "yes", "highway": "trunk", "lanes": "6", "layer": "1", "name": "京抚线", "oneway": "yes", "ref": "G102", "source": "Yahoo hires", "surface": "asphalt", "sourceMembership": "g102-tag"}, "geometry": {"type": "LineString", "coordinates": [[123.6081541, 42.0099519], [123.6079824, 42.0093619]]}}, {"type": "Feature", "properties": {"osmWayId": 1272225785, "embankment": "yes", "highway": "motorway", "lanes": "2", "loc_name": "通燕高速", "name": "通燕高速", "oneway": "yes", "ref": "G102", "short_name": "京哈线", "sourceMembership": "g102-tag"}, "geometry": {"type": "LineString", "coordinates": [[116.778476, 39.9398256], [116.7804607, 39.9401245]]}}, {"type": "Feature", "properties": {"osmWayId": 1272241910, "highway": "motorway", "lanes": "2", "loc_name": "通燕高速", "name": "通燕高速", "oneway": "yes", "ref": "G102", "short_name": "京哈线", "sourceMembership": "g102-tag"}, "geometry": {"type": "LineString", "coordinates": [[116.7857087, 39.9410003], [116.784256, 39.9407907]]}}, {"type": "Feature", "properties": {"osmWayId": 1272696341, "highway": "trunk", "name": "朝阳路", "name:en": "Chaoyang Road", "name:fr": "Route Cháoyáng", "name:zh": "朝阳路", "name:zh-Latn-pinyin": "cháoyáng lù", "oneway": "yes", "ref": "G102", "sourceMembership": "g102-tag"}, "geometry": {"type": "LineString", "coordinates": [[116.6156983, 39.9125958], [116.6172658, 39.9127109], [116.6180211, 39.9127663], [116.618334, 39.9127893]]}}, {"type": "Feature", "properties": {"osmWayId": 1275884374, "highway": "trunk", "name": "京抚线", "ref": "G102", "source": "bing", "sourceMembership": "g102-tag"}, "geometry": {"type": "LineString", "coordinates": [[118.2371114, 39.8168568], [118.2392394, 39.8168242], [118.2423123, 39.8168359], [118.242789, 39.8168623], [118.2431259, 39.8169039], [118.2433519, 39.8169454], [118.2438154, 39.8170449], [118.2446534, 39.8173011], [118.2453118, 39.8175638], [118.2474753, 39.8189168], [118.2523212, 39.8220084], [118.2559736, 39.8243799], [118.2568029, 39.8249178], [118.2571122, 39.8250865], [118.2578947, 39.8255886]]}}, {"type": "Feature", "properties": {"osmWayId": 1276013219, "highway": "trunk", "name": "朝阳路", "name:en": "Chaoyang Road", "name:fr": "Route Cháoyáng", "name:zh": "朝阳路", "name:zh-Latn-pinyin": "cháoyáng lù", "oneway": "yes", "ref": "G102", "sourceMembership": "g102-tag"}, "geometry": {"type": "LineString", "coordinates": [[116.5886775, 39.9106975], [116.5890311, 39.9106933], [116.5893725, 39.9107025], [116.5898431, 39.9107355], [116.5901014, 39.9107566], [116.5901902, 39.9107528], [116.5903325, 39.9107466]]}}, {"type": "Feature", "properties": {"osmWayId": 1277430721, "highway": "motorway", "lanes": "2", "loc_name": "通燕高速", "name": "通燕高速", "oneway": "yes", "ref": "G102", "short_name": "京哈线", "surface": "asphalt", "sourceMembership": "g102-tag"}, "geometry": {"type": "LineString", "coordinates": [[116.7536111, 39.9326426], [116.7567334, 39.9334073]]}}, {"type": "Feature", "properties": {"osmWayId": 1277596451, "highway": "motorway", "lanes": "2", "loc_name": "通燕高速", "name": "通燕高速", "oneway": "yes", "ref": "G102", "short_name": "京哈线", "surface": "asphalt", "sourceMembership": "g102-tag"}, "geometry": {"type": "LineString", "coordinates": [[116.7567322, 39.933513], [116.7548096, 39.9330377]]}}, {"type": "Feature", "properties": {"osmWayId": 1277603800, "highway": "motorway", "lanes": "2", "loc_name": "通燕高速", "name": "通燕高速", "oneway": "yes", "ref": "G102", "short_name": "京哈线", "sourceMembership": "g102-tag"}, "geometry": {"type": "LineString", "coordinates": [[116.7342739, 39.9278636], [116.7387584, 39.9289756]]}}, {"type": "Feature", "properties": {"osmWayId": 1277608767, "highway": "motorway", "lanes": "2", "loc_name": "通燕高速", "name": "通燕高速", "oneway": "yes", "ref": "G102", "short_name": "京哈线", "sourceMembership": "g102-tag"}, "geometry": {"type": "LineString", "coordinates": [[116.732859, 39.9276152], [116.7292517, 39.9266764]]}}, {"type": "Feature", "properties": {"osmWayId": 1278227070, "embankment": "yes", "highway": "motorway", "lanes": "2", "loc_name": "通燕高速", "name": "通燕高速", "oneway": "yes", "ref": "G102", "short_name": "京哈线", "sourceMembership": "g102-tag"}, "geometry": {"type": "LineString", "coordinates": [[116.7830512, 39.94052], [116.7841655, 39.9406819]]}}, {"type": "Feature", "properties": {"osmWayId": 1278227071, "embankment": "yes", "highway": "motorway", "lanes": "2", "loc_name": "通燕高速", "name": "通燕高速", "oneway": "yes", "ref": "G102", "short_name": "京哈线", "sourceMembership": "g102-tag"}, "geometry": {"type": "LineString", "coordinates": [[116.7840571, 39.9407635], [116.7813047, 39.9403591]]}}, {"type": "Feature", "properties": {"osmWayId": 1278468394, "highway": "trunk", "name": "京抚线", "ref": "G102;S262", "source": "bing", "sourceMembership": "g102-tag"}, "geometry": {"type": "LineString", "coordinates": [[118.3484477, 39.843081], [118.3482237, 39.8426478], [118.3470356, 39.8403499], [118.3458572, 39.8381797], [118.3450414, 39.836694], [118.3442653, 39.8352906]]}}, {"type": "Feature", "properties": {"osmWayId": 1278468439, "highway": "trunk", "name": "京抚线", "ref": "G102", "source": "bing", "sourceMembership": "g102-tag"}, "geometry": {"type": "LineString", "coordinates": [[118.4156971, 39.8622125], [118.4151842, 39.8622506], [118.4138323, 39.8623938], [118.4135787, 39.8624206], [118.4117004, 39.8626308], [118.4092432, 39.8629061], [118.405908, 39.8632544], [118.4009235, 39.8637829], [118.3997563, 39.8638865], [118.3973285, 39.8640536], [118.3938523, 39.8642305], [118.3914101, 39.8643542], [118.3874984, 39.8645538], [118.3831217, 39.8647683], [118.380834, 39.8648851], [118.3789384, 39.8649818], [118.3765728, 39.8651129], [118.3754678, 39.8651494], [118.3746879, 39.8650984], [118.3740083, 39.8649925], [118.3733146, 39.864806], [118.3726638, 39.8645673], [118.372002, 39.864219], [118.37136, 39.8637828], [118.3705527, 39.86306], [118.3684788, 39.8612033], [118.3617271, 39.855214], [118.35608, 39.8501627], [118.3531445, 39.8474986], [118.3500271, 39.8447211], [118.3489119, 39.843703], [118.3484477, 39.843081]]}}, {"type": "Feature", "properties": {"osmWayId": 1278468440, "bridge": "yes", "highway": "trunk", "layer": "1", "name": "京抚线", "ref": "G102", "source": "bing", "sourceMembership": "g102-tag"}, "geometry": {"type": "LineString", "coordinates": [[118.4162273, 39.8621755], [118.4156971, 39.8622125]]}}, {"type": "Feature", "properties": {"osmWayId": 1279381443, "highway": "trunk", "name": "朝阳门外大街", "name:en": "Chaoyangmen Outer Street", "name:zh": "朝阳门外大街", "name:zh-Latn-pinyin": "cháoyángmén wài dàJiē", "oneway": "yes", "ref": "G102", "sourceMembership": "g102-tag"}, "geometry": {"type": "LineString", "coordinates": [[116.4399253, 39.9218303], [116.4437947, 39.9214956], [116.444127, 39.9214669]]}}, {"type": "Feature", "properties": {"osmWayId": 1286873128, "highway": "trunk", "name": "京抚线", "ref": "G102", "source": "bing", "sourceMembership": "g102-tag"}, "geometry": {"type": "LineString", "coordinates": [[118.4963002, 39.8646146], [118.4958705, 39.8646402], [118.4942408, 39.8648436], [118.4901357, 39.8653958], [118.4857962, 39.8659377], [118.4838243, 39.8662549], [118.4796604, 39.8668057], [118.4768216, 39.8671812], [118.4713098, 39.8679223]]}}, {"type": "Feature", "properties": {"osmWayId": 1286873129, "highway": "trunk", "name": "京抚线", "ref": "G102", "source": "bing", "sourceMembership": "g102-tag"}, "geometry": {"type": "LineString", "coordinates": [[118.4713098, 39.8679223], [118.4698206, 39.868104], [118.4693803, 39.8681357], [118.4690108, 39.8681341], [118.4684792, 39.8680901], [118.4631158, 39.8672714], [118.45861, 39.8664525]]}}, {"type": "Feature", "properties": {"osmWayId": 1286930223, "highway": "trunk", "name": "京抚线", "ref": "G102", "source": "bing", "sourceMembership": "g102-tag"}, "geometry": {"type": "LineString", "coordinates": [[118.5773118, 39.8648124], [118.5763504, 39.8648247], [118.5719558, 39.864881], [118.5704465, 39.8649633], [118.5701996, 39.8649844], [118.5684531, 39.8651339]]}}, {"type": "Feature", "properties": {"osmWayId": 1286930224, "highway": "trunk", "name": "京抚线", "ref": "G102", "source": "bing", "sourceMembership": "g102-tag"}, "geometry": {"type": "LineString", "coordinates": [[118.5548451, 39.8647121], [118.5542579, 39.8646961], [118.5530918, 39.8646169], [118.551686, 39.8645129], [118.5509576, 39.8644365], [118.5469192, 39.8641065]]}}, {"type": "Feature", "properties": {"osmWayId": 1286930229, "highway": "trunk", "name": "京抚线", "ref": "G102", "source": "bing", "sourceMembership": "g102-tag"}, "geometry": {"type": "LineString", "coordinates": [[118.5093962, 39.8649577], [118.5078371, 39.8646293], [118.506791, 39.8643863], [118.5058764, 39.8642113], [118.5052621, 39.8641434], [118.5046828, 39.8641249], [118.5039908, 39.8641557], [118.5033712, 39.8642031], [118.4978793, 39.8645204], [118.4963002, 39.8646146]]}}, {"type": "Feature", "properties": {"osmWayId": 1291585311, "highway": "trunk", "name": "京抚线", "oneway": "yes", "ref": "G102", "sourceMembership": "g102-tag"}, "geometry": {"type": "LineString", "coordinates": [[119.3144049, 39.939968], [119.315104, 39.9397707], [119.3158286, 39.9395299], [119.3196618, 39.9381606], [119.3204356, 39.9379153], [119.3213955, 39.937689], [119.3222362, 39.9375846], [119.3229847, 39.9375599], [119.3236005, 39.9375846], [119.3245373, 39.9377168], [119.3252983, 39.9378914]]}}, {"type": "Feature", "properties": {"osmWayId": 1291585312, "highway": "trunk", "name": "京抚线", "oneway": "yes", "ref": "G102", "sourceMembership": "g102-tag"}, "geometry": {"type": "LineString", "coordinates": [[119.3252458, 39.9379957], [119.3244996, 39.9378147], [119.3235893, 39.9377014], [119.3229685, 39.93767], [119.3222556, 39.9376895], [119.3213891, 39.9377872], [119.3204599, 39.9380092], [119.3197031, 39.938245], [119.3158837, 39.9396181], [119.3151552, 39.9398624], [119.3144353, 39.9400655]]}}, {"type": "Feature", "properties": {"osmWayId": 1291585313, "bridge": "yes", "highway": "trunk", "layer": "1", "name": "京抚线", "oneway": "yes", "ref": "G102", "sourceMembership": "g102-tag"}, "geometry": {"type": "LineString", "coordinates": [[119.3136138, 39.9401146], [119.3144049, 39.939968]]}}, {"type": "Feature", "properties": {"osmWayId": 1291585314, "bridge": "yes", "highway": "trunk", "layer": "1", "name": "京抚线", "oneway": "yes", "ref": "G102", "sourceMembership": "g102-tag"}, "geometry": {"type": "LineString", "coordinates": [[119.3144353, 39.9400655], [119.3135979, 39.9402133]]}}, {"type": "Feature", "properties": {"osmWayId": 1305179577, "highway": "trunk", "lanes": "4", "name": "三环路辅路", "oneway": "yes", "source": "Yahoo", "sourceMembership": "g102-relation"}, "geometry": {"type": "LineString", "coordinates": [[126.5441975, 45.6742894], [126.5455321, 45.6736948], [126.5477274, 45.6728151], [126.547952, 45.6727307]]}}, {"type": "Feature", "properties": {"osmWayId": 1311078753, "highway": "trunk_link", "lanes": "4", "oneway": "yes", "ref": "G102", "sourceMembership": "g102-tag"}, "geometry": {"type": "LineString", "coordinates": [[126.541552, 45.6757561], [126.5406214, 45.6760326]]}}, {"type": "Feature", "properties": {"osmWayId": 1319838578, "highway": "trunk", "lanes": "4", "name": "长安西路", "oneway": "yes", "ref": "G102;G221", "sourceMembership": "g102-tag"}, "geometry": {"type": "LineString", "coordinates": [[130.3456753, 46.8059071], [130.3470473, 46.8063835], [130.3484049, 46.8068587], [130.3498441, 46.8073494], [130.351291, 46.807861], [130.3526812, 46.8083345], [130.3536915, 46.8086793], [130.3537936, 46.8087141], [130.3553695, 46.8092683], [130.3562254, 46.809545], [130.3566192, 46.8096681], [130.3574511, 46.8098711], [130.3586197, 46.8101492], [130.3587077, 46.8101701]]}}, {"type": "Feature", "properties": {"osmWayId": 1319838579, "highway": "trunk", "lanes": "4", "name": "长安西路", "oneway": "yes", "ref": "G102;G221", "sourceMembership": "g102-tag"}, "geometry": {"type": "LineString", "coordinates": [[130.3586478, 46.8102834], [130.3585597, 46.8102626], [130.3569109, 46.8098735], [130.356542, 46.8097729], [130.3555974, 46.8094626], [130.3538492, 46.8088739], [130.3536925, 46.8088242], [130.3536045, 46.8087934], [130.3483649, 46.8069633], [130.3473291, 46.8066114], [130.3461792, 46.8062083], [130.3455953, 46.8060094]]}}, {"type": "Feature", "properties": {"osmWayId": 1326070440, "highway": "trunk", "name": "重工南街辅路", "oneway": "yes", "ref": "G102", "sourceMembership": "g102-tag"}, "geometry": {"type": "LineString", "coordinates": [[123.320773, 41.7757839], [123.3207675, 41.7759477], [123.3207701, 41.7760607], [123.3207731, 41.7762209], [123.3207888, 41.777299], [123.3207915, 41.7777071], [123.3207781, 41.7779251], [123.3207513, 41.7781351], [123.3207111, 41.7783872], [123.3206499, 41.7787933]]}}, {"type": "Feature", "properties": {"osmWayId": 1326070441, "highway": "trunk", "layer": "-1", "name": "揽军路辅路", "oneway": "yes", "ref": "G102", "tunnel": "yes", "sourceMembership": "g102-tag"}, "geometry": {"type": "LineString", "coordinates": [[123.3206172, 41.775164], [123.3206177, 41.7753708], [123.3206265, 41.7760705], [123.3206313, 41.777211]]}}, {"type": "Feature", "properties": {"osmWayId": 1326070443, "highway": "trunk", "name": "重工南街辅路", "oneway": "yes", "ref": "G102", "sourceMembership": "g102-tag"}, "geometry": {"type": "LineString", "coordinates": [[123.3201045, 41.7769452], [123.320102, 41.7759356], [123.3201062, 41.7757611]]}}, {"type": "Feature", "properties": {"osmWayId": 1326070444, "highway": "trunk", "name": "重工南街辅路", "oneway": "yes", "ref": "G102", "sourceMembership": "g102-tag"}, "geometry": {"type": "LineString", "coordinates": [[123.3202629, 41.7786418], [123.320129, 41.7779292], [123.3201045, 41.7769452]]}}, {"type": "Feature", "properties": {"osmWayId": 1326070445, "highway": "trunk", "layer": "-1", "name": "重工南街辅路", "oneway": "yes", "ref": "G102", "tunnel": "yes", "sourceMembership": "g102-tag"}, "geometry": {"type": "LineString", "coordinates": [[123.320248, 41.7768846], [123.3202396, 41.7754975]]}}, {"type": "Feature", "properties": {"osmWayId": 1331713936, "bridge": "yes", "highway": "trunk", "lanes": "2", "layer": "1", "name": "京抚线", "oneway": "yes", "ref": "G102", "source": "Bing", "sourceMembership": "g102-tag"}, "geometry": {"type": "LineString", "coordinates": [[124.824361, 43.4846905], [124.8253712, 43.485178]]}}, {"type": "Feature", "properties": {"osmWayId": 1338799482, "highway": "trunk", "name": "南四环快速路", "name:en": "South 4th Ring Expressway", "name:zh": "南四环快速路", "oneway": "yes", "ref": "G102;G334", "surface": "asphalt", "sourceMembership": "g102-tag"}, "geometry": {"type": "LineString", "coordinates": [[125.3748203, 43.8193116], [125.3784035, 43.8218402]]}}, {"type": "Feature", "properties": {"osmWayId": 1338799483, "highway": "trunk", "oneway": "yes", "ref": "G102", "surface": "asphalt", "sourceMembership": "g102-tag"}, "geometry": {"type": "LineString", "coordinates": [[125.3784035, 43.8218402], [125.3788345, 43.8219441]]}}, {"type": "Feature", "properties": {"osmWayId": 1341232662, "highway": "trunk", "lanes": "2", "name": "京抚线", "oneway": "yes", "ref": "G102", "sourceMembership": "g102-tag"}, "geometry": {"type": "LineString", "coordinates": [[130.7303058, 46.9931196], [130.7350555, 46.9952438], [130.7405764, 46.9977116], [130.7414716, 46.9981597]]}}, {"type": "Feature", "properties": {"osmWayId": 1341232663, "highway": "trunk", "lanes": "2", "name": "京抚线", "oneway": "yes", "ref": "G102", "sourceMembership": "g102-tag"}, "geometry": {"type": "LineString", "coordinates": [[130.7414716, 46.9981597], [130.740474, 46.9977747], [130.7388496, 46.9970425], [130.7357466, 46.9956776], [130.7302637, 46.9932029]]}}, {"type": "Feature", "properties": {"osmWayId": 1344800339, "highway": "trunk", "name": "京抚线", "oneway": "yes", "ref": "G102", "sourceMembership": "g102-tag"}, "geometry": {"type": "LineString", "coordinates": [[119.7636591, 40.0294314], [119.7626618, 40.0301401], [119.7614387, 40.0308975], [119.7610402, 40.0310941], [119.7606365, 40.0312917], [119.7601693, 40.0314719], [119.759666, 40.0316291], [119.7591855, 40.0317575], [119.7587132, 40.0318752], [119.7577043, 40.031978], [119.7571282, 40.0320126], [119.7564413, 40.0320369]]}}, {"type": "Feature", "properties": {"osmWayId": 1344800340, "highway": "trunk", "name": "京抚线", "oneway": "yes", "ref": "G102", "sourceMembership": "g102-tag"}, "geometry": {"type": "LineString", "coordinates": [[119.7564514, 40.0319421], [119.7573414, 40.0318724], [119.7579953, 40.0318244], [119.7587337, 40.0317128], [119.7592175, 40.0315944], [119.7596953, 40.031473], [119.7601927, 40.0313158], [119.760654, 40.031138], [119.761049, 40.0309452], [119.7614533, 40.0307461], [119.7634584, 40.0293357]]}}, {"type": "Feature", "properties": {"osmWayId": 1344800341, "bridge": "yes", "highway": "trunk", "layer": "1", "name": "京抚线", "oneway": "yes", "ref": "G102", "sourceMembership": "g102-tag"}, "geometry": {"type": "LineString", "coordinates": [[119.7564413, 40.0320369], [119.7554583, 40.03201]]}}, {"type": "Feature", "properties": {"osmWayId": 1344800342, "bridge": "yes", "highway": "trunk", "layer": "1", "name": "京抚线", "oneway": "yes", "ref": "G102", "sourceMembership": "g102-tag"}, "geometry": {"type": "LineString", "coordinates": [[119.7554531, 40.0318755], [119.7564514, 40.0319421]]}}, {"type": "Feature", "properties": {"osmWayId": 1351686785, "bridge": "yes", "highway": "trunk", "lanes": "2", "layer": "1", "name": "京抚线", "ref": "G102", "surface": "asphalt", "sourceMembership": "g102-tag"}, "geometry": {"type": "LineString", "coordinates": [[131.6941473, 47.1551958], [131.6947461, 47.1552137]]}}, {"type": "Feature", "properties": {"osmWayId": 1351686786, "highway": "trunk", "lanes": "2", "name": "京抚线", "ref": "G102", "surface": "asphalt", "sourceMembership": "g102-tag"}, "geometry": {"type": "LineString", "coordinates": [[131.577919, 47.1418823], [131.6004905, 47.1420303], [131.6039589, 47.1422464], [131.6149859, 47.1429334], [131.6331166, 47.1440587], [131.6562142, 47.1454922], [131.6776545, 47.1536001], [131.6802004, 47.1545144], [131.6814958, 47.1547843], [131.6824282, 47.154846], [131.6941473, 47.1551958]]}}, {"type": "Feature", "properties": {"osmWayId": 1358666051, "highway": "trunk_link", "lanes": "4", "name": "三环路辅路", "oneway": "yes", "ref": "G102", "source": "Yahoo", "sourceMembership": "g102-tag"}, "geometry": {"type": "LineString", "coordinates": [[126.5404934, 45.6758726], [126.5414389, 45.6753797]]}}, {"type": "Feature", "properties": {"osmWayId": 1359213594, "foot": "yes", "highway": "trunk", "lanes": "2", "name": "京抚线", "oneway": "yes", "ref": "G102", "surface": "asphalt", "sourceMembership": "g102-tag"}, "geometry": {"type": "LineString", "coordinates": [[117.5494274, 39.9312122], [117.5492998, 39.9313603], [117.5482546, 39.9321284], [117.5473831, 39.9326928], [117.5463258, 39.9332092], [117.5447884, 39.9338672], [117.5443918, 39.9340413], [117.5415738, 39.935278], [117.5394509, 39.9361498], [117.5384217, 39.9366466], [117.5373795, 39.9371882], [117.5342815, 39.938832], [117.5335142, 39.9392392]]}}, {"type": "Feature", "properties": {"osmWayId": 1359213595, "bridge": "yes", "foot": "yes", "highway": "trunk", "lanes": "2", "layer": "1", "name": "京抚线", "oneway": "yes", "ref": "G102", "surface": "asphalt", "sourceMembership": "g102-tag"}, "geometry": {"type": "LineString", "coordinates": [[117.5335142, 39.9392392], [117.5332915, 39.939356]]}}, {"type": "Feature", "properties": {"osmWayId": 1359213596, "foot": "yes", "highway": "trunk", "lanes": "2", "name": "京抚线", "oneway": "yes", "ref": "G102", "surface": "asphalt", "sourceMembership": "g102-tag"}, "geometry": {"type": "LineString", "coordinates": [[117.5334106, 39.9391621], [117.5335026, 39.9391135], [117.5342222, 39.9387332], [117.5373437, 39.9370837], [117.5384408, 39.9365039], [117.5394654, 39.9360377], [117.5412844, 39.9352958], [117.5433892, 39.9343732], [117.5456402, 39.9333984], [117.5461774, 39.9331756], [117.547217, 39.9326794], [117.548129, 39.9320785], [117.5492661, 39.9312612], [117.5494274, 39.9312122]]}}, {"type": "Feature", "properties": {"osmWayId": 1359213597, "bridge": "yes", "foot": "yes", "highway": "trunk", "lanes": "2", "layer": "1", "name": "京抚线", "oneway": "yes", "ref": "G102", "surface": "asphalt", "sourceMembership": "g102-tag"}, "geometry": {"type": "LineString", "coordinates": [[117.5332049, 39.9392706], [117.5334106, 39.9391621]]}}, {"type": "Feature", "properties": {"osmWayId": 1410840903, "highway": "trunk", "name": "京抚线", "ref": "G102", "source": "Bing", "sourceMembership": "g102-tag"}, "geometry": {"type": "LineString", "coordinates": [[133.0136179, 47.3618029], [133.0166759, 47.3622824], [133.0195231, 47.3628827], [133.0218692, 47.3635547], [133.0241668, 47.3643361], [133.0305873, 47.3668896], [133.0397538, 47.3705731], [133.0519326, 47.3753414], [133.0535236, 47.3760244], [133.0547656, 47.3766767], [133.0549098, 47.3767524], [133.0561726, 47.3775323], [133.0575797, 47.3785734], [133.0586928, 47.3796257], [133.0598778, 47.380974], [133.0607334, 47.3823282], [133.061405, 47.3837785], [133.061838, 47.3853363], [133.0619919, 47.3866711], [133.0633646, 47.40033]]}}, {"type": "Feature", "properties": {"osmWayId": 1410840904, "bridge": "yes", "highway": "trunk", "layer": "1", "name": "京抚线", "ref": "G102", "source": "Bing", "sourceMembership": "g102-tag"}, "geometry": {"type": "LineString", "coordinates": [[133.0133709, 47.3617775], [133.0136179, 47.3618029]]}}, {"type": "Feature", "properties": {"osmWayId": 1411087292, "bridge": "yes", "highway": "trunk", "layer": "1", "name": "锦绣大街", "name:en": "Jiatong Expressway", "note": "not really sure its a road", "oneway": "yes", "ref": "G102;G221", "source": "Bing", "sourceMembership": "g102-tag"}, "geometry": {"type": "LineString", "coordinates": [[132.0744543, 47.2600626], [132.0743895, 47.2599655]]}}, {"type": "Feature", "properties": {"osmWayId": 1411087293, "highway": "trunk", "name": "锦绣大街", "name:en": "Jiatong Expressway", "note": "not really sure its a road", "oneway": "yes", "ref": "G102;G221", "source": "Bing", "sourceMembership": "g102-tag"}, "geometry": {"type": "LineString", "coordinates": [[132.0736551, 47.2588633], [132.0680083, 47.2502394], [132.0662505, 47.247592], [132.0655495, 47.2466563], [132.0653853, 47.2464741], [132.065314, 47.2464125], [132.0641949, 47.245278], [132.0635971, 47.2447807], [132.0626363, 47.2441217], [132.0619665, 47.2436966], [132.0611555, 47.2433069], [132.0600628, 47.2428639], [132.0589132, 47.242468], [132.0576337, 47.2421327], [132.0559894, 47.2418232], [132.0497286, 47.2406145], [132.047856, 47.2402541]]}}, {"type": "Feature", "properties": {"osmWayId": 1411087294, "bridge": "yes", "highway": "trunk", "layer": "1", "name": "京抚线;同哈线", "oneway": "yes", "ref": "G102;G221", "sourceMembership": "g102-tag"}, "geometry": {"type": "LineString", "coordinates": [[132.0745164, 47.2599638], [132.0745901, 47.2600751]]}}, {"type": "Feature", "properties": {"osmWayId": 1411087295, "highway": "trunk", "name": "京抚线;同哈线", "oneway": "yes", "ref": "G102;G221", "sourceMembership": "g102-tag"}, "geometry": {"type": "LineString", "coordinates": [[132.047913, 47.2401515], [132.0497833, 47.2404956], [132.0538321, 47.2412559], [132.0558243, 47.2416283], [132.056188, 47.2416963], [132.0575574, 47.2419655], [132.0587106, 47.242256], [132.0596566, 47.2425587], [132.0606612, 47.2429166], [132.0618459, 47.2434517], [132.0627648, 47.2439869], [132.0636297, 47.2445863], [132.0644451, 47.2452346], [132.0650307, 47.2458309], [132.0654651, 47.2463454], [132.065519, 47.2464151], [132.0661478, 47.2472418], [132.066908, 47.2483477], [132.0688053, 47.251253], [132.0710923, 47.2547219], [132.0737426, 47.258799]]}}, {"type": "Feature", "properties": {"osmWayId": 1411087438, "bridge": "yes", "highway": "trunk", "layer": "1", "name": "锦绣大街", "name:en": "Jiatong Expressway", "note": "not really sure its a road", "oneway": "yes", "ref": "G102;G221", "source": "Bing", "sourceMembership": "g102-tag"}, "geometry": {"type": "LineString", "coordinates": [[132.0737382, 47.2589903], [132.0736551, 47.2588633]]}}, {"type": "Feature", "properties": {"osmWayId": 1411087439, "highway": "trunk", "name": "京抚线;同哈线", "oneway": "yes", "ref": "G102;G221", "sourceMembership": "g102-tag"}, "geometry": {"type": "LineString", "coordinates": [[132.073824, 47.2589166], [132.0745164, 47.2599638]]}}, {"type": "Feature", "properties": {"osmWayId": 1411087440, "bridge": "yes", "highway": "trunk", "layer": "1", "name": "京抚线;同哈线", "oneway": "yes", "ref": "G102;G221", "sourceMembership": "g102-tag"}, "geometry": {"type": "LineString", "coordinates": [[132.0737426, 47.258799], [132.073824, 47.2589166]]}}, {"type": "Feature", "properties": {"osmWayId": 1411087441, "highway": "trunk", "name": "锦绣大街", "name:en": "Jiatong Expressway", "note": "not really sure its a road", "oneway": "yes", "ref": "G102;G221", "source": "Bing", "sourceMembership": "g102-tag"}, "geometry": {"type": "LineString", "coordinates": [[132.0743895, 47.2599655], [132.0737382, 47.2589903]]}}, {"type": "Feature", "properties": {"osmWayId": 1412649844, "bridge": "yes", "highway": "trunk", "lanes": "2", "layer": "1", "name": "京抚线", "ref": "G102", "sourceMembership": "g102-tag"}, "geometry": {"type": "LineString", "coordinates": [[130.9552402, 47.0188033], [130.9555457, 47.0188171]]}}, {"type": "Feature", "properties": {"osmWayId": 1412649845, "highway": "trunk", "lanes": "2", "name": "京抚线", "ref": "G102", "sourceMembership": "g102-tag"}, "geometry": {"type": "LineString", "coordinates": [[130.8000015, 47.0119795], [130.8009369, 47.012014], [130.8135384, 47.012424], [130.8247501, 47.0129324], [130.848499, 47.0139797], [130.8740675, 47.0151352], [130.9552402, 47.0188033]]}}, {"type": "Feature", "properties": {"osmWayId": 1417041348, "highway": "trunk", "oneway": "yes", "ref": "G102;G301", "source": "GPS", "sourceMembership": "g102-tag"}, "geometry": {"type": "LineString", "coordinates": [[126.5300344, 45.8405524], [126.5298007, 45.8405555], [126.5295696, 45.8405313], [126.5293476, 45.8404806], [126.5291409, 45.8404046], [126.528997, 45.8403309], [126.5288678, 45.840245], [126.5286858, 45.8400724], [126.5285627, 45.8398761], [126.5285045, 45.8396658], [126.5285041, 45.8395568], [126.5285039, 45.839517]]}}, {"type": "Feature", "properties": {"osmWayId": 1417041349, "highway": "trunk", "oneway": "yes", "ref": "G102;G301", "source": "GPS", "sourceMembership": "g102-tag"}, "geometry": {"type": "LineString", "coordinates": [[126.5296721, 45.8386336], [126.5297165, 45.8386273], [126.5299285, 45.83862], [126.5301418, 45.8386355], [126.5303492, 45.8386738], [126.5305457, 45.8387337], [126.5307266, 45.838814], [126.5308876, 45.8389127], [126.5310249, 45.8390275], [126.5310922, 45.8391041]]}}, {"type": "Feature", "properties": {"osmWayId": 1417041350, "highway": "trunk", "oneway": "yes", "ref": "G102;G301", "source": "GPS", "sourceMembership": "g102-tag"}, "geometry": {"type": "LineString", "coordinates": [[126.5288104, 45.8389786], [126.5288559, 45.8389451], [126.5289562, 45.8388711], [126.5291239, 45.8387803], [126.5293094, 45.8387084], [126.5295085, 45.838657], [126.5296721, 45.8386336]]}}, {"type": "Feature", "properties": {"osmWayId": 1420109612, "bridge": "yes", "highway": "trunk", "lanes": "2", "layer": "1", "name": "京抚线", "oneway": "yes", "ref": "G102", "source": "bing", "surface": "asphalt", "sourceMembership": "g102-tag"}, "geometry": {"type": "LineString", "coordinates": [[122.0575597, 41.287799], [122.0577725, 41.2879798], [122.057978, 41.2881416]]}}, {"type": "Feature", "properties": {"osmWayId": 1420109613, "highway": "trunk", "lanes": "2", "name": "京抚线", "oneway": "yes", "ref": "G102", "source": "bing", "surface": "asphalt", "sourceMembership": "g102-tag"}, "geometry": {"type": "LineString", "coordinates": [[122.0320624, 41.2641282], [122.0321173, 41.2641791], [122.039804, 41.2713396], [122.0431744, 41.2744404], [122.0436485, 41.2748943], [122.0464116, 41.2774604], [122.047457, 41.2784376], [122.0489571, 41.279818], [122.0489743, 41.279834], [122.055007, 41.2854489], [122.0575597, 41.287799]]}}, {"type": "Feature", "properties": {"osmWayId": 1420434632, "highway": "trunk", "lanes": "2", "name": "京抚线", "oneway": "yes", "ref": "G102", "source": "Bing", "sourceMembership": "g102-tag"}, "geometry": {"type": "LineString", "coordinates": [[125.0990733, 43.7435827], [125.0986044, 43.7421745], [125.0983684, 43.7416335], [125.0982173, 43.741196]]}}, {"type": "Feature", "properties": {"osmWayId": 1420434633, "highway": "trunk", "lanes": "2", "name": "京抚线", "oneway": "yes", "ref": "G102", "source": "Bing", "sourceMembership": "g102-tag"}, "geometry": {"type": "LineString", "coordinates": [[125.0984267, 43.7411581], [125.0985728, 43.7416109], [125.0986501, 43.741972], [125.099199, 43.7435641]]}}, {"type": "Feature", "properties": {"osmWayId": 1420445372, "highway": "trunk", "lanes": "2", "name": "长德大街", "oneway": "yes", "ref": "G102", "sourceMembership": "g102-tag"}, "geometry": {"type": "LineString", "coordinates": [[125.5165019, 44.1429644], [125.5123236, 44.1416901], [125.5121585, 44.1416416], [125.5042907, 44.1392693], [125.5040473, 44.1392021], [125.5016281, 44.1384659], [125.4981839, 44.1374743], [125.4972458, 44.1372034], [125.4963177, 44.1369514], [125.4955544, 44.1367443], [125.4945926, 44.1364832], [125.4907018, 44.135427], [125.4904458, 44.1353556], [125.4859553, 44.1341031], [125.4788228, 44.1321137], [125.4784011, 44.1319811], [125.4778838, 44.1317779], [125.4773876, 44.1315557], [125.4768693, 44.1313221]]}}, {"type": "Feature", "properties": {"osmWayId": 1420445373, "highway": "trunk", "lanes": "2", "name": "长德大街", "oneway": "yes", "ref": "G102", "sourceMembership": "g102-tag"}, "geometry": {"type": "LineString", "coordinates": [[125.5297029, 44.147834], [125.529473, 44.1476651], [125.5288967, 44.1473417], [125.5283984, 44.1470247], [125.5277285, 44.1466393], [125.5274051, 44.1464776], [125.5270069, 44.1462994], [125.5265815, 44.1461196], [125.5261758, 44.1459646], [125.5253322, 44.1456516], [125.5172081, 44.1431666]]}}, {"type": "Feature", "properties": {"osmWayId": 1420445374, "highway": "trunk", "lanes": "2", "name": "长德大街", "oneway": "yes", "ref": "G102", "sourceMembership": "g102-tag"}, "geometry": {"type": "LineString", "coordinates": [[125.5172109, 44.1430658], [125.525374, 44.1455691], [125.5258133, 44.1457144], [125.526239, 44.1458722], [125.5266294, 44.1460279], [125.5270592, 44.1462177], [125.5274587, 44.1464005], [125.5277773, 44.1465627], [125.5284846, 44.1469541], [125.5290061, 44.1472758], [125.5295552, 44.1475987], [125.5298012, 44.1477639]]}}, {"type": "Feature", "properties": {"osmWayId": 1420838790, "highway": "trunk", "lanes": "3", "name": "祥安北大街", "oneway": "yes", "ref": "G102", "sourceMembership": "g102-tag"}, "geometry": {"type": "LineString", "coordinates": [[126.5102584, 45.8124509], [126.5102619, 45.8125838]]}}, {"type": "Feature", "properties": {"osmWayId": 1420838794, "highway": "trunk", "lanes": "3", "name": "祥安北大街", "oneway": "yes", "ref": "G102", "sourceMembership": "g102-tag"}, "geometry": {"type": "LineString", "coordinates": [[126.5100396, 45.8129132], [126.5100289, 45.8127672]]}}, {"type": "Feature", "properties": {"osmWayId": 1424516755, "highway": "trunk", "lanes": "3", "name": "洋浦大街", "name:en": "Yangpu Street", "name:zh": "洋浦大街", "oneway": "yes", "ref": "G102", "surface": "asphalt", "sourceMembership": "g102-tag"}, "geometry": {"type": "LineString", "coordinates": [[125.4160083, 43.8727208], [125.4160836, 43.8729144], [125.4160806, 43.8739503], [125.4160809, 43.8740202], [125.4160926, 43.8755393], [125.4160941, 43.8776273]]}}, {"type": "Feature", "properties": {"osmWayId": 1424516759, "highway": "trunk", "name": "洋浦大街", "name:en": "Yangpu Street", "name:zh": "洋浦大街", "oneway": "yes", "ref": "G102;G302", "surface": "asphalt", "sourceMembership": "g102-tag"}, "geometry": {"type": "LineString", "coordinates": [[125.4161622, 43.8831463], [125.4161526, 43.8838379]]}}, {"type": "Feature", "properties": {"osmWayId": 1424516764, "highway": "trunk", "lanes": "2", "name": "102国道", "name:en": "G102", "name:zh": "102国道", "oneway": "yes", "ref": "G102", "sourceMembership": "g102-tag"}, "geometry": {"type": "LineString", "coordinates": [[125.4309676, 43.987877], [125.431147, 43.9856738], [125.4313533, 43.982689], [125.4313679, 43.9824727], [125.4316771, 43.9779106], [125.4318398, 43.9746351], [125.4318612, 43.9741689]]}}, {"type": "Feature", "properties": {"osmWayId": 1424516767, "highway": "trunk", "lanes": "3", "name": "南四环快速路", "name:en": "South 4th Ring Expressway", "name:zh": "南四环快速路", "oneway": "yes", "ref": "G102", "surface": "asphalt", "sourceMembership": "g102-tag"}, "geometry": {"type": "LineString", "coordinates": [[125.3791056, 43.8226015], [125.3780458, 43.8217681]]}}, {"type": "Feature", "properties": {"osmWayId": 1426127487, "bridge": "viaduct", "highway": "trunk", "layer": "1", "name": "南四环快速路", "name:en": "South 4th Ring Expressway", "name:zh": "南四环快速路", "oneway": "yes", "ref": "G102;G334", "surface": "asphalt", "sourceMembership": "g102-tag"}, "geometry": {"type": "LineString", "coordinates": [[125.2826972, 43.802061], [125.2699857, 43.8021599]]}}, {"type": "Feature", "properties": {"osmWayId": 1426127488, "bridge": "viaduct", "highway": "trunk", "layer": "1", "name": "南四环快速路", "name:en": "South 4th Ring Expressway", "name:zh": "南四环快速路", "oneway": "yes", "ref": "G102;G334", "surface": "asphalt", "sourceMembership": "g102-tag"}, "geometry": {"type": "LineString", "coordinates": [[125.2699881, 43.8020409], [125.282698, 43.80193]]}}, {"type": "Feature", "properties": {"osmWayId": 1426127492, "highway": "trunk", "name": "南四环快速路", "name:en": "South 4th Ring Expressway", "name:zh": "南四环快速路", "oneway": "yes", "ref": "G102;G334", "surface": "asphalt", "sourceMembership": "g102-tag"}, "geometry": {"type": "LineString", "coordinates": [[125.282698, 43.80193], [125.2855082, 43.8019239], [125.287174, 43.8019418], [125.2885133, 43.8020183], [125.2903712, 43.8021335], [125.2917007, 43.8022498], [125.292393, 43.8023198], [125.293346, 43.8024752], [125.2950468, 43.8027221], [125.2982379, 43.8032785]]}}, {"type": "Feature", "properties": {"osmWayId": 1426127493, "highway": "trunk", "layer": "-1", "name": "南四环快速路", "name:en": "South 4th Ring Expressway", "name:zh": "南四环快速路", "oneway": "yes", "ref": "G102;G334", "surface": "asphalt", "tunnel": "yes", "sourceMembership": "g102-tag"}, "geometry": {"type": "LineString", "coordinates": [[125.2982379, 43.8032785], [125.2998163, 43.8035537]]}}, {"type": "Feature", "properties": {"osmWayId": 1426127494, "highway": "trunk", "name": "南四环快速路", "name:en": "South 4th Ring Expressway", "name:zh": "南四环快速路", "oneway": "yes", "ref": "G102;G334", "surface": "asphalt", "sourceMembership": "g102-tag"}, "geometry": {"type": "LineString", "coordinates": [[125.2981949, 43.8034118], [125.2960733, 43.8030278], [125.2950639, 43.8028559], [125.2939184, 43.8026984], [125.2928665, 43.8025647], [125.2921876, 43.8025197], [125.2916985, 43.8024588], [125.288568, 43.8022072], [125.2869859, 43.8021356], [125.2861835, 43.8020763], [125.2854492, 43.8020563], [125.2846751, 43.8020435], [125.2840011, 43.8020507], [125.2826972, 43.802061]]}}, {"type": "Feature", "properties": {"osmWayId": 1426127496, "highway": "trunk", "layer": "-1", "name": "南四环快速路", "name:en": "South 4th Ring Expressway", "name:zh": "南四环快速路", "oneway": "yes", "ref": "G102;G334", "surface": "asphalt", "tunnel": "yes", "sourceMembership": "g102-tag"}, "geometry": {"type": "LineString", "coordinates": [[125.2997581, 43.8036822], [125.2981949, 43.8034118]]}}, {"type": "Feature", "properties": {"osmWayId": 1426127498, "highway": "trunk", "name": "南四环快速路", "name:en": "South 4th Ring Expressway", "name:zh": "南四环快速路", "oneway": "yes", "ref": "G102;G334", "surface": "asphalt", "sourceMembership": "g102-tag"}, "geometry": {"type": "LineString", "coordinates": [[125.3195657, 43.8061502], [125.3164168, 43.8060955], [125.3154155, 43.8060781], [125.3149269, 43.8060731], [125.314419, 43.8060441], [125.314056, 43.8060248], [125.3134341, 43.8059556], [125.3128432, 43.8058778], [125.3120419, 43.8057464]]}}, {"type": "Feature", "properties": {"osmWayId": 1426127499, "highway": "trunk", "name": "南四环快速路", "name:en": "South 4th Ring Expressway", "name:zh": "南四环快速路", "oneway": "yes", "ref": "G102;G334", "surface": "asphalt", "sourceMembership": "g102-tag"}, "geometry": {"type": "LineString", "coordinates": [[125.3120748, 43.805635], [125.3127549, 43.8057453], [125.3136045, 43.8058598], [125.3141583, 43.8059165], [125.3147254, 43.8059401], [125.3151208, 43.8059552], [125.3164597, 43.8059688], [125.3195724, 43.8060005]]}}, {"type": "Feature", "properties": {"osmWayId": 1426127500, "bridge": "yes", "highway": "trunk", "layer": "1", "name": "南四环快速路", "name:en": "South 4th Ring Expressway", "name:zh": "南四环快速路", "oneway": "yes", "ref": "G102;G334", "surface": "asphalt", "sourceMembership": "g102-tag"}, "geometry": {"type": "LineString", "coordinates": [[125.3078456, 43.8049121], [125.3120748, 43.805635]]}}, {"type": "Feature", "properties": {"osmWayId": 1426127501, "bridge": "yes", "highway": "trunk", "layer": "1", "name": "南四环快速路", "name:en": "South 4th Ring Expressway", "name:zh": "南四环快速路", "oneway": "yes", "ref": "G102;G334", "surface": "asphalt", "sourceMembership": "g102-tag"}, "geometry": {"type": "LineString", "coordinates": [[125.3120419, 43.8057464], [125.3093928, 43.8052865], [125.3078166, 43.8050129]]}}, {"type": "Feature", "properties": {"osmWayId": 1426127502, "highway": "trunk", "lanes": "3", "name": "南四环快速路", "name:en": "South 4th Ring Expressway", "name:zh": "南四环快速路", "oneway": "yes", "ref": "G102;G334", "sourceMembership": "g102-tag"}, "geometry": {"type": "LineString", "coordinates": [[125.215569, 43.8051806], [125.2126767, 43.8056138]]}}, {"type": "Feature", "properties": {"osmWayId": 1426127503, "highway": "trunk", "lanes": "3", "name": "南四环快速路", "name:en": "South 4th Ring Expressway", "name:zh": "南四环快速路", "oneway": "yes", "ref": "G102;G334", "source": "GPS+photo", "sourceMembership": "g102-tag"}, "geometry": {"type": "LineString", "coordinates": [[125.2127225, 43.8054781], [125.2134894, 43.8053688], [125.2155313, 43.8050616]]}}, {"type": "Feature", "properties": {"osmWayId": 1426127504, "bridge": "yes", "highway": "trunk", "lanes": "3", "layer": "1", "name": "南四环快速路", "name:en": "South 4th Ring Expressway", "name:zh": "南四环快速路", "oneway": "yes", "ref": "G102;G334", "surface": "asphalt", "sourceMembership": "g102-tag"}, "geometry": {"type": "LineString", "coordinates": [[125.2241681, 43.8039677], [125.215569, 43.8051806]]}}, {"type": "Feature", "properties": {"osmWayId": 1426127505, "bridge": "yes", "highway": "trunk", "lanes": "3", "layer": "1", "name": "南四环快速路", "name:en": "South 4th Ring Expressway", "name:zh": "南四环快速路", "oneway": "yes", "ref": "G102;G334", "source": "GPS+photo", "sourceMembership": "g102-tag"}, "geometry": {"type": "LineString", "coordinates": [[125.2155313, 43.8050616], [125.2160012, 43.8049955], [125.2166241, 43.8049079], [125.2241327, 43.803852]]}}, {"type": "Feature", "properties": {"osmWayId": 1429282972, "bicycle": "yes", "foot": "yes", "highway": "trunk", "horse": "yes", "lanes": "2", "name": "萧红大道", "oneway": "yes", "ref": "G102", "source": "yahoo imagery", "sourceMembership": "g102-tag"}, "geometry": {"type": "LineString", "coordinates": [[126.5947516, 45.9727887], [126.5945683, 45.9727904], [126.5944562, 45.9727891], [126.5943535, 45.9727813], [126.5941982, 45.9727416], [126.5940214, 45.9726849], [126.5934184, 45.9724921], [126.5922507, 45.9721158], [126.5913749, 45.9718615], [126.5912994, 45.9718379]]}}, {"type": "Feature", "properties": {"osmWayId": 1429282973, "highway": "trunk", "lanes": "2", "name": "萧红大道", "oneway": "yes", "ref": "G102", "source": "yahoo imagery", "sourceMembership": "g102-tag"}, "geometry": {"type": "LineString", "coordinates": [[126.5913175, 45.9717195], [126.5914377, 45.9717576], [126.5923162, 45.9720066], [126.5935079, 45.9723949], [126.5939293, 45.9725303], [126.5941109, 45.9725696], [126.5943123, 45.9726025], [126.5944762, 45.9726124], [126.5946693, 45.9726107]]}}, {"type": "Feature", "properties": {"osmWayId": 1429701822, "bridge": "yes", "highway": "trunk", "layer": "1", "name": "京抚线", "ref": "G102", "sourceMembership": "g102-tag"}, "geometry": {"type": "LineString", "coordinates": [[120.0404924, 40.1597112], [120.0386787, 40.1584692]]}}, {"type": "Feature", "properties": {"osmWayId": 1429701823, "highway": "trunk", "name": "京抚线", "ref": "G102", "sourceMembership": "g102-tag"}, "geometry": {"type": "LineString", "coordinates": [[120.1397818, 40.2197457], [120.137179, 40.2174707], [120.1355086, 40.2156262], [120.1324548, 40.2123286], [120.130524, 40.2101645], [120.1284213, 40.2079233], [120.1264642, 40.2057541], [120.1253224, 40.2047039], [120.1240467, 40.2037096], [120.1210814, 40.2017453], [120.1199094, 40.2009072], [120.1186434, 40.1999035], [120.1144648, 40.196283], [120.111488, 40.1940196], [120.1114042, 40.1939498], [120.1076294, 40.1910846], [120.1063878, 40.1901421], [120.1053555, 40.1895171], [120.1030052, 40.1884311], [120.1021933, 40.1880853], [120.1016586, 40.1878575], [120.1006077, 40.1874099], [120.100019, 40.1870592], [120.0992337, 40.1864134], [120.0971672, 40.184714], [120.0904616, 40.1791992], [120.0830701, 40.1731197], [120.0827306, 40.172845], [120.0823256, 40.1725524], [120.0817679, 40.1722187], [120.0813989, 40.172089], [120.0808511, 40.1719097], [120.0802258, 40.1717791], [120.0796461, 40.1717316], [120.0790358, 40.1717369], [120.0768703, 40.1719463]]}}, {"type": "Feature", "properties": {"osmWayId": 1429949412, "foot": "yes", "highway": "trunk", "lanes": "2", "name": "京抚线", "oneway": "yes", "ref": "G102", "sourceMembership": "g102-tag"}, "geometry": {"type": "LineString", "coordinates": [[117.406005, 39.9793939], [117.4057726, 39.9794098]]}}, {"type": "Feature", "properties": {"osmWayId": 1429949415, "foot": "yes", "highway": "trunk", "lanes": "2", "name": "京抚线", "name:en": "Jingfu Highway", "oneway": "yes", "ref": "G102", "sourceMembership": "g102-tag"}, "geometry": {"type": "LineString", "coordinates": [[117.3974872, 39.9817586], [117.3973689, 39.9817678]]}}, {"type": "Feature", "properties": {"osmWayId": 1429949417, "foot": "yes", "highway": "trunk", "lanes": "2", "name": "京抚线", "name:en": "Jingfu Highway", "oneway": "yes", "ref": "G102", "sourceMembership": "g102-tag"}, "geometry": {"type": "LineString", "coordinates": [[117.3903995, 39.9821497], [117.3921469, 39.9820391], [117.3935869, 39.981948], [117.3973578, 39.9816864]]}}, {"type": "Feature", "properties": {"osmWayId": 1429994828, "foot": "yes", "highway": "trunk", "lanes": "2", "name": "京抚线", "oneway": "yes", "ref": "G102", "sourceMembership": "g102-tag"}, "geometry": {"type": "LineString", "coordinates": [[117.4057595, 39.9793226], [117.405992, 39.9793344]]}}, {"type": "Feature", "properties": {"osmWayId": 1430116001, "highway": "trunk", "name": "京抚线", "ref": "G102", "sourceMembership": "g102-tag"}, "geometry": {"type": "LineString", "coordinates": [[120.0719082, 40.172555], [120.0678039, 40.1730337], [120.0671135, 40.1730728], [120.0656029, 40.1730736], [120.0645574, 40.1729524], [120.0634679, 40.1727719], [120.0626232, 40.172564], [120.0617262, 40.1722917], [120.0588147, 40.1711621], [120.0577494, 40.1707348], [120.0551787, 40.1697037], [120.0546446, 40.1694381], [120.0541472, 40.1691594], [120.0533486, 40.1686504], [120.0444836, 40.1624379], [120.0404924, 40.1597112]]}}, {"type": "Feature", "properties": {"osmWayId": 1430116002, "bridge": "yes", "highway": "trunk", "layer": "1", "name": "京抚线", "ref": "G102", "sourceMembership": "g102-tag"}, "geometry": {"type": "LineString", "coordinates": [[120.0768703, 40.1719463], [120.0719082, 40.172555]]}}, {"type": "Feature", "properties": {"osmWayId": 1430212358, "highway": "trunk", "name": "京抚线", "oneway": "yes", "ref": "G102", "source": "digitalGlobe", "surface": "asphalt", "sourceMembership": "g102-tag"}, "geometry": {"type": "LineString", "coordinates": [[128.1015103, 45.9460563], [128.1009518, 45.9459022], [128.099445, 45.9454479], [128.0993196, 45.9454107], [128.0937308, 45.9437514], [128.0931687, 45.9435803], [128.0878045, 45.9419476], [128.0869714, 45.9417435], [128.0865578, 45.9416582], [128.0862244, 45.941603], [128.0857922, 45.9415541], [128.0853967, 45.9415275], [128.0850575, 45.9415146], [128.0845803, 45.9415089], [128.0841838, 45.9415156], [128.083739, 45.9415484], [128.0836289, 45.9415606], [128.0835473, 45.9415696], [128.0832034, 45.9416075], [128.0804153, 45.9420669], [128.0751311, 45.9429361], [128.0749544, 45.9429733], [128.0747569, 45.943015], [128.0742767, 45.943128], [128.0739639, 45.9432177], [128.0735199, 45.9433569], [128.0731214, 45.943506], [128.0727044, 45.9436794], [128.0722524, 45.943888], [128.071804, 45.944123], [128.0713713, 45.9443788], [128.0673562, 45.9469669], [128.0672152, 45.9470578], [128.0637816, 45.9492709], [128.0631718, 45.9496467], [128.0628489, 45.9498363], [128.0625172, 45.9500088], [128.0621212, 45.9501893], [128.061699, 45.9503399], [128.0613065, 45.950467], [128.0608399, 45.9505751], [128.0604342, 45.9506504], [128.0599945, 45.9507088], [128.0597176, 45.9507408], [128.0593258, 45.9507593], [128.0590296, 45.950762], [128.0587701, 45.9507561]]}}, {"type": "Feature", "properties": {"osmWayId": 1430816209, "foot": "yes", "highway": "trunk", "lanes": "2", "name": "京抚线", "name:en": "Jingfu Highway", "oneway": "yes", "ref": "G102", "sourceMembership": "g102-tag"}, "geometry": {"type": "LineString", "coordinates": [[117.3980877, 39.9817185], [117.3976849, 39.9817483], [117.3974872, 39.9817586]]}}, {"type": "Feature", "properties": {"osmWayId": 1433509359, "bridge": "yes", "highway": "trunk", "layer": "1", "name": "京抚线", "ref": "G102", "sourceMembership": "g102-tag"}, "geometry": {"type": "LineString", "coordinates": [[120.6509887, 40.5562002], [120.6511635, 40.55652]]}}, {"type": "Feature", "properties": {"osmWayId": 1433509360, "highway": "trunk", "name": "京抚线", "ref": "G102", "source": "GPS", "sourceMembership": "g102-tag"}, "geometry": {"type": "LineString", "coordinates": [[120.5902747, 40.4865477], [120.5919712, 40.4880468], [120.5927201, 40.4887354], [120.5958609, 40.4916233], [120.5978767, 40.4935493], [120.5990204, 40.494642], [120.6020509, 40.4975373], [120.6042375, 40.499703], [120.6055187, 40.500972], [120.6055718, 40.5010246], [120.6086824, 40.5041054], [120.6197105, 40.5152215], [120.6201381, 40.5157578], [120.622115, 40.519478], [120.6223627, 40.5197967], [120.6226792, 40.5202844], [120.6270351, 40.5263088], [120.6284444, 40.5281698], [120.6305327, 40.5307667], [120.6315471, 40.5319678], [120.6348286, 40.5360151], [120.6364681, 40.5380099], [120.6423216, 40.5456122], [120.6426724, 40.5460677], [120.6449255, 40.5487275], [120.6480846, 40.5518836], [120.6488783, 40.5526762], [120.6490722, 40.5528699], [120.6494407, 40.5532808], [120.6496333, 40.5535657], [120.6502646, 40.5548755], [120.6509887, 40.5562002]]}}, {"type": "Feature", "properties": {"osmWayId": 1435600429, "bridge": "yes", "highway": "trunk", "lanes": "2", "layer": "1", "name": "京抚线", "oneway": "no", "ref": "G102", "source": "Bing", "sourceMembership": "g102-tag"}, "geometry": {"type": "LineString", "coordinates": [[120.7363725, 40.6397212], [120.7358508, 40.6394757]]}}, {"type": "Feature", "properties": {"osmWayId": 1435600430, "highway": "trunk", "lanes": "2", "name": "京抚线", "oneway": "no", "ref": "G102", "source": "Bing", "sourceMembership": "g102-tag"}, "geometry": {"type": "LineString", "coordinates": [[120.7432159, 40.6487938], [120.7431559, 40.6486877], [120.7428042, 40.6480664], [120.7403871, 40.6421566], [120.7401055, 40.6417903], [120.7397434, 40.6414626], [120.7391504, 40.6411038], [120.7383108, 40.6406334], [120.7373053, 40.6401458], [120.7368401, 40.6399466], [120.7363725, 40.6397212]]}}, {"type": "Feature", "properties": {"osmWayId": 1437099530, "highway": "trunk", "name": "京抚线", "ref": "G102", "source": "Bing", "sourceMembership": "g102-tag"}, "geometry": {"type": "LineString", "coordinates": [[133.7597979, 47.5936353], [133.7801293, 47.5940098]]}}, {"type": "Feature", "properties": {"osmWayId": 1437099531, "bridge": "yes", "highway": "trunk", "layer": "1", "name": "京抚线", "ref": "G102", "source": "Bing", "sourceMembership": "g102-tag"}, "geometry": {"type": "LineString", "coordinates": [[133.7594, 47.593628], [133.7597979, 47.5936353]]}}, {"type": "Feature", "properties": {"osmWayId": 1443008173, "highway": "trunk", "name": "京抚线", "oneway": "yes", "ref": "G102", "sourceMembership": "g102-tag"}, "geometry": {"type": "LineString", "coordinates": [[132.6789758, 47.2718849], [132.6791633, 47.2719367], [132.6805783, 47.2723581], [132.6814843, 47.272656], [132.6828433, 47.2731281], [132.6835986, 47.2734187], [132.6855939, 47.2741864], [132.6887575, 47.2754141], [132.6904867, 47.2760851], [132.6917656, 47.2765814], [132.6918564, 47.2766166], [132.6946117, 47.2776971], [132.6988801, 47.2793572], [132.702574, 47.2807893], [132.703055, 47.2809698], [132.7044681, 47.2815178]]}}, {"type": "Feature", "properties": {"osmWayId": 1443008174, "bridge": "yes", "highway": "trunk", "layer": "1", "name": "京抚线", "oneway": "yes", "ref": "G102", "sourceMembership": "g102-tag"}, "geometry": {"type": "LineString", "coordinates": [[132.6785975, 47.2717804], [132.6789758, 47.2718849]]}}, {"type": "Feature", "properties": {"osmWayId": 1443008175, "highway": "trunk", "name": "京抚线", "oneway": "yes", "ref": "G102", "source": "Bing", "sourceMembership": "g102-tag"}, "geometry": {"type": "LineString", "coordinates": [[132.7044681, 47.2815178], [132.7028257, 47.2809747], [132.7022887, 47.2807909], [132.6993139, 47.2796409], [132.6970209, 47.2787443], [132.6935511, 47.2773914], [132.6904145, 47.276175], [132.6899319, 47.2759878], [132.687256, 47.2749327], [132.6848976, 47.2740233], [132.682217, 47.2730157], [132.6800315, 47.2722964], [132.6789763, 47.2719893]]}}, {"type": "Feature", "properties": {"osmWayId": 1443008176, "bridge": "yes", "highway": "trunk", "layer": "1", "name": "京抚线", "oneway": "yes", "ref": "G102", "source": "Bing", "sourceMembership": "g102-tag"}, "geometry": {"type": "LineString", "coordinates": [[132.6789763, 47.2719893], [132.6785993, 47.2718796]]}}, {"type": "Feature", "properties": {"osmWayId": 1444684693, "foot": "yes", "highway": "trunk", "lanes": "2", "name": "京抚线", "oneway": "yes", "ref": "G102", "sourceMembership": "g102-tag"}, "geometry": {"type": "LineString", "coordinates": [[117.4057726, 39.9794098], [117.4055633, 39.9794558], [117.4053508, 39.9794625], [117.4051021, 39.9795086], [117.4049396, 39.9795501], [117.4047559, 39.979611], [117.4045378, 39.9796964]]}}, {"type": "Feature", "properties": {"osmWayId": 1444684694, "bridge": "yes", "foot": "yes", "highway": "trunk", "lanes": "2", "layer": "1", "name": "京抚线", "oneway": "yes", "ref": "G102", "sourceMembership": "g102-tag"}, "geometry": {"type": "LineString", "coordinates": [[117.4045378, 39.9796964], [117.4042329, 39.9798281]]}}, {"type": "Feature", "properties": {"osmWayId": 1444766640, "foot": "yes", "highway": "trunk", "lanes": "2", "name": "京抚线", "oneway": "yes", "ref": "G102", "sourceMembership": "g102-tag"}, "geometry": {"type": "LineString", "coordinates": [[117.4033998, 39.9801704], [117.403692, 39.9800173], [117.4039104, 39.9799034], [117.4040816, 39.9798121], [117.4042036, 39.9797587]]}}, {"type": "Feature", "properties": {"osmWayId": 1444766641, "bridge": "yes", "foot": "yes", "highway": "trunk", "lanes": "2", "layer": "1", "name": "京抚线", "oneway": "yes", "ref": "G102", "sourceMembership": "g102-tag"}, "geometry": {"type": "LineString", "coordinates": [[117.4042036, 39.9797587], [117.4043976, 39.9796755], [117.4045187, 39.9796248]]}}, {"type": "Feature", "properties": {"osmWayId": 1444766645, "foot": "yes", "highway": "trunk", "lanes": "2", "name": "京抚线", "name:en": "Jingfu Highway", "oneway": "yes", "ref": "G102", "sourceMembership": "g102-tag"}, "geometry": {"type": "LineString", "coordinates": [[117.3618365, 39.9844846], [117.3618912, 39.9844791], [117.3634446, 39.9843241]]}}, {"type": "Feature", "properties": {"osmWayId": 1444766646, "foot": "yes", "highway": "trunk", "lanes": "2", "name": "京抚线", "name:en": "Jingfu Highway", "oneway": "yes", "ref": "G102", "sourceMembership": "g102-tag"}, "geometry": {"type": "LineString", "coordinates": [[117.3635471, 39.9843953], [117.3634482, 39.9844022], [117.3627084, 39.9844798], [117.3601146, 39.9847336], [117.3598545, 39.9847574], [117.3598003, 39.9847624], [117.3597799, 39.9847643]]}}, {"type": "Feature", "properties": {"osmWayId": 1444766648, "foot": "yes", "highway": "trunk", "lanes": "2", "name": "京抚线", "name:en": "Jingfu Highway", "oneway": "yes", "ref": "G102", "sourceMembership": "g102-tag"}, "geometry": {"type": "LineString", "coordinates": [[117.3973689, 39.9817678], [117.397099, 39.9817869], [117.3948026, 39.9819619], [117.3936006, 39.9820417], [117.3923381, 39.9821061], [117.3904004, 39.9822311]]}}, {"type": "Feature", "properties": {"osmWayId": 1444766649, "foot": "yes", "highway": "trunk", "lanes": "2", "layer": "-1", "name": "京抚线", "name:en": "Jingfu Highway", "oneway": "yes", "ref": "G102", "tunnel": "yes", "sourceMembership": "g102-tag"}, "geometry": {"type": "LineString", "coordinates": [[117.3904004, 39.9822311], [117.3902204, 39.9822427]]}}, {"type": "Feature", "properties": {"osmWayId": 1444766651, "foot": "yes", "highway": "trunk", "lanes": "2", "layer": "-1", "name": "京抚线", "name:en": "Jingfu Highway", "oneway": "yes", "ref": "G102", "tunnel": "yes", "sourceMembership": "g102-tag"}, "geometry": {"type": "LineString", "coordinates": [[117.3902177, 39.9821646], [117.3903995, 39.9821497]]}}, {"type": "Feature", "properties": {"osmWayId": 1447081153, "highway": "trunk", "name": "京抚线", "oneway": "no", "ref": "G102", "source": "bing", "sourceMembership": "g102-tag"}, "geometry": {"type": "LineString", "coordinates": [[120.9352952, 40.8396562], [120.9342104, 40.8386978], [120.9333322, 40.8377116], [120.930776, 40.8338317], [120.9301811, 40.8330247], [120.9293566, 40.8321131], [120.920132, 40.8235373], [120.9196449, 40.8230413], [120.9193053, 40.8225594], [120.9190452, 40.8220451], [120.9187705, 40.8214439], [120.9181509, 40.8198488], [120.9177358, 40.8187804]]}}, {"type": "Feature", "properties": {"osmWayId": 1447081154, "bridge": "yes", "highway": "trunk", "layer": "1", "name": "京抚线", "oneway": "no", "ref": "G102", "sourceMembership": "g102-tag"}, "geometry": {"type": "LineString", "coordinates": [[120.9358805, 40.8401803], [120.9352952, 40.8396562]]}}, {"type": "Feature", "properties": {"osmWayId": 1452262352, "foot": "yes", "highway": "trunk", "lanes": "2", "name": "京抚线", "name:en": "Jingfu Highway", "oneway": "yes", "ref": "G102", "sourceMembership": "g102-tag"}, "geometry": {"type": "LineString", "coordinates": [[117.3597799, 39.9847643], [117.3594584, 39.9847937], [117.3593363, 39.9848049]]}}, {"type": "Feature", "properties": {"osmWayId": 1452262353, "foot": "yes", "highway": "trunk", "lanes": "2", "name": "京抚线", "oneway": "yes", "ref": "G102", "sourceMembership": "g102-tag"}, "geometry": {"type": "LineString", "coordinates": [[117.3593248, 39.9847269], [117.3594721, 39.9847129], [117.3597687, 39.9846841]]}}, {"type": "Feature", "properties": {"osmWayId": 1452262355, "foot": "yes", "highway": "trunk", "lanes": "2", "name": "京抚线", "oneway": "yes", "ref": "G102", "sourceMembership": "g102-tag"}, "geometry": {"type": "LineString", "coordinates": [[117.3615841, 39.9845103], [117.3618365, 39.9844846]]}}, {"type": "Feature", "properties": {"osmWayId": 1452658236, "foot": "yes", "highway": "trunk", "lanes": "2", "name": "京抚线", "oneway": "yes", "ref": "G102", "source": "ESRB", "sourceMembership": "g102-tag"}, "geometry": {"type": "LineString", "coordinates": [[117.2445425, 39.9909481], [117.244326, 39.9909683], [117.2436185, 39.9910342], [117.2429283, 39.9910985], [117.2412483, 39.9912692], [117.2398171, 39.9914147], [117.2382163, 39.9915348], [117.2370486, 39.9916224], [117.2342181, 39.9918347], [117.2307876, 39.9920847], [117.2289207, 39.9922935], [117.2262768, 39.9926119], [117.2258554, 39.9926627], [117.2244897, 39.9928256], [117.2216861, 39.9931874], [117.2206851, 39.9933059], [117.2198597, 39.9934115], [117.2185407, 39.9935608], [117.216373, 39.9938197], [117.2140847, 39.9940937], [117.2128408, 39.9942425]]}}, {"type": "Feature", "properties": {"osmWayId": 1452658237, "foot": "yes", "highway": "trunk", "lanes": "2", "name": "京抚线", "oneway": "yes", "ref": "G102", "source": "ESRB", "sourceMembership": "g102-tag"}, "geometry": {"type": "LineString", "coordinates": [[117.2456984, 39.9907019], [117.2461566, 39.9906499], [117.249874, 39.9902605], [117.2511561, 39.9901262], [117.2535237, 39.9898728], [117.2541691, 39.9898143], [117.256043, 39.989618], [117.2580024, 39.9894202], [117.2590427, 39.9893054], [117.2610787, 39.9890959], [117.2613313, 39.9890724], [117.2638144, 39.9888681], [117.2646547, 39.9888273], [117.2651545, 39.9888073], [117.2664936, 39.988773], [117.2694007, 39.9887679], [117.2717279, 39.9887531], [117.2721714, 39.9887562], [117.2740348, 39.9887509], [117.278944, 39.9887544]]}}, {"type": "Feature", "properties": {"osmWayId": 1452658239, "foot": "yes", "highway": "trunk", "lanes": "2", "name": "京抚线", "oneway": "yes", "ref": "G102", "source": "ESRB", "sourceMembership": "g102-tag"}, "geometry": {"type": "LineString", "coordinates": [[117.2457011, 39.9908147], [117.2453956, 39.9908462], [117.2450706, 39.99089], [117.2448292, 39.9909214], [117.2445425, 39.9909481]]}}, {"type": "Feature", "properties": {"osmWayId": 1452964076, "foot": "yes", "highway": "trunk", "lanes": "2", "name": "京抚线", "oneway": "yes", "ref": "G102", "surface": "asphalt", "sourceMembership": "g102-tag"}, "geometry": {"type": "LineString", "coordinates": [[117.4135851, 39.9778797], [117.4130246, 39.9780163]]}}, {"type": "Feature", "properties": {"osmWayId": 1452964078, "foot": "yes", "highway": "trunk", "lanes": "2", "name": "京抚线", "oneway": "yes", "ref": "G102", "surface": "asphalt", "sourceMembership": "g102-tag"}, "geometry": {"type": "LineString", "coordinates": [[117.4129979, 39.9779426], [117.4135275, 39.9777905]]}}, {"type": "Feature", "properties": {"osmWayId": 1452964111, "foot": "yes", "highway": "trunk", "lanes": "2", "name": "京抚线", "oneway": "yes", "ref": "G102", "surface": "asphalt", "sourceMembership": "g102-tag"}, "geometry": {"type": "LineString", "coordinates": [[117.4903704, 39.9572775], [117.4905364, 39.9572244], [117.490557, 39.9572178], [117.490611, 39.9572006], [117.4909741, 39.9570672], [117.491263, 39.956946], [117.4960596, 39.9549049], [117.5024278, 39.9521154], [117.5108358, 39.9483969], [117.5131752, 39.9473413], [117.5161946, 39.9459546], [117.5172208, 39.9455384], [117.5175711, 39.9453964], [117.5187192, 39.9449308], [117.519474, 39.9446276], [117.5200168, 39.9444482], [117.5214424, 39.9439769], [117.5217289, 39.9438822], [117.5233276, 39.9433896], [117.5275754, 39.9420809], [117.5281551, 39.9418702], [117.5289174, 39.9415204], [117.5314918, 39.9401695], [117.5332049, 39.9392706]]}}, {"type": "Feature", "properties": {"osmWayId": 1452964114, "foot": "yes", "highway": "trunk", "lanes": "2", "name": "京抚线", "oneway": "yes", "ref": "G102", "surface": "asphalt", "sourceMembership": "g102-tag"}, "geometry": {"type": "LineString", "coordinates": [[117.5332915, 39.939356], [117.5290908, 39.9415583], [117.5282435, 39.9419547], [117.5276366, 39.9421713], [117.5265244, 39.942522], [117.521501, 39.9440747], [117.5213895, 39.9441092], [117.5195267, 39.9447163], [117.517295, 39.9456232], [117.5164366, 39.945972], [117.5132359, 39.9474231], [117.510971, 39.9484429], [117.5024258, 39.9522129], [117.5018897, 39.9524424], [117.5001657, 39.9532145], [117.4995974, 39.9534524], [117.4975455, 39.9543639], [117.4961136, 39.955], [117.4954046, 39.955298], [117.4934318, 39.9561273], [117.4915811, 39.9569034], [117.4911111, 39.9571012], [117.4906262, 39.9572789], [117.4905725, 39.9572967], [117.4903802, 39.95736]]}}, {"type": "Feature", "properties": {"osmWayId": 1455275912, "bicycle": "yes", "foot": "yes", "highway": "trunk", "lanes": "3", "motor_vehicle": "yes", "name": "榆林大街", "oneway": "yes", "ref": "G102", "sourceMembership": "g102-tag"}, "geometry": {"type": "LineString", "coordinates": [[123.5012963, 41.8521652], [123.5012917, 41.8522678], [123.5012966, 41.8524438], [123.501332, 41.85271], [123.5014291, 41.8531931], [123.5014891, 41.8534134], [123.5015569, 41.8536188], [123.5016833, 41.8540101], [123.5019344, 41.8547445], [123.5021885, 41.8555063], [123.5023701, 41.8560574], [123.5024121, 41.8561846], [123.5025763, 41.8566483], [123.5026133, 41.8567551]]}}, {"type": "Feature", "properties": {"osmWayId": 1455275915, "highway": "trunk", "lanes": "3", "name": "榆林大街", "oneway": "yes", "ref": "G102", "sourceMembership": "g102-tag"}, "geometry": {"type": "LineString", "coordinates": [[123.5293007, 41.8932064], [123.5288562, 41.8928325], [123.5286274, 41.8926326], [123.5284616, 41.8924901], [123.5282771, 41.8923058], [123.528046, 41.8920747], [123.5277424, 41.8917479], [123.5274295, 41.8913884], [123.5269391, 41.8908409], [123.5264301, 41.8902635], [123.5257241, 41.8894583], [123.5251724, 41.8888256]]}}, {"type": "Feature", "properties": {"osmWayId": 1455275916, "highway": "trunk", "lanes": "3", "name": "榆林大街", "oneway": "yes", "ref": "G102", "sourceMembership": "g102-tag"}, "geometry": {"type": "LineString", "coordinates": [[123.5248302, 41.8884517], [123.5246337, 41.8882328], [123.5244974, 41.8880807], [123.5243479, 41.8879268], [123.5242077, 41.8877876], [123.5240715, 41.8876665], [123.5239577, 41.8875591], [123.5238377, 41.8874607], [123.5236284, 41.8872912], [123.5231669, 41.886919], [123.5230721, 41.8868391]]}}, {"type": "Feature", "properties": {"osmWayId": 1455275917, "bridge": "yes", "highway": "trunk", "lanes": "3", "layer": "1", "name": "榆林大街", "oneway": "yes", "ref": "G102", "sourceMembership": "g102-tag"}, "geometry": {"type": "LineString", "coordinates": [[123.5251724, 41.8888256], [123.5248302, 41.8884517]]}}, {"type": "Feature", "properties": {"osmWayId": 1455395689, "highway": "trunk", "name": "京抚线", "ref": "G102", "source": "bing", "sourceMembership": "g102-tag"}, "geometry": {"type": "LineString", "coordinates": [[118.941376, 39.8882517], [118.940923, 39.888128], [118.9312911, 39.8863455], [118.9256102, 39.8850912], [118.9250629, 39.8850091], [118.9243848, 39.8849843], [118.9238878, 39.885022], [118.9170677, 39.8860071], [118.9168615, 39.8860086]]}}, {"type": "Feature", "properties": {"osmWayId": 1455395690, "bridge": "yes", "highway": "trunk", "layer": "1", "name": "京抚线", "ref": "G102", "source": "bing", "sourceMembership": "g102-tag"}, "geometry": {"type": "LineString", "coordinates": [[118.9419233, 39.8884261], [118.941376, 39.8882517]]}}, {"type": "Feature", "properties": {"osmWayId": 1460772651, "highway": "trunk", "lanes": "2", "name": "京抚线", "oneway": "yes", "ref": "G102", "source": "Bing", "sourceMembership": "g102-tag"}, "geometry": {"type": "LineString", "coordinates": [[124.7090746, 43.4378079], [124.7107767, 43.4385445]]}}, {"type": "Feature", "properties": {"osmWayId": 1460940146, "bridge": "yes", "highway": "trunk", "lanes": "2", "layer": "1", "name": "京抚线", "oneway": "yes", "ref": "G102", "sourceMembership": "g102-tag"}, "geometry": {"type": "LineString", "coordinates": [[121.4697039, 41.2319647], [121.470444, 41.2324817]]}}, {"type": "Feature", "properties": {"osmWayId": 1460940147, "bridge": "yes", "highway": "trunk", "lanes": "2", "layer": "1", "name": "京抚线", "oneway": "yes", "ref": "G102", "sourceMembership": "g102-tag"}, "geometry": {"type": "LineString", "coordinates": [[121.4703726, 41.2325234], [121.4696208, 41.232001]]}}, {"type": "Feature", "properties": {"osmWayId": 1460940148, "highway": "trunk", "lanes": "2", "name": "京抚线", "oneway": "yes", "ref": "G102", "source": "bing", "sourceMembership": "g102-tag"}, "geometry": {"type": "LineString", "coordinates": [[121.3913, 41.1809435], [121.3933987, 41.1817616], [121.3936056, 41.1818422], [121.3942413, 41.1819888], [121.394869, 41.1820787], [121.3962723, 41.1822452], [121.3971065, 41.1824238], [121.4024847, 41.1846819], [121.4071723, 41.1866499], [121.408302, 41.1872745], [121.4083915, 41.1873362], [121.410304, 41.1886562], [121.4125131, 41.1903099], [121.4167955, 41.1933637], [121.4171469, 41.1939325], [121.4172472, 41.1942757], [121.4173191, 41.1945214], [121.4182927, 41.2001518], [121.4184585, 41.2007645], [121.4185259, 41.2008867], [121.4187643, 41.2013191], [121.419334, 41.2018523], [121.4204004, 41.2024851], [121.4276912, 41.2061536], [121.4314893, 41.2080646], [121.4353515, 41.2100078], [121.436815, 41.2107441], [121.4427201, 41.2138527], [121.4433569, 41.2142937], [121.4437313, 41.21469], [121.4449271, 41.2160616], [121.446714, 41.2178375], [121.4473743, 41.2184089], [121.4535826, 41.2230056], [121.4549805, 41.2239203], [121.4568586, 41.2250363], [121.4587801, 41.2260078], [121.4628571, 41.2277492], [121.463893, 41.2282458], [121.4697039, 41.2319647]]}}, {"type": "Feature", "properties": {"osmWayId": 1460940149, "highway": "trunk", "lanes": "2", "name": "京抚线", "oneway": "yes", "ref": "G102", "source": "bing", "sourceMembership": "g102-tag"}, "geometry": {"type": "LineString", "coordinates": [[121.4696208, 41.232001], [121.4638446, 41.2282893], [121.4628189, 41.2277976], [121.4587407, 41.2260557], [121.4568119, 41.2250805], [121.4549281, 41.2239611], [121.4535255, 41.2230433], [121.4473114, 41.2184424], [121.4466456, 41.2178662], [121.444854, 41.2160856], [121.4436572, 41.2147129], [121.4432911, 41.2143254], [121.4426689, 41.2138945], [121.4367712, 41.2107897], [121.4353048, 41.2100519], [121.43147, 41.2081226], [121.4275885, 41.2061696], [121.4203538, 41.2025294], [121.4192735, 41.2018883], [121.4186853, 41.2013377], [121.4184377, 41.2008888], [121.4183688, 41.2007639], [121.4182, 41.2001399], [121.4172265, 41.1945102], [121.4171548, 41.1942651], [121.4170581, 41.1939343], [121.4167214, 41.1933893], [121.412454, 41.1903462], [121.4102456, 41.188693], [121.4082899, 41.1873433], [121.4082499, 41.1873157], [121.4071311, 41.1866971], [121.402444, 41.1847293], [121.3970981, 41.1824848], [121.3970834, 41.1824786], [121.3962689, 41.1823042], [121.3948707, 41.1821383], [121.394235, 41.1820473], [121.3935832, 41.181897], [121.393367, 41.1818127], [121.393189, 41.1817433], [121.3912683, 41.1809946]]}}, {"type": "Feature", "properties": {"osmWayId": 1462276790, "highway": "trunk", "lanes": "2", "name": "京抚线", "oneway": "yes", "ref": "G102", "source": "Bing", "sourceMembership": "g102-tag"}, "geometry": {"type": "LineString", "coordinates": [[124.4943226, 43.2587056], [124.4937302, 43.2581018], [124.4934257, 43.2577914], [124.4912576, 43.2556524], [124.4902423, 43.2547409], [124.4883127, 43.2530085], [124.4872446, 43.252054], [124.4871481, 43.2519677], [124.4816864, 43.2470876], [124.4786399, 43.2443817], [124.4761765, 43.2421786], [124.4742011, 43.2404117], [124.4718691, 43.2383966], [124.4703793, 43.2372135], [124.4690364, 43.2361471], [124.4671964, 43.2346371], [124.4668864, 43.2342971], [124.4661416, 43.2334916], [124.4648344, 43.231767], [124.4622718, 43.2283565], [124.4618167, 43.2277299], [124.4614976, 43.2272904], [124.4606624, 43.2262189], [124.4600051, 43.2255608], [124.4592105, 43.2248829], [124.4583965, 43.224332], [124.4573336, 43.2237154], [124.456376, 43.223285], [124.45451, 43.2225979], [124.4501793, 43.220996], [124.4496473, 43.2207732], [124.4482342, 43.2201814], [124.4382446, 43.215718], [124.4377575, 43.2155642], [124.4369619, 43.2153356], [124.4271153, 43.2138109], [124.4268923, 43.2137647], [124.4250799, 43.2133891], [124.4244104, 43.2132499], [124.4240474, 43.2131744], [124.4230254, 43.2129335], [124.4226596, 43.2128472], [124.4201493, 43.2119247], [124.4182614, 43.2111617], [124.4153193, 43.2102847], [124.4149049, 43.2101642], [124.4140645, 43.2099212], [124.4128415, 43.2095348], [124.4115015, 43.2089048], [124.4059215, 43.2057047], [124.4052706, 43.2053857], [124.3992072, 43.2024138], [124.3955549, 43.2006335], [124.3938249, 43.199777], [124.393514, 43.199617], [124.3932023, 43.1994029], [124.3929468, 43.1992027], [124.3926903, 43.1989555], [124.3925058, 43.1986921], [124.3923615, 43.1983893], [124.3922465, 43.1979241], [124.3917659, 43.1951451], [124.3915545, 43.1941924], [124.3911559, 43.1926294], [124.3902536, 43.1892264], [124.390208, 43.1890499], [124.3901466, 43.1888124], [124.3894538, 43.1861316], [124.389424, 43.1860553]]}}, {"type": "Feature", "properties": {"osmWayId": 1462276791, "highway": "trunk", "lanes": "2", "name": "京抚线", "oneway": "yes", "ref": "G102;X059", "source": "Bing", "surface": "asphalt", "sourceMembership": "g102-tag"}, "geometry": {"type": "LineString", "coordinates": [[124.4954194, 43.2598269], [124.4943226, 43.2587056]]}}, {"type": "Feature", "properties": {"osmWayId": 1462276792, "highway": "trunk", "lanes": "2", "name": "京抚线", "oneway": "yes", "ref": "G102", "source": "Bing;GPS", "sourceMembership": "g102-tag"}, "geometry": {"type": "LineString", "coordinates": [[124.3895658, 43.1860398], [124.3895905, 43.1861039], [124.3902639, 43.188632], [124.3902965, 43.188763], [124.3903558, 43.1890009], [124.390494, 43.1895558], [124.391292, 43.1925871], [124.3917058, 43.1941828], [124.3919093, 43.1951567], [124.3923758, 43.1979028], [124.3925239, 43.1985047], [124.3926865, 43.198783], [124.3929283, 43.1990635], [124.3932696, 43.1993479], [124.3935121, 43.1995048], [124.3938904, 43.1997102], [124.3943765, 43.1999366], [124.3956475, 43.2005625], [124.399306, 43.2023451], [124.4059699, 43.2056567], [124.411549, 43.2088563], [124.4128802, 43.2094821], [124.4140936, 43.2098655], [124.4150208, 43.2101224], [124.4155292, 43.2102643], [124.4182976, 43.2111083], [124.4201567, 43.2117866], [124.4207968, 43.21203], [124.4226889, 43.2127493], [124.4230449, 43.2128333], [124.4240647, 43.2130737], [124.4242889, 43.2131203], [124.4244255, 43.2131487], [124.4250949, 43.2132879], [124.4269073, 43.2136635], [124.4271277, 43.2137092], [124.4371704, 43.2152972], [124.4378411, 43.2154605], [124.4386485, 43.2157637], [124.4482641, 43.2200873], [124.4497152, 43.2206877], [124.4542812, 43.2223768], [124.4554394, 43.2228019], [124.456511, 43.2232256], [124.4574651, 43.2236573], [124.4585183, 43.2242717], [124.4594059, 43.2249061], [124.4597583, 43.2252174], [124.46005, 43.2254553], [124.4603623, 43.2257037], [124.4611881, 43.2266669], [124.4619205, 43.227637], [124.4649378, 43.2317065], [124.4662318, 43.2334011], [124.4666307, 43.233854], [124.4669788, 43.2342388], [124.4672807, 43.2345699], [124.4691138, 43.2360742], [124.470456, 43.2371401], [124.4719454, 43.2383229], [124.4742812, 43.2403332], [124.4762965, 43.242115], [124.4787382, 43.2443248], [124.4817683, 43.2470186], [124.4872751, 43.2519233], [124.4884111, 43.2529507], [124.4887822, 43.2532864], [124.4903315, 43.2546876], [124.4913422, 43.2556017], [124.49349, 43.2577383], [124.4937942, 43.2580662], [124.4944105, 43.2586554]]}}, {"type": "Feature", "properties": {"osmWayId": 1462276793, "highway": "trunk", "lanes": "2", "name": "京抚线", "oneway": "yes", "ref": "G102;X059", "source": "Bing;GPS", "surface": "asphalt", "sourceMembership": "g102-tag"}, "geometry": {"type": "LineString", "coordinates": [[124.4944105, 43.2586554], [124.4955013, 43.2597732]]}}, {"type": "Feature", "properties": {"osmWayId": 1466670675, "highway": "trunk", "lanes": "2", "name": "京抚线", "oneway": "yes", "ref": "G102;G305", "source": "bing", "surface": "asphalt", "sourceMembership": "g102-tag"}, "geometry": {"type": "LineString", "coordinates": [[121.5960757, 41.350546], [121.595983, 41.3504942], [121.594698, 41.3496739], [121.5925992, 41.3483178], [121.5907675, 41.3470258], [121.5892864, 41.3457865], [121.5844231, 41.3412906], [121.581925, 41.339338], [121.5819171, 41.3393327]]}}, {"type": "Feature", "properties": {"osmWayId": 1466670676, "bridge": "yes", "highway": "trunk", "layer": "1", "name": "京抚线", "oneway": "yes", "ref": "G102;G305", "surface": "asphalt", "sourceMembership": "g102-tag"}, "geometry": {"type": "LineString", "coordinates": [[121.5965739, 41.3508246], [121.5960757, 41.350546]]}}, {"type": "Feature", "properties": {"osmWayId": 1466670677, "bridge": "yes", "highway": "trunk", "layer": "1", "name": "京抚线", "oneway": "yes", "ref": "G102;G305", "surface": "asphalt", "sourceMembership": "g102-tag"}, "geometry": {"type": "LineString", "coordinates": [[121.5961139, 41.3505138], [121.5965921, 41.3507923]]}}, {"type": "Feature", "properties": {"osmWayId": 1466670678, "highway": "trunk", "lanes": "2", "name": "京抚线", "oneway": "yes", "ref": "G102;G305", "source": "bing", "surface": "asphalt", "sourceMembership": "g102-tag"}, "geometry": {"type": "LineString", "coordinates": [[121.5819531, 41.3393126], [121.5844604, 41.3412724], [121.589348, 41.345752], [121.590805, 41.3470078], [121.5926308, 41.3482951], [121.5947225, 41.3496466], [121.5960136, 41.3504555], [121.5961139, 41.3505138]]}}, {"type": "Feature", "properties": {"osmWayId": 1471532019, "highway": "trunk", "lanes": "2", "name": "102国道", "name:en": "G102", "name:zh": "102国道", "oneway": "yes", "ref": "G102;G302", "sourceMembership": "g102-tag"}, "geometry": {"type": "LineString", "coordinates": [[125.4265384, 43.9565553], [125.4266921, 43.9570926], [125.4285527, 43.9620775], [125.4285862, 43.96217], [125.4295562, 43.9648179], [125.4296094, 43.9649601], [125.4300686, 43.9661896], [125.4306577, 43.9676956], [125.4308961, 43.968403], [125.4312982, 43.9694976], [125.4316268, 43.9705977], [125.4318318, 43.9716219], [125.4319708, 43.9724297], [125.4319917, 43.9726008], [125.4319988, 43.9728253], [125.432008, 43.9733126], [125.4319908, 43.9740167], [125.4319824, 43.9742059]]}}, {"type": "Feature", "properties": {"osmWayId": 1471532021, "highway": "trunk", "lanes": "2", "name": "102国道", "name:en": "G102", "name:zh": "102国道", "oneway": "yes", "ref": "G102;G302", "sourceMembership": "g102-tag"}, "geometry": {"type": "LineString", "coordinates": [[125.4264849, 43.956404], [125.4265384, 43.9565553]]}}, {"type": "Feature", "properties": {"osmWayId": 1485027127, "highway": "trunk", "lanes": "2", "name": "京抚线", "ref": "G102", "sourceMembership": "g102-tag"}, "geometry": {"type": "LineString", "coordinates": [[130.7414716, 46.9981597], [130.7607846, 47.006794], [130.7624657, 47.0072562], [130.7932336, 47.0115966], [130.79494, 47.0117927], [130.7994597, 47.0119595]]}}, {"type": "Feature", "properties": {"osmWayId": 1485027128, "bridge": "yes", "highway": "trunk", "lanes": "2", "layer": "1", "name": "京抚线", "ref": "G102", "sourceMembership": "g102-tag"}, "geometry": {"type": "LineString", "coordinates": [[130.7994597, 47.0119595], [130.8000015, 47.0119795]]}}, {"type": "Feature", "properties": {"osmWayId": 1485347172, "highway": "trunk", "name": "京抚线", "ref": "G102", "source": "GPS", "sourceMembership": "g102-tag"}, "geometry": {"type": "LineString", "coordinates": [[124.1805003, 42.869736], [124.1757609, 42.86597], [124.1753414, 42.8655518], [124.1750227, 42.8651016], [124.174519, 42.8640456], [124.1742883, 42.8636622], [124.1739825, 42.8633182], [124.1733768, 42.862697], [124.1695223, 42.8595485]]}}, {"type": "Feature", "properties": {"osmWayId": 1485347173, "bridge": "yes", "highway": "trunk", "layer": "1", "name": "京抚线", "ref": "G102;S301", "source": "GPS", "surface": "asphalt", "sourceMembership": "g102-tag"}, "geometry": {"type": "LineString", "coordinates": [[124.1826777, 42.8730204], [124.1825625, 42.8727522]]}}, {"type": "Feature", "properties": {"osmWayId": 1494570637, "highway": "trunk", "name": "外环路", "oneway": "yes", "ref": "G102", "sourceMembership": "g102-tag"}, "geometry": {"type": "LineString", "coordinates": [[120.7430937, 40.6600273], [120.7457768, 40.6651433], [120.7466181, 40.666844], [120.7470346, 40.6683519], [120.747153, 40.6700466], [120.7468603, 40.6766259], [120.7467768, 40.6785017]]}}, {"type": "Feature", "properties": {"osmWayId": 1494570638, "bridge": "yes", "highway": "trunk", "layer": "1", "name": "外环路", "oneway": "yes", "ref": "G102", "sourceMembership": "g102-tag"}, "geometry": {"type": "LineString", "coordinates": [[120.7467768, 40.6785017], [120.7467717, 40.6786172]]}}, {"type": "Feature", "properties": {"osmWayId": 1494570639, "highway": "trunk", "name": "外环路", "oneway": "yes", "ref": "G102", "sourceMembership": "g102-tag"}, "geometry": {"type": "LineString", "coordinates": [[120.7466673, 40.6785369], [120.7470406, 40.6700608], [120.7469142, 40.6683632], [120.7464891, 40.6668836], [120.7456637, 40.6651831], [120.7429718, 40.6600658]]}}, {"type": "Feature", "properties": {"osmWayId": 1494570640, "bridge": "yes", "highway": "trunk", "layer": "1", "name": "外环路", "oneway": "yes", "ref": "G102", "sourceMembership": "g102-tag"}, "geometry": {"type": "LineString", "coordinates": [[120.7466622, 40.6786524], [120.7466673, 40.6785369]]}}, {"type": "Feature", "properties": {"osmWayId": 1505765221, "foot": "yes", "highway": "trunk", "lanes": "2", "name": "京抚线", "name:en": "Jingfu Highway", "oneway": "yes", "ref": "G102", "sourceMembership": "g102-tag"}, "geometry": {"type": "LineString", "coordinates": [[117.3973578, 39.9816864], [117.3974765, 39.981677]]}}, {"type": "Feature", "properties": {"osmWayId": 1506117904, "foot": "yes", "highway": "trunk", "lanes": "2", "name": "京抚线", "oneway": "yes", "ref": "G102", "surface": "asphalt", "sourceMembership": "g102-tag"}, "geometry": {"type": "LineString", "coordinates": [[117.4332227, 39.9726865], [117.4331215, 39.9727128], [117.4329732, 39.9727522], [117.4314679, 39.9731529], [117.4299072, 39.9735585], [117.4282467, 39.973983], [117.4245491, 39.9749688], [117.4199102, 39.9762099], [117.4159331, 39.9772619], [117.4135851, 39.9778797]]}}, {"type": "Feature", "properties": {"osmWayId": 1506117906, "foot": "yes", "highway": "trunk", "lanes": "2", "name": "京抚线", "oneway": "yes", "ref": "G102", "surface": "asphalt", "sourceMembership": "g102-tag"}, "geometry": {"type": "LineString", "coordinates": [[117.4135275, 39.9777905], [117.4156375, 39.9772425], [117.4161084, 39.9771135], [117.420195, 39.9760302], [117.4245283, 39.9748782], [117.4246564, 39.9748426], [117.4250722, 39.974738], [117.4282279, 39.9739077], [117.4299165, 39.9734689], [117.4314395, 39.9730772], [117.4329759, 39.9726776], [117.4330978, 39.9726455]]}}, {"type": "Feature", "properties": {"osmWayId": 1508483864, "foot": "yes", "highway": "trunk", "lanes": "2", "name": "京抚线", "oneway": "yes", "ref": "G102", "sourceMembership": "g102-tag"}, "geometry": {"type": "LineString", "coordinates": [[117.3503498, 39.9856629], [117.3476715, 39.9858918]]}}, {"type": "Feature", "properties": {"osmWayId": 1508483870, "foot": "yes", "highway": "trunk", "lanes": "2", "name": "京抚线", "oneway": "yes", "ref": "G102", "sourceMembership": "g102-tag"}, "geometry": {"type": "LineString", "coordinates": [[117.3476571, 39.9857975], [117.350314, 39.9855682]]}}, {"type": "Feature", "properties": {"osmWayId": 1513869005, "highway": "trunk", "lanes": "2", "name": "关城北路", "oneway": "yes", "ref": "G102", "sourceMembership": "g102-tag"}, "geometry": {"type": "LineString", "coordinates": [[119.8089982, 40.0373354], [119.8117853, 40.0386135], [119.811933, 40.0386741], [119.8120551, 40.0387277], [119.8123002, 40.0388351], [119.8125109, 40.0389275], [119.8134936, 40.0393862], [119.8157893, 40.040535], [119.8189482, 40.0421157]]}}, {"type": "Feature", "properties": {"osmWayId": 1513869006, "highway": "trunk", "lanes": "2", "name": "关城北路", "oneway": "yes", "ref": "G102", "sourceMembership": "g102-tag"}, "geometry": {"type": "LineString", "coordinates": [[119.8188933, 40.0422079], [119.8157899, 40.0406571], [119.8140461, 40.0397857], [119.8124694, 40.0390382], [119.8117578, 40.0387115], [119.8109998, 40.0383809], [119.8095899, 40.0377704], [119.8089105, 40.0374762]]}}, {"type": "Feature", "properties": {"osmWayId": 1513869007, "bridge": "yes", "highway": "trunk", "lanes": "2", "layer": "1", "name": "关城北路", "oneway": "yes", "ref": "G102", "sourceMembership": "g102-tag"}, "geometry": {"type": "LineString", "coordinates": [[119.8191919, 40.0423572], [119.8188933, 40.0422079]]}}, {"type": "Feature", "properties": {"osmWayId": 1513869008, "bridge": "yes", "highway": "trunk", "lanes": "2", "layer": "1", "name": "关城北路", "oneway": "yes", "ref": "G102", "sourceMembership": "g102-tag"}, "geometry": {"type": "LineString", "coordinates": [[119.8189482, 40.0421157], [119.8192603, 40.0422719]]}}, {"type": "Feature", "properties": {"osmWayId": 1523279380, "bicycle": "yes", "foot": "yes", "highway": "trunk", "horse": "yes", "lanes": "2", "name": "萧红大道", "oneway": "yes", "ref": "G102", "source": "yahoo imagery", "sourceMembership": "g102-tag"}, "geometry": {"type": "LineString", "coordinates": [[126.6021633, 45.9731267], [126.6006559, 45.9729608], [126.5988919, 45.9727618], [126.5984008, 45.9727186], [126.5981506, 45.9727022], [126.5979425, 45.9726955], [126.597511, 45.9726884], [126.5970205, 45.9726962], [126.5952488, 45.9727116], [126.5951502, 45.9727182], [126.5947516, 45.9727887]]}}, {"type": "Feature", "properties": {"osmWayId": 1526109345, "highway": "trunk", "name": "京抚线", "ref": "G102", "sourceMembership": "g102-tag"}, "geometry": {"type": "LineString", "coordinates": [[120.3770249, 40.3577719], [120.3768966, 40.3575696], [120.3765147, 40.3571739], [120.3761477, 40.3565223], [120.3737986, 40.3515828], [120.3733545, 40.3509605], [120.3728352, 40.3504657], [120.3727365, 40.3504117], [120.3721282, 40.3500644], [120.3712902, 40.3497451], [120.3675641, 40.3489724], [120.3663727, 40.3486282], [120.3654854, 40.3482312], [120.3647322, 40.3477566], [120.3639088, 40.3470476], [120.3607331, 40.3441321], [120.3585318, 40.3421571], [120.3578298, 40.3416143]]}}, {"type": "Feature", "properties": {"osmWayId": 1526109346, "highway": "trunk", "name": "京抚线", "ref": "G102", "sourceMembership": "g102-tag"}, "geometry": {"type": "LineString", "coordinates": [[120.3770249, 40.3577719], [120.3777728, 40.3579673], [120.3791629, 40.3583295], [120.3800216, 40.3585321], [120.3801172, 40.3585532], [120.3809906, 40.3587702], [120.3814941, 40.3588922], [120.3819944, 40.3590134]]}}, {"type": "Feature", "properties": {"osmWayId": 1526109347, "highway": "trunk", "name": "京抚线", "ref": "G102", "sourceMembership": "g102-tag"}, "geometry": {"type": "LineString", "coordinates": [[120.3819944, 40.3590134], [120.3814707, 40.3589306], [120.3809547, 40.358824], [120.3800926, 40.3586155], [120.3799989, 40.3585943], [120.3791253, 40.3584073], [120.3777259, 40.3580467], [120.3770956, 40.3578835], [120.3770249, 40.3577719]]}}, {"type": "Feature", "properties": {"osmWayId": 1539906850, "foot": "no", "highway": "trunk", "name": "朝阳门外大街", "name:en": "Chaoyangmen Outer Street", "name:zh": "朝阳门外大街", "name:zh-Latn-pinyin": "cháoyángmén wài dàJiē", "oneway": "yes", "ref": "G102", "sourceMembership": "g102-tag"}, "geometry": {"type": "LineString", "coordinates": [[116.4344898, 39.922717], [116.4345985, 39.9227076]]}}, {"type": "Feature", "properties": {"osmWayId": 1548615985, "highway": "trunk", "lanes": "2", "name": "京抚线", "oneway": "yes", "ref": "G102", "source": "Bing", "sourceMembership": "g102-tag"}, "geometry": {"type": "LineString", "coordinates": [[125.0982173, 43.741196], [125.098132, 43.7409404], [125.0980364, 43.7405254], [125.0976123, 43.7392869], [125.0969716, 43.7372505], [125.0965819, 43.7363867], [125.0960619, 43.7355398], [125.0955999, 43.7350112], [125.0952153, 43.7346269], [125.0942265, 43.7338789], [125.0931323, 43.7331796], [125.0919655, 43.7325498], [125.0892296, 43.731038], [125.0853617, 43.7290137], [125.0801591, 43.7260813], [125.0788587, 43.7252907], [125.0748345, 43.722223], [125.0720554, 43.7200211], [125.0712872, 43.71942], [125.0703997, 43.7187304], [125.0678483, 43.7167158], [125.0612452, 43.711572], [125.0592326, 43.7099769], [125.0577603, 43.7089987], [125.0558236, 43.7077752]]}}, {"type": "Feature", "properties": {"osmWayId": 1548615987, "highway": "trunk", "lanes": "2", "name": "京抚线", "oneway": "yes", "ref": "G102", "source": "Bing", "sourceMembership": "g102-tag"}, "geometry": {"type": "LineString", "coordinates": [[125.0559125, 43.70768], [125.0577961, 43.708874], [125.059324, 43.7099107], [125.0613396, 43.711508], [125.0679541, 43.7166369], [125.0704959, 43.7186678], [125.0714277, 43.7193626], [125.0721513, 43.7199583], [125.0749291, 43.7221592], [125.0789499, 43.7252243], [125.0802431, 43.7260101], [125.0854404, 43.7289414], [125.0892994, 43.730976], [125.0920513, 43.732478], [125.0932315, 43.733106], [125.0942329, 43.7337404], [125.0952917, 43.7345301], [125.0957027, 43.7349542], [125.0961736, 43.7354922], [125.0967068, 43.7363349], [125.0971174, 43.7372551], [125.0974704, 43.7384324], [125.0981579, 43.7404961], [125.0983234, 43.7408444], [125.0984267, 43.7411581]]}}, {"type": "Feature", "properties": {"osmWayId": 1548615988, "highway": "trunk", "lanes": "2", "name": "京抚线", "oneway": "yes", "ref": "G102;X064", "source": "Bing", "sourceMembership": "g102-tag"}, "geometry": {"type": "LineString", "coordinates": [[125.0515077, 43.7050172], [125.0559125, 43.70768]]}}, {"type": "Feature", "properties": {"osmWayId": 1548615989, "highway": "trunk", "lanes": "2", "name": "京抚线", "oneway": "yes", "ref": "G102;X064", "source": "Bing", "sourceMembership": "g102-tag"}, "geometry": {"type": "LineString", "coordinates": [[125.0558236, 43.7077752], [125.0514972, 43.7051677], [125.0513877, 43.705096]]}}, {"type": "Feature", "properties": {"osmWayId": 1548747727, "highway": "trunk", "lanes": "2", "name": "京抚线", "oneway": "yes", "ref": "G102", "sourceMembership": "g102-tag"}, "geometry": {"type": "LineString", "coordinates": [[125.698471, 44.4548054], [125.690509, 44.42811], [125.690347, 44.4275666], [125.6896862, 44.4257084], [125.6888292, 44.4236813], [125.6884958, 44.4228929], [125.6880398, 44.4219941], [125.6875895, 44.4211206], [125.6871158, 44.4203382], [125.6856165, 44.4178773], [125.6849538, 44.4169363], [125.684183, 44.415934], [125.6823131, 44.4136012], [125.6803504, 44.4115093], [125.6622034, 44.3939347], [125.6565345, 44.3885877], [125.6464825, 44.3792018], [125.6417726, 44.3748035], [125.63783, 44.371454], [125.6307351, 44.3652374]]}}, {"type": "Feature", "properties": {"osmWayId": 1548747728, "highway": "trunk", "lanes": "2", "name": "京抚线", "oneway": "yes", "ref": "G102", "sourceMembership": "g102-tag"}, "geometry": {"type": "LineString", "coordinates": [[125.6307861, 44.3651398], [125.6378759, 44.3713411], [125.6418094, 44.3746847], [125.646634, 44.3791937], [125.6566418, 44.388546], [125.6624089, 44.3939699], [125.6804821, 44.4114682], [125.68244, 44.4135649], [125.6843378, 44.4159018], [125.6850685, 44.4168951], [125.6857279, 44.4178397], [125.687268, 44.4203522], [125.6876944, 44.4210899], [125.6881726, 44.4219657], [125.6885372, 44.4226914], [125.6886272, 44.4228705], [125.6893078, 44.4244521], [125.6898417, 44.4256929], [125.6904931, 44.4275568], [125.6985968, 44.4547863]]}}, {"type": "Feature", "properties": {"osmWayId": 1548747729, "highway": "trunk", "lanes": "2", "name": "京抚线", "oneway": "yes", "ref": "G102;X005", "sourceMembership": "g102-tag"}, "geometry": {"type": "LineString", "coordinates": [[125.6216543, 44.3570697], [125.6307861, 44.3651398]]}}, {"type": "Feature", "properties": {"osmWayId": 1548747730, "highway": "trunk", "lanes": "2", "name": "京抚线", "oneway": "yes", "ref": "G102;X005", "sourceMembership": "g102-tag"}, "geometry": {"type": "LineString", "coordinates": [[125.6307351, 44.3652374], [125.6215456, 44.3571279]]}}, {"type": "Feature", "properties": {"osmWayId": 1548985295, "highway": "trunk", "lanes": "2", "name": "京抚线", "note": "old trunk route superceded by Expressway G1", "oneway": "yes", "ref": "G102", "sourceMembership": "g102-tag"}, "geometry": {"type": "LineString", "coordinates": [[125.5678519, 44.2927904], [125.5686144, 44.2941483], [125.5693749, 44.295774], [125.5711234, 44.2993046], [125.5715353, 44.3001841], [125.5737695, 44.3049542], [125.5741995, 44.3058721], [125.5761814, 44.309958], [125.5772944, 44.3122667], [125.5777172, 44.3129719], [125.5781909, 44.3136398], [125.5824852, 44.3189893], [125.5834597, 44.320205], [125.5873302, 44.325033], [125.5875063, 44.3252527], [125.5901295, 44.3283188], [125.5916154, 44.3298423], [125.5931904, 44.3312857], [125.5962811, 44.3341639], [125.5978824, 44.3356714], [125.6065318, 44.3436808], [125.6200227, 44.3556341], [125.6216543, 44.3570697]]}}, {"type": "Feature", "properties": {"osmWayId": 1548985296, "highway": "trunk", "lanes": "2", "name": "京抚线", "note": "old trunk route superceded by Expressway G1", "oneway": "yes", "ref": "G102", "sourceMembership": "g102-tag"}, "geometry": {"type": "LineString", "coordinates": [[125.6215456, 44.3571279], [125.6199079, 44.3557024], [125.6064264, 44.3437403], [125.5977704, 44.3357343], [125.5961758, 44.3342262], [125.5931459, 44.3313979], [125.5915457, 44.3299114], [125.5900866, 44.3284148], [125.587399, 44.3253294], [125.587213, 44.3250984], [125.5823672, 44.3190814], [125.5780613, 44.3136975], [125.5775961, 44.3130044], [125.5771797, 44.3123005], [125.5741458, 44.3059712], [125.5715222, 44.3004808], [125.5709785, 44.299343], [125.5708446, 44.2990811], [125.5694082, 44.2961175], [125.5681642, 44.2935744], [125.5677371, 44.2928067]]}}, {"type": "Feature", "properties": {"osmWayId": 1548985297, "highway": "trunk", "lanes": "2", "name": "京抚线", "oneway": "yes", "ref": "G102;X012", "surface": "asphalt", "sourceMembership": "g102-tag"}, "geometry": {"type": "LineString", "coordinates": [[125.5677371, 44.2928067], [125.5667232, 44.2910179], [125.5649163, 44.2880202], [125.5634822, 44.2856976], [125.5621204, 44.2834144], [125.561789, 44.28284], [125.5614075, 44.2820854], [125.5611535, 44.281459], [125.5587692, 44.2694141], [125.5583032, 44.2674116]]}}, {"type": "Feature", "properties": {"osmWayId": 1548985298, "highway": "trunk", "lanes": "2", "name": "京抚线", "oneway": "yes", "ref": "G102;X012", "surface": "asphalt", "sourceMembership": "g102-tag"}, "geometry": {"type": "LineString", "coordinates": [[125.5584775, 44.2673978], [125.558585, 44.2678464], [125.558628, 44.2680546], [125.5588975, 44.2694077], [125.5612991, 44.2814395], [125.5615697, 44.2820606], [125.5619488, 44.2828188], [125.5622479, 44.2833639], [125.5636387, 44.2856592], [125.5639364, 44.2861543], [125.5643671, 44.2868853], [125.5650255, 44.2879822], [125.5668504, 44.2910102], [125.5678519, 44.2927904]]}}, {"type": "Feature", "properties": {"osmWayId": 1550151311, "alt_name:ru": "Годао 102", "highway": "trunk", "name": "京抚线", "name:ru": "Пекин — Харбин", "ref": "G102", "source": "digitalGlobe Premium", "sourceMembership": "g102-tag"}, "geometry": {"type": "LineString", "coordinates": [[126.1892319, 45.1186743], [126.1890872, 45.1189727], [126.1890478, 45.1190904], [126.1879045, 45.1217288], [126.1870412, 45.1232863], [126.1863549, 45.124398], [126.182764, 45.1296472], [126.1788897, 45.1352529], [126.1781983, 45.1363349], [126.1753371, 45.1404059]]}}, {"type": "Feature", "properties": {"osmWayId": 1550151312, "alt_name:ru": "Годао 102", "highway": "trunk", "name": "京抚线", "name:ru": "Пекин — Харбин", "ref": "G102;X024", "source": "digitalGlobe Premium", "sourceMembership": "g102-tag"}, "geometry": {"type": "LineString", "coordinates": [[126.1904094, 45.1142786], [126.1902817, 45.1148331], [126.1901431, 45.115493], [126.1900391, 45.115931], [126.1897134, 45.117104], [126.1895857, 45.117644], [126.1892319, 45.1186743]]}}, {"type": "Feature", "properties": {"osmWayId": 1556428948, "highway": "trunk", "lanes": "2", "name": "京抚线", "oneway": "yes", "ref": "G102;G305", "source": "bing", "sourceMembership": "g102-tag"}, "geometry": {"type": "LineString", "coordinates": [[121.7578085, 41.3639749], [121.7570966, 41.3641493], [121.7566928, 41.3642277], [121.7561365, 41.3642647], [121.7556547, 41.3642486], [121.7549993, 41.3642076], [121.7535894, 41.364046], [121.7508394, 41.3637308], [121.7471523, 41.3632713], [121.7465226, 41.3632481], [121.7453216, 41.363337], [121.7452812, 41.36334], [121.7452561, 41.3633419], [121.7378235, 41.3641179], [121.7376666, 41.364127], [121.7371357, 41.3641577], [121.736448, 41.3641655], [121.7216659, 41.363084], [121.7164162, 41.3626999], [121.7163731, 41.3626976], [121.7159116, 41.3626733], [121.7154662, 41.3627167], [121.7150353, 41.3628202], [121.7141337, 41.3631532], [121.7139937, 41.3632049]]}}, {"type": "Feature", "properties": {"osmWayId": 1556428949, "bridge": "yes", "highway": "trunk", "lanes": "2", "layer": "1", "name": "京抚线", "oneway": "yes", "ref": "G102;G305", "source": "bing", "sourceMembership": "g102-tag"}, "geometry": {"type": "LineString", "coordinates": [[121.7139937, 41.3632049], [121.7133651, 41.3634371]]}}, {"type": "Feature", "properties": {"osmWayId": 1556428950, "highway": "trunk", "lanes": "2", "name": "京抚线", "oneway": "yes", "ref": "G102;G305", "source": "bing", "sourceMembership": "g102-tag"}, "geometry": {"type": "LineString", "coordinates": [[121.7139583, 41.3631438], [121.7141123, 41.3630869], [121.7149436, 41.3627798], [121.7153926, 41.3626719], [121.7158599, 41.3626264], [121.7163776, 41.3626537], [121.7216554, 41.3630398], [121.7364045, 41.3641189], [121.7370821, 41.3641112], [121.7376483, 41.3640784], [121.7377628, 41.3640718], [121.7451941, 41.3632959], [121.7452764, 41.3632898], [121.7453361, 41.3632854], [121.7464714, 41.3632013], [121.7471151, 41.3632251], [121.7508488, 41.3636821], [121.7550187, 41.3641522], [121.7556519, 41.3641968], [121.7561324, 41.3642097], [121.7566754, 41.3641593], [121.7570632, 41.3640869], [121.757779, 41.3639117]]}}, {"type": "Feature", "properties": {"osmWayId": 1556428951, "bridge": "yes", "highway": "trunk", "lanes": "2", "layer": "1", "name": "京抚线", "oneway": "yes", "ref": "G102;G305", "source": "bing", "sourceMembership": "g102-tag"}, "geometry": {"type": "LineString", "coordinates": [[121.7133211, 41.3633791], [121.7139583, 41.3631438]]}}, {"type": "Feature", "properties": {"osmWayId": 1558230447, "highway": "trunk", "lanes": "3", "oneway": "yes", "ref": "G102", "sourceMembership": "g102-tag"}, "geometry": {"type": "LineString", "coordinates": [[125.380275, 43.8237368], [125.3791056, 43.8226015]]}}, {"type": "Feature", "properties": {"osmWayId": 1558339577, "highway": "trunk", "lanes": "2", "name": "萧红大道", "oneway": "yes", "ref": "G102", "source": "yahoo imagery", "sourceMembership": "g102-tag"}, "geometry": {"type": "LineString", "coordinates": [[126.6317243, 45.9775052], [126.6322858, 45.9774303], [126.6337627, 45.9773264], [126.635047, 45.9772587]]}}, {"type": "Feature", "properties": {"osmWayId": 1558339578, "bicycle": "yes", "foot": "yes", "highway": "trunk", "horse": "yes", "lanes": "2", "name": "萧红大道", "oneway": "yes", "ref": "G102", "source": "yahoo imagery", "sourceMembership": "g102-tag"}, "geometry": {"type": "LineString", "coordinates": [[126.6089875, 45.9738306], [126.6085975, 45.9738289], [126.6075117, 45.9737202], [126.6060682, 45.9735559], [126.6021633, 45.9731267]]}}, {"type": "Feature", "properties": {"osmWayId": 1565091019, "highway": "trunk", "name": "京抚线", "ref": "G102;S301", "source": "GPS", "surface": "asphalt", "sourceMembership": "g102-tag"}, "geometry": {"type": "LineString", "coordinates": [[124.1825625, 42.8727522], [124.1820082, 42.871342], [124.1818117, 42.8710658], [124.1814667, 42.8706665], [124.1809193, 42.8701489], [124.1805003, 42.869736]]}}, {"type": "Feature", "properties": {"osmWayId": 1565091020, "highway": "trunk", "name": "京抚线", "ref": "G102", "source": "GPS", "sourceMembership": "g102-tag"}, "geometry": {"type": "LineString", "coordinates": [[124.1894922, 42.8811295], [124.1873124, 42.8792929], [124.1863785, 42.8785045], [124.1839477, 42.8760309], [124.1837084, 42.8755096], [124.1826777, 42.8730204]]}}, {"type": "Feature", "properties": {"osmWayId": 1565446037, "highway": "trunk", "lanes": "2", "name": "京抚线", "oneway": "yes", "ref": "G102", "source": "bing", "surface": "asphalt", "sourceMembership": "g102-tag"}, "geometry": {"type": "LineString", "coordinates": [[122.0149143, 41.2538482], [122.0160586, 41.255652], [122.0161542, 41.2558008], [122.0162706, 41.2559513], [122.0163727, 41.2560796], [122.0164948, 41.2562054], [122.0166451, 41.2563408], [122.0167964, 41.2564676], [122.016949, 41.256571], [122.0171221, 41.2566656], [122.017323, 41.2567519], [122.0176574, 41.2568643], [122.0260013, 41.2591572], [122.0262163, 41.2592233], [122.0264551, 41.259312], [122.0266553, 41.2593951], [122.0268214, 41.2594718], [122.0269974, 41.2595697], [122.027152, 41.2596691]]}}, {"type": "Feature", "properties": {"osmWayId": 1565446038, "bridge": "yes", "highway": "trunk", "lanes": "2", "layer": "1", "name": "京抚线", "oneway": "yes", "ref": "G102", "source": "bing", "surface": "asphalt", "sourceMembership": "g102-tag"}, "geometry": {"type": "LineString", "coordinates": [[122.027152, 41.2596691], [122.027212, 41.2597045]]}}, {"type": "Feature", "properties": {"osmWayId": 1565446040, "highway": "trunk", "lanes": "2", "name": "京抚线", "oneway": "yes", "ref": "G102", "source": "bing", "surface": "asphalt", "sourceMembership": "g102-tag"}, "geometry": {"type": "LineString", "coordinates": [[122.027212, 41.2597045], [122.0274468, 41.2598857], [122.0276696, 41.2600587], [122.0278887, 41.2602451], [122.0295379, 41.2617853], [122.0320076, 41.2640773]]}}, {"type": "Feature", "properties": {"osmWayId": 1565446041, "bridge": "yes", "highway": "trunk", "lanes": "2", "layer": "1", "name": "京抚线", "oneway": "yes", "ref": "G102", "source": "bing", "surface": "asphalt", "sourceMembership": "g102-tag"}, "geometry": {"type": "LineString", "coordinates": [[122.0320076, 41.2640773], [122.0320624, 41.2641282]]}}, {"type": "Feature", "properties": {"osmWayId": 1565446052, "highway": "trunk", "lanes": "2", "name": "京抚线", "ref": "G102", "source": "bing", "surface": "asphalt", "sourceMembership": "g102-tag"}, "geometry": {"type": "LineString", "coordinates": [[122.0700975, 41.2970977], [122.0709632, 41.3010679]]}}, {"type": "Feature", "properties": {"osmWayId": 1565446053, "highway": "trunk", "lanes": "2", "name": "京抚线", "oneway": "yes", "ref": "G102", "source": "bing", "surface": "asphalt", "sourceMembership": "g102-tag"}, "geometry": {"type": "LineString", "coordinates": [[122.0700736, 41.2967487], [122.070077, 41.2967822], [122.0700975, 41.2970977]]}}, {"type": "Feature", "properties": {"osmWayId": 1565446054, "bridge": "yes", "highway": "trunk", "lanes": "2", "layer": "1", "name": "京抚线", "oneway": "yes", "ref": "G102", "source": "bing", "surface": "asphalt", "sourceMembership": "g102-tag"}, "geometry": {"type": "LineString", "coordinates": [[122.070066, 41.296675], [122.0700736, 41.2967487]]}}, {"type": "Feature", "properties": {"osmWayId": 1565446057, "bridge": "yes", "highway": "trunk", "lanes": "2", "layer": "1", "name": "京抚线", "ref": "G102", "source": "bing", "surface": "asphalt", "sourceMembership": "g102-tag"}, "geometry": {"type": "LineString", "coordinates": [[122.0709632, 41.3010679], [122.0709716, 41.3011165]]}}, {"type": "Feature", "properties": {"osmWayId": 1565446060, "highway": "trunk", "lanes": "2", "name": "京抚线", "ref": "G102", "source": "Esri", "surface": "asphalt", "sourceMembership": "g102-tag"}, "geometry": {"type": "LineString", "coordinates": [[122.0709716, 41.3011165], [122.0717468, 41.3043401], [122.0720171, 41.3054295], [122.0741686, 41.3142753], [122.0745157, 41.315691], [122.0757158, 41.3205676], [122.0761842, 41.3226173], [122.0762065, 41.3231693], [122.0762777, 41.3278585], [122.0763449, 41.334275], [122.0764581, 41.3351074], [122.0769107, 41.3358791], [122.0770832, 41.3360748], [122.0823381, 41.3421374]]}}, {"type": "Feature", "properties": {"osmWayId": 1565446061, "bridge": "yes", "highway": "trunk", "lanes": "2", "layer": "1", "name": "京抚线", "ref": "G102", "source": "Esri", "surface": "asphalt", "sourceMembership": "g102-tag"}, "geometry": {"type": "LineString", "coordinates": [[122.0823381, 41.3421374], [122.0824011, 41.3422101]]}}, {"type": "Feature", "properties": {"osmWayId": 1565446062, "highway": "trunk", "lanes": "2", "name": "京抚线", "ref": "G102", "source": "Esri", "surface": "asphalt", "sourceMembership": "g102-tag"}, "geometry": {"type": "LineString", "coordinates": [[122.0824011, 41.3422101], [122.0844799, 41.3446083], [122.0864555, 41.3469525], [122.0896363, 41.3506305], [122.0945702, 41.3562934]]}}, {"type": "Feature", "properties": {"osmWayId": 1565446063, "highway": "trunk", "lanes": "2", "name": "京抚线", "ref": "G102", "source": "Esri", "surface": "asphalt", "sourceMembership": "g102-tag"}, "geometry": {"type": "LineString", "coordinates": [[122.0945702, 41.3562934], [122.094706, 41.3563931], [122.0948982, 41.3565123], [122.0950934, 41.3566313], [122.0953186, 41.3567451], [122.0955688, 41.3568655], [122.0964283, 41.3572048], [122.0966227, 41.3572712], [122.096815, 41.3573219], [122.097059, 41.3573699], [122.0972894, 41.3574071], [122.0977887, 41.3574435], [122.1126605, 41.3581721], [122.1130713, 41.3581816], [122.1133742, 41.3581819], [122.1136796, 41.3581539], [122.1138431, 41.3581386], [122.1139857, 41.3581241], [122.1141964, 41.3580827], [122.1144243, 41.358037], [122.118646, 41.3568376], [122.1254765, 41.354932], [122.1279886, 41.3542517], [122.1289747, 41.3539856], [122.1336026, 41.3527354], [122.1353258, 41.352244], [122.1398741, 41.3510317], [122.1422034, 41.3503968], [122.144266, 41.3498427], [122.1501452, 41.3482636], [122.155458, 41.3468078]]}}, {"type": "Feature", "properties": {"osmWayId": 1565446064, "bridge": "yes", "highway": "trunk", "lanes": "2", "layer": "1", "name": "京抚线", "oneway": "yes", "ref": "G102", "source": "Esri", "surface": "asphalt", "sourceMembership": "g102-tag"}, "geometry": {"type": "LineString", "coordinates": [[122.1740163, 41.3438732], [122.1742407, 41.3438696]]}}, {"type": "Feature", "properties": {"osmWayId": 1565446065, "highway": "trunk", "lanes": "2", "name": "京抚线", "oneway": "yes", "ref": "G102", "source": "Esri", "surface": "asphalt", "sourceMembership": "g102-tag"}, "geometry": {"type": "LineString", "coordinates": [[122.155458, 41.3468078], [122.1562963, 41.3465505], [122.1571399, 41.346327], [122.1574971, 41.3462231], [122.1580854, 41.3460503], [122.1605059, 41.3453894], [122.1607982, 41.3453153], [122.1611072, 41.3452378], [122.1615168, 41.3451404], [122.1618191, 41.3450738], [122.1621477, 41.345012], [122.1625659, 41.3449425], [122.1659319, 41.3444812], [122.1676391, 41.3442663], [122.1691169, 41.3440502], [122.1692325, 41.3440347]]}}, {"type": "Feature", "properties": {"osmWayId": 1565446066, "highway": "trunk", "lanes": "2", "name": "京抚线", "oneway": "yes", "ref": "G102", "source": "Esri", "surface": "asphalt", "sourceMembership": "g102-tag"}, "geometry": {"type": "LineString", "coordinates": [[122.1696673, 41.3439817], [122.1699328, 41.3439606], [122.1703043, 41.3439334], [122.1707084, 41.3439184], [122.1710314, 41.3439077], [122.1740163, 41.3438732]]}}, {"type": "Feature", "properties": {"osmWayId": 1565446067, "bridge": "yes", "highway": "trunk", "lanes": "2", "layer": "1", "name": "京抚线", "oneway": "yes", "ref": "G102", "source": "Esri", "surface": "asphalt", "sourceMembership": "g102-tag"}, "geometry": {"type": "LineString", "coordinates": [[122.1692325, 41.3440347], [122.1696673, 41.3439817]]}}, {"type": "Feature", "properties": {"osmWayId": 1565446068, "highway": "trunk", "lanes": "2", "name": "京抚线", "oneway": "yes", "ref": "G102", "source": "Esri", "surface": "asphalt", "sourceMembership": "g102-tag"}, "geometry": {"type": "LineString", "coordinates": [[122.2653608, 41.3259198], [122.2649508, 41.3259822], [122.2644736, 41.3260779], [122.264189, 41.3261491], [122.2637959, 41.3262916], [122.2632638, 41.326513], [122.2586986, 41.3288341], [122.258482, 41.3289486], [122.2477637, 41.3343664], [122.2475603, 41.3344671], [122.2472786, 41.3345712], [122.246903, 41.3346904], [122.2465502, 41.3347831], [122.2462993, 41.3348415], [122.2461627, 41.3348732], [122.2459953, 41.334912], [122.2444134, 41.3352371], [122.2418174, 41.3357867], [122.2388604, 41.3364065], [122.2320564, 41.3378482], [122.2289596, 41.3384848], [122.2151493, 41.3413493], [122.2136633, 41.3416542], [122.2131795, 41.3417472], [122.2128078, 41.3418071], [122.2123917, 41.3418526], [122.2104564, 41.3420167], [122.2095765, 41.3420961], [122.2089364, 41.3421337], [122.2084113, 41.3421559], [122.2066045, 41.342207], [122.2062132, 41.342219], [122.2058622, 41.3422257], [122.2054396, 41.3422307], [122.2051266, 41.342224], [122.2043285, 41.3421787], [122.2036555, 41.3421485], [122.2005021, 41.3420748], [122.2002757, 41.3420774], [122.1975905, 41.3419929], [122.1972188, 41.3419929], [122.1968678, 41.3419929], [122.1965492, 41.3420151], [122.1886675, 41.342901], [122.1822785, 41.3436292], [122.1818834, 41.3436643], [122.181426, 41.3436993], [122.1809297, 41.3437402], [122.1802154, 41.3437958], [122.1795828, 41.3438308], [122.1789834, 41.3438615], [122.1787654, 41.3438717], [122.1742787, 41.3439502], [122.1740484, 41.3439502], [122.1708811, 41.3439822], [122.1705113, 41.3439957], [122.1702193, 41.3440124], [122.1696786, 41.3440603], [122.1692584, 41.3441061], [122.1633789, 41.3449037], [122.1629069, 41.3449657], [122.1624939, 41.3450344], [122.1620396, 41.3451119], [122.161656, 41.3451828], [122.1611929, 41.3452913], [122.1581262, 41.3461085], [122.1563219, 41.3466068], [122.155458, 41.3468078]]}}, {"type": "Feature", "properties": {"osmWayId": 1565446069, "highway": "trunk", "lanes": "2", "name": "京抚线", "oneway": "yes", "ref": "G102", "source": "Esri", "surface": "asphalt", "sourceMembership": "g102-tag"}, "geometry": {"type": "LineString", "coordinates": [[122.3618488, 41.3599999], [122.3617454, 41.3599844], [122.3392234, 41.3566214], [122.338126, 41.3564532], [122.3376127, 41.3563602], [122.3373325, 41.3562982], [122.337064, 41.3562273], [122.3367454, 41.3561343], [122.336353, 41.3559881], [122.3359931, 41.3558331], [122.3356214, 41.3556405], [122.3352379, 41.355408], [122.3191548, 41.3454707], [122.3187753, 41.3452392], [122.3181348, 41.3448856], [122.3172571, 41.3444328], [122.3109432, 41.3414673], [122.3022112, 41.3373859], [122.2985936, 41.3357523], [122.282113, 41.3282471], [122.2798678, 41.3272354], [122.2795928, 41.3271246], [122.2792593, 41.3270164], [122.2790218, 41.326951], [122.278707, 41.3268781], [122.2783028, 41.3267939], [122.2778809, 41.3267386], [122.2754233, 41.3265322], [122.2738198, 41.3264058], [122.2733352, 41.3263625], [122.2726337, 41.3262989], [122.2718882, 41.3262277], [122.268477, 41.3257948], [122.2684288, 41.3257887], [122.2681564, 41.3257536], [122.2678099, 41.3257288], [122.2675245, 41.3257147], [122.2673054, 41.3257097], [122.26697, 41.3257214], [122.2666727, 41.3257433], [122.2661131, 41.3258091]]}}, {"type": "Feature", "properties": {"osmWayId": 1565446070, "bridge": "yes", "highway": "trunk", "lanes": "2", "layer": "1", "name": "京抚线", "oneway": "yes", "ref": "G102", "source": "Esri", "surface": "asphalt", "sourceMembership": "g102-tag"}, "geometry": {"type": "LineString", "coordinates": [[122.2661131, 41.3258091], [122.2653608, 41.3259198]]}}, {"type": "Feature", "properties": {"osmWayId": 1565500986, "bridge": "yes", "highway": "trunk", "layer": "1", "name": "外环路", "oneway": "yes", "ref": "G102", "surface": "asphalt", "sourceMembership": "g102-tag"}, "geometry": {"type": "LineString", "coordinates": [[122.4142481, 41.399429], [122.4145468, 41.3992788], [122.4148361, 41.3991541]]}}, {"type": "Feature", "properties": {"osmWayId": 1565500989, "highway": "trunk", "lanes": "2", "name": "外环路", "oneway": "yes", "ref": "G102", "surface": "asphalt", "sourceMembership": "g102-tag"}, "geometry": {"type": "LineString", "coordinates": [[122.4508446, 41.3985274], [122.4514052, 41.3987089], [122.4577813, 41.4007717], [122.4584205, 41.4009635], [122.458893, 41.401086], [122.459235, 41.4011556], [122.4595983, 41.4012006], [122.4598929, 41.4012237], [122.4602869, 41.4012237], [122.460618, 41.4011984], [122.4608272, 41.4011682], [122.4610786, 41.401122], [122.4613781, 41.4010428], [122.4616842, 41.4009323], [122.4619384, 41.4008273], [122.4624139, 41.4005515], [122.4626275, 41.400406], [122.4628369, 41.4002162], [122.4629677, 41.4000802], [122.4631117, 41.3999174], [122.4632573, 41.3997289], [122.4633895, 41.3995369], [122.4635052, 41.3993102], [122.4636333, 41.3990724], [122.4637411, 41.3988251], [122.4642188, 41.3976588], [122.4643791, 41.3971843]]}}, {"type": "Feature", "properties": {"osmWayId": 1565500990, "bridge": "yes", "highway": "trunk", "layer": "1", "name": "外环路", "oneway": "yes", "ref": "G102", "sourceMembership": "g102-tag"}, "geometry": {"type": "LineString", "coordinates": [[122.4502391, 41.3983313], [122.4508446, 41.3985274]]}}, {"type": "Feature", "properties": {"osmWayId": 1565500991, "highway": "trunk", "name": "京抚线;沈盘线", "ref": "G102;S102", "source": "bing", "sourceMembership": "g102-tag"}, "geometry": {"type": "LineString", "coordinates": [[122.4643791, 41.3971843], [122.4644891, 41.397225], [122.4668796, 41.3981103], [122.4673897, 41.3983316], [122.4678135, 41.3985413], [122.4682922, 41.3987926], [122.4722591, 41.4010369], [122.4728889, 41.4014256], [122.4815456, 41.4072154]]}}, {"type": "Feature", "properties": {"osmWayId": 1565500992, "bridge": "yes", "highway": "trunk", "layer": "1", "name": "京抚线", "ref": "G102", "source": "bing", "sourceMembership": "g102-tag"}, "geometry": {"type": "LineString", "coordinates": [[122.4815456, 41.4072154], [122.4817804, 41.407379]]}}, {"type": "Feature", "properties": {"osmWayId": 1565500997, "highway": "trunk", "lanes": "2", "name": "外环路", "oneway": "yes", "ref": "G102", "surface": "asphalt", "sourceMembership": "g102-tag"}, "geometry": {"type": "LineString", "coordinates": [[122.4396111, 41.3968026], [122.4407769, 41.3967099], [122.4419136, 41.3966509], [122.4428227, 41.3966432], [122.4434222, 41.39667], [122.4439121, 41.3967101], [122.4444206, 41.3967607], [122.4449999, 41.396841], [122.4456737, 41.3969483], [122.4462922, 41.3971019], [122.4469708, 41.3972907], [122.4471111, 41.3973309]]}}, {"type": "Feature", "properties": {"osmWayId": 1565500998, "bridge": "yes", "highway": "trunk", "layer": "1", "name": "外环路", "oneway": "yes", "ref": "G102", "sourceMembership": "g102-tag"}, "geometry": {"type": "LineString", "coordinates": [[122.4392866, 41.3968284], [122.4396111, 41.3968026]]}}, {"type": "Feature", "properties": {"osmWayId": 1565501017, "highway": "trunk", "lanes": "2", "name": "外环路", "oneway": "yes", "ref": "G102", "surface": "asphalt", "sourceMembership": "g102-tag"}, "geometry": {"type": "LineString", "coordinates": [[122.4472669, 41.3973762], [122.4502391, 41.3983313]]}}, {"type": "Feature", "properties": {"osmWayId": 1565501018, "bridge": "yes", "highway": "trunk", "lanes": "2", "layer": "1", "name": "外环路", "oneway": "yes", "ref": "G102", "surface": "asphalt", "sourceMembership": "g102-tag"}, "geometry": {"type": "LineString", "coordinates": [[122.4471111, 41.3973309], [122.4472669, 41.3973762]]}}]}