{"type": "FeatureCollection", "name": "g101-osm-route", "crs": {"type": "name", "properties": {"name": "urn:ogc:def:crs:OGC:1.3:CRS84"}}, "features": [{"type": "Feature", "properties": {"osmWayId": 22788124, "highway": "trunk", "name": "香河园路", "oneway": "yes", "ref": "G101;G111", "surface": "asphalt", "sourceMembership": "g101-tag"}, "geometry": {"type": "LineString", "coordinates": [[116.4384538, 39.9499934], [116.4385807, 39.9500725]]}}, {"type": "Feature", "properties": {"osmWayId": 24399971, "cycleway:right": "lane", "highway": "secondary", "name": "京密路", "name:en": "Jingshen Highway", "oneway": "yes", "ref": "G101;G111", "sourceMembership": "g101-tag"}, "geometry": {"type": "LineString", "coordinates": [[116.5527768, 40.0855204], [116.5534821, 40.0898836], [116.5535789, 40.0904821], [116.5536283, 40.0907822], [116.5536698, 40.0910317], [116.5537139, 40.0912971], [116.5544591, 40.0957835], [116.5550354, 40.0994719], [116.5551161, 40.0999369], [116.5552759, 40.1009289]]}}, {"type": "Feature", "properties": {"osmWayId": 26173794, "highway": "trunk", "name": "京沈线", "note": "old trunk road superceded by expressway", "ref": "G101;G112", "source": "bing", "sourceMembership": "g101-tag"}, "geometry": {"type": "LineString", "coordinates": [[117.6809282, 40.8804122], [117.6806421, 40.8814728], [117.6805124, 40.8818589], [117.6802694, 40.8822201], [117.6789504, 40.8839276], [117.6781541, 40.884796], [117.6774797, 40.8854766], [117.676429, 40.8863391], [117.6727853, 40.88911], [117.6719327, 40.8897429], [117.6716071, 40.8899707], [117.6707278, 40.8905431], [117.6697084, 40.89115], [117.6685395, 40.8916892], [117.6679682, 40.8919497], [117.6673545, 40.8921728], [117.6669142, 40.8923345], [117.6662252, 40.8925876], [117.6651344, 40.8929172], [117.6637262, 40.8932636], [117.6601252, 40.8941956], [117.6594859, 40.8943611], [117.6582975, 40.8946742], [117.6575691, 40.8948244], [117.6569356, 40.8948932], [117.6557951, 40.8949272], [117.6547662, 40.8949691]]}}, {"type": "Feature", "properties": {"osmWayId": 33454695, "alt_name": "京密路", "alt_name:zh-Latn-pinyin": "Jingmi Lu", "cycleway:right": "lane", "highway": "trunk", "name": "京沈路", "oneway": "yes", "ref": "G101;G111", "sourceMembership": "g101-tag"}, "geometry": {"type": "LineString", "coordinates": [[116.5634168, 40.1173948], [116.5634686, 40.1178092], [116.5635137, 40.1180202], [116.5636354, 40.1182097], [116.568505, 40.1223363]]}}, {"type": "Feature", "properties": {"osmWayId": 33505810, "bicycle": "no", "bridge": "yes", "foot": "no", "highway": "trunk", "lanes": "2", "layer": "1", "lit": "yes", "maxspeed": "70", "name": "京沈路", "oneway": "yes", "ref": "G101;G111", "surface": "asphalt", "sourceMembership": "g101-tag"}, "geometry": {"type": "LineString", "coordinates": [[116.6351336, 40.1711634], [116.6349052, 40.1703777], [116.6345906, 40.1695157], [116.6342433, 40.1687429]]}}, {"type": "Feature", "properties": {"osmWayId": 42664026, "alt_name": "京密路", "alt_name:zh-Latn-pinyin": "Jingmi Lu", "cycleway:right": "lane", "highway": "trunk", "lanes": "2", "lit": "yes", "maxspeed": "70", "name": "京沈路", "name:zh": "京沈路", "name:zh-Hans": "京沈路", "name:zh-Hant": "京沈路", "oneway": "yes", "ref": "G101;G111", "surface": "asphalt", "sourceMembership": "g101-tag"}, "geometry": {"type": "LineString", "coordinates": [[116.6352587, 40.171141], [116.6354469, 40.1721745], [116.6355691, 40.1732183], [116.6356179, 40.175093], [116.6356555, 40.1769069], [116.6356649, 40.1773604], [116.6356847, 40.178313], [116.635742, 40.1810747], [116.6358656, 40.187026], [116.6359192, 40.1896095], [116.6361485, 40.2006574], [116.6361639, 40.2013979], [116.636328, 40.2093032], [116.6363389, 40.209826]]}}, {"type": "Feature", "properties": {"osmWayId": 42667508, "alt_name": "京密路", "alt_name:zh-Latn-pinyin": "Jingmi Lu", "bicycle": "no", "foot": "no", "highway": "trunk", "lanes": "3", "maxspeed": "70", "name": "京沈路", "oneway": "yes", "ref": "G101;G111", "surface": "asphalt", "sourceMembership": "g101-tag"}, "geometry": {"type": "LineString", "coordinates": [[116.6507374, 40.3182363], [116.6507428, 40.3181081], [116.6507854, 40.318001], [116.6507845, 40.3178969], [116.6507847, 40.3177128], [116.6507412, 40.3175459], [116.6506548, 40.3173903], [116.6495806, 40.3157089], [116.6491404, 40.314973], [116.6482617, 40.3135053]]}}, {"type": "Feature", "properties": {"osmWayId": 42669459, "bridge": "yes", "highway": "trunk", "lanes": "3", "layer": "1", "maxspeed": "70", "name": "京沈线", "oneway": "yes", "ref": "G101;G111", "surface": "asphalt", "sourceMembership": "g101-tag"}, "geometry": {"type": "LineString", "coordinates": [[116.6381757, 40.2959911], [116.6380381, 40.2955069]]}}, {"type": "Feature", "properties": {"osmWayId": 42669503, "alt_name": "京密路", "alt_name:zh-Latn-pinyin": "Jingmi Lu", "highway": "trunk", "lanes": "3", "maxspeed": "70", "name": "京沈线", "oneway": "yes", "ref": "G101;G111", "surface": "asphalt", "sourceMembership": "g101-tag"}, "geometry": {"type": "LineString", "coordinates": [[116.6383282, 40.2959436], [116.6387459, 40.2971369]]}}, {"type": "Feature", "properties": {"osmWayId": 42669539, "bridge": "yes", "highway": "trunk", "lanes": "3", "layer": "1", "maxspeed": "70", "name": "京沈线", "oneway": "yes", "ref": "G101;G111", "surface": "asphalt", "sourceMembership": "g101-tag"}, "geometry": {"type": "LineString", "coordinates": [[116.638203, 40.2954794], [116.6383282, 40.2959436]]}}, {"type": "Feature", "properties": {"osmWayId": 42669649, "alt_name": "京密路", "alt_name:zh-Latn-pinyin": "Jingmi lu", "highway": "trunk", "lanes": "3", "layer": "1", "lit": "yes", "maxspeed": "70", "name": "京沈路", "oneway": "yes", "ref": "G101;G111", "surface": "asphalt", "sourceMembership": "g101-tag"}, "geometry": {"type": "LineString", "coordinates": [[116.6380381, 40.2955069], [116.6377727, 40.2943998], [116.6376367, 40.2937792]]}}, {"type": "Feature", "properties": {"osmWayId": 42670738, "highway": "trunk", "lanes": "3", "name": "道义南大街", "oneway": "yes", "ref": "G101", "sourceMembership": "g101-tag"}, "geometry": {"type": "LineString", "coordinates": [[123.3865262, 41.9310192], [123.3866359, 41.9304877], [123.3868229, 41.93006], [123.3870653, 41.9295747], [123.3874189, 41.9290124], [123.387774, 41.9284468], [123.3880036, 41.9278736], [123.3882375, 41.9272976], [123.3883533, 41.9270323], [123.3893527, 41.9243736], [123.3894472, 41.9240674], [123.3900222, 41.9228477], [123.3905561, 41.9219695]]}}, {"type": "Feature", "properties": {"osmWayId": 42671107, "highway": "trunk", "lanes": "3", "name": "道义南大街", "oneway": "yes", "ref": "G101", "source": "Yahoo hires", "sourceMembership": "g101-tag"}, "geometry": {"type": "LineString", "coordinates": [[123.3912072, 41.9212211], [123.3916948, 41.9206668], [123.3922684, 41.9200636], [123.3925469, 41.9197629], [123.3929481, 41.9193134], [123.3930241, 41.9192368], [123.3932858, 41.9189812], [123.3947823, 41.9174403], [123.395754, 41.9164426], [123.3966105, 41.9155051], [123.3971932, 41.914787], [123.3974431, 41.9143992], [123.3974974, 41.9143218], [123.3977222, 41.9139929], [123.3982692, 41.9131871], [123.4000323, 41.9103888], [123.4012516, 41.9081557], [123.4028838, 41.9051661], [123.4028938, 41.905147], [123.402926, 41.9050933], [123.4031038, 41.9047717]]}}, {"type": "Feature", "properties": {"osmWayId": 42671178, "bridge": "yes", "highway": "trunk", "lanes": "3", "layer": "1", "name": "正良桥", "oneway": "yes", "ref": "G101", "source": "Yahoo hires", "sourceMembership": "g101-tag"}, "geometry": {"type": "LineString", "coordinates": [[123.3905561, 41.9219695], [123.3912072, 41.9212211]]}}, {"type": "Feature", "properties": {"osmWayId": 48066318, "bridge": "yes", "highway": "trunk", "layer": "1", "source": "gps", "sourceMembership": "g101-relation"}, "geometry": {"type": "LineString", "coordinates": [[116.9658861, 40.4051303], [116.9673441, 40.4044634]]}}, {"type": "Feature", "properties": {"osmWayId": 53556253, "highway": "trunk", "junction": "roundabout", "lanes": "6", "name": "中山广场", "note": "FIXME", "ref": "G101", "sourceMembership": "g101-tag"}, "geometry": {"type": "LineString", "coordinates": [[123.4035824, 41.7941454], [123.4037362, 41.7939894], [123.4039316, 41.7938753], [123.4041932, 41.7937974], [123.404474, 41.7937811], [123.4047486, 41.7938278], [123.4049921, 41.7939333], [123.4051824, 41.7940881], [123.4052889, 41.7942472], [123.405338, 41.7944212], [123.4053265, 41.7945988], [123.4052448, 41.7947846], [123.4050972, 41.7949462], [123.4048952, 41.7950708], [123.4047613, 41.7951216], [123.4045918, 41.79516], [123.4044157, 41.795174], [123.4042393, 41.7951629], [123.4040688, 41.7951272], [123.403925, 41.7950749], [123.4037953, 41.7950052], [123.4036834, 41.7949199], [123.4035926, 41.7948217], [123.4035047, 41.7946646], [123.4034705, 41.7944963], [123.4034919, 41.7943268], [123.4035824, 41.7941454]]}}, {"type": "Feature", "properties": {"osmWayId": 53568465, "highway": "trunk", "lanes": "4", "name": "G101", "oneway": "yes", "ref": "G101", "sourceMembership": "g101-tag"}, "geometry": {"type": "LineString", "coordinates": [[123.4129461, 41.8425578], [123.4129273, 41.8427914], [123.4127174, 41.8463029], [123.4127149, 41.8463433], [123.4126059, 41.8481681], [123.4125672, 41.8488146], [123.4124276, 41.850493], [123.4124213, 41.8505813], [123.412256, 41.8529066], [123.4120876, 41.8542085], [123.4120788, 41.8543291], [123.4119833, 41.8556445]]}}, {"type": "Feature", "properties": {"osmWayId": 53624762, "highway": "trunk", "name": "南京北街", "old_name:ja": "富士町", "oneway": "yes", "ref": "G101", "sourceMembership": "g101-tag"}, "geometry": {"type": "LineString", "coordinates": [[123.4037362, 41.7939894], [123.4037713, 41.7937874], [123.4030092, 41.7927845], [123.4017496, 41.7911119], [123.401689, 41.7910265], [123.4011017, 41.7902746], [123.4004221, 41.7893803], [123.3998113, 41.7885764], [123.3991668, 41.7877282], [123.3990962, 41.7876353]]}}, {"type": "Feature", "properties": {"osmWayId": 53655608, "bridge": "yes", "highway": "trunk", "layer": "1", "oneway": "yes", "ref": "G101", "sourceMembership": "g101-tag"}, "geometry": {"type": "LineString", "coordinates": [[123.4117876, 41.8578374], [123.4116985, 41.858719], [123.4116437, 41.8595457], [123.4115364, 41.8607514]]}}, {"type": "Feature", "properties": {"osmWayId": 53655628, "bridge": "yes", "highway": "trunk", "layer": "1", "oneway": "yes", "ref": "G101", "sourceMembership": "g101-tag"}, "geometry": {"type": "LineString", "coordinates": [[123.4119833, 41.8556445], [123.4119487, 41.8561123], [123.4118291, 41.8571427], [123.4117876, 41.8578374]]}}, {"type": "Feature", "properties": {"osmWayId": 53655647, "highway": "trunk", "lanes": "4", "name": "黄河南大街", "oneway": "yes", "ref": "G101", "sourceMembership": "g101-tag"}, "geometry": {"type": "LineString", "coordinates": [[123.411801, 41.8556142], [123.411907, 41.854274], [123.4120696, 41.8528982], [123.4122357, 41.850562], [123.4122423, 41.8504698], [123.4123807, 41.8488064], [123.4124491, 41.8476931], [123.412558, 41.8459206], [123.4126476, 41.8444616], [123.4127646, 41.8425561]]}}, {"type": "Feature", "properties": {"osmWayId": 53655650, "highway": "trunk", "lanes": "3", "oneway": "yes", "ref": "G101", "sourceMembership": "g101-tag"}, "geometry": {"type": "LineString", "coordinates": [[123.4115364, 41.8607514], [123.41146, 41.8615265], [123.4114574, 41.8615531], [123.4112589, 41.8643066], [123.4110152, 41.8671639], [123.4107564, 41.8702328], [123.4105494, 41.8725749], [123.4104735, 41.8734341], [123.4098844, 41.8801012], [123.409342, 41.8850051], [123.4093371, 41.8850732], [123.4091493, 41.8876595], [123.4091274, 41.8879716]]}}, {"type": "Feature", "properties": {"osmWayId": 53655652, "bridge": "yes", "highway": "trunk", "layer": "1", "oneway": "yes", "ref": "G101", "sourceMembership": "g101-tag"}, "geometry": {"type": "LineString", "coordinates": [[123.4113791, 41.8607181], [123.4115287, 41.8590076], [123.411602, 41.8581935], [123.411801, 41.8556142]]}}, {"type": "Feature", "properties": {"osmWayId": 53763725, "bridge": "yes", "highway": "trunk", "layer": "1", "name": "半壁山桥", "name:en": "Banbishan Bridge", "name:zh": "半壁山桥", "ref": "G101", "sourceMembership": "g101-tag"}, "geometry": {"type": "LineString", "coordinates": [[117.9531117, 40.9563885], [117.9507869, 40.9560869]]}}, {"type": "Feature", "properties": {"osmWayId": 53763727, "highway": "trunk", "lanes": "3", "name": "迎宾路", "name:en": "Yingbin Road", "name:zh": "迎宾路", "oneway": "yes", "ref": "G101", "source": "DigitalGlobe Premium Imagery", "sourceMembership": "g101-tag"}, "geometry": {"type": "LineString", "coordinates": [[117.955037, 40.9496039], [117.9550564, 40.9495216], [117.9558398, 40.9462052], [117.9562153, 40.9448832], [117.9564741, 40.9440708], [117.9570025, 40.9426759], [117.9573753, 40.9415899], [117.9574133, 40.9414609], [117.9575671, 40.9409385], [117.9577401, 40.9401453], [117.9577763, 40.9399062], [117.9578032, 40.9396479], [117.9578447, 40.9390917], [117.9578421, 40.9387229], [117.9576623, 40.9370189], [117.9575705, 40.9360473], [117.9571702, 40.9334283], [117.9566297, 40.9303949], [117.9562703, 40.928488], [117.9559652, 40.9274023], [117.9555608, 40.926274], [117.9550847, 40.9251259], [117.9547629, 40.9244146], [117.9529658, 40.9211598], [117.952359, 40.9201453]]}}, {"type": "Feature", "properties": {"osmWayId": 60051360, "highway": "secondary", "lanes": "2", "maxheight": "4", "name": "京密路", "name:en": "Jingmi Road", "oneway": "yes", "ref": "G101;G111", "sourceMembership": "g101-tag"}, "geometry": {"type": "LineString", "coordinates": [[116.4972436, 40.0028857], [116.4965246, 40.002213], [116.496428, 40.0020649], [116.4963288, 40.0019226], [116.4961027, 40.0016449], [116.4929175, 39.9988608], [116.4927384, 39.9986511], [116.492313, 39.9982157], [116.4918378, 39.9977311], [116.4898005, 39.9956126]]}}, {"type": "Feature", "properties": {"osmWayId": 67500020, "highway": "trunk", "lanes": "4", "name": "南京北街", "old_name:ja": "加茂町", "oneway": "yes", "ref": "G101", "sourceMembership": "g101-tag"}, "geometry": {"type": "LineString", "coordinates": [[123.4048952, 41.7950708], [123.4056974, 41.7962095], [123.4062524, 41.7969569], [123.4070977, 41.79777], [123.4082017, 41.7992679], [123.4088254, 41.8002803], [123.4094631, 41.8011122], [123.410364, 41.8020455], [123.4104596, 41.8021795], [123.4118632, 41.8042132], [123.4126166, 41.8052097], [123.4133948, 41.8064233], [123.4141348, 41.8083956], [123.4142124, 41.8085547], [123.4145373, 41.8092307], [123.4146133, 41.8093887], [123.4147612, 41.8096404]]}}, {"type": "Feature", "properties": {"osmWayId": 86143960, "highway": "trunk", "name": "京沈线", "ref": "G101", "source": "bing", "sourceMembership": "g101-tag"}, "geometry": {"type": "LineString", "coordinates": [[117.1461509, 40.5673126], [117.1458087, 40.5663796], [117.1457733, 40.5662991], [117.1451719, 40.5649312], [117.1449434, 40.5643286], [117.144861, 40.564084], [117.1443349, 40.5625216], [117.1437739, 40.5609394], [117.1436864, 40.5606925], [117.1433275, 40.5596244], [117.1429063, 40.5582018], [117.142728, 40.5574611]]}}, {"type": "Feature", "properties": {"osmWayId": 86143962, "bridge": "yes", "highway": "trunk", "layer": "1", "sourceMembership": "g101-relation"}, "geometry": {"type": "LineString", "coordinates": [[117.1468352, 40.5688047], [117.1461509, 40.5673126]]}}, {"type": "Feature", "properties": {"osmWayId": 98287940, "highway": "trunk", "lanes": "2", "oneway": "yes", "ref": "G101", "source": "Bing", "sourceMembership": "g101-tag"}, "geometry": {"type": "LineString", "coordinates": [[117.9678032, 40.8972265], [117.9669625, 40.898093], [117.9664931, 40.8985755], [117.9663619, 40.898691], [117.9662828, 40.8987606], [117.9660693, 40.8989486], [117.9655275, 40.8993561], [117.9651707, 40.899575], [117.9646826, 40.8998568], [117.9640844, 40.9001797], [117.9626227, 40.9009234], [117.9619922, 40.9012411], [117.960117, 40.902186], [117.9567679, 40.9038937], [117.9561817, 40.9042083], [117.9552099, 40.9047298], [117.9544119, 40.9052016], [117.9535402, 40.9057749], [117.9530137, 40.9061963], [117.9525596, 40.9066001], [117.9520757, 40.9070961], [117.9516552, 40.9075802]]}}, {"type": "Feature", "properties": {"osmWayId": 98287948, "highway": "trunk", "lanes": "2", "oneway": "yes", "ref": "G101", "source": "Bing", "sourceMembership": "g101-tag"}, "geometry": {"type": "LineString", "coordinates": [[117.9515208, 40.9075271], [117.9521362, 40.9068556], [117.952439, 40.9065531], [117.9528199, 40.9062107], [117.9533204, 40.9058015], [117.9535956, 40.9056016], [117.9539662, 40.9053301], [117.9544744, 40.905005], [117.9550307, 40.9046823], [117.9563347, 40.904019], [117.9585672, 40.902881], [117.9619194, 40.9011893]]}}, {"type": "Feature", "properties": {"osmWayId": 98287956, "bridge": "yes", "highway": "trunk", "lanes": "2", "layer": "1", "oneway": "yes", "ref": "G101", "source": "Bing", "sourceMembership": "g101-tag"}, "geometry": {"type": "LineString", "coordinates": [[117.9512463, 40.9078775], [117.9515208, 40.9075271]]}}, {"type": "Feature", "properties": {"osmWayId": 99202515, "highway": "trunk", "name": "京沈线", "note": "superceded by G25 expressway", "ref": "G101", "source": "Bing", "sourceMembership": "g101-tag"}, "geometry": {"type": "LineString", "coordinates": [[120.7205377, 41.8328908], [120.7220664, 41.8333766], [120.7221549, 41.8334052], [120.725076, 41.8343778], [120.7251933, 41.8344169]]}}, {"type": "Feature", "properties": {"osmWayId": 102775997, "bridge": "yes", "highway": "trunk", "layer": "1", "source": "bing", "sourceMembership": "g101-relation"}, "geometry": {"type": "LineString", "coordinates": [[121.6089355, 42.0910215], [121.6096547, 42.0913957]]}}, {"type": "Feature", "properties": {"osmWayId": 102776002, "highway": "trunk", "name": "京沈线", "ref": "G101", "source": "bing", "sourceMembership": "g101-tag"}, "geometry": {"type": "LineString", "coordinates": [[121.6721474, 42.1089426], [121.6757847, 42.1083294], [121.6762873, 42.1082214], [121.6766245, 42.1080841], [121.6769949, 42.1078829], [121.67884, 42.1064061], [121.67925, 42.1061314], [121.6796666, 42.1058664], [121.6801295, 42.1056751], [121.6808246, 42.1054714], [121.6814496, 42.1053206], [121.6819992, 42.1052424], [121.6825564, 42.1052479], [121.6831513, 42.105287], [121.683701, 42.1053708], [121.6840689, 42.1054417], [121.6902895, 42.106544], [121.6908392, 42.1066892], [121.6914039, 42.1069015], [121.6918105, 42.107097], [121.6979849, 42.1106721], [121.6983915, 42.1108565], [121.6990165, 42.1110631], [121.6995436, 42.111186], [121.7001986, 42.111281], [121.7013808, 42.111443], [121.7017949, 42.1115379], [121.710921, 42.1147609], [121.7111845, 42.1149061], [121.7115535, 42.1151407], [121.7127131, 42.1159506], [121.7129992, 42.1161014], [121.713338, 42.1161964], [121.7136995, 42.1162578], [121.7161768, 42.1164645], [121.7195049, 42.1167661], [121.7198136, 42.1167326], [121.7201675, 42.1166488], [121.7205892, 42.1165092], [121.721681, 42.1160344], [121.7253883, 42.1144984], [121.7260811, 42.1142813], [121.7269624, 42.1141141], [121.7435032, 42.1117325], [121.7460109, 42.1113714], [121.7482029, 42.1110422]]}}, {"type": "Feature", "properties": {"osmWayId": 102776028, "bridge": "yes", "highway": "trunk", "layer": "1", "source": "bing", "sourceMembership": "g101-relation"}, "geometry": {"type": "LineString", "coordinates": [[121.6712877, 42.1090751], [121.6721474, 42.1089426]]}}, {"type": "Feature", "properties": {"osmWayId": 102776056, "highway": "trunk", "name": "京沈线", "ref": "G101", "source": "bing", "sourceMembership": "g101-tag"}, "geometry": {"type": "LineString", "coordinates": [[121.6403944, 42.1119706], [121.6445442, 42.1119829], [121.6457428, 42.1119584], [121.6464455, 42.111897], [121.6471646, 42.1117805], [121.6495536, 42.111198], [121.6499752, 42.1111366], [121.6504174, 42.1111516], [121.653843, 42.1114263], [121.6570438, 42.1116863], [121.6576257, 42.1117354], [121.6582209, 42.1117501], [121.6587235, 42.1117059], [121.6592195, 42.1115539], [121.6595832, 42.1113772], [121.6614928, 42.1101017], [121.6619061, 42.1099606], [121.6624269, 42.1098503], [121.6628898, 42.1098257], [121.6659319, 42.1099177], [121.6660922, 42.1099021], [121.6665601, 42.1098564], [121.6682721, 42.1095804], [121.6712877, 42.1090751]]}}, {"type": "Feature", "properties": {"osmWayId": 102776103, "highway": "trunk", "name": "京沈线", "ref": "G101", "source": "bing", "sourceMembership": "g101-tag"}, "geometry": {"type": "LineString", "coordinates": [[121.8000517, 42.1320958], [121.8012785, 42.1346442], [121.803109, 42.1383553], [121.8038566, 42.1398881], [121.8053839, 42.1424665], [121.8066915, 42.1446184], [121.8075917, 42.145705], [121.808408, 42.1466933], [121.8116526, 42.1507767]]}}, {"type": "Feature", "properties": {"osmWayId": 102776132, "highway": "trunk", "name": "京沈线", "ref": "G101", "source": "bing", "sourceMembership": "g101-tag"}, "geometry": {"type": "LineString", "coordinates": [[121.7502042, 42.1107398], [121.7513458, 42.1105583], [121.7518943, 42.1104373], [121.7524502, 42.1102284], [121.7560717, 42.1082132], [121.7563789, 42.1081057], [121.7568237, 42.1080342], [121.7590326, 42.1079517], [121.7620124, 42.1078417], [121.7625017, 42.1078692], [121.763028, 42.1079572], [121.76921, 42.109442], [121.7725086, 42.1102889], [121.7737094, 42.1106353], [121.7753476, 42.1111962], [121.7783126, 42.11234], [121.7787574, 42.1124774], [121.7792762, 42.1125819], [121.7810627, 42.1128129], [121.7815519, 42.1129173], [121.7819967, 42.1130768], [121.782219, 42.1132033], [121.7823095, 42.1132458], [121.7826341, 42.1134727], [121.783374, 42.114209], [121.7861483, 42.1171648], [121.7872014, 42.1182868], [121.789392, 42.1203347], [121.7900479, 42.1209218], [121.7908634, 42.1213219], [121.7963937, 42.1250129], [121.7968236, 42.1253379], [121.7969527, 42.1256701], [121.7972451, 42.1260859], [121.7973774, 42.1264108], [121.7981875, 42.1281459], [121.7997376, 42.1314951]]}}, {"type": "Feature", "properties": {"osmWayId": 102776189, "bridge": "yes", "highway": "trunk", "layer": "1", "source": "bing", "sourceMembership": "g101-relation"}, "geometry": {"type": "LineString", "coordinates": [[121.7997376, 42.1314951], [121.8000517, 42.1320958]]}}, {"type": "Feature", "properties": {"osmWayId": 102776220, "highway": "trunk", "name": "京沈线", "ref": "G101", "source": "bing", "sourceMembership": "g101-tag"}, "geometry": {"type": "LineString", "coordinates": [[121.6096547, 42.0913957], [121.6128952, 42.0931501], [121.6143997, 42.0941254], [121.6149122, 42.0944996], [121.6153338, 42.0949412], [121.6167473, 42.0967691], [121.6171276, 42.097174], [121.6183676, 42.098413], [121.6207152, 42.1014552], [121.6211699, 42.1019005], [121.6219304, 42.1025138]]}}, {"type": "Feature", "properties": {"osmWayId": 102776303, "bridge": "yes", "highway": "trunk", "layer": "1", "source": "bing", "sourceMembership": "g101-relation"}, "geometry": {"type": "LineString", "coordinates": [[121.7482029, 42.1110422], [121.7502042, 42.1107398]]}}, {"type": "Feature", "properties": {"osmWayId": 102778323, "highway": "trunk", "name": "京沈线", "ref": "G101", "source": "bing", "sourceMembership": "g101-tag"}, "geometry": {"type": "LineString", "coordinates": [[121.8623208, 42.2301166], [121.8625877, 42.2306454], [121.8632632, 42.2319835], [121.86467, 42.2349924], [121.8658703, 42.2373937], [121.8666061, 42.2387891], [121.8671599, 42.2396092], [121.8685321, 42.2415798]]}}, {"type": "Feature", "properties": {"osmWayId": 102778328, "bridge": "yes", "highway": "trunk", "layer": "1", "source": "bing", "sourceMembership": "g101-relation"}, "geometry": {"type": "LineString", "coordinates": [[121.8621637, 42.2298228], [121.8623208, 42.2301166]]}}, {"type": "Feature", "properties": {"osmWayId": 102778332, "highway": "trunk", "name": "京沈线", "ref": "G101", "source": "bing", "sourceMembership": "g101-tag"}, "geometry": {"type": "LineString", "coordinates": [[121.9593558, 42.3516546], [121.9608334, 42.3525099], [121.961722, 42.352968], [121.962745, 42.3533422], [121.9638668, 42.3537817], [121.964997, 42.3543066], [121.9702622, 42.3572725], [121.972552, 42.3588241], [121.9740565, 42.3599175], [121.9860901, 42.3699578], [121.9973901, 42.3788712], [121.9983916, 42.3796313], [122.0007584, 42.3811006], [122.0091156, 42.3857422], [122.010395, 42.3865739], [122.0145208, 42.3897606], [122.015215, 42.3902305], [122.0164741, 42.3909438], [122.0189202, 42.3922887], [122.0200784, 42.3928557], [122.0294068, 42.3966257], [122.0298952, 42.3969394], [122.030216, 42.3972548], [122.0304295, 42.3975677], [122.0306105, 42.397964], [122.0306833, 42.3983683], [122.030694, 42.3988207], [122.0303518, 42.401602], [122.0304161, 42.4020069], [122.0305395, 42.4023685], [122.0306983, 42.4027028], [122.0308841, 42.403013], [122.0311999, 42.4034087], [122.0340071, 42.4060262], [122.0343847, 42.4064572], [122.035905, 42.4085267], [122.0364468, 42.4091652], [122.0427639, 42.4150052], [122.0551869, 42.425975], [122.0556353, 42.4262538], [122.0561417, 42.4264775], [122.060576, 42.4276844], [122.0611027, 42.4278923], [122.0615158, 42.4280937], [122.064889, 42.4303302], [122.0651148, 42.4305717], [122.06525, 42.4308263], [122.0656089, 42.4319238], [122.06589, 42.4324552], [122.0662728, 42.4330432], [122.0674308, 42.434445], [122.0688425, 42.4361539], [122.0691563, 42.4366171], [122.0694129, 42.437091], [122.0706727, 42.4400819]]}}, {"type": "Feature", "properties": {"osmWayId": 102778334, "bridge": "yes", "highway": "trunk", "layer": "1", "source": "bing", "sourceMembership": "g101-relation"}, "geometry": {"type": "LineString", "coordinates": [[121.9588701, 42.3513797], [121.9593558, 42.3516546]]}}, {"type": "Feature", "properties": {"osmWayId": 102778335, "bridge": "yes", "highway": "trunk", "layer": "1", "source": "bing", "sourceMembership": "g101-relation"}, "geometry": {"type": "LineString", "coordinates": [[121.8952497, 42.2927945], [121.8953489, 42.2930268]]}}, {"type": "Feature", "properties": {"osmWayId": 102778344, "highway": "trunk", "name": "京沈线", "ref": "G101", "source": "bing", "sourceMembership": "g101-tag"}, "geometry": {"type": "LineString", "coordinates": [[121.8944188, 42.3105761], [121.8924142, 42.3141216], [121.8921672, 42.3147142], [121.8921515, 42.3147979], [121.8920928, 42.3151115], [121.8921507, 42.31557], [121.8923408, 42.3160345], [121.8926136, 42.3164318], [121.8929691, 42.3167436], [121.8934155, 42.3170309], [121.8963666, 42.3186934], [121.8986233, 42.3200198], [121.8990449, 42.3202154], [121.9030376, 42.3216273], [121.905497, 42.3224263], [121.9063112, 42.3226908], [121.9081213, 42.3233338], [121.9095102, 42.3237379], [121.9143591, 42.324837], [121.9154834, 42.325051], [121.9167399, 42.3251976], [121.9173598, 42.3252099], [121.9204267, 42.3251915], [121.921088, 42.3252526], [121.9216832, 42.3253688], [121.9221875, 42.3255154], [121.9256496, 42.3267157], [121.9263915, 42.3270472], [121.9270792, 42.3274534], [121.9284712, 42.3284747], [121.9306937, 42.3301051]]}}, {"type": "Feature", "properties": {"osmWayId": 102778346, "highway": "trunk", "name": "京沈线", "ref": "G101", "source": "bing", "sourceMembership": "g101-tag"}, "geometry": {"type": "LineString", "coordinates": [[121.8431391, 42.2070304], [121.8434036, 42.2075987], [121.8437541, 42.2081081], [121.846379, 42.2109696], [121.8467097, 42.2112329], [121.8469494, 42.2113554], [121.8504213, 42.2130942], [121.8509338, 42.2134432], [121.8532071, 42.2158248], [121.8545628, 42.2173186], [121.8549431, 42.2177166], [121.8561748, 42.2190512], [121.856756, 42.2197728], [121.8586091, 42.2229609], [121.8599896, 42.2255564], [121.8621637, 42.2298228]]}}, {"type": "Feature", "properties": {"osmWayId": 102778348, "highway": "trunk", "name": "京沈线", "ref": "G101", "source": "bing", "sourceMembership": "g101-tag"}, "geometry": {"type": "LineString", "coordinates": [[121.8819545, 42.255423], [121.8827398, 42.2584026], [121.8835417, 42.2612903], [121.8840211, 42.2632541], [121.8844344, 42.2660866], [121.8846659, 42.2670531], [121.8853024, 42.2687415], [121.8884189, 42.2757758], [121.8891381, 42.2776169], [121.8897498, 42.2796169], [121.8906756, 42.283213], [121.8911551, 42.2850783], [121.8913231, 42.2854196], [121.8915794, 42.2858232], [121.8928359, 42.2876884], [121.8935633, 42.2887708], [121.8938527, 42.2892539], [121.8952497, 42.2927945]]}}, {"type": "Feature", "properties": {"osmWayId": 102778350, "bridge": "yes", "highway": "trunk", "layer": "1", "source": "bing", "sourceMembership": "g101-relation"}, "geometry": {"type": "LineString", "coordinates": [[121.8950491, 42.3094834], [121.8944188, 42.3105761]]}}, {"type": "Feature", "properties": {"osmWayId": 102778352, "bridge": "yes", "highway": "trunk", "layer": "1", "source": "bing", "sourceMembership": "g101-relation"}, "geometry": {"type": "LineString", "coordinates": [[121.8426695, 42.2059038], [121.8431391, 42.2070304]]}}, {"type": "Feature", "properties": {"osmWayId": 102778357, "highway": "trunk", "name": "京沈线", "ref": "G101", "source": "bing", "sourceMembership": "g101-tag"}, "geometry": {"type": "LineString", "coordinates": [[121.9312806, 42.3305329], [121.9333885, 42.3320668], [121.9349922, 42.3332829], [121.9356453, 42.3338329], [121.9360586, 42.3343706], [121.9382898, 42.3379528], [121.9387162, 42.338525], [121.9391711, 42.3389667], [121.9397462, 42.3393858], [121.9439779, 42.3421308], [121.9475324, 42.3445076], [121.9507263, 42.346744], [121.9588701, 42.3513797]]}}, {"type": "Feature", "properties": {"osmWayId": 102778364, "bridge": "yes", "highway": "trunk", "layer": "1", "source": "bing", "sourceMembership": "g101-relation"}, "geometry": {"type": "LineString", "coordinates": [[121.9306937, 42.3301051], [121.9312806, 42.3305329]]}}, {"type": "Feature", "properties": {"osmWayId": 102778371, "bridge": "yes", "highway": "trunk", "layer": "1", "source": "bing", "sourceMembership": "g101-relation"}, "geometry": {"type": "LineString", "coordinates": [[121.8818966, 42.2552088], [121.8819545, 42.255423]]}}, {"type": "Feature", "properties": {"osmWayId": 102778378, "highway": "trunk", "name": "京沈线", "ref": "G101", "source": "bing", "sourceMembership": "g101-tag"}, "geometry": {"type": "LineString", "coordinates": [[121.8686727, 42.2417818], [121.8700366, 42.2438135], [121.8707105, 42.2447169], [121.8711072, 42.2451428], [121.872205, 42.2459457], [121.872369, 42.2460533], [121.8742948, 42.2473164], [121.8779056, 42.2498571], [121.8782759, 42.2501802], [121.8800416, 42.251962], [121.8810667, 42.2530732], [121.8812849, 42.2534109], [121.881437, 42.2537633], [121.8818966, 42.2552088]]}}, {"type": "Feature", "properties": {"osmWayId": 102778381, "highway": "trunk", "name": "京沈线", "ref": "G101", "source": "bing", "sourceMembership": "g101-tag"}, "geometry": {"type": "LineString", "coordinates": [[121.8210763, 42.1624889], [121.8211593, 42.1628573], [121.8225023, 42.1649245], [121.8244684, 42.168357], [121.8269732, 42.1720392], [121.8275494, 42.1727336]]}}, {"type": "Feature", "properties": {"osmWayId": 102778383, "highway": "trunk", "name": "京沈线", "ref": "G101", "source": "bing", "sourceMembership": "g101-tag"}, "geometry": {"type": "LineString", "coordinates": [[121.8953489, 42.2930268], [121.8961425, 42.2949285], [121.8987877, 42.3013791], [121.8988869, 42.3018805], [121.8988952, 42.3023084], [121.8988796, 42.3024157], [121.8988373, 42.3027058], [121.8986885, 42.3031583], [121.8984571, 42.3036352], [121.8967459, 42.3066247], [121.8950491, 42.3094834]]}}, {"type": "Feature", "properties": {"osmWayId": 102778384, "bridge": "yes", "highway": "trunk", "layer": "1", "source": "bing", "sourceMembership": "g101-relation"}, "geometry": {"type": "LineString", "coordinates": [[121.8685321, 42.2415798], [121.8686727, 42.2417818]]}}, {"type": "Feature", "properties": {"osmWayId": 118793559, "highway": "trunk", "name": "京沈线", "note": "old trunk road superceded by expressway", "oneway": "yes", "ref": "G101", "source": "bing", "sourceMembership": "g101-tag"}, "geometry": {"type": "LineString", "coordinates": [[117.1575917, 40.6804243], [117.158344, 40.6813112], [117.1584953, 40.6815474], [117.1585302, 40.6816018], [117.1586237, 40.6818762], [117.1586447, 40.6819512], [117.1586984, 40.6821432], [117.1587305, 40.6823281], [117.1587224, 40.682493], [117.1586794, 40.6826479]]}}, {"type": "Feature", "properties": {"osmWayId": 118793567, "highway": "trunk", "layer": "-1", "name": "京沈线", "note": "old trunk road superceded by expressway", "oneway": "yes", "ref": "G101", "source": "bing", "tunnel": "yes", "sourceMembership": "g101-tag"}, "geometry": {"type": "LineString", "coordinates": [[117.1586794, 40.6826479], [117.1584966, 40.6831278], [117.1583122, 40.6835832], [117.1580011, 40.6842576]]}}, {"type": "Feature", "properties": {"osmWayId": 124389722, "highway": "trunk", "name": "京沈线", "ref": "G101", "source": "bing", "sourceMembership": "g101-tag"}, "geometry": {"type": "LineString", "coordinates": [[118.9207262, 40.9951766], [118.9197799, 40.9954299], [118.9152962, 40.9964845], [118.9136788, 40.9966963], [118.9126005, 40.9967669], [118.9113956, 40.9967586], [118.9055586, 40.9963184], [118.9035725, 40.9963641], [118.9026098, 40.9963309], [118.90103, 40.9961047], [118.9001451, 40.995978], [118.8995014, 40.9959323], [118.8989293, 40.995953], [118.8982636, 40.9960444], [118.8963931, 40.9965094], [118.8938294, 40.9968832], [118.8931197, 40.9971281], [118.8914882, 40.9981376], [118.8898202, 40.9990565], [118.8887044, 40.9995748], [118.8867732, 41.0001982], [118.8856252, 41.0004978], [118.8838228, 41.0008217], [118.8825353, 41.0009513], [118.8756191, 41.0013619], [118.8729767, 41.0015276], [118.8675632, 41.0018743], [118.8665981, 41.001922], [118.8663884, 41.0019324], [118.8639859, 41.0020876]]}}, {"type": "Feature", "properties": {"osmWayId": 124389736, "bridge": "yes", "highway": "trunk", "layer": "1", "name": "京沈线", "ref": "G101", "source": "bing", "sourceMembership": "g101-tag"}, "geometry": {"type": "LineString", "coordinates": [[118.9220325, 40.9946104], [118.9218264, 40.994724], [118.9213093, 40.9949773], [118.9207262, 40.9951766]]}}, {"type": "Feature", "properties": {"osmWayId": 127714569, "highway": "trunk", "lanes": "2", "maxheight": "4", "name": "京密路", "name:en": "Jingmi Road", "oneway": "yes", "ref": "G101;G111", "surface": "asphalt", "sourceMembership": "g101-tag"}, "geometry": {"type": "LineString", "coordinates": [[116.4461827, 39.9562336], [116.4482317, 39.9580377]]}}, {"type": "Feature", "properties": {"osmWayId": 127714571, "highway": "trunk", "lanes": "2", "maxheight": "4", "name": "京密路", "name:en": "Jingmi Road", "oneway": "yes", "ref": "G101;G111", "sourceMembership": "g101-tag"}, "geometry": {"type": "LineString", "coordinates": [[116.4482317, 39.9580377], [116.4485386, 39.9583179], [116.4487951, 39.9584729], [116.4494893, 39.9588166], [116.4499178, 39.9590753], [116.4500953, 39.9591905], [116.4502788, 39.9592986], [116.4504234, 39.9593938], [116.4505635, 39.959498], [116.4506885, 39.9595939], [116.4508316, 39.9597094], [116.4511022, 39.9599402], [116.451206, 39.9600316], [116.4512602, 39.9600815], [116.4518579, 39.9606361]]}}, {"type": "Feature", "properties": {"osmWayId": 129147275, "highway": "trunk", "name": "京沈线", "ref": "G101", "source": "landsat", "sourceMembership": "g101-tag"}, "geometry": {"type": "LineString", "coordinates": [[118.9951906, 40.9776834], [118.9963015, 40.9779504], [118.9976406, 40.9783029], [118.9992407, 40.9787011], [118.9997198, 40.9788477], [119.0003094, 40.9791998], [119.0024392, 40.9806916], [119.0031266, 40.981081], [119.0070137, 40.9832969], [119.0122651, 40.9866071]]}}, {"type": "Feature", "properties": {"osmWayId": 129194800, "highway": "trunk", "name": "京沈路", "oneway": "yes", "ref": "G101", "sourceMembership": "g101-tag"}, "geometry": {"type": "LineString", "coordinates": [[116.8185085, 40.3888866], [116.8192594, 40.3896799], [116.8204811, 40.3909977], [116.8220698, 40.3928641], [116.8238849, 40.3949697], [116.8241054, 40.3952218]]}}, {"type": "Feature", "properties": {"osmWayId": 129253398, "bridge": "yes", "highway": "trunk", "layer": "1", "name": "京沈线", "ref": "G101", "source": "landsat", "sourceMembership": "g101-tag"}, "geometry": {"type": "LineString", "coordinates": [[120.1205622, 41.4800031], [120.1237204, 41.4817966]]}}, {"type": "Feature", "properties": {"osmWayId": 129253400, "bridge": "yes", "highway": "trunk", "layer": "1", "name": "京沈线", "ref": "G101", "source": "landsat", "sourceMembership": "g101-tag"}, "geometry": {"type": "LineString", "coordinates": [[120.1900835, 41.516047], [120.1916697, 41.5161873]]}}, {"type": "Feature", "properties": {"osmWayId": 129253565, "highway": "trunk", "name": "京沈线", "note": "superceded by G25 expressway", "ref": "G101", "source": "Bing", "sourceMembership": "g101-tag"}, "geometry": {"type": "LineString", "coordinates": [[120.1916697, 41.5161873], [120.1944423, 41.5164462], [120.1950757, 41.5163644], [120.1955982, 41.5161549], [120.1980169, 41.5147351], [120.1994363, 41.5134674], [120.2021622, 41.511121], [120.202761, 41.5106304], [120.2034085, 41.5104109], [120.2040212, 41.5103294], [120.2083314, 41.5100269], [120.2089245, 41.5100596], [120.2096051, 41.5102125], [120.2120474, 41.5107219], [120.2126275, 41.5107742], [120.2157109, 41.510784], [120.2163739, 41.5108656], [120.2197339, 41.5113945], [120.2203994, 41.5114992], [120.2208442, 41.5116364], [120.2212149, 41.5118715], [120.2219258, 41.5124855], [120.2250974, 41.5154556], [120.2281566, 41.5183374], [120.2312714, 41.5212144], [120.2336645, 41.5233478], [120.2341517, 41.5237034], [120.2348549, 41.5240266], [120.2396966, 41.526063], [120.2400482, 41.526317], [120.2403257, 41.5266125], [120.2427435, 41.529877], [120.2431259, 41.5303064], [120.245297, 41.5323334], [120.2484796, 41.535279], [120.2493493, 41.5359993], [120.2498612, 41.5363132], [120.2504842, 41.5365718], [120.2526861, 41.537449], [120.253124, 41.5375321], [120.2536421, 41.5375274], [120.2541787, 41.537449], [120.2560105, 41.5370334], [120.2564485, 41.537015], [120.256911, 41.5371027], [120.2589834, 41.5377906], [120.259446, 41.5379014], [120.2600011, 41.5378783], [120.2605377, 41.5377167], [120.2649724, 41.536364], [120.2671866, 41.5357038], [120.2676616, 41.5356068], [120.269037, 41.5355053], [120.2717508, 41.5353021], [120.2722443, 41.5352052], [120.2727069, 41.5350066], [120.2758031, 41.5332014], [120.2763397, 41.5329151], [120.2773512, 41.5326243], [120.2779125, 41.5324119], [120.2803426, 41.5311652], [120.2807004, 41.5310637], [120.2811938, 41.531059], [120.2843579, 41.5312899], [120.28495, 41.5312991], [120.2859368, 41.5312345], [120.2867818, 41.5312622], [120.2896561, 41.5314515], [120.290131, 41.53153], [120.2905566, 41.5316593], [120.2910068, 41.531844], [120.2916174, 41.5322041], [120.295608, 41.5349697], [120.2976577, 41.5364693], [120.2978696, 41.536596], [120.2981515, 41.5367305], [120.2984871, 41.5368303], [120.2991792, 41.5369919], [120.3021064, 41.5376773], [120.3031821, 41.5379291], [120.3038051, 41.5381599], [120.304539, 41.5385108], [120.3075181, 41.5400251], [120.3083014, 41.5403067], [120.3090786, 41.5404867], [120.3098372, 41.5406391], [120.3109474, 41.5406852], [120.3155363, 41.5405098], [120.3165786, 41.5403713], [120.3187374, 41.5399743], [120.3193973, 41.5399466], [120.320267, 41.5399881], [120.3215049, 41.5400773], [120.3237271, 41.5402374], [120.3260277, 41.5405421], [120.3267062, 41.5405329], [120.327471, 41.5403898], [120.3283407, 41.5401635], [120.3303707, 41.5396366], [120.3311034, 41.5394015], [120.3331707, 41.5384287], [120.3352803, 41.5373672], [120.3370884, 41.5368587], [120.338749, 41.5365252], [120.3392249, 41.5364909], [120.3398426, 41.5364464], [120.3406689, 41.5365131], [120.3415762, 41.5367314], [120.3424753, 41.5370831], [120.3432611, 41.5374772], [120.3438363, 41.5377197], [120.3442547, 41.5378436]]}}, {"type": "Feature", "properties": {"osmWayId": 129253604, "highway": "trunk", "name": "京沈线", "ref": "G101", "source": "landsat", "sourceMembership": "g101-tag"}, "geometry": {"type": "LineString", "coordinates": [[120.1237204, 41.4817966], [120.1251601, 41.4826114], [120.1261873, 41.483245], [120.1269529, 41.4839563], [120.1294678, 41.4866667], [120.1298961, 41.4870795], [120.1306693, 41.4877536], [120.1369604, 41.4931173], [120.1372962, 41.4934381], [120.1376747, 41.4938844], [120.1391292, 41.4957953], [120.1396122, 41.4961937], [120.1402789, 41.4965896], [120.1411654, 41.497259], [120.1433432, 41.498815], [120.1483067, 41.5028721], [120.14879, 41.5034337], [120.1492512, 41.504073], [120.1508878, 41.5068572], [120.1515829, 41.5075565], [120.1558574, 41.51128], [120.1567117, 41.5118937], [120.1571321, 41.5121109], [120.1577707, 41.5123586], [120.1638083, 41.5146446], [120.1651118, 41.5149705], [120.166974, 41.5153946], [120.1677739, 41.5155954], [120.1687835, 41.5156905], [120.1696428, 41.5155847], [120.1718969, 41.5150404], [120.1724843, 41.5150191], [120.1742782, 41.5152445], [120.1751671, 41.5154911], [120.1769706, 41.516129], [120.1778719, 41.5163852], [120.1789428, 41.5164455], [120.1842963, 41.5163818], [120.1855117, 41.516243], [120.1869273, 41.5160463], [120.1878777, 41.5159063], [120.1890077, 41.5159475], [120.1900835, 41.516047]]}}, {"type": "Feature", "properties": {"osmWayId": 129622317, "highway": "secondary", "lanes": "2", "maxheight": "4", "name": "京密路", "name:en": "Jingmi Road", "oneway": "yes", "ref": "G101;G111", "sourceMembership": "g101-tag"}, "geometry": {"type": "LineString", "coordinates": [[116.4604103, 39.9682649], [116.4611115, 39.9688842]]}}, {"type": "Feature", "properties": {"osmWayId": 131250283, "bridge": "yes", "highway": "trunk", "layer": "1", "name": "京沈线", "note": "superceded by G25 expressway", "ref": "G101", "source": "Bing", "sourceMembership": "g101-tag"}, "geometry": {"type": "LineString", "coordinates": [[120.7183083, 41.832162], [120.7205377, 41.8328908]]}}, {"type": "Feature", "properties": {"osmWayId": 141968110, "highway": "trunk", "name": "京沈线", "note": "old trunk road superceded by expressway", "ref": "G101;G112", "source": "bing", "sourceMembership": "g101-tag"}, "geometry": {"type": "LineString", "coordinates": [[117.6811539, 40.879642], [117.6813113, 40.8792057], [117.681561, 40.8787507], [117.6821811, 40.8781443], [117.6828401, 40.8775232], [117.6863999, 40.8741329], [117.6875659, 40.8730806], [117.6880175, 40.8728113], [117.6884866, 40.872634], [117.6889644, 40.8725355], [117.6894508, 40.8725158], [117.6920835, 40.8727974], [117.6926969, 40.8729314], [117.6931673, 40.8731366], [117.6936363, 40.8733928], [117.695052, 40.87439], [117.6969983, 40.8756867]]}}, {"type": "Feature", "properties": {"osmWayId": 141968114, "bridge": "yes", "highway": "trunk", "layer": "1", "name": "京沈线", "note": "old trunk road superceded by expressway", "ref": "G101;G112", "source": "bing", "sourceMembership": "g101-tag"}, "geometry": {"type": "LineString", "coordinates": [[117.6809282, 40.8804122], [117.6811539, 40.879642]]}}, {"type": "Feature", "properties": {"osmWayId": 141968115, "bridge": "yes", "highway": "trunk", "layer": "1", "name": "京沈线", "note": "old trunk road superceded by expressway", "ref": "G101;G233", "source": "bing", "sourceMembership": "g101-tag"}, "geometry": {"type": "LineString", "coordinates": [[117.7926392, 40.8884666], [117.7983639, 40.8929268]]}}, {"type": "Feature", "properties": {"osmWayId": 154106336, "bridge": "yes", "cycleway:right": "lane", "highway": "secondary", "layer": "1", "name": "京密路", "oneway": "yes", "ref": "G101;G111", "sourceMembership": "g101-tag"}, "geometry": {"type": "LineString", "coordinates": [[116.5399922, 40.0565427], [116.5378585, 40.0555253]]}}, {"type": "Feature", "properties": {"osmWayId": 154106346, "cycleway:right": "lane", "highway": "trunk", "name": "京密路", "name:en": "Jingshen Highway", "oneway": "yes", "ref": "G101;G111", "sourceMembership": "g101-tag"}, "geometry": {"type": "LineString", "coordinates": [[116.559285, 40.113528], [116.5588748, 40.1128693], [116.5585446, 40.1123325], [116.5583968, 40.1121021], [116.5581074, 40.1115783], [116.5577853, 40.1109571], [116.557521, 40.1103952], [116.5572395, 40.1097729], [116.5569352, 40.1090195]]}}, {"type": "Feature", "properties": {"osmWayId": 154106349, "cycleway:right": "lane", "highway": "secondary", "lanes": "3", "name": "京密路", "oneway": "yes", "ref": "G101;G111", "sourceMembership": "g101-tag"}, "geometry": {"type": "LineString", "coordinates": [[116.5293206, 40.0445398], [116.5292867, 40.0444603], [116.5289566, 40.0437165], [116.528113, 40.0419862], [116.5279476, 40.0413982], [116.5279151, 40.0412676], [116.5278764, 40.0411464], [116.5277621, 40.0408899], [116.5273609, 40.0401821], [116.5272211, 40.0399356], [116.5271453, 40.0398003], [116.5271102, 40.0397399], [116.5269766, 40.0395274]]}}, {"type": "Feature", "properties": {"osmWayId": 154255533, "highway": "trunk", "lanes": "2", "maxheight": "4", "name": "香河园路", "name:en": "Xiangheyuan Road", "oneway": "yes", "ref": "G101;G111", "surface": "asphalt", "sourceMembership": "g101-tag"}, "geometry": {"type": "LineString", "coordinates": [[116.4481372, 39.9581962], [116.4461781, 39.9564293]]}}, {"type": "Feature", "properties": {"osmWayId": 154255534, "highway": "trunk", "lanes": "2", "maxheight": "4", "name": "香河园路", "name:en": "Xiangheyuan Road", "oneway": "yes", "ref": "G101;G111", "surface": "asphalt", "sourceMembership": "g101-tag"}, "geometry": {"type": "LineString", "coordinates": [[116.4461781, 39.9564293], [116.4448821, 39.9552426]]}}, {"type": "Feature", "properties": {"osmWayId": 158054621, "alt_name": "京密路", "alt_name:zh-Latn-pinyin": "Jingmi Lu", "cycleway:right": "lane", "highway": "trunk", "name": "京沈路", "oneway": "yes", "ref": "G101;G111", "sourceMembership": "g101-tag"}, "geometry": {"type": "LineString", "coordinates": [[116.6215244, 40.1588301], [116.6131619, 40.1547849], [116.611653, 40.154055], [116.6077973, 40.1521894], [116.6075222, 40.1520566], [116.6035293, 40.1501249], [116.6002884, 40.1482759], [116.5984995, 40.1471578], [116.5962083, 40.1457259], [116.5948807, 40.1446876], [116.5932884, 40.1434423], [116.5928881, 40.1431292], [116.5926926, 40.1429479], [116.5925696, 40.1428339], [116.5923339, 40.1426481], [116.5915451, 40.1419802], [116.5904021, 40.1410124]]}}, {"type": "Feature", "properties": {"osmWayId": 158054622, "bicycle": "no", "bridge": "yes", "foot": "no", "highway": "trunk", "lanes": "2", "layer": "1", "lit": "yes", "maxspeed": "70", "name": "京沈路", "oneway": "yes", "ref": "G101;G111", "surface": "asphalt", "sourceMembership": "g101-tag"}, "geometry": {"type": "LineString", "coordinates": [[116.6343772, 40.1687331], [116.6347226, 40.1694939], [116.6350268, 40.1703686], [116.6352587, 40.171141]]}}, {"type": "Feature", "properties": {"osmWayId": 158054623, "alt_name": "京密路", "alt_name:zh-Latn-pinyin": "Jingmi Lu", "cycleway:right": "lane", "highway": "trunk", "lanes": "2", "lit": "yes", "maxspeed": "70", "name": "京沈路", "oneway": "yes", "ref": "G101;G111", "surface": "asphalt", "sourceMembership": "g101-tag"}, "geometry": {"type": "LineString", "coordinates": [[116.6322593, 40.1655819], [116.6313148, 40.1645079], [116.6306464, 40.163905], [116.6298983, 40.1633245], [116.6291148, 40.1627459], [116.6285762, 40.1623927], [116.6278516, 40.1619649], [116.6264555, 40.1612325], [116.6264043, 40.1612056], [116.6254939, 40.1607615], [116.6251018, 40.1605702], [116.6218866, 40.1590017]]}}, {"type": "Feature", "properties": {"osmWayId": 158054624, "alt_name": "京密路", "alt_name:zh-Latn-pinyin": "Jingmi Lu", "cycleway:right": "lane", "highway": "trunk", "lanes": "2", "lit": "yes", "maxspeed": "70", "name": "京沈路", "oneway": "yes", "ref": "G101;G111", "surface": "asphalt", "sourceMembership": "g101-tag"}, "geometry": {"type": "LineString", "coordinates": [[116.6219305, 40.1589238], [116.6251657, 40.1604918], [116.6260159, 40.1609071], [116.6265154, 40.161146], [116.6279174, 40.1618922], [116.6286562, 40.1623278], [116.6291918, 40.1626912], [116.6299874, 40.1632579], [116.6307455, 40.1638546], [116.6310369, 40.1641218], [116.6314554, 40.1645057], [116.6323846, 40.1655112]]}}, {"type": "Feature", "properties": {"osmWayId": 158054694, "bridge": "yes", "cycleway:right": "lane", "highway": "trunk", "layer": "1", "name": "京沈路", "oneway": "yes", "ref": "G101;G111", "sourceMembership": "g101-tag"}, "geometry": {"type": "LineString", "coordinates": [[116.6218866, 40.1590017], [116.6215244, 40.1588301]]}}, {"type": "Feature", "properties": {"osmWayId": 158054695, "bridge": "yes", "cycleway:right": "lane", "highway": "trunk", "layer": "1", "name": "京沈路", "oneway": "yes", "ref": "G101;G111", "sourceMembership": "g101-tag"}, "geometry": {"type": "LineString", "coordinates": [[116.6215719, 40.1587496], [116.6219305, 40.1589238]]}}, {"type": "Feature", "properties": {"osmWayId": 158176378, "alt_name": "京密路", "alt_name:zh-Latn-pinyin": "Jingmi Lu", "cycleway:right": "lane", "highway": "trunk", "lanes": "2", "lit": "yes", "maxspeed": "70", "name": "京沈路", "name:zh": "京沈路", "name:zh-Hans": "京沈路", "name:zh-Hant": "京沈路", "oneway": "yes", "ref": "G101;G111", "surface": "asphalt", "sourceMembership": "g101-tag"}, "geometry": {"type": "LineString", "coordinates": [[116.6362173, 40.2105965], [116.6362156, 40.2105148], [116.6362148, 40.2104733], [116.6362133, 40.2103978], [116.6362025, 40.2098631], [116.6361975, 40.2096179], [116.6360338, 40.2015105], [116.6360166, 40.2006581], [116.6357898, 40.1894269], [116.635765, 40.1881994], [116.6357413, 40.1870259], [116.6356227, 40.1811478], [116.6355371, 40.1769073], [116.6355316, 40.1766362], [116.6355002, 40.1750833], [116.6354561, 40.1732233], [116.6353303, 40.1721813], [116.6351336, 40.1711634]]}}, {"type": "Feature", "properties": {"osmWayId": 158176379, "alt_name": "京密路", "alt_name:zh-Latn-pinyin": "Jingmi Lu", "cycleway:right": "lane", "highway": "trunk", "lanes": "2", "maxspeed": "70", "name": "京沈路", "oneway": "yes", "ref": "G101;G111", "surface": "asphalt", "sourceMembership": "g101-tag"}, "geometry": {"type": "LineString", "coordinates": [[116.6433615, 40.2312956], [116.6432594, 40.2315242], [116.6428442, 40.2324389], [116.6427203, 40.2326956], [116.6425309, 40.2330828], [116.6424394, 40.2332999], [116.6423974, 40.2333867], [116.6421216, 40.2339808], [116.640636, 40.2371551], [116.6405808, 40.2372731], [116.6397614, 40.2390239], [116.638364, 40.2419878], [116.6376058, 40.2435665], [116.6362033, 40.24647], [116.6360739, 40.246743], [116.6359754, 40.2469737], [116.6357466, 40.2474579], [116.6350475, 40.2489118], [116.6338556, 40.2514323], [116.6333772, 40.2525859], [116.6330619, 40.2534663], [116.6327774, 40.2543513], [116.6326259, 40.2548908]]}}, {"type": "Feature", "properties": {"osmWayId": 158176381, "alt_name": "京密路", "alt_name:zh-Latn-pinyin": "Jingmi Lu", "bridge": "yes", "cycleway:right": "lane", "highway": "trunk", "lanes": "2", "layer": "1", "lit": "no", "maxspeed": "70", "name": "京沈路", "oneway": "yes", "ref": "G101;G111", "surface": "asphalt", "sourceMembership": "g101-tag"}, "geometry": {"type": "LineString", "coordinates": [[116.6416536, 40.2243981], [116.6421786, 40.2248997]]}}, {"type": "Feature", "properties": {"osmWayId": 158176382, "alt_name": "京密路", "alt_name:zh-Latn-pinyin": "Jingmi Lu", "bridge": "yes", "cycleway:right": "lane", "highway": "trunk", "lanes": "2", "layer": "1", "lit": "no", "maxspeed": "70", "name": "京沈路", "oneway": "yes", "ref": "G101;G111", "surface": "asphalt", "sourceMembership": "g101-tag"}, "geometry": {"type": "LineString", "coordinates": [[116.6420976, 40.2249749], [116.6415796, 40.2244699]]}}, {"type": "Feature", "properties": {"osmWayId": 158176385, "cycleway:right": "lane", "highway": "trunk", "lanes": "2", "lit": "yes", "maxspeed": "70", "name": "京沈路", "oneway": "yes", "ref": "G101;G111", "surface": "asphalt", "sourceMembership": "g101-tag"}, "geometry": {"type": "LineString", "coordinates": [[116.6339393, 40.278851], [116.6336393, 40.2782433], [116.6334453, 40.277643], [116.6333213, 40.2771099], [116.6331479, 40.2763835], [116.6329064, 40.2759144], [116.6326136, 40.2755165], [116.6322439, 40.2751493], [116.6318706, 40.2748184], [116.6315137, 40.274468], [116.631216, 40.2741385], [116.6310213, 40.2738144], [116.6309134, 40.2735403], [116.6308358, 40.2732125], [116.6308358, 40.2727781], [116.6309419, 40.2723773], [116.6310714, 40.2720743], [116.6311094, 40.2717812], [116.631109, 40.2712402], [116.6311112, 40.2710677], [116.6311285, 40.2708625], [116.6311646, 40.2706679], [116.6312566, 40.270428], [116.6314197, 40.2700728], [116.6314911, 40.2698438], [116.6315158, 40.2696528], [116.6315339, 40.2694201], [116.6315339, 40.2691701], [116.6313698, 40.26813], [116.6313636, 40.2678261], [116.6313532, 40.2673178], [116.6315171, 40.2653328]]}}, {"type": "Feature", "properties": {"osmWayId": 158176386, "cycleway:right": "lane", "highway": "trunk", "lanes": "2", "lit": "yes", "maxspeed": "70", "name": "京沈路", "oneway": "yes", "ref": "G101;G111", "surface": "asphalt", "sourceMembership": "g101-tag"}, "geometry": {"type": "LineString", "coordinates": [[116.6323679, 40.2680689], [116.6324968, 40.2684735], [116.6329193, 40.2698003], [116.6330772, 40.270219], [116.633112, 40.2702737], [116.6332997, 40.2705685], [116.6335352, 40.2708528], [116.633794, 40.2710937], [116.6340891, 40.2712912], [116.6344902, 40.271542], [116.6348111, 40.2717691], [116.6350052, 40.2719606], [116.6351605, 40.272243], [116.6352459, 40.27247], [116.6353883, 40.2732164], [116.6354555, 40.2735067], [116.6354995, 40.2737989], [116.6355336, 40.2739923], [116.6355207, 40.2742165], [116.6354556, 40.2744466], [116.6353422, 40.2746531], [116.6351783, 40.2748649], [116.6350225, 40.2750496], [116.6348556, 40.2752695], [116.6347374, 40.2754596], [116.634664, 40.275664], [116.6346352, 40.2759012], [116.6346377, 40.276123], [116.6346688, 40.2763658], [116.6347387, 40.2766166], [116.6348163, 40.276893], [116.6348551, 40.2770825], [116.6348888, 40.2773649], [116.6348914, 40.2776334], [116.6348172, 40.2780772]]}}, {"type": "Feature", "properties": {"osmWayId": 158196883, "alt_name": "京密路", "alt_name:zh-Latn-pinyin": "Jingmi Lu", "highway": "trunk", "lanes": "3", "maxspeed": "70", "name": "京沈路", "oneway": "yes", "ref": "G101;G111", "surface": "asphalt", "sourceMembership": "g101-tag"}, "geometry": {"type": "LineString", "coordinates": [[116.6372052, 40.2918801], [116.6370179, 40.2910114], [116.6368633, 40.2903419], [116.6367535, 40.2898452]]}}, {"type": "Feature", "properties": {"osmWayId": 158196884, "alt_name": "京密路", "alt_name:zh-Latn-pinyin": "Jingmi Lu", "highway": "trunk", "lanes": "3", "layer": "1", "lit": "yes", "maxspeed": "70", "name": "京沈路", "oneway": "yes", "ref": "G101;G111", "surface": "asphalt", "sourceMembership": "g101-tag"}, "geometry": {"type": "LineString", "coordinates": [[116.6378102, 40.2937872], [116.6379448, 40.2944045], [116.638203, 40.2954794]]}}, {"type": "Feature", "properties": {"osmWayId": 158196885, "alt_name": "京密路", "alt_name:zh-Latn-pinyin": "Jingmi Lu", "bicycle": "yes", "cycleway:right": "lane", "foot": "yes", "highway": "trunk", "lanes": "3", "maxspeed": "70", "name": "京沈路", "oneway": "yes", "ref": "G101;G111", "surface": "asphalt", "sourceMembership": "g101-tag"}, "geometry": {"type": "LineString", "coordinates": [[116.6392543, 40.2982779], [116.6395166, 40.2987886], [116.6396684, 40.2990604], [116.6398958, 40.2994364], [116.6403227, 40.3001432], [116.6403821, 40.3002417]]}}, {"type": "Feature", "properties": {"osmWayId": 158196892, "bridge": "yes", "highway": "trunk", "lanes": "3", "layer": "1", "maxspeed": "70", "name": "京沈路", "oneway": "yes", "ref": "G101;G111", "surface": "asphalt", "sourceMembership": "g101-tag"}, "geometry": {"type": "LineString", "coordinates": [[116.6373617, 40.291831], [116.6376665, 40.2931719]]}}, {"type": "Feature", "properties": {"osmWayId": 158196894, "bridge": "yes", "highway": "trunk", "lanes": "3", "layer": "1", "maxspeed": "70", "name": "京沈路", "oneway": "yes", "ref": "G101;G111", "surface": "asphalt", "sourceMembership": "g101-tag"}, "geometry": {"type": "LineString", "coordinates": [[116.6375243, 40.293192], [116.6372052, 40.2918801]]}}, {"type": "Feature", "properties": {"osmWayId": 158212676, "alt_name": "京密路", "alt_name:zh-Latn-pinyin": "Jingmi Lu", "highway": "trunk", "lanes": "3", "layer": "1", "lit": "yes", "maxspeed": "70", "name": "京沈路", "oneway": "yes", "ref": "G101;G111", "surface": "asphalt", "sourceMembership": "g101-tag"}, "geometry": {"type": "LineString", "coordinates": [[116.6376367, 40.2937792], [116.6375243, 40.293192]]}}, {"type": "Feature", "properties": {"osmWayId": 160245848, "highway": "trunk", "name": "京沈线", "note": "old trunk road superceded by expressway", "ref": "G101", "source": "bing", "sourceMembership": "g101-tag"}, "geometry": {"type": "LineString", "coordinates": [[118.2555605, 40.9334785], [118.2564064, 40.93418], [118.2577797, 40.9351404], [118.259904, 40.9364291], [118.2623569, 40.9378648], [118.263244, 40.9382992], [118.2642604, 40.9387112], [118.2653971, 40.9391199], [118.267838, 40.9398074], [118.2689769, 40.9400765], [118.2699069, 40.9402375], [118.2743789, 40.9406785], [118.2769199, 40.9410626], [118.2769707, 40.9410725], [118.2794229, 40.9415526], [118.2824719, 40.9423085], [118.2840808, 40.9427832], [118.2845399, 40.9429355], [118.2880789, 40.9441475], [118.3007969, 40.9485706], [118.3051709, 40.9501615], [118.3067439, 40.9508665], [118.3080659, 40.9515645], [118.3139819, 40.9551215], [118.3242339, 40.9611386], [118.3256099, 40.9618455], [118.3283016, 40.9631295], [118.3337549, 40.9653365], [118.3343979, 40.9656455], [118.3353269, 40.9662145], [118.3368989, 40.9675035], [118.3380469, 40.9682525], [118.3445659, 40.9715835], [118.3452959, 40.9718875], [118.3462589, 40.9721205], [118.3472629, 40.9721955], [118.3479369, 40.9721525], [118.3498669, 40.9718345], [118.3508239, 40.9717625], [118.3519859, 40.9717345], [118.3538149, 40.9718375], [118.3553859, 40.9720555], [118.3601199, 40.9730295], [118.3613899, 40.9731855], [118.3629509, 40.9732945], [118.3635519, 40.9733935], [118.3646299, 40.9737505], [118.3652969, 40.9741116], [118.3660549, 40.9747436], [118.3703149, 40.9791955], [118.3711299, 40.9798565], [118.3716699, 40.9801506], [118.3720839, 40.9803115], [118.3744349, 40.9809615], [118.3750059, 40.9811705], [118.3756369, 40.9814715], [118.3762319, 40.9818755], [118.3773849, 40.9828935], [118.3782059, 40.9833675], [118.3792559, 40.9837385], [118.3825419, 40.9845915], [118.3832549, 40.9848785], [118.3837769, 40.9851605], [118.3844709, 40.9856715], [118.3857189, 40.9867735], [118.3866559, 40.9875165], [118.3909229, 40.9907066], [118.3916669, 40.9912185], [118.3951609, 40.9938765], [118.3961899, 40.9948535], [118.3980289, 40.9967585], [118.3990549, 40.9976285], [118.3999729, 40.9982555], [118.4009199, 40.9987905], [118.4016429, 40.9991315], [118.4025689, 40.9994835], [118.4037109, 40.9997965], [118.4047699, 40.9999555], [118.4058169, 41.0000175], [118.4075949, 40.9999705], [118.4088449, 41.0000075], [118.4098139, 41.0001145], [118.4114409, 41.0003955], [118.4124759, 41.0005015], [118.4141349, 41.0004825], [118.4169019, 41.0000686], [118.4182009, 40.9999765], [118.4191879, 40.9999966], [118.4212729, 41.0001585], [118.4231069, 41.0001745], [118.4302943, 40.9994716], [118.4311508, 40.9993879], [118.4348029, 40.9989145], [118.4369989, 40.9984765], [118.4413619, 40.9973366], [118.4427129, 40.9970225], [118.4441869, 40.9968165], [118.4456379, 40.9967515], [118.4467789, 40.9968035], [118.4478249, 40.9969225], [118.4585899, 40.9986255], [118.4595809, 40.9988425], [118.4610119, 40.9992255], [118.4650269, 41.0005085], [118.4656949, 41.0006565], [118.4664419, 41.0007545], [118.4672539, 41.0007635], [118.4676542, 41.0007215], [118.4684459, 41.0006385], [118.4694359, 41.0003885], [118.4728579, 40.9993135], [118.4737459, 40.9991425], [118.4752459, 40.9989715], [118.4792169, 40.9986016], [118.4811929, 40.9986515], [118.4823109, 40.9987785], [118.4833319, 40.9989616], [118.4847999, 40.9993895], [118.4864139, 41.0000615], [118.4876409, 41.0007105], [118.4890629, 41.0017055], [118.4900939, 41.0025835], [118.4910739, 41.0035685], [118.4935989, 41.0066895], [118.4943589, 41.0075455], [118.4948889, 41.0080425], [118.4957259, 41.0086705], [118.4969849, 41.0093555], [118.5006169, 41.0109465], [118.5020549, 41.0115625], [118.5036549, 41.0121025], [118.5050889, 41.0123796], [118.5066679, 41.0124765], [118.5090409, 41.0123815], [118.5098929, 41.0122605], [118.5106199, 41.0122345], [118.5120279, 41.0122745], [118.5169279, 41.0120905], [118.5181489, 41.0121015], [118.5192649, 41.0121776], [118.5222129, 41.0125335], [118.5243799, 41.0128905], [118.5336929, 41.0142565], [118.5345449, 41.0143085], [118.5364949, 41.0142725], [118.5380449, 41.0143855], [118.5390159, 41.0145485], [118.5402709, 41.0148335], [118.5412049, 41.0151425], [118.5417999, 41.0154825], [118.5422049, 41.0158025], [118.5427349, 41.0164655], [118.5443799, 41.0195185], [118.5456559, 41.0227615], [118.5462179, 41.0236555], [118.5472079, 41.0246785], [118.5475629, 41.0251455], [118.5478249, 41.0257915], [118.5480259, 41.0269095], [118.5484519, 41.0277175], [118.5489709, 41.0282735], [118.5498669, 41.0288445], [118.5505389, 41.0290995], [118.5516329, 41.0293455], [118.5554029, 41.0300015], [118.5558939, 41.0301235], [118.5569399, 41.0304795], [118.5577919, 41.0308765], [118.5583299, 41.0311845], [118.5622229, 41.0337295], [118.5628659, 41.0340946], [118.5636759, 41.0344015], [118.5645619, 41.0346015], [118.5649719, 41.0346505], [118.5655579, 41.0346545], [118.5676209, 41.0344035], [118.5693531, 41.0344647], [118.5696115, 41.0344666], [118.5696812, 41.0344631]]}}, {"type": "Feature", "properties": {"osmWayId": 160245851, "bridge": "yes", "highway": "trunk", "layer": "1", "name": "京沈线", "ref": "G101", "source": "landsat", "sourceMembership": "g101-tag"}, "geometry": {"type": "LineString", "coordinates": [[118.9951906, 40.9776834], [118.9950002, 40.9776298]]}}, {"type": "Feature", "properties": {"osmWayId": 160245852, "highway": "trunk", "name": "京沈线", "ref": "G101", "source": "bing", "sourceMembership": "g101-tag"}, "geometry": {"type": "LineString", "coordinates": [[118.9950002, 40.9776298], [118.9940743, 40.9774474], [118.9932147, 40.9772786], [118.9924754, 40.9771488], [118.9916846, 40.977032], [118.9902662, 40.9768698], [118.9897312, 40.9767667], [118.989104, 40.9766421], [118.9884109, 40.9764261], [118.9876847, 40.976152], [118.986975, 40.9758322], [118.9864523, 40.9755248], [118.9851485, 40.9746401], [118.9846809, 40.9743826], [118.9841637, 40.9741334], [118.9836411, 40.9739174], [118.9832725, 40.9737969], [118.9828709, 40.9736889], [118.9823867, 40.9735685], [118.9820291, 40.9734895], [118.98193, 40.9734734], [118.9816715, 40.9734314], [118.9808903, 40.9733608], [118.9801146, 40.9733815], [118.9791849, 40.9734812], [118.9786017, 40.9735809], [118.9764176, 40.9740918], [118.9742611, 40.9745986], [118.9731387, 40.9748146], [118.972165, 40.9749516], [118.9711637, 40.9750513], [118.9701294, 40.9750887], [118.9691447, 40.9750845], [118.9682314, 40.9750638], [118.9672192, 40.9750762], [118.9663829, 40.9751136], [118.9654037, 40.9751842], [118.9645234, 40.9751884], [118.9638853, 40.9751302], [118.9632856, 40.975043], [118.9626529, 40.9749059], [118.9619047, 40.9746858], [118.9599485, 40.9738756]]}}, {"type": "Feature", "properties": {"osmWayId": 161680518, "cycleway:right": "lane", "highway": "secondary", "name": "京密路", "name:en": "Jingshen Highway", "oneway": "yes", "ref": "G101;G111", "sourceMembership": "g101-tag"}, "geometry": {"type": "LineString", "coordinates": [[116.555084, 40.1005035], [116.5549972, 40.0999587], [116.554925, 40.0994812], [116.5535589, 40.0910391], [116.5535176, 40.0907909], [116.5534686, 40.0904932], [116.5534331, 40.0902799], [116.5534292, 40.0902537], [116.5533087, 40.0895216], [116.5530398, 40.0879563], [116.5528118, 40.0864724], [116.5525683, 40.0849181], [116.5525366, 40.0847035], [116.5525103, 40.0845463], [116.5521627, 40.0824466]]}}, {"type": "Feature", "properties": {"osmWayId": 161680519, "cycleway:right": "lane", "highway": "secondary", "name": "京密路", "name:en": "Jingshen Highway", "oneway": "yes", "ref": "G101;G111", "sourceMembership": "g101-tag"}, "geometry": {"type": "LineString", "coordinates": [[116.5512034, 40.0766707], [116.5505504, 40.071905], [116.5502083, 40.0701441], [116.5498082, 40.0682664], [116.5497171, 40.0677237], [116.5494525, 40.0664233], [116.5493211, 40.0658364], [116.549162, 40.0653767], [116.5488744, 40.0646881], [116.5488592, 40.0646374], [116.5488104, 40.0645207]]}}, {"type": "Feature", "properties": {"osmWayId": 161680520, "cycleway:right": "lane", "highway": "secondary", "name": "京密路", "oneway": "yes", "ref": "G101;G111", "sourceMembership": "g101-tag"}, "geometry": {"type": "LineString", "coordinates": [[116.5513311, 40.0774423], [116.5512034, 40.0766707]]}}, {"type": "Feature", "properties": {"osmWayId": 161680521, "cycleway:right": "lane", "highway": "trunk", "name": "京密路", "name:en": "Jingshen Highway", "oneway": "yes", "ref": "G101;G111", "sourceMembership": "g101-tag"}, "geometry": {"type": "LineString", "coordinates": [[116.5566895, 40.1080249], [116.5567766, 40.1082535], [116.5568983, 40.1086312], [116.5570308, 40.1089995], [116.5573335, 40.1097496], [116.5576102, 40.1103774], [116.5578647, 40.1109324], [116.5581909, 40.1115546], [116.5584572, 40.1119821], [116.5585327, 40.112119], [116.55863, 40.1123008], [116.5589677, 40.1128409], [116.5592931, 40.1133572]]}}, {"type": "Feature", "properties": {"osmWayId": 161680523, "highway": "trunk", "name": "京密路", "oneway": "yes", "ref": "G101;G111", "sourceMembership": "g101-tag"}, "geometry": {"type": "LineString", "coordinates": [[116.5569352, 40.1090195], [116.5567987, 40.108648], [116.5566311, 40.1080959]]}}, {"type": "Feature", "properties": {"osmWayId": 161680524, "cycleway:right": "lane", "highway": "trunk", "junction": "roundabout", "name": "枯柳树环岛", "ref": "G101;G111", "sourceMembership": "g101-tag"}, "geometry": {"type": "LineString", "coordinates": [[116.5628306, 40.1160915], [116.5630947, 40.1162206], [116.5632908, 40.1163928], [116.5633929, 40.1165683], [116.5634756, 40.1167718], [116.5635326, 40.1170014]]}}, {"type": "Feature", "properties": {"osmWayId": 161685599, "highway": "secondary", "lanes": "2", "name": "京密路", "name:en": "Jingmi Road", "oneway": "yes", "ref": "G101;G111", "sourceMembership": "g101-tag"}, "geometry": {"type": "LineString", "coordinates": [[116.4898005, 39.9956126], [116.4890707, 39.9947847], [116.4881082, 39.9937476], [116.4870149, 39.9926972], [116.4837506, 39.9897986], [116.4827957, 39.9889841], [116.4818237, 39.9881242], [116.4817402, 39.9880464], [116.4816713, 39.9879808]]}}, {"type": "Feature", "properties": {"osmWayId": 161685600, "highway": "secondary", "lanes": "2", "maxheight": "4", "name": "京密路", "name:en": "Jingmi Road", "oneway": "yes", "ref": "G101;G111", "sourceMembership": "g101-tag"}, "geometry": {"type": "LineString", "coordinates": [[116.4717985, 39.9790001], [116.4709847, 39.9782405], [116.4706715, 39.9779515], [116.4704499, 39.9777481], [116.4702855, 39.9776027], [116.4701482, 39.9774697], [116.4698306, 39.9771702], [116.4687543, 39.9762024], [116.4672371, 39.9747965], [116.4670395, 39.9746102]]}}, {"type": "Feature", "properties": {"osmWayId": 161701329, "highway": "trunk", "lanes": "2", "maxheight": "4", "name": "香河园路", "name:en": "Xiangheyuan Road", "oneway": "yes", "ref": "G101;G111", "surface": "asphalt", "sourceMembership": "g101-tag"}, "geometry": {"type": "LineString", "coordinates": [[116.4385807, 39.9500725], [116.4388448, 39.9502467], [116.4392229, 39.9504984], [116.4395178, 39.9507141], [116.4396415, 39.9508045]]}}, {"type": "Feature", "properties": {"osmWayId": 161701330, "highway": "trunk", "lanes": "2", "maxheight": "4", "name": "香河园路", "name:en": "Xiangheyuan Road", "oneway": "yes", "ref": "G101;G111", "sourceMembership": "g101-tag"}, "geometry": {"type": "LineString", "coordinates": [[116.4430883, 39.953476], [116.4432003, 39.9535759], [116.4439482, 39.9542398], [116.4441956, 39.9544636], [116.4448421, 39.9550402], [116.4461827, 39.9562336]]}}, {"type": "Feature", "properties": {"osmWayId": 164329806, "highway": "trunk", "name": "南京北街", "old_name:ja": "富士町", "oneway": "yes", "ref": "G101", "sourceMembership": "g101-tag"}, "geometry": {"type": "LineString", "coordinates": [[123.3992631, 41.787565], [123.3993342, 41.7876574], [123.4006002, 41.789303], [123.4018627, 41.7909471], [123.4019233, 41.7910326], [123.4039316, 41.7938753]]}}, {"type": "Feature", "properties": {"osmWayId": 169204627, "highway": "secondary", "lanes": "2", "maxheight": "4", "name": "京密路", "name:en": "Jingmi Road", "oneway": "yes", "ref": "G101;G111", "sourceMembership": "g101-tag"}, "geometry": {"type": "LineString", "coordinates": [[116.4611115, 39.9688842], [116.4654217, 39.9728528], [116.466468, 39.9738132]]}}, {"type": "Feature", "properties": {"osmWayId": 169204633, "highway": "trunk", "name": "香河园南街", "oneway": "yes", "ref": "G101;G111", "surface": "asphalt", "sourceMembership": "g101-tag"}, "geometry": {"type": "LineString", "coordinates": [[116.431112, 39.9434557], [116.4304226, 39.9434489], [116.4298409, 39.9434503], [116.4291808, 39.9434521], [116.4288184, 39.9434581], [116.4278913, 39.9434704], [116.4277733, 39.943472]]}}, {"type": "Feature", "properties": {"osmWayId": 169204635, "highway": "trunk", "int_name": "Xiangheyuan Lu", "name": "香河园路", "oneway": "yes", "ref": "G101;G111", "surface": "asphalt", "sourceMembership": "g101-tag"}, "geometry": {"type": "LineString", "coordinates": [[116.4383601, 39.9500725], [116.4382351, 39.9499851], [116.4378681, 39.9497226], [116.4374132, 39.9493963], [116.4362489, 39.9485529], [116.4361448, 39.9484849], [116.4348755, 39.9475859], [116.4347915, 39.9475223], [116.4346791, 39.9474264]]}}, {"type": "Feature", "properties": {"osmWayId": 169204636, "highway": "trunk", "int_name": "Xiangheyuan Lu", "name": "香河园路", "name:en": "Xiangheyuan Road", "oneway": "yes", "ref": "G101;G111", "surface": "asphalt", "sourceMembership": "g101-tag"}, "geometry": {"type": "LineString", "coordinates": [[116.4312004, 39.9433865], [116.4315947, 39.9441648], [116.4318339, 39.944516], [116.432263, 39.9449963], [116.432511, 39.9452776], [116.4328062, 39.9455882], [116.4328426, 39.9456268], [116.4332898, 39.9460858], [116.4336898, 39.9464379], [116.4340222, 39.9467271], [116.4343929, 39.9470538]]}}, {"type": "Feature", "properties": {"osmWayId": 169212593, "highway": "secondary", "lanes": "2", "name": "京密路", "name:en": "Jingmi Road", "oneway": "yes", "ref": "G101;G111", "sourceMembership": "g101-tag"}, "geometry": {"type": "LineString", "coordinates": [[116.4819654, 39.9878022], [116.4821493, 39.9879594], [116.4828645, 39.9885728], [116.4850425, 39.9905415], [116.4861448, 39.9915867], [116.4867706, 39.9921005], [116.4871106, 39.9924165], [116.4872039, 39.9925361], [116.4873566, 39.9927092], [116.488163, 39.9934324], [116.4883505, 39.993647], [116.4890836, 39.9944265], [116.48938, 39.9947421], [116.4899024, 39.9953006], [116.490762, 39.99622], [116.4915497, 39.9971247], [116.4919245, 39.997506], [116.4922881, 39.9978889], [116.4925805, 39.9981899], [116.493653, 39.9992784], [116.4944645, 40.000002], [116.4953398, 40.0007392], [116.4961244, 40.0013984], [116.496391, 40.0015852], [116.4966204, 40.0017132], [116.4970291, 40.0019375], [116.4974221, 40.0021884]]}}, {"type": "Feature", "properties": {"osmWayId": 169212594, "highway": "secondary", "lanes": "2", "maxheight": "4", "name": "京密路", "name:en": "Jingmi Road", "oneway": "yes", "sourceMembership": "g101-relation"}, "geometry": {"type": "LineString", "coordinates": [[116.4815945, 39.9879054], [116.4814793, 39.9877993], [116.4806054, 39.9870196], [116.4798087, 39.9862891], [116.4797096, 39.9861626], [116.4766146, 39.9834003], [116.4765544, 39.9833392], [116.4764957, 39.983281]]}}, {"type": "Feature", "properties": {"osmWayId": 169425782, "highway": "trunk", "lanes": "2", "maxheight": "4", "name": "香河园路", "name:en": "Xiangheyuan Road", "oneway": "yes", "ref": "G101;G111", "surface": "asphalt", "sourceMembership": "g101-tag"}, "geometry": {"type": "LineString", "coordinates": [[116.4401542, 39.951339], [116.4400422, 39.951256], [116.439981, 39.9512106], [116.439129, 39.9505788]]}}, {"type": "Feature", "properties": {"osmWayId": 171900525, "highway": "trunk", "name": "京沈路", "oneway": "yes", "ref": "G101", "sourceMembership": "g101-tag"}, "geometry": {"type": "LineString", "coordinates": [[116.8927218, 40.3928856], [116.8923177, 40.3928698], [116.8912854, 40.392707], [116.8900172, 40.3924548], [116.8883799, 40.3921026], [116.887683, 40.3919312], [116.8871732, 40.3917716], [116.8867847, 40.3916252], [116.8856602, 40.3912214], [116.8847955, 40.3908417], [116.8841788, 40.3905017], [116.8836676, 40.3903416], [116.8834021, 40.3903138], [116.8831408, 40.3903134], [116.8828377, 40.3903488], [116.8821658, 40.3905059], [116.880457, 40.3909661], [116.8803514, 40.3909941], [116.8791483, 40.3913302], [116.8768995, 40.3918444], [116.8750683, 40.3922373], [116.8749534, 40.3922619], [116.8743223, 40.3923611], [116.8737571, 40.392417], [116.8729193, 40.392418], [116.8708761, 40.3924295], [116.8707678, 40.3924314], [116.8706801, 40.3924319], [116.8705973, 40.3924322], [116.8693951, 40.3924769], [116.8675034, 40.3924499], [116.8668847, 40.3924665]]}}, {"type": "Feature", "properties": {"osmWayId": 174711625, "alt_name": "京密路", "alt_name:zh-Latn-pinyin": "Jingmi Lu", "cycleway:right": "lane", "highway": "trunk", "lanes": "2", "maxspeed": "70", "name": "京沈路", "oneway": "yes", "ref": "G101", "surface": "asphalt", "sourceMembership": "g101-tag"}, "geometry": {"type": "LineString", "coordinates": [[116.6749742, 40.3253494], [116.6738697, 40.3251567], [116.665127, 40.3236312]]}}, {"type": "Feature", "properties": {"osmWayId": 174711626, "alt_name": "京密路", "alt_name:zh-Latn-pinyin": "Jingmi Lu", "cycleway:right": "lane", "highway": "trunk", "lanes": "2", "maxspeed": "70", "name": "京沈路", "oneway": "yes", "ref": "G101", "surface": "asphalt", "sourceMembership": "g101-tag"}, "geometry": {"type": "LineString", "coordinates": [[116.6802486, 40.3261784], [116.6819274, 40.3264341], [116.6826699, 40.326514], [116.68317, 40.3265521], [116.6837511, 40.3265963], [116.6847103, 40.3266366], [116.6857986, 40.3266597]]}}, {"type": "Feature", "properties": {"osmWayId": 174711628, "alt_name": "京密路", "alt_name:zh-Latn-pinyin": "Jingmi Lu", "cycleway:right": "lane", "highway": "trunk", "lanes": "2", "maxspeed": "70", "name": "京沈路", "oneway": "yes", "ref": "G101", "surface": "asphalt", "sourceMembership": "g101-tag"}, "geometry": {"type": "LineString", "coordinates": [[116.6527232, 40.3192028], [116.6528493, 40.319309], [116.653095, 40.319516], [116.6536396, 40.319894], [116.654118, 40.3202014], [116.6549363, 40.3207182], [116.6552395, 40.3208871], [116.6559537, 40.3212495], [116.6564877, 40.3214975], [116.6573712, 40.3218503], [116.6578479, 40.3220172], [116.657963, 40.3220588]]}}, {"type": "Feature", "properties": {"osmWayId": 177835468, "highway": "trunk", "junction": "roundabout", "name": "京沈线", "ref": "G101", "source": "bing", "sourceMembership": "g101-tag"}, "geometry": {"type": "LineString", "coordinates": [[118.7313636, 41.0387787], [118.7316349, 41.0387933], [118.7319065, 41.0388809], [118.7321224, 41.039033], [118.7322569, 41.0392314], [118.732294, 41.0394524], [118.7322292, 41.0396698], [118.7321094, 41.0398231], [118.7319386, 41.0399459], [118.7317299, 41.0400288], [118.7314991, 41.0400656], [118.7312419, 41.0400498], [118.7310026, 41.0399769], [118.730803, 41.0398535], [118.7306613, 41.0396908], [118.7305903, 41.0395037], [118.7305965, 41.0393091], [118.73069, 41.0391096], [118.7308641, 41.0389437], [118.7310999, 41.0388291], [118.7313636, 41.0387787]]}}, {"type": "Feature", "properties": {"osmWayId": 184271804, "highway": "trunk", "name": "京沈线", "ref": "G101", "source": "bing", "sourceMembership": "g101-tag"}, "geometry": {"type": "LineString", "coordinates": [[117.1417234, 40.5545684], [117.1416474, 40.5543899], [117.1415427, 40.5542233], [117.1403927, 40.5527213], [117.1401792, 40.5524366], [117.1400013, 40.5521783], [117.1398527, 40.5519542], [117.1397086, 40.5517061], [117.139577, 40.5514642], [117.1394158, 40.5511379], [117.1387006, 40.5496239], [117.1385959, 40.5494011], [117.1384861, 40.5492172], [117.138351, 40.5490187], [117.1357384, 40.5457775], [117.1354771, 40.5454678], [117.135133, 40.5450972], [117.1346516, 40.544662], [117.1341152, 40.5442299], [117.1336027, 40.5438685], [117.1282335, 40.5404483], [117.1277998, 40.5401666], [117.1275308, 40.5399934], [117.1272805, 40.5398497], [117.1269924, 40.5397033], [117.126709, 40.5395654], [117.1263619, 40.539434], [117.1260855, 40.5393472]]}}, {"type": "Feature", "properties": {"osmWayId": 184271808, "highway": "trunk", "name": "京沈线", "ref": "G101", "sourceMembership": "g101-tag"}, "geometry": {"type": "LineString", "coordinates": [[117.1200819, 40.538553], [117.1184015, 40.5384219], [117.1166647, 40.5382843], [117.1163159, 40.5382567], [117.1136439, 40.538045]]}}, {"type": "Feature", "properties": {"osmWayId": 184271809, "highway": "trunk", "name": "京沈线", "ref": "G101", "sourceMembership": "g101-tag"}, "geometry": {"type": "LineString", "coordinates": [[117.1258637, 40.5392823], [117.1256481, 40.539232], [117.1249234, 40.5390853], [117.1241855, 40.5389509], [117.1234252, 40.5388497], [117.1220535, 40.5387238], [117.1204512, 40.5385869]]}}, {"type": "Feature", "properties": {"osmWayId": 184271810, "highway": "trunk", "name": "京沈线", "oneway": "yes", "ref": "G101;G234", "source": "bing", "sourceMembership": "g101-tag"}, "geometry": {"type": "LineString", "coordinates": [[117.1417234, 40.5545684], [117.1418564, 40.5546842], [117.1419253, 40.5547712], [117.1419903, 40.5549067], [117.1421292, 40.555186], [117.14224, 40.5554159], [117.1423634, 40.5557753], [117.1425699, 40.5566311]]}}, {"type": "Feature", "properties": {"osmWayId": 184271812, "highway": "trunk", "name": "京沈线", "ref": "G101", "sourceMembership": "g101-tag"}, "geometry": {"type": "LineString", "coordinates": [[117.1134156, 40.5380251], [117.1111134, 40.5378572], [117.1105535, 40.5377897], [117.110025, 40.5376591], [117.1095171, 40.5374878], [117.1091112, 40.5372628], [117.1088231, 40.5370692], [117.1080615, 40.5363461]]}}, {"type": "Feature", "properties": {"osmWayId": 184271814, "highway": "trunk", "name": "京沈线", "ref": "G101", "source": "bing", "sourceMembership": "g101-tag"}, "geometry": {"type": "LineString", "coordinates": [[117.106627, 40.5348727], [117.1048459, 40.5330528], [117.1046906, 40.5328628], [117.104556, 40.5326683], [117.1043268, 40.5323078], [117.1039891, 40.5314625], [117.103872, 40.5310176], [117.1038315, 40.530713], [117.1038241, 40.5306111], [117.1037996, 40.5302756], [117.1037975, 40.5302405], [117.103767, 40.5297433]]}}, {"type": "Feature", "properties": {"osmWayId": 184271815, "highway": "trunk", "name": "京沈线", "oneway": "yes", "ref": "G101;G234", "source": "bing", "sourceMembership": "g101-tag"}, "geometry": {"type": "LineString", "coordinates": [[117.1425699, 40.5566311], [117.1423553, 40.5560673], [117.1421531, 40.5557105], [117.1420051, 40.5554614], [117.1419064, 40.5552594], [117.1418393, 40.5550635], [117.1417727, 40.5547925], [117.1417234, 40.5545684]]}}, {"type": "Feature", "properties": {"osmWayId": 184271818, "bridge": "yes", "highway": "trunk", "layer": "1", "name": "京沈线", "sourceMembership": "g101-relation"}, "geometry": {"type": "LineString", "coordinates": [[117.1260855, 40.5393472], [117.1258637, 40.5392823]]}}, {"type": "Feature", "properties": {"osmWayId": 184271820, "bridge": "yes", "highway": "trunk", "layer": "1", "name": "京沈线", "sourceMembership": "g101-relation"}, "geometry": {"type": "LineString", "coordinates": [[117.1204512, 40.5385869], [117.1200819, 40.538553]]}}, {"type": "Feature", "properties": {"osmWayId": 184271821, "bridge": "yes", "highway": "trunk", "layer": "1", "name": "京沈线", "sourceMembership": "g101-relation"}, "geometry": {"type": "LineString", "coordinates": [[117.1136439, 40.538045], [117.1134156, 40.5380251]]}}, {"type": "Feature", "properties": {"osmWayId": 184271823, "bridge": "yes", "highway": "trunk", "layer": "1", "sourceMembership": "g101-relation"}, "geometry": {"type": "LineString", "coordinates": [[117.1080615, 40.5363461], [117.106627, 40.5348727]]}}, {"type": "Feature", "properties": {"osmWayId": 184275834, "highway": "trunk", "name": "京沈线", "ref": "G101", "sourceMembership": "g101-tag"}, "geometry": {"type": "LineString", "coordinates": [[116.9947523, 40.4287091], [116.9910983, 40.4204875], [116.9907668, 40.4198418], [116.9904719, 40.4193276], [116.9902085, 40.418954], [116.9897117, 40.4183738], [116.9865134, 40.4146389], [116.9861983, 40.4142618], [116.9857615, 40.4137699], [116.9854784, 40.4134728], [116.9853457, 40.4133335], [116.9847479, 40.4127658], [116.9828523, 40.4111766], [116.9805143, 40.4092227], [116.9789312, 40.407895], [116.9782934, 40.4073601], [116.9765232, 40.4058569], [116.9758687, 40.4054157], [116.9748733, 40.4048479], [116.9739907, 40.4044303], [116.973603, 40.4042843], [116.9733387, 40.4041847], [116.9731906, 40.4041351], [116.9721822, 40.4038505], [116.9714389, 40.4036928], [116.9708785, 40.4036486], [116.9705488, 40.4036473]]}}, {"type": "Feature", "properties": {"osmWayId": 184275836, "highway": "trunk", "name": "京沈线", "ref": "G101", "source": "bing", "sourceMembership": "g101-tag"}, "geometry": {"type": "LineString", "coordinates": [[117.0591285, 40.4993743], [117.0589254, 40.4992975], [117.0585387, 40.4991513], [117.0581562, 40.4989869], [117.0578894, 40.4988388], [117.0577123, 40.4987389], [117.0576406, 40.4986985], [117.0572277, 40.4984326], [117.05687, 40.4981635], [117.0565436, 40.4978754], [117.0529499, 40.4942184], [117.0511858, 40.4924231], [117.0511079, 40.4923438], [117.0508213, 40.4920314], [117.0505682, 40.4917433], [117.050331, 40.4914527], [117.0501066, 40.4911852], [117.0484258, 40.4890203], [117.0482348, 40.4888072], [117.0480438, 40.4886328], [117.0478431, 40.4884686], [117.0476076, 40.4883084], [117.0474118, 40.4882055], [117.0472096, 40.4881098], [117.0470011, 40.4880202], [117.0467702, 40.4879415], [117.0464773, 40.4878556], [117.0462163, 40.4877878], [117.0459766, 40.4877481], [117.0451788, 40.4876677], [117.0449536, 40.4876386], [117.0447015, 40.4875906], [117.0444493, 40.4875307], [117.0442366, 40.4874682], [117.0440362, 40.4873834], [117.0438314, 40.4872816], [117.0436308, 40.4871498], [117.0434416, 40.4870063], [117.0432648, 40.4868402], [117.0431117, 40.4866673], [117.0423035, 40.4854906], [117.0414664, 40.484272], [117.041287, 40.484036], [117.0411271, 40.4838562], [117.0399101, 40.4826542], [117.0396825, 40.4824726], [117.0393386, 40.4821953], [117.0391015, 40.4820185], [117.0388404, 40.4818345], [117.038549, 40.4816476], [117.037261, 40.4809585], [117.0368625, 40.4807188], [117.0364731, 40.4804773], [117.0360219, 40.4801683], [117.0356581, 40.4799003], [117.0328997, 40.4777962], [117.0326306, 40.4775843], [117.0323409, 40.4773433], [117.0321804, 40.4771833], [117.032034, 40.4769949], [117.0319203, 40.4768279], [117.0318168, 40.4766087], [117.0317823, 40.4765036], [117.0315411, 40.4757688], [117.031405, 40.4753543], [117.0313272, 40.4751175], [117.0312142, 40.4748244], [117.0310995, 40.4745871], [117.0310639, 40.4745278], [117.0309913, 40.4744066], [117.030856, 40.4742056], [117.0307461, 40.4740676], [117.0306299, 40.4739356], [117.0304835, 40.473783], [117.0296985, 40.4729926], [117.0282818, 40.4717442], [117.0273762, 40.4709974], [117.0271645, 40.4708073], [117.0269798, 40.4706002], [117.0268254, 40.470358], [117.0266837, 40.4701001], [117.0253648, 40.4669105], [117.0240511, 40.4637334], [117.0239685, 40.4635624], [117.0238651, 40.4634183], [117.0237775, 40.4632972], [117.0236852, 40.4631979], [117.0235642, 40.4630852], [117.0234241, 40.462975], [117.0221277, 40.4620696], [117.0219433, 40.4619171], [117.0217745, 40.4617724], [117.021464, 40.4614998], [117.021338, 40.4613722], [117.0212119, 40.4612215], [117.0210718, 40.4610421], [117.0204616, 40.4601479], [117.0203386, 40.4599504], [117.0201794, 40.4597699], [117.0200075, 40.4595992], [117.0198356, 40.4594683], [117.0196493, 40.4593521], [117.0193898, 40.4592237], [117.0191781, 40.4591316], [117.0185762, 40.4589291], [117.0177277, 40.4587111], [117.0174873, 40.4586397], [117.0172469, 40.4585488], [117.0169874, 40.4584362], [117.0168075, 40.4583405], [117.0166484, 40.4582351], [117.0164923, 40.4580958], [117.0132942, 40.4552998], [117.0130936, 40.4551387], [117.0129296, 40.4550024], [117.0127863, 40.4548467], [117.0126255, 40.4546663], [117.0125269, 40.4545372], [117.0124313, 40.4543804], [117.0123469, 40.4541927], [117.0122774, 40.4539942], [117.0122256, 40.4538041], [117.0121896, 40.4535668], [117.0121851, 40.4533955], [117.0122627, 40.4524464], [117.0123277, 40.4516523], [117.0123298, 40.4513532], [117.0123185, 40.4510106], [117.012278, 40.4507451], [117.0122386, 40.4505523], [117.0121702, 40.4503133], [117.01202, 40.4499305], [117.0118911, 40.4496857], [117.0117892, 40.4494922], [117.0116339, 40.4492489], [117.0107462, 40.4481202], [117.0095588, 40.4466274]]}}, {"type": "Feature", "properties": {"osmWayId": 184275843, "highway": "trunk", "name": "京沈线", "ref": "G101", "source": "bing", "sourceMembership": "g101-tag"}, "geometry": {"type": "LineString", "coordinates": [[117.0094665, 40.4465111], [117.0091115, 40.4460779], [117.0070295, 40.4435375], [117.0067019, 40.4431663], [117.0063883, 40.442844], [117.0060795, 40.4425387], [117.0056687, 40.4421655], [117.0003986, 40.4378241], [117.0001625, 40.4376097], [116.9999423, 40.4373858], [116.9989278, 40.4362993], [116.9987256, 40.4360763], [116.9985529, 40.4358696], [116.9972886, 40.4340915], [116.9970696, 40.4337642], [116.9969143, 40.4335003], [116.9967734, 40.4332366], [116.9965474, 40.4328339], [116.9964092, 40.4325476], [116.9956411, 40.4308189], [116.994866, 40.4289713]]}}, {"type": "Feature", "properties": {"osmWayId": 184275844, "highway": "trunk", "name": "京沈线", "ref": "G101", "source": "bing", "sourceMembership": "g101-tag"}, "geometry": {"type": "LineString", "coordinates": [[117.093476, 40.5192034], [117.0884654, 40.5162157], [117.0878796, 40.5158527], [117.0875008, 40.5156009], [117.0871856, 40.5154122], [117.0866316, 40.5151604], [117.0852877, 40.5146617], [117.0847178, 40.5144681], [117.084167, 40.514318], [117.0801605, 40.5134221], [117.0795269, 40.5132648], [117.079264, 40.5131949], [117.0791657, 40.5131687], [117.0789538, 40.5131123], [117.0783171, 40.5128944], [117.078111, 40.5128229], [117.0776612, 40.5126669], [117.077069, 40.5124442], [117.0766139, 40.5122517], [117.0761459, 40.5120665], [117.0756681, 40.5118383], [117.0752797, 40.5116349], [117.0749343, 40.5114413], [117.0746082, 40.5112526], [117.0717138, 40.5094437], [117.0710023, 40.508999], [117.0699187, 40.5082388], [117.069878, 40.5082066], [117.0695218, 40.5079247], [117.0691815, 40.5076561], [117.068879, 40.5073995], [117.0685221, 40.5070839], [117.0679848, 40.5065526], [117.067754, 40.5063011], [117.0676989, 40.5062411], [117.0671065, 40.5055751], [117.0639661, 40.5020447], [117.0635684, 40.5015912], [117.063266, 40.5013031], [117.0628903, 40.5010114], [117.062443, 40.500733], [117.0620036, 40.5005236], [117.0612632, 40.5002149]]}}, {"type": "Feature", "properties": {"osmWayId": 184275845, "bridge": "yes", "highway": "trunk", "layer": "1", "source": "bing", "sourceMembership": "g101-relation"}, "geometry": {"type": "LineString", "coordinates": [[116.994866, 40.4289713], [116.9947523, 40.4287091]]}}, {"type": "Feature", "properties": {"osmWayId": 184275847, "bridge": "yes", "highway": "trunk", "layer": "1", "source": "bing", "sourceMembership": "g101-relation"}, "geometry": {"type": "LineString", "coordinates": [[117.0095588, 40.4466274], [117.0094665, 40.4465111]]}}, {"type": "Feature", "properties": {"osmWayId": 184275848, "bridge": "yes", "highway": "trunk", "layer": "1", "source": "bing", "sourceMembership": "g101-relation"}, "geometry": {"type": "LineString", "coordinates": [[117.1012326, 40.5245513], [117.1007245, 40.5241421]]}}, {"type": "Feature", "properties": {"osmWayId": 184277663, "highway": "trunk", "lanes": "2", "name": "京沈线", "ref": "G101", "sourceMembership": "g101-tag"}, "geometry": {"type": "LineString", "coordinates": [[116.9316391, 40.4085595], [116.9321368, 40.4090771], [116.9323846, 40.409225], [116.9326521, 40.4093741], [116.9329673, 40.4094989], [116.9332713, 40.4095886], [116.9335801, 40.4096517], [116.9339447, 40.4096929], [116.9343124, 40.4096977], [116.9347033, 40.4096627]]}}, {"type": "Feature", "properties": {"osmWayId": 184277665, "alt_name:zh-Latn-pinyin": "Jingmi Lu", "cycleway:right": "lane", "highway": "trunk", "lanes": "2", "name": "京沈线", "oneway": "yes", "sourceMembership": "g101-relation"}, "geometry": {"type": "LineString", "coordinates": [[116.9316391, 40.4085595], [116.9313632, 40.4083542], [116.9307368, 40.4077637], [116.9303183, 40.4074005], [116.9302725, 40.4073629], [116.9300172, 40.4071532], [116.929724, 40.406948], [116.9285455, 40.4061814], [116.9270504, 40.4052089], [116.9253445, 40.4040993], [116.9235273, 40.4029173], [116.9234669, 40.4028796], [116.9229114, 40.4025328], [116.9224794, 40.4022788], [116.9220872, 40.4020893], [116.9216278, 40.4019118], [116.9212272, 40.4017683], [116.9206428, 40.401622], [116.9200359, 40.401516], [116.9195739, 40.4014644], [116.9182385, 40.4013892], [116.9175726, 40.4013355], [116.9168516, 40.4012818], [116.9162277, 40.4012043], [116.9155506, 40.4010777], [116.9153484, 40.4010245], [116.9149537, 40.4009207], [116.9143518, 40.4007303], [116.9120259, 40.3999092], [116.9111232, 40.3995923], [116.9108804, 40.3995071], [116.910609, 40.3993974], [116.9104872, 40.3993482], [116.9101079, 40.3991756], [116.9100352, 40.3991411], [116.9097233, 40.3989932], [116.9091489, 40.3986863], [116.9088125, 40.3985057], [116.9087643, 40.3984798], [116.9073312, 40.3977104], [116.9069435, 40.3975154], [116.9066528, 40.3973773], [116.9058919, 40.3970545], [116.9054246, 40.3968842], [116.9041784, 40.3964903], [116.8998425, 40.3951197], [116.8952422, 40.3936655], [116.8950976, 40.3936198], [116.8929129, 40.3929447], [116.8927218, 40.3928856]]}}, {"type": "Feature", "properties": {"osmWayId": 184277666, "highway": "trunk", "lanes": "2", "name": "京沈线", "ref": "G101", "source": "gps", "sourceMembership": "g101-tag"}, "geometry": {"type": "LineString", "coordinates": [[116.9349911, 40.4096278], [116.9393813, 40.4090546], [116.9401738, 40.4089124], [116.9408717, 40.4087529], [116.9415899, 40.4085695], [116.942227, 40.4083741], [116.9429046, 40.4081495], [116.943553, 40.4079164], [116.9439492, 40.4077672], [116.9440448, 40.4077249], [116.9443094, 40.4076078], [116.9448002, 40.4074004], [116.9463802, 40.4066407], [116.9468266, 40.406426], [116.9473579, 40.4062031], [116.9479321, 40.4059911], [116.9484409, 40.4058248], [116.9490127, 40.4056756], [116.9500956, 40.4054511], [116.9505304, 40.4053812], [116.9506719, 40.4053585], [116.951231, 40.4052884], [116.9516621, 40.4052595], [116.9532502, 40.4051529], [116.9538011, 40.4051159], [116.9539797, 40.4051084], [116.9543038, 40.4050948], [116.9548498, 40.4050888], [116.9554006, 40.4051154], [116.95591, 40.4051639], [116.9561671, 40.4052055], [116.9563749, 40.4052391], [116.9569161, 40.4053288], [116.9588431, 40.4057127], [116.9598173, 40.4059018], [116.9601797, 40.4059663], [116.9607404, 40.4060661], [116.9611551, 40.4061399], [116.9620178, 40.4061836], [116.9630477, 40.4060856], [116.9637129, 40.4059549], [116.9643996, 40.405767], [116.9650111, 40.4055301], [116.9658861, 40.4051303]]}}, {"type": "Feature", "properties": {"osmWayId": 184277669, "bridge": "yes", "highway": "trunk", "lanes": "2", "layer": "1", "name": "京沈线", "sourceMembership": "g101-relation"}, "geometry": {"type": "LineString", "coordinates": [[116.9347033, 40.4096627], [116.9349911, 40.4096278]]}}, {"type": "Feature", "properties": {"osmWayId": 184406116, "highway": "trunk", "name": "京沈路", "oneway": "yes", "ref": "G101", "sourceMembership": "g101-tag"}, "geometry": {"type": "LineString", "coordinates": [[116.7996266, 40.3668836], [116.8009067, 40.3683678], [116.8020858, 40.3697232], [116.8036206, 40.3715206], [116.8051328, 40.3732842], [116.8054553, 40.373668], [116.8072631, 40.3757745], [116.8088294, 40.3776016], [116.8115828, 40.3807997]]}}, {"type": "Feature", "properties": {"osmWayId": 184406137, "cycleway:right": "track", "highway": "trunk", "name": "京沈路", "oneway": "yes", "ref": "G101", "sourceMembership": "g101-tag"}, "geometry": {"type": "LineString", "coordinates": [[116.8114437, 40.3808677], [116.8070984, 40.3758369], [116.8049634, 40.3733435], [116.8034811, 40.3715806], [116.8019384, 40.3698073], [116.8007394, 40.3683994], [116.7994979, 40.3669394]]}}, {"type": "Feature", "properties": {"osmWayId": 184406153, "alt_name": "京密路", "alt_name:zh-Latn-pinyin": "Jingmi Lu", "cycleway:right": "lane", "highway": "trunk", "lanes": "2", "name": "京沈路", "oneway": "yes", "ref": "G101", "sourceMembership": "g101-tag"}, "geometry": {"type": "LineString", "coordinates": [[116.750954, 40.3351243], [116.7520311, 40.335637], [116.7542666, 40.3366981], [116.7574385, 40.3381971], [116.7590935, 40.3389893], [116.7599165, 40.3393846], [116.76023, 40.3395349], [116.7633823, 40.3410462], [116.763626, 40.3411533], [116.7754124, 40.3469037], [116.7793291, 40.3487356]]}}, {"type": "Feature", "properties": {"osmWayId": 184407387, "bridge": "yes", "cycleway:right": "lane", "highway": "secondary", "layer": "1", "name": "京密路", "oneway": "yes", "ref": "G101 G111", "sourceMembership": "g101-tag"}, "geometry": {"type": "LineString", "coordinates": [[116.5379123, 40.0554485], [116.5400539, 40.0564584]]}}, {"type": "Feature", "properties": {"osmWayId": 184429657, "alt_name": "京密路", "alt_name:zh-Latn-pinyin": "Jingmi Lu", "cycleway:right": "lane", "highway": "trunk", "lanes": "2", "maxspeed": "70", "name": "京沈路", "oneway": "yes", "ref": "G101", "surface": "asphalt", "sourceMembership": "g101-tag"}, "geometry": {"type": "LineString", "coordinates": [[116.658, 40.322169], [116.6575791, 40.3220104], [116.657154, 40.3218586], [116.6564352, 40.3215678], [116.655897, 40.3213178], [116.6549939, 40.3208698], [116.6547943, 40.3207549], [116.6540667, 40.3203314], [116.6539094, 40.3202338], [116.6537812, 40.3201628], [116.6536699, 40.3201171], [116.6535683, 40.3200915], [116.653479, 40.3200688], [116.6533587, 40.3200445], [116.6524158, 40.3198094], [116.6521815, 40.319748]]}}, {"type": "Feature", "properties": {"osmWayId": 184429658, "alt_name": "京密路", "alt_name:zh-Latn-pinyin": "Jingmi Lu", "cycleway:right": "lane", "highway": "trunk", "lanes": "2", "maxspeed": "70", "name": "京沈路", "oneway": "yes", "ref": "G101", "surface": "asphalt", "sourceMembership": "g101-tag"}, "geometry": {"type": "LineString", "coordinates": [[116.6651507, 40.3235441], [116.6745187, 40.3251689], [116.6751112, 40.3252717], [116.6771776, 40.3256301]]}}, {"type": "Feature", "properties": {"osmWayId": 184429659, "alt_name": "京密路", "alt_name:zh-Latn-pinyin": "Jingmi Lu", "cycleway:right": "lane", "highway": "trunk", "lanes": "2", "maxspeed": "70", "name": "京沈路", "oneway": "yes", "ref": "G101", "surface": "asphalt", "sourceMembership": "g101-tag"}, "geometry": {"type": "LineString", "coordinates": [[116.6826502, 40.3266116], [116.6819004, 40.3265271], [116.6802397, 40.3262691], [116.679242, 40.3260968]]}}, {"type": "Feature", "properties": {"osmWayId": 184429660, "bridge": "yes", "cycleway:right": "lane", "highway": "trunk", "lanes": "2", "layer": "1", "maxspeed": "70", "name": "京沈路", "oneway": "yes", "ref": "G101", "surface": "asphalt", "sourceMembership": "g101-tag"}, "geometry": {"type": "LineString", "coordinates": [[116.679242, 40.3260968], [116.6783731, 40.3259425]]}}, {"type": "Feature", "properties": {"osmWayId": 184429661, "bridge": "yes", "cycleway:right": "lane", "highway": "trunk", "lanes": "2", "layer": "1", "maxspeed": "70", "name": "京沈路", "oneway": "yes", "ref": "G101", "surface": "asphalt", "sourceMembership": "g101-tag"}, "geometry": {"type": "LineString", "coordinates": [[116.6783927, 40.3258408], [116.6792607, 40.3259943]]}}, {"type": "Feature", "properties": {"osmWayId": 184429665, "bridge": "yes", "cycleway:right": "lane", "highway": "trunk", "lanes": "2", "layer": "1", "maxspeed": "70", "name": "京沈路", "oneway": "yes", "ref": "G101", "surface": "asphalt", "sourceMembership": "g101-tag"}, "geometry": {"type": "LineString", "coordinates": [[116.6857986, 40.3266597], [116.6872312, 40.3266873]]}}, {"type": "Feature", "properties": {"osmWayId": 184429666, "bridge": "yes", "cycleway:right": "lane", "highway": "trunk", "lanes": "2", "layer": "1", "maxspeed": "70", "name": "京沈路", "oneway": "yes", "ref": "G101", "surface": "asphalt", "sourceMembership": "g101-tag"}, "geometry": {"type": "LineString", "coordinates": [[116.6873854, 40.3267844], [116.6859362, 40.326753]]}}, {"type": "Feature", "properties": {"osmWayId": 184429667, "bridge": "yes", "cycleway:right": "lane", "highway": "trunk", "lanes": "2", "layer": "1", "maxspeed": "70", "name": "京沈路", "oneway": "yes", "ref": "G101", "surface": "asphalt", "sourceMembership": "g101-tag"}, "geometry": {"type": "LineString", "coordinates": [[116.665127, 40.3236312], [116.663315, 40.3233072]]}}, {"type": "Feature", "properties": {"osmWayId": 184429668, "bridge": "yes", "cycleway:right": "lane", "highway": "trunk", "lanes": "2", "layer": "1", "maxspeed": "70", "name": "京沈路", "oneway": "yes", "ref": "G101", "surface": "asphalt", "sourceMembership": "g101-tag"}, "geometry": {"type": "LineString", "coordinates": [[116.6633328, 40.3232164], [116.6651507, 40.3235441]]}}, {"type": "Feature", "properties": {"osmWayId": 184431770, "highway": "trunk", "junction": "roundabout", "lanes": "4", "name": "开放环岛", "name:en": "Kaifang Roundabout", "oneway": "yes", "ref": "G101", "surface": "asphalt", "sourceMembership": "g101-tag"}, "geometry": {"type": "LineString", "coordinates": [[116.6521815, 40.319748], [116.6519724, 40.3197181], [116.6517165, 40.319646], [116.6515051, 40.3195357], [116.6511927, 40.3193885]]}}, {"type": "Feature", "properties": {"osmWayId": 184438251, "alt_name": "京密路", "alt_name:zh-Latn-pinyin": "Jingmi Lu", "cycleway:right": "lane", "highway": "trunk", "lanes": "2", "lit": "yes", "maxspeed": "70", "name": "京沈路", "oneway": "yes", "ref": "G101;G111", "surface": "asphalt", "sourceMembership": "g101-tag"}, "geometry": {"type": "LineString", "coordinates": [[116.6353295, 40.2851498], [116.634972, 40.2837124], [116.6348535, 40.2828733], [116.6347825, 40.2823703], [116.6344837, 40.2810511], [116.6343097, 40.2803122], [116.6339807, 40.2790143], [116.6339393, 40.278851]]}}, {"type": "Feature", "properties": {"osmWayId": 184438254, "alt_name": "京密路", "alt_name:zh-Latn-pinyin": "Jingmi Lu", "cycleway:right": "lane", "highway": "trunk", "lanes": "2", "lit": "yes", "maxspeed": "70", "name": "京沈路", "oneway": "yes", "ref": "G101;G111", "surface": "asphalt", "sourceMembership": "g101-tag"}, "geometry": {"type": "LineString", "coordinates": [[116.6358871, 40.2878766], [116.6357908, 40.2872092], [116.6353462, 40.2852542], [116.6353295, 40.2851498]]}}, {"type": "Feature", "properties": {"osmWayId": 184477852, "cycleway:right": "lane", "highway": "secondary", "name": "京密路", "oneway": "yes", "ref": "G101;G111", "sourceMembership": "g101-tag"}, "geometry": {"type": "LineString", "coordinates": [[116.5487459, 40.0644019], [116.5487156, 40.064347], [116.5486862, 40.0642931], [116.5482095, 40.0634778], [116.5478116, 40.0628294], [116.5474454, 40.0623069], [116.5470509, 40.0617583], [116.5468674, 40.0615153], [116.5453485, 40.0600174], [116.5448203, 40.0595577], [116.5443064, 40.0591214], [116.5428509, 40.0580255], [116.5422818, 40.0576352], [116.5417671, 40.057376], [116.5412335, 40.0571362], [116.5407445, 40.056901], [116.5399922, 40.0565427]]}}, {"type": "Feature", "properties": {"osmWayId": 184477855, "alt_name": "京密路", "alt_name:zh-Latn-pinyin": "Jingmi Lu", "cycleway:right": "lane", "highway": "trunk", "name": "京沈路", "oneway": "yes", "ref": "G101;G111", "sourceMembership": "g101-tag"}, "geometry": {"type": "LineString", "coordinates": [[116.5690085, 40.1227629], [116.5734812, 40.126553], [116.5735788, 40.1266357], [116.580385, 40.1323693], [116.5808873, 40.1327924], [116.5880906, 40.1388882]]}}, {"type": "Feature", "properties": {"osmWayId": 184477857, "alt_name": "京密路", "alt_name:zh-Latn-pinyin": "Jingmi Lu", "cycleway:right": "lane", "highway": "trunk", "maxheight": "4.5", "name": "京沈路", "oneway": "yes", "ref": "G101;G111", "sourceMembership": "g101-tag"}, "geometry": {"type": "LineString", "coordinates": [[116.5688517, 40.1227719], [116.5683629, 40.1223586]]}}, {"type": "Feature", "properties": {"osmWayId": 184477859, "alt_name": "京密路", "alt_name:zh-Latn-pinyin": "Jingmi Lu", "cycleway:right": "lane", "highway": "trunk", "maxheight": "4.5", "name": "京沈路", "oneway": "yes", "ref": "G101;G111", "sourceMembership": "g101-tag"}, "geometry": {"type": "LineString", "coordinates": [[116.568505, 40.1223363], [116.5690085, 40.1227629]]}}, {"type": "Feature", "properties": {"osmWayId": 184477863, "alt_name": "京密路", "alt_name:zh-Latn-pinyin": "Jingmi Lu", "cycleway:right": "lane", "highway": "trunk", "name": "京沈路", "oneway": "yes", "ref": "G101;G111", "sourceMembership": "g101-tag"}, "geometry": {"type": "LineString", "coordinates": [[116.5683629, 40.1223586], [116.5635368, 40.1182778], [116.5632546, 40.1181441], [116.5629319, 40.1180506], [116.562565, 40.1179322]]}}, {"type": "Feature", "properties": {"osmWayId": 184477868, "cycleway:right": "lane", "highway": "trunk", "junction": "roundabout", "name": "枯柳树环岛", "ref": "G101;G111", "sourceMembership": "g101-tag"}, "geometry": {"type": "LineString", "coordinates": [[116.562565, 40.1179322], [116.5622814, 40.1179517], [116.5618887, 40.1179209], [116.5616108, 40.1178231], [116.561358, 40.117675], [116.5611327, 40.1175075]]}}, {"type": "Feature", "properties": {"osmWayId": 188133257, "highway": "trunk", "layer": "-1", "name": "京沈线", "note": "old trunk road superceded by expressway", "oneway": "yes", "ref": "G101", "source": "bing", "tunnel": "yes", "sourceMembership": "g101-tag"}, "geometry": {"type": "LineString", "coordinates": [[117.1574685, 40.6838881], [117.1575435, 40.6831765], [117.1579098, 40.6823772]]}}, {"type": "Feature", "properties": {"osmWayId": 188133258, "highway": "trunk", "name": "京沈线", "note": "old trunk road superceded by expressway", "oneway": "yes", "ref": "G101", "source": "bing", "sourceMembership": "g101-tag"}, "geometry": {"type": "LineString", "coordinates": [[117.1580011, 40.6842576], [117.1576838, 40.6849733], [117.1571864, 40.6858067], [117.1569621, 40.6862971], [117.1567448, 40.6869787], [117.1566797, 40.687192], [117.1565881, 40.6877832], [117.1565664, 40.6883244], [117.1565692, 40.689236], [117.1565712, 40.6898954], [117.156572, 40.690144], [117.1565736, 40.6906903], [117.1566219, 40.6920085]]}}, {"type": "Feature", "properties": {"osmWayId": 188133259, "highway": "trunk", "name": "京沈线", "note": "old trunk road superceded by expressway", "oneway": "yes", "ref": "G101", "source": "bing", "sourceMembership": "g101-tag"}, "geometry": {"type": "LineString", "coordinates": [[117.1575769, 40.6971782], [117.1571451, 40.6965663], [117.1569329, 40.6961915], [117.156781, 40.6957948], [117.1566653, 40.6953743], [117.1565953, 40.6949045], [117.1564664, 40.6925679], [117.156456, 40.6920133], [117.1563975, 40.6901474], [117.1563804, 40.6898779], [117.156404, 40.6880928], [117.1564614, 40.6876413], [117.1565447, 40.6873133], [117.1565736, 40.6871798], [117.1566727, 40.6867825], [117.1569015, 40.6859993], [117.1573444, 40.6847358], [117.1574685, 40.6838881]]}}, {"type": "Feature", "properties": {"osmWayId": 188133260, "highway": "trunk", "name": "京沈线", "note": "old trunk road superceded by expressway", "oneway": "yes", "ref": "G101", "source": "bing", "sourceMembership": "g101-tag"}, "geometry": {"type": "LineString", "coordinates": [[117.1579098, 40.6823772], [117.1580434, 40.6820333], [117.1580809, 40.6815652], [117.1580298, 40.681304], [117.1578865, 40.6809317], [117.1575917, 40.6804243]]}}, {"type": "Feature", "properties": {"osmWayId": 188133263, "highway": "trunk", "name": "京沈线", "note": "old trunk road superceded by expressway", "ref": "G101", "source": "bing", "sourceMembership": "g101-tag"}, "geometry": {"type": "LineString", "coordinates": [[117.1575917, 40.6804243], [117.1571745, 40.680022], [117.156427, 40.6794572], [117.1555746, 40.6788791], [117.1550263, 40.6785127], [117.1543221, 40.6779413], [117.153325, 40.6769927], [117.1530823, 40.676696], [117.1529038, 40.6763522], [117.1528122, 40.6760596], [117.1527688, 40.6757689], [117.1527616, 40.6755604], [117.1528773, 40.6746936], [117.1529135, 40.6743004], [117.1528894, 40.6738926], [117.1527254, 40.6734335], [117.1525349, 40.673108], [117.1517561, 40.6721296], [117.1515294, 40.6718242], [117.1514351, 40.6716521], [117.151363, 40.6714484], [117.1513309, 40.6713031], [117.1512786, 40.6709811], [117.1512859, 40.6706628], [117.1513486, 40.6703355], [117.1515921, 40.6698636], [117.1518555, 40.6695662], [117.1522914, 40.6691723], [117.1528127, 40.6687938], [117.1532321, 40.6683541], [117.1534708, 40.6678782], [117.1535902, 40.6673661], [117.1535152, 40.6668281], [117.1533856, 40.6663521], [117.1531946, 40.666003], [117.1521494, 40.6646968], [117.1519261, 40.6643553], [117.1518204, 40.6640656], [117.1517317, 40.6635704], [117.1517863, 40.6630956], [117.1519261, 40.6626429], [117.1521614, 40.6621902], [117.1525774, 40.6616806], [117.1528673, 40.6614478], [117.1533856, 40.6610908], [117.1538355, 40.6608598], [117.1571571, 40.6595646], [117.1589402, 40.6589471], [117.1604562, 40.6586654], [117.1610358, 40.6586579], [117.1640254, 40.658619], [117.1676802, 40.6585715], [117.1682892, 40.6584487], [117.1691342, 40.6582782], [117.1699386, 40.6579261], [117.171386, 40.6570795], [117.173249, 40.6559898], [117.1734504, 40.6557684], [117.1740069, 40.6551566], [117.174208, 40.6544877], [117.1742617, 40.6535579], [117.1743512, 40.653189], [117.1744944, 40.6528653], [117.1746485, 40.6525693], [117.1748813, 40.652287], [117.1751665, 40.6520328], [117.1754679, 40.6518195], [117.1758334, 40.6516706], [117.1762203, 40.651535], [117.1765681, 40.6514475], [117.1794056, 40.6508613], [117.1807823, 40.6501454], [117.1816641, 40.6491596], [117.1826077, 40.6482324], [117.1852219, 40.6465658], [117.1858716, 40.6456855], [117.1859799, 40.6447935], [117.1855187, 40.6440148], [117.1852466, 40.6424239], [117.1854646, 40.6407314]]}}, {"type": "Feature", "properties": {"osmWayId": 196117052, "highway": "trunk", "lanes": "2", "maxheight": "4", "name": "香河园路", "oneway": "yes", "ref": "G101;G111", "surface": "asphalt", "sourceMembership": "g101-tag"}, "geometry": {"type": "LineString", "coordinates": [[116.4448821, 39.9552426], [116.4445679, 39.9549507], [116.4439914, 39.9544424], [116.4439274, 39.9543855], [116.4438861, 39.9543488], [116.4433594, 39.9538807], [116.4430915, 39.9536425], [116.4429815, 39.9535448]]}}, {"type": "Feature", "properties": {"osmWayId": 204161211, "highway": "trunk", "name": "京沈线", "name:en": "Jingshen Line", "name:zh": "京沈线", "note": "old trunk road superceded by expressway", "ref": "G101", "source": "bing", "sourceMembership": "g101-tag"}, "geometry": {"type": "LineString", "coordinates": [[117.8128739, 40.8924547], [117.8171359, 40.8942623], [117.8285401, 40.8992908], [117.8292273, 40.8995499], [117.8299949, 40.8997773], [117.830901, 40.8998418], [117.831888, 40.8998418], [117.8351984, 40.8996638], [117.8368233, 40.899631], [117.8377674, 40.8996715], [117.8388832, 40.8999067], [117.8402624, 40.9003774], [117.8414474, 40.9007501], [117.8426335, 40.9009613], [117.8476331, 40.9016101], [117.8497408, 40.9019097], [117.8511034, 40.9020232], [117.8520105, 40.9019263], [117.8532121, 40.9016263], [117.8600364, 40.8998483], [117.8601642, 40.899815], [117.8619288, 40.8993552], [117.8631578, 40.8991124], [117.8644559, 40.8990069], [117.8658829, 40.8989907], [117.8669128, 40.8989421], [117.8680013, 40.8987876], [117.8690479, 40.8984879], [117.8702973, 40.8981145], [117.8779528, 40.8956333], [117.879052, 40.8951868], [117.879803, 40.894757], [117.8804789, 40.8942866], [117.8817342, 40.8934594], [117.8826676, 40.8927051], [117.883204, 40.8920806], [117.8862081, 40.8871412], [117.8863905, 40.8865815], [117.8863583, 40.8860705], [117.8861974, 40.8854703], [117.8855215, 40.8838318], [117.8852318, 40.8828909], [117.8851352, 40.8824042], [117.8851352, 40.8815768], [117.8851138, 40.8806196], [117.8851567, 40.8796462], [117.884948, 40.8785758], [117.8845471, 40.8776015], [117.8846329, 40.8768876], [117.8852766, 40.875979], [117.8859633, 40.8753625], [117.8865212, 40.8748108], [117.8875512, 40.8747135], [117.8902827, 40.8750639], [117.891656, 40.8756805], [117.8949605, 40.8776274], [117.898265, 40.8788929], [117.9036015, 40.880976], [117.9083072, 40.884052], [117.9090947, 40.8843505], [117.90991, 40.8843829], [117.9135149, 40.884318], [117.9146736, 40.8844802], [117.9156178, 40.8848047], [117.9162186, 40.8854211], [117.9165853, 40.8861286], [117.9203385, 40.8933697], [117.9211388, 40.8941417], [117.9223383, 40.8951729], [117.9226165, 40.895412], [117.9227268, 40.8955068], [117.9227744, 40.8955477], [117.9229896, 40.8957561], [117.9257588, 40.8984486]]}}, {"type": "Feature", "properties": {"osmWayId": 205231666, "highway": "trunk", "lanes": "3", "name": "京沈线", "name:en": "Jingshen Line", "name:zh": "京沈线", "oneway": "yes", "ref": "G101", "sourceMembership": "g101-tag"}, "geometry": {"type": "LineString", "coordinates": [[117.9501712, 40.9156503], [117.9502167, 40.915776], [117.9502533, 40.9158546], [117.9505236, 40.9164353], [117.9506279, 40.9166145]]}}, {"type": "Feature", "properties": {"osmWayId": 205231694, "highway": "trunk", "lanes": "3", "name": "京沈线", "name:en": "Jingshen Line", "name:zh": "京沈线", "oneway": "yes", "ref": "G101", "sourceMembership": "g101-tag"}, "geometry": {"type": "LineString", "coordinates": [[117.9505369, 40.916723], [117.9502997, 40.9162783], [117.9499966, 40.9155808]]}}, {"type": "Feature", "properties": {"osmWayId": 208759436, "highway": "trunk", "oneway": "yes", "ref": "G101", "sourceMembership": "g101-tag"}, "geometry": {"type": "LineString", "coordinates": [[117.9445518, 40.9074678], [117.9446913, 40.9075489], [117.9448737, 40.9080962], [117.9458566, 40.9113052], [117.9459251, 40.9116476], [117.9460941, 40.9124173]]}}, {"type": "Feature", "properties": {"osmWayId": 209177398, "highway": "trunk", "junction": "roundabout", "ref": "G101;G505", "sourceMembership": "g101-tag"}, "geometry": {"type": "LineString", "coordinates": [[122.5262442, 42.3685069], [122.5264129, 42.3684742], [122.5265866, 42.3684853], [122.5267082, 42.3685217], [122.5268133, 42.3685799], [122.5269065, 42.3686707], [122.5269587, 42.3687779], [122.5269654, 42.3688918], [122.5269259, 42.3690019], [122.5268438, 42.3690984], [122.5267265, 42.3691724], [122.5265809, 42.3692179], [122.5264235, 42.3692285], [122.5263106, 42.3692136], [122.526205, 42.3691805], [122.526112, 42.3691308], [122.5260087, 42.3690343], [122.5259528, 42.3689184], [122.5259502, 42.3687954], [122.5260011, 42.3686783], [122.5261002, 42.3685795], [122.5262442, 42.3685069]]}}, {"type": "Feature", "properties": {"osmWayId": 215557239, "highway": "trunk", "lanes": "4", "name": "黄河南大街", "oneway": "yes", "ref": "G101", "surface": "paved", "sourceMembership": "g101-tag"}, "geometry": {"type": "LineString", "coordinates": [[123.4127885, 41.8421256], [123.4133089, 41.8364287], [123.4133143, 41.8362648], [123.4133304, 41.8362449], [123.4134806, 41.8343264], [123.4138211, 41.8301124], [123.41395, 41.8297018]]}}, {"type": "Feature", "properties": {"osmWayId": 218187629, "highway": "trunk", "name": "京沈线", "ref": "G101", "source": "bing", "sourceMembership": "g101-tag"}, "geometry": {"type": "LineString", "coordinates": [[121.5871322, 42.0672946], [121.5880909, 42.0712075], [121.5882568, 42.0723381], [121.5881608, 42.0751314], [121.588311, 42.0755615], [121.5886253, 42.0758792], [121.5892122, 42.0762941], [121.5918637, 42.0777155], [121.5934608, 42.0785716], [121.59375, 42.0788975], [121.5988835, 42.0851126], [121.599272, 42.0854193], [121.5996192, 42.0856402], [121.6011898, 42.0863518], [121.6032317, 42.0873763], [121.6044303, 42.0880757], [121.6058852, 42.089029], [121.6089355, 42.0910215]]}}, {"type": "Feature", "properties": {"osmWayId": 218187630, "bridge": "yes", "highway": "trunk", "layer": "1", "ref": "G101", "source": "bing", "sourceMembership": "g101-tag"}, "geometry": {"type": "LineString", "coordinates": [[121.5867492, 42.0656477], [121.5871322, 42.0672946]]}}, {"type": "Feature", "properties": {"osmWayId": 220018888, "highway": "trunk", "lanes": "2", "oneway": "yes", "ref": "G101", "source": "Bing", "sourceMembership": "g101-tag"}, "geometry": {"type": "LineString", "coordinates": [[117.9499966, 40.9155808], [117.9498329, 40.9151464], [117.9496907, 40.9146802], [117.9495917, 40.9142337], [117.9495005, 40.9136439], [117.9494576, 40.9130581], [117.949463, 40.9124865], [117.9495301, 40.9119271], [117.9496102, 40.9114188], [117.9496907, 40.91106], [117.9497929, 40.9106805], [117.949916, 40.9102999], [117.9500719, 40.909896], [117.9502033, 40.9096], [117.9503096, 40.9093854], [117.9505772, 40.9089038], [117.9508247, 40.9084937], [117.9510483, 40.9081519], [117.9512463, 40.9078775]]}}, {"type": "Feature", "properties": {"osmWayId": 220021021, "bridge": "yes", "highway": "trunk", "lanes": "2", "layer": "1", "oneway": "yes", "ref": "G101", "source": "Bing", "sourceMembership": "g101-tag"}, "geometry": {"type": "LineString", "coordinates": [[117.9516552, 40.9075802], [117.9513806, 40.9079274]]}}, {"type": "Feature", "properties": {"osmWayId": 220021022, "highway": "trunk", "lanes": "2", "name": "京沈线", "name:en": "Jingshen Line", "name:zh": "京沈线", "note": "old trunk road superceded by expressway", "oneway": "yes", "ref": "G101", "source": "bing", "sourceMembership": "g101-tag"}, "geometry": {"type": "LineString", "coordinates": [[117.9513806, 40.9079274], [117.9511788, 40.9082216], [117.9509245, 40.9086074], [117.950615, 40.9091342], [117.9503626, 40.9096011], [117.9502196, 40.9098982], [117.9500729, 40.9102643], [117.9499267, 40.9107238], [117.949798, 40.9111777], [117.9497068, 40.9116277], [117.9496317, 40.9121506], [117.9495995, 40.9126898], [117.9496102, 40.913233], [117.9496532, 40.913683], [117.9497336, 40.9141735], [117.9498087, 40.9145587], [117.9499214, 40.915033], [117.9500233, 40.9153492], [117.9501712, 40.9156503]]}}, {"type": "Feature", "properties": {"osmWayId": 224821573, "highway": "trunk", "name": "京沈线", "ref": "G101", "source": "landsat", "sourceMembership": "g101-tag"}, "geometry": {"type": "LineString", "coordinates": [[119.2072841, 41.1554649], [119.20732, 41.1557848], [119.2073639, 41.1560724], [119.2074809, 41.1563321], [119.2116904, 41.163343], [119.2149423, 41.1700478], [119.2170906, 41.1741394], [119.2175326, 41.1748795], [119.2185813, 41.1765176], [119.2191323, 41.1772133], [119.2215121, 41.1798048], [119.2219353, 41.1804019], [119.2235579, 41.1832106], [119.2238685, 41.183704], [119.2243277, 41.184249], [119.2246785, 41.184601], [119.2261607, 41.1861198], [119.2266458, 41.1864861], [119.2270323, 41.1867493], [119.2274982, 41.1869839], [119.2283034, 41.1873032], [119.2369985, 41.1908415], [119.2377259, 41.1911729], [119.2382924, 41.1915241], [119.253918, 41.2033179], [119.2544051, 41.2037517], [119.2562927, 41.2063746], [119.2567975, 41.2069517], [119.2573393, 41.2074978], [119.2594777, 41.2093273], [119.260263, 41.2098604], [119.2616915, 41.2107516], [119.2622806, 41.2111191], [119.2629753, 41.2115211], [119.2649327, 41.2123931], [119.2660609, 41.2129371], [119.2694689, 41.2149201], [119.2704184, 41.2153838], [119.274946, 41.2173001], [119.2755779, 41.2174882], [119.2761256, 41.2175434], [119.281239, 41.2177642], [119.2817452, 41.2178535], [119.2821402, 41.2180801], [119.2824529, 41.2184514], [119.2831236, 41.2193874]]}}, {"type": "Feature", "properties": {"osmWayId": 224821574, "highway": "trunk", "name": "京沈线", "ref": "G101", "source": "bing", "sourceMembership": "g101-tag"}, "geometry": {"type": "LineString", "coordinates": [[118.7297826, 41.0391507], [118.7305965, 41.0393091]]}}, {"type": "Feature", "properties": {"osmWayId": 224821575, "bridge": "yes", "highway": "trunk", "layer": "1", "name": "京沈线", "note": "old trunk road superceded by expressway", "ref": "G101", "source": "bing", "sourceMembership": "g101-tag"}, "geometry": {"type": "LineString", "coordinates": [[118.7278914, 41.0387819], [118.7297826, 41.0391507]]}}, {"type": "Feature", "properties": {"osmWayId": 224821576, "bridge": "yes", "highway": "trunk", "layer": "1", "name": "京沈线", "ref": "G101", "source": "landsat", "sourceMembership": "g101-tag"}, "geometry": {"type": "LineString", "coordinates": [[119.0122651, 40.9866071], [119.0126025, 40.9867793]]}}, {"type": "Feature", "properties": {"osmWayId": 236411649, "alt_name": "京密路", "alt_name:zh-Latn-pinyin": "Jingmi Lu", "highway": "trunk", "lanes": "3", "name": "京沈路", "oneway": "yes", "ref": "G101", "sourceMembership": "g101-tag"}, "geometry": {"type": "LineString", "coordinates": [[116.7793291, 40.3487356], [116.7817126, 40.3498752], [116.7823585, 40.3501858], [116.7875866, 40.3526995], [116.7877304, 40.3527686], [116.7896383, 40.3536859], [116.7900488, 40.3538715], [116.7901892, 40.3539548]]}}, {"type": "Feature", "properties": {"osmWayId": 236411650, "alt_name": "京密路", "alt_name:zh-Latn-pinyin": "Jingmi Lu", "cycleway:right": "lane", "highway": "trunk", "lanes": "2", "name": "京沈路", "oneway": "yes", "ref": "G101", "sourceMembership": "g101-tag"}, "geometry": {"type": "LineString", "coordinates": [[116.7792982, 40.3488195], [116.7781764, 40.3482942], [116.7753951, 40.3469917], [116.7713509, 40.3450558], [116.763307, 40.3411378], [116.7630601, 40.3410204], [116.7610777, 40.3400582], [116.7598555, 40.3394723], [116.7595212, 40.3393208], [116.7588142, 40.3389678], [116.7540793, 40.336737], [116.7516211, 40.3355699], [116.7510515, 40.335297], [116.750864, 40.3352072], [116.7506871, 40.3351209]]}}, {"type": "Feature", "properties": {"osmWayId": 237181524, "alt_name": "京密路", "alt_name:zh-Latn-pinyin": "Jingmi Lu", "cycleway:right": "lane", "highway": "trunk", "lanes": "2", "lit": "yes", "maxspeed": "70", "name": "京沈路", "oneway": "yes", "ref": "G101;G111", "surface": "asphalt", "sourceMembership": "g101-tag"}, "geometry": {"type": "LineString", "coordinates": [[116.6348172, 40.2780772], [116.6347316, 40.2784319], [116.6347414, 40.2788216], [116.6349708, 40.2798225], [116.6355503, 40.2823351], [116.6357209, 40.2829349], [116.6361562, 40.2844655], [116.6363893, 40.2857307]]}}, {"type": "Feature", "properties": {"osmWayId": 237181526, "alt_name": "京密路", "alt_name:zh-Latn-pinyin": "Jingmi Lu", "highway": "trunk", "lanes": "3", "maxspeed": "70", "name": "京沈路", "oneway": "yes", "ref": "G101;G111", "surface": "asphalt", "sourceMembership": "g101-tag"}, "geometry": {"type": "LineString", "coordinates": [[116.6369001, 40.2898143], [116.637035, 40.2903355], [116.6371619, 40.2909265], [116.6373617, 40.291831]]}}, {"type": "Feature", "properties": {"osmWayId": 243914206, "cycleway:right": "lane", "highway": "secondary", "lanes": "3", "name": "京密路", "oneway": "yes", "ref": "G101;G111", "sourceMembership": "g101-tag"}, "geometry": {"type": "LineString", "coordinates": [[116.5320884, 40.0493088], [116.5327, 40.0502408], [116.5332734, 40.0510864], [116.5344112, 40.0528555], [116.5348451, 40.0534479], [116.5350394, 40.053673], [116.5354014, 40.0539743], [116.5358292, 40.0542876], [116.5362784, 40.0545927], [116.5366102, 40.0547786], [116.5368756, 40.0549161], [116.5372613, 40.0551251], [116.5375828, 40.055293], [116.5379123, 40.0554485]]}}, {"type": "Feature", "properties": {"osmWayId": 244010335, "highway": "secondary", "lanes": "2", "maxheight": "4", "name": "京密路", "name:en": "Jingmi Road", "name:zh": "京密路", "name:zh-Hans": "京密路", "name:zh-Hant": "京密路", "oneway": "yes", "ref": "G101;G111", "sourceMembership": "g101-tag"}, "geometry": {"type": "LineString", "coordinates": [[116.4764957, 39.983281], [116.4763305, 39.9831143], [116.4762435, 39.9830361], [116.4756321, 39.9824968], [116.4751033, 39.9820109], [116.4733874, 39.9804796], [116.4718536, 39.9790472]]}}, {"type": "Feature", "properties": {"osmWayId": 253458552, "alt_name": "京密路", "alt_name:zh-Latn-pinyin": "Jingmi Lu", "cycleway:right": "lane", "highway": "trunk", "lanes": "2", "lit": "yes", "maxspeed": "70", "name": "京沈路", "oneway": "yes", "ref": "G101;G111", "surface": "asphalt", "sourceMembership": "g101-tag"}, "geometry": {"type": "LineString", "coordinates": [[116.6432405, 40.2312661], [116.643454, 40.2308188], [116.6436484, 40.2304654], [116.6438353, 40.2299799], [116.6439462, 40.2295735], [116.6440123, 40.2291994], [116.6440402, 40.2288267], [116.6440442, 40.2284651], [116.6440065, 40.2280819], [116.6439538, 40.2277844], [116.6438854, 40.2275259], [116.6437951, 40.227255], [116.6436775, 40.2269753], [116.6435314, 40.2266486], [116.6433362, 40.226306], [116.6431492, 40.2260466], [116.6429169, 40.2257596], [116.6425802, 40.2254453], [116.6420976, 40.2249749]]}}, {"type": "Feature", "properties": {"osmWayId": 253458553, "alt_name": "京密路", "alt_name:zh-Latn-pinyin": "Jingmi Lu", "cycleway:right": "lane", "highway": "trunk", "lanes": "2", "maxspeed": "70", "name": "京沈路", "oneway": "yes", "ref": "G101;G111", "surface": "asphalt", "sourceMembership": "g101-tag"}, "geometry": {"type": "LineString", "coordinates": [[116.6325122, 40.2548636], [116.6326643, 40.2543334], [116.6329519, 40.2534419], [116.633273, 40.2525621], [116.6337436, 40.251409], [116.6349092, 40.2489254], [116.6356446, 40.2474348], [116.6358063, 40.247093], [116.6358752, 40.2469472], [116.6360969, 40.2464399], [116.636945, 40.2446769], [116.6382721, 40.2419087], [116.6404148, 40.2373829], [116.6404731, 40.2372596], [116.6422399, 40.2334512], [116.6422762, 40.2333729], [116.6422817, 40.2333558], [116.6426131, 40.2326657], [116.6427358, 40.232396], [116.6431685, 40.2314398], [116.6432405, 40.2312661]]}}, {"type": "Feature", "properties": {"osmWayId": 258078331, "highway": "trunk", "name": "京沈线", "note": "old trunk road superceded by expressway", "ref": "G101;G233", "source": "bing", "sourceMembership": "g101-tag"}, "geometry": {"type": "LineString", "coordinates": [[117.6969983, 40.8756867], [117.6974845, 40.8759995], [117.6979819, 40.8762473], [117.6985142, 40.8764363], [117.7008095, 40.8772697], [117.7015771, 40.8775276], [117.7039499, 40.8783485], [117.7048028, 40.8785947], [117.7053921, 40.8786826], [117.7069352, 40.8788233], [117.7081526, 40.8789875], [117.7089357, 40.8791517], [117.7096956, 40.8794096], [117.7102307, 40.8796559], [117.7108122, 40.8799783], [117.712743, 40.8810453], [117.7133013, 40.8814088], [117.717, 40.8841231], [117.7176823, 40.8845452], [117.7185585, 40.8850025], [117.7221254, 40.8861163], [117.7227768, 40.8863801], [117.7233428, 40.8867201], [117.7237538, 40.887148], [117.7239864, 40.8875935], [117.7240717, 40.8880097], [117.7240717, 40.8884259], [117.7239476, 40.8888715], [117.7237007, 40.8897004], [117.723684, 40.8897566], [117.723746, 40.8900614], [117.7239166, 40.8903721], [117.7242966, 40.8906945], [117.726173, 40.8919196], [117.7267391, 40.8922303], [117.7272121, 40.8924061], [117.7277316, 40.892494], [117.7328571, 40.8929102], [117.7335627, 40.8928809], [117.7341365, 40.8928223], [117.7347646, 40.8926757], [117.7353771, 40.8924706], [117.7360207, 40.8921716], [117.7379747, 40.8911224], [117.7386804, 40.8907648], [117.7392697, 40.8905128], [117.7400063, 40.8902959], [117.7406111, 40.8901728], [117.7412082, 40.8901142], [117.7418285, 40.8900966], [117.7424333, 40.8901376], [117.7431079, 40.8902666], [117.7436585, 40.8903955], [117.7443331, 40.890589], [117.7486676, 40.892072], [117.7492414, 40.8923416], [117.7495283, 40.8925116], [117.7505519, 40.8931974], [117.7510636, 40.8934729], [117.7514281, 40.8936195], [117.75187, 40.8937132], [117.7523973, 40.8937601], [117.7529246, 40.8937308], [117.7535062, 40.8936546], [117.7569105, 40.8930371], [117.7577366, 40.8928136], [117.7582422, 40.8925797], [117.7583192, 40.8925441], [117.7605106, 40.8911571], [117.7610584, 40.8908941], [117.7616758, 40.8907561], [117.7622149, 40.8907232], [117.7665802, 40.8908087], [117.7671802, 40.8909336], [117.767615, 40.8910716], [117.7680933, 40.8913149], [117.7688759, 40.8919196], [117.7692498, 40.8922483], [117.7698411, 40.8925704], [117.7704585, 40.8927545], [117.7713262, 40.8929256], [117.7734586, 40.8933461], [117.7740412, 40.8934184], [117.7745369, 40.8934118], [117.7750586, 40.8933132], [117.7756151, 40.8931029], [117.7761108, 40.8927808], [117.7778934, 40.8911965], [117.7785717, 40.8906904], [117.7795804, 40.8900593], [117.780737, 40.8894479], [117.7829221, 40.8883342], [117.7862167, 40.8869185], [117.7870962, 40.8866644], [117.787728, 40.8866347], [117.7885512, 40.8865942], [117.7892679, 40.8866862], [117.7900083, 40.8869098], [117.7906309, 40.8872025], [117.791352, 40.8875572], [117.7918733, 40.8878462], [117.7926392, 40.8884666]]}}, {"type": "Feature", "properties": {"osmWayId": 258078332, "highway": "trunk", "name": "京沈线", "note": "old trunk road superceded by expressway", "ref": "G101", "source": "bing", "sourceMembership": "g101-tag"}, "geometry": {"type": "LineString", "coordinates": [[117.3842895, 40.829469], [117.3837834, 40.8286631], [117.3837047, 40.828483], [117.3836579, 40.8283257], [117.3836003, 40.8280862], [117.3835652, 40.8278211], [117.383561, 40.8276439], [117.3835734, 40.827448], [117.3836003, 40.8272283]]}}, {"type": "Feature", "properties": {"osmWayId": 261101305, "highway": "trunk", "name": "武烈路", "name:en": "Wulie Road", "name:zh": "武烈路", "oneway": "yes", "ref": "G101", "source": "DigitalGlobe Premium Imagery", "sourceMembership": "g101-tag"}, "geometry": {"type": "LineString", "coordinates": [[117.9520706, 40.9491925], [117.9520888, 40.949114], [117.9527745, 40.9461643], [117.9531053, 40.9447414], [117.9532443, 40.9440676], [117.9532957, 40.9438186], [117.9533708, 40.9434944], [117.953454, 40.9432614], [117.9535264, 40.943071], [117.9536337, 40.9428643], [117.9539126, 40.9424145], [117.9540977, 40.9421268], [117.9542291, 40.9418736], [117.9543632, 40.9416102], [117.9544866, 40.9412698], [117.9548219, 40.9401554], [117.9550686, 40.9392659], [117.9551518, 40.9389357], [117.9552001, 40.9386784], [117.9552188, 40.9384008], [117.9552108, 40.9379408], [117.9551733, 40.937564], [117.9544973, 40.9341923], [117.9543639, 40.933558], [117.9540979, 40.9322939], [117.9539797, 40.9317323], [117.9536632, 40.9302956], [117.9535639, 40.9299571], [117.9535512, 40.9299246], [117.9532126, 40.9290615], [117.9521643, 40.9267845], [117.9521159, 40.9266793], [117.9515818, 40.9255191], [117.9501915, 40.9225251], [117.9494216, 40.9208669]]}}, {"type": "Feature", "properties": {"osmWayId": 261101317, "highway": "trunk", "lanes": "3", "name": "京沈线", "name:en": "Jingshen Line", "name:zh": "京沈线", "oneway": "yes", "ref": "G101", "source": "DigitalGlobe Premium Imagery", "sourceMembership": "g101-tag"}, "geometry": {"type": "LineString", "coordinates": [[117.952359, 40.9201453], [117.9522045, 40.9198699], [117.9505369, 40.916723]]}}, {"type": "Feature", "properties": {"osmWayId": 261101319, "highway": "trunk", "lanes": "3", "name": "京沈线", "name:en": "Jingshen Line", "name:zh": "京沈线", "oneway": "yes", "ref": "G101", "source": "DigitalGlobe Premium Imagery", "sourceMembership": "g101-tag"}, "geometry": {"type": "LineString", "coordinates": [[117.9506279, 40.9166145], [117.9512233, 40.91776], [117.9523984, 40.919811], [117.9525495, 40.9200968]]}}, {"type": "Feature", "properties": {"osmWayId": 261101320, "highway": "trunk", "name": "武烈路", "name:en": "Wulie Road", "name:zh": "武烈路", "oneway": "yes", "ref": "G101", "source": "DigitalGlobe Premium Imagery", "sourceMembership": "g101-tag"}, "geometry": {"type": "LineString", "coordinates": [[117.9495647, 40.9208338], [117.9522053, 40.9266557], [117.9522529, 40.9267586], [117.9533091, 40.9290432], [117.9536712, 40.9299551], [117.9537651, 40.9302895], [117.9540803, 40.9317009], [117.9546046, 40.934168], [117.9552832, 40.9375964], [117.95531, 40.9379206], [117.9553127, 40.9384048], [117.9552966, 40.9386905], [117.9552457, 40.9389559], [117.9549238, 40.9401433], [117.9546019, 40.9412617], [117.9545, 40.9415332], [117.9543981, 40.9417763], [117.9542264, 40.9421045], [117.9538804, 40.9426394], [117.9537007, 40.9429676], [117.9535559, 40.9432472], [117.9534727, 40.9434863], [117.9533923, 40.9438105], [117.9533386, 40.9441164], [117.9532126, 40.9447556], [117.9522152, 40.9491313], [117.9521972, 40.94921]]}}, {"type": "Feature", "properties": {"osmWayId": 261101331, "highway": "trunk", "lanes": "3", "name": "迎宾路", "name:en": "Yingbin Road", "name:zh": "迎宾路", "oneway": "yes", "ref": "G101", "source": "DigitalGlobe Premium Imagery", "sourceMembership": "g101-tag"}, "geometry": {"type": "LineString", "coordinates": [[117.9525495, 40.9200968], [117.9530959, 40.9210635], [117.9542868, 40.9230526], [117.9547537, 40.9239395], [117.9552135, 40.925053], [117.9554777, 40.9256336], [117.9557097, 40.9262558], [117.956114, 40.9273997], [117.9563248, 40.9281814], [117.956399, 40.9284566], [117.9567879, 40.9303766], [117.9570382, 40.931896], [117.9577213, 40.9360423], [117.957796, 40.9369911], [117.9579829, 40.9387462], [117.9579842, 40.9391028], [117.9579623, 40.939423], [117.957946, 40.9396605], [117.9579084, 40.9399356], [117.9578809, 40.9401524], [117.9577991, 40.9405576], [117.9577865, 40.9406096], [117.9577026, 40.9409557], [117.9575556, 40.9414896], [117.9574934, 40.941676], [117.9572734, 40.9423365], [117.9563963, 40.944753], [117.9561321, 40.9456303], [117.9559544, 40.9463161], [117.9552577, 40.9494202], [117.9552283, 40.9495454], [117.9552089, 40.9496274]]}}, {"type": "Feature", "properties": {"osmWayId": 322425076, "highway": "trunk", "name": "锡伯大街", "oneway": "yes", "ref": "G101", "sourceMembership": "g101-tag"}, "geometry": {"type": "LineString", "coordinates": [[123.3581474, 42.0276565], [123.358164, 42.0265049], [123.35823, 42.0257059], [123.358727, 42.0218494], [123.358816, 42.0210146], [123.3589313, 42.0177286], [123.3593699, 42.0056946], [123.3595646, 42.0016206], [123.359658, 41.9996688], [123.359671, 41.9993], [123.3596515, 41.998933], [123.3596257, 41.9986286], [123.3595866, 41.9983198], [123.3590256, 41.9948631]]}}, {"type": "Feature", "properties": {"osmWayId": 322425343, "highway": "trunk", "name": "兴光街", "ref": "G101", "sourceMembership": "g101-tag"}, "geometry": {"type": "LineString", "coordinates": [[123.356154, 42.0356717], [123.3559158, 42.0358601], [123.33441, 42.0499282], [123.3246139, 42.0563351], [123.3117432, 42.0648018], [123.3027762, 42.0707], [123.302241, 42.071052], [123.2909189, 42.0783772], [123.2879104, 42.0802269], [123.2859069, 42.0813685], [123.2804971, 42.084341], [123.2796756, 42.0849345], [123.279005, 42.085601], [123.2785388, 42.0862897], [123.2782303, 42.0869157], [123.2739303, 42.1005688], [123.2736685, 42.1014334], [123.273462, 42.1018064], [123.2709345, 42.1062335]]}}, {"type": "Feature", "properties": {"osmWayId": 322425345, "highway": "trunk", "lanes": "3", "name": "道义北大街", "oneway": "yes", "ref": "G101", "sourceMembership": "g101-tag"}, "geometry": {"type": "LineString", "coordinates": [[123.3862728, 41.9318743], [123.3863548, 41.931591], [123.3864919, 41.9311174], [123.3865262, 41.9310192]]}}, {"type": "Feature", "properties": {"osmWayId": 322425990, "highway": "trunk", "name": "京沈线", "ref": "G101", "sourceMembership": "g101-tag"}, "geometry": {"type": "LineString", "coordinates": [[123.2709345, 42.1062335], [123.2704233, 42.1069072], [123.2699627, 42.1073752], [123.2692616, 42.107845], [123.2685492, 42.1082558], [123.2642054, 42.1105966], [123.2636802, 42.110844], [123.2343708, 42.1210802], [123.2334871, 42.1212909], [123.2327366, 42.1214336], [123.2266124, 42.1223089], [123.2253586, 42.1224171], [123.2219625, 42.1225721], [123.2212023, 42.1226646], [123.2111637, 42.1243561], [123.2024473, 42.1258248], [123.2015911, 42.1260763], [123.20117, 42.1262951], [123.2007672, 42.1265609], [123.200389, 42.1268986], [123.2000209, 42.1273257], [123.1997077, 42.12786], [123.1975482, 42.1316715], [123.1969018, 42.1325079], [123.1950492, 42.1344091], [123.1946935, 42.1348994], [123.1945364, 42.1353939], [123.1943438, 42.1362446], [123.1943033, 42.1366147], [123.1943864, 42.1370406], [123.1966955, 42.1436955], [123.1968141, 42.1441611], [123.1967851, 42.1446197], [123.1966966, 42.1449633], [123.1965171, 42.1453021], [123.1963055, 42.1456652], [123.1960215, 42.14594], [123.1954695, 42.1463328], [123.194859, 42.1467194], [123.1937904, 42.1472219]]}}, {"type": "Feature", "properties": {"osmWayId": 324367323, "highway": "trunk", "lanes": "2", "name": "环城公路", "oneway": "yes", "ref": "G101", "source": "Bing", "sourceMembership": "g101-tag"}, "geometry": {"type": "LineString", "coordinates": [[120.5391259, 41.6444913], [120.5390255, 41.6445509], [120.5385969, 41.6448053], [120.5382315, 41.6449693], [120.5378721, 41.6450494], [120.5374108, 41.6451176], [120.5334715, 41.6456625], [120.5257697, 41.6467278], [120.5247829, 41.6469295], [120.5238707, 41.6471848], [120.5230553, 41.6474855], [120.5217679, 41.6480467], [120.5182649, 41.649614], [120.5176322, 41.6498717], [120.5170796, 41.6500481], [120.5164145, 41.6502044], [120.515701, 41.6503086], [120.5148424, 41.6503315], [120.5142419, 41.6503006], [120.5132441, 41.6501884], [120.5071483, 41.6492836], [120.503009, 41.6486692], [120.5022902, 41.6485329], [120.5012978, 41.6483325], [120.5001981, 41.6480559], [120.4990769, 41.6477432], [120.4977519, 41.6473263], [120.4914648, 41.6452018], [120.4906977, 41.6449452], [120.4902672, 41.6447642], [120.4901544, 41.6447209], [120.4894961, 41.6443319], [120.4789496, 41.6379176], [120.4775114, 41.6370985], [120.4764976, 41.6366053], [120.4752423, 41.6360721], [120.4736549, 41.6355561], [120.471815, 41.6351071], [120.469299, 41.6345738], [120.4677809, 41.6341809], [120.4661657, 41.6336344], [120.4596479, 41.6312809], [120.4585053, 41.6308278], [120.457508, 41.6303599], [120.4567565, 41.6299256], [120.456065, 41.6294537], [120.4553676, 41.6289084], [120.4548146, 41.6283699], [120.4540104, 41.627513], [120.4481954, 41.6210529], [120.447541, 41.6204514], [120.4467631, 41.6198378], [120.4455694, 41.6190444], [120.441494, 41.6162896]]}}, {"type": "Feature", "properties": {"osmWayId": 324900320, "highway": "trunk", "name": "京沈线", "ref": "G101", "source": "landsat", "sourceMembership": "g101-tag"}, "geometry": {"type": "LineString", "coordinates": [[119.9200328, 41.3815641], [119.9210209, 41.3819195], [119.9211049, 41.3819497], [119.9223743, 41.3824063], [119.9224165, 41.3824215], [119.9231884, 41.3826991], [119.9232884, 41.3827351], [119.9239008, 41.3830075], [119.924695, 41.3834537], [119.9253219, 41.3839197], [119.9259093, 41.3844596], [119.9265285, 41.385157], [119.9270655, 41.3855186], [119.9276182, 41.3857261], [119.9281658, 41.3858186], [119.9288091, 41.385861], [119.9341588, 41.3860324], [119.9348235, 41.3860802], [119.9354695, 41.3861668], [119.9361898, 41.3863194], [119.9373382, 41.3865652], [119.9376677, 41.3866994], [119.9378615, 41.3868449], [119.9380825, 41.3870975], [119.9389724, 41.3886478], [119.9392567, 41.3890474], [119.9394448, 41.3892193], [119.9399642, 41.3896119], [119.9419504, 41.3908081], [119.9427513, 41.3913582], [119.9488318, 41.3959609], [119.9507177, 41.3974671], [119.9514725, 41.3979795], [119.9523832, 41.3984373], [119.9531698, 41.3986972], [119.954325, 41.399134], [119.9601327, 41.4013709], [119.9612586, 41.4018225], [119.9625439, 41.4023899], [119.9637456, 41.4029081], [119.9643531, 41.4030673], [119.964861, 41.403079], [119.9653618, 41.4030018], [119.9660076, 41.4027578], [119.966749, 41.4025016], [119.9672087, 41.4024081], [119.9676594, 41.4024098], [119.9680929, 41.4024822], [119.9685483, 41.4026557], [119.9689917, 41.402946], [119.9694676, 41.4034516], [119.9724744, 41.4070029], [119.9729205, 41.407429], [119.9733982, 41.4077876], [119.9741041, 41.4082532], [119.975166, 41.4088766], [119.976057, 41.4095331], [119.9769699, 41.4104045], [119.9778814, 41.4112828], [119.9785919, 41.4119202], [119.979511, 41.4126003], [119.9810984, 41.4137513], [119.9818115, 41.4141747], [119.9825963, 41.4145389], [119.9834755, 41.4148606], [119.9844099, 41.4151242], [119.9867672, 41.4156696], [119.9874636, 41.4158757], [119.9879153, 41.4160287], [119.9884457, 41.4162587], [119.9891057, 41.4166999], [119.9912603, 41.4181821], [119.9920848, 41.4185343], [119.9946471, 41.4192245], [119.9953094, 41.4193751], [119.9984611, 41.4201855], [119.9992044, 41.4203858], [119.9999615, 41.4206112], [120.0014211, 41.4211193], [120.0042372, 41.4221026], [120.0057914, 41.4225739], [120.0070511, 41.4229126], [120.0078997, 41.423234], [120.0087696, 41.423604], [120.0118895, 41.4250343], [120.0125112, 41.4252608], [120.0132254, 41.4254439], [120.0159317, 41.4260233], [120.016439, 41.4261692], [120.0171429, 41.4264323], [120.0177373, 41.4267598], [120.0181027, 41.4270164], [120.018512, 41.4273508], [120.0204748, 41.4294531], [120.0232839, 41.4323348], [120.023785, 41.4327627], [120.0243091, 41.4330638], [120.0251893, 41.4335006], [120.0263852, 41.434019], [120.0286036, 41.435063], [120.0325875, 41.436996], [120.032686, 41.4370576], [120.0329839, 41.4372439], [120.0333807, 41.4375764], [120.0337535, 41.4380216], [120.033983, 41.4385043], [120.0340889, 41.4390251], [120.0340359, 41.4393694], [120.0338989, 41.4398568], [120.0334009, 41.4408571], [120.0331252, 41.4415212], [120.0330911, 41.4421029], [120.0333072, 41.4425891], [120.0338019, 41.4432048], [120.0341114, 41.4435462], [120.0349432, 41.4443782], [120.035976, 41.4455867], [120.0365832, 41.4462153], [120.0374043, 41.4469956], [120.0377743, 41.4473895], [120.0383424, 41.4482921], [120.0409063, 41.4531191], [120.0411399, 41.4538256], [120.0418308, 41.4568776], [120.0424402, 41.4597801], [120.042491, 41.4602487], [120.0424097, 41.4607887], [120.0420826, 41.461403], [120.0393109, 41.465821], [120.0390395, 41.4663623], [120.0389718, 41.4668584], [120.0390595, 41.4674129], [120.0392975, 41.4678782], [120.0396642, 41.4683227], [120.0401749, 41.4687017], [120.04107, 41.4691515], [120.0456567, 41.4711734], [120.046192, 41.4713453], [120.0467086, 41.4714576], [120.0472483, 41.4714391], [120.0483721, 41.471295]]}}, {"type": "Feature", "properties": {"osmWayId": 325121290, "highway": "trunk", "lanes": "2", "name": "京沈线", "oneway": "yes", "ref": "G101", "source": "landsat", "sourceMembership": "g101-tag"}, "geometry": {"type": "LineString", "coordinates": [[119.4175894, 41.261144], [119.4175094, 41.2607451], [119.4171288, 41.2599818], [119.4165269, 41.2591301], [119.4158414, 41.2584954], [119.4151563, 41.2580116], [119.4142233, 41.2574373], [119.4140974, 41.2573598], [119.4099441, 41.2548032], [119.4055432, 41.2520581]]}}, {"type": "Feature", "properties": {"osmWayId": 331299179, "highway": "trunk", "lanes": "2", "name": "京沈线", "note": "superceded by G25 expressway", "oneway": "yes", "ref": "G101", "source": "Bing", "sourceMembership": "g101-tag"}, "geometry": {"type": "LineString", "coordinates": [[120.3565672, 41.5404733], [120.3572221, 41.5407456], [120.3597747, 41.5417258], [120.3608225, 41.5422358], [120.3627317, 41.5433775], [120.3636002, 41.5437603], [120.3653385, 41.5442548], [120.3702722, 41.5456798], [120.3752997, 41.5472011], [120.3758342, 41.5473622], [120.3761484, 41.5474569], [120.3808084, 41.5489113], [120.3820744, 41.5494228], [120.3870322, 41.5520945]]}}, {"type": "Feature", "properties": {"osmWayId": 339675851, "bridge": "yes", "highway": "trunk", "lanes": "3", "layer": "3", "name": "黄河北大街", "oneway": "yes", "ref": "G101", "source": "Yahoo hires", "sourceMembership": "g101-tag"}, "geometry": {"type": "LineString", "coordinates": [[123.408864, 41.8908754], [123.4088391, 41.8910587], [123.4087049, 41.8916217], [123.4079498, 41.8940689]]}}, {"type": "Feature", "properties": {"osmWayId": 339675853, "bridge": "yes", "highway": "trunk", "lanes": "3", "layer": "1", "name": "黄河北大街", "oneway": "yes", "source": "Yahoo hires", "sourceMembership": "g101-relation"}, "geometry": {"type": "LineString", "coordinates": [[123.4074236, 41.8957902], [123.4067276, 41.8979733], [123.4064678, 41.8986299]]}}, {"type": "Feature", "properties": {"osmWayId": 339675854, "bridge": "yes", "highway": "trunk", "lanes": "3", "layer": "1", "name": "黄河北大街", "oneway": "yes", "ref": "G101", "source": "Yahoo hires", "sourceMembership": "g101-tag"}, "geometry": {"type": "LineString", "coordinates": [[123.4072921, 41.8957042], [123.407491, 41.8950385], [123.4076786, 41.8944429]]}}, {"type": "Feature", "properties": {"osmWayId": 339675855, "bridge": "yes", "highway": "trunk", "lanes": "3", "layer": "1", "name": "黄河北大街", "oneway": "yes", "ref": "G101", "source": "Yahoo hires", "sourceMembership": "g101-tag"}, "geometry": {"type": "LineString", "coordinates": [[123.4087329, 41.8909655], [123.4088451, 41.8896727], [123.4089663, 41.8879747]]}}, {"type": "Feature", "properties": {"osmWayId": 339987440, "bridge": "yes", "highway": "trunk", "lanes": "2", "layer": "1", "name": "蒲河桥", "oneway": "yes", "sourceMembership": "g101-relation"}, "geometry": {"type": "LineString", "coordinates": [[123.3860887, 41.9326065], [123.3862728, 41.9318743]]}}, {"type": "Feature", "properties": {"osmWayId": 339987442, "highway": "trunk", "lanes": "2", "name": "道义北大街", "oneway": "yes", "ref": "G101", "sourceMembership": "g101-tag"}, "geometry": {"type": "LineString", "coordinates": [[123.3590256, 41.9948631], [123.3589407, 41.9941976], [123.3588962, 41.9935247], [123.3588942, 41.9930193], [123.3589327, 41.9925064], [123.3590658, 41.9917074], [123.3594032, 41.9901126], [123.3594949, 41.9897695], [123.3596666, 41.9892876], [123.3598933, 41.9887353], [123.360391, 41.9877628], [123.3632254, 41.9831796], [123.3633712, 41.9829508], [123.3635171, 41.9827429], [123.3636648, 41.982538], [123.3638347, 41.9823339], [123.3643298, 41.9817889], [123.3647138, 41.9814222], [123.3658154, 41.9804443], [123.3663601, 41.9799281], [123.3665445, 41.9797257], [123.3669623, 41.9792481], [123.367027, 41.9791651], [123.3674247, 41.9787182], [123.3696222, 41.9761473], [123.3698595, 41.9758784], [123.3700899, 41.9756355], [123.3702326, 41.9754949], [123.3703754, 41.9753612], [123.3705298, 41.9752172], [123.3706843, 41.9750836], [123.3715275, 41.9743879], [123.3735933, 41.9727042], [123.3738555, 41.9724681], [123.3742959, 41.9720474], [123.3745217, 41.971782], [123.3747645, 41.9714963], [123.3749804, 41.9711946], [123.3787841, 41.9658391], [123.3790919, 41.9654152], [123.3798045, 41.9645393], [123.3806222, 41.9635507], [123.3811155, 41.9629906], [123.3815179, 41.9625415], [123.3816022, 41.9624508], [123.3818911, 41.9621263], [123.3825635, 41.9613707], [123.382877, 41.960983], [123.3831525, 41.9606492], [123.3834065, 41.9603074], [123.3836606, 41.9599657], [123.3836869, 41.959927], [123.3838986, 41.9596159], [123.3841145, 41.9592727], [123.3851966, 41.9575284], [123.3852348, 41.9574564], [123.3853734, 41.9572087], [123.3854055, 41.9571296], [123.3854566, 41.9570039], [123.3854752, 41.9569475], [123.3855623, 41.9566108], [123.3859646, 41.9544789], [123.3861727, 41.953677], [123.3863244, 41.9531801], [123.386497, 41.9526149], [123.3871722, 41.9504042], [123.3873304, 41.9498397], [123.3873602, 41.9496633], [123.3874752, 41.9491595], [123.3877891, 41.9475476], [123.3879151, 41.9466718], [123.3879634, 41.9459736], [123.3879636, 41.9459043], [123.387964, 41.9457975], [123.3879661, 41.9452215], [123.3877971, 41.9441681], [123.3873541, 41.9420895], [123.3873195, 41.9418977], [123.3868034, 41.9392359], [123.3861035, 41.9358856], [123.3859163, 41.9347339], [123.3858809, 41.9343789], [123.3858735, 41.9343047], [123.3858595, 41.9341776], [123.3858509, 41.9338253], [123.3858976, 41.9333895], [123.3860887, 41.9326065]]}}, {"type": "Feature", "properties": {"osmWayId": 342448120, "highway": "trunk", "ref": "G101", "sourceMembership": "g101-tag"}, "geometry": {"type": "LineString", "coordinates": [[123.4139862, 41.829427], [123.41395, 41.8297018]]}}, {"type": "Feature", "properties": {"osmWayId": 343038277, "highway": "trunk", "name": "京沈线", "ref": "G101", "source": "bing", "sourceMembership": "g101-tag"}, "geometry": {"type": "LineString", "coordinates": [[117.1037455, 40.5293926], [117.103641, 40.5276857], [117.1036219, 40.5273747], [117.1035885, 40.5271533], [117.1035407, 40.5269379], [117.1034643, 40.5267262], [117.1033783, 40.5265096], [117.1032255, 40.5262712], [117.1030472, 40.5260352], [117.1028435, 40.5258174], [117.102533, 40.5255585], [117.1012868, 40.5245962], [117.1012326, 40.5245513]]}}, {"type": "Feature", "properties": {"osmWayId": 343038278, "bridge": "yes", "highway": "trunk", "layer": "1", "name": "京沈线", "ref": "G101", "source": "bing", "sourceMembership": "g101-tag"}, "geometry": {"type": "LineString", "coordinates": [[117.103767, 40.5297433], [117.1037455, 40.5293926]]}}, {"type": "Feature", "properties": {"osmWayId": 345772408, "highway": "trunk", "lanes": "4", "name": "黄河南大街", "oneway": "yes", "ref": "G101", "sourceMembership": "g101-tag"}, "geometry": {"type": "LineString", "coordinates": [[123.4139862, 41.829427], [123.4139286, 41.8292339], [123.4142907, 41.8251577], [123.4144325, 41.8235619], [123.4145829, 41.8219953], [123.4147046, 41.8207275], [123.4151004, 41.8162876], [123.4151057, 41.816191], [123.4152158, 41.8141917], [123.4153224, 41.812857], [123.4152589, 41.8118324], [123.4152, 41.8115992], [123.4149197, 41.8104891], [123.414588, 41.8096386]]}}, {"type": "Feature", "properties": {"osmWayId": 346563041, "highway": "trunk", "name": "京沈线", "note": "superceded by G25 expressway", "ref": "G101", "source": "Bing", "surface": "asphalt", "sourceMembership": "g101-tag"}, "geometry": {"type": "LineString", "coordinates": [[121.2974357, 42.0261583], [121.3008842, 42.0253978], [121.3030244, 42.0248948], [121.3040351, 42.0246725], [121.3050477, 42.0245487], [121.3060472, 42.0245047], [121.3067543, 42.0245637], [121.3072955, 42.0247486], [121.3087999, 42.025626], [121.3092614, 42.0258788], [121.3209834, 42.032752], [121.32139, 42.0329361], [121.3218052, 42.0330671], [121.3236211, 42.0334413], [121.3242063, 42.0335672], [121.3247255, 42.033754], [121.3252744, 42.0340206], [121.3280505, 42.0359068], [121.328765, 42.0362299], [121.3295568, 42.0365678], [121.3303458, 42.0369557], [121.3309375, 42.0371605], [121.3315276, 42.0372669], [121.3321278, 42.0373234], [121.3328386, 42.0372812], [121.3336444, 42.0371426], [121.3350482, 42.0368716], [121.3382776, 42.0360955], [121.3386515, 42.0359564], [121.3389326, 42.0357959], [121.3395442, 42.0353445], [121.3403048, 42.0346671], [121.3409132, 42.0342759], [121.3415381, 42.0340268], [121.3424388, 42.0337846], [121.3434087, 42.0336563], [121.3485983, 42.0334576], [121.3498021, 42.0333739], [121.351684, 42.0331237], [121.3522596, 42.0330867], [121.3528454, 42.033156], [121.3533164, 42.0332401], [121.3550356, 42.0336544], [121.355645, 42.0337457], [121.3568268, 42.0338469], [121.3730478, 42.0349446], [121.3741678, 42.0349637], [121.3809075, 42.0348709], [121.3815364, 42.0349828], [121.3819956, 42.0351331], [121.3823792, 42.0353072], [121.3827928, 42.0355849], [121.3830701, 42.0358733], [121.3833877, 42.0363343], [121.3845501, 42.0388778], [121.3865157, 42.0426542], [121.3869051, 42.0433243], [121.3872045, 42.0437175], [121.3875274, 42.0440569], [121.3878863, 42.0443904], [121.3882854, 42.0446589], [121.3888406, 42.0449465], [121.389339, 42.0451393], [121.3899993, 42.0452943], [121.3911874, 42.0453957], [121.3920303, 42.0454552], [121.3927743, 42.0454636], [121.3936981, 42.0453564], [121.4004106, 42.0438892], [121.4009508, 42.0438171], [121.4014792, 42.0438016], [121.4020135, 42.0438386], [121.4065941, 42.0444649], [121.4104023, 42.0448378], [121.4136872, 42.0454685], [121.4165682, 42.0460217], [121.4166965, 42.0460509], [121.4171325, 42.04615], [121.4174973, 42.0463097], [121.4178455, 42.0465456], [121.42313, 42.0519814], [121.4259806, 42.0548588], [121.4315628, 42.0610323], [121.4357846, 42.0659715], [121.4363275, 42.0664486], [121.4372972, 42.0670733], [121.4380591, 42.0674637], [121.4386793, 42.0677046], [121.4435639, 42.0693055], [121.444416, 42.0696663], [121.4465891, 42.0707749], [121.4470386, 42.0709581], [121.447423, 42.0710797], [121.4524267, 42.0726624], [121.4562263, 42.0737542], [121.4567815, 42.0739016], [121.4578479, 42.0740405], [121.4586735, 42.0741134], [121.4596295, 42.0741791], [121.4605023, 42.0741863], [121.463185, 42.0741604], [121.4638098, 42.0742173], [121.4643432, 42.0743288], [121.4648725, 42.0744847], [121.4651247, 42.074559], [121.4691926, 42.0757571], [121.4699908, 42.0759901], [121.4709248, 42.076143], [121.4728618, 42.0764417]]}}, {"type": "Feature", "properties": {"osmWayId": 346563043, "highway": "trunk", "name": "京沈线", "note": "superceded by G25 expressway", "ref": "G101", "source": "Bing", "surface": "asphalt", "sourceMembership": "g101-tag"}, "geometry": {"type": "LineString", "coordinates": [[120.7080027, 41.8325033], [120.7083818, 41.8326109], [120.7089329, 41.8327245], [120.7094019, 41.8327481], [120.7098637, 41.8327134], [120.7114992, 41.8324493], [120.7124175, 41.8323995], [120.7134883, 41.8324706], [120.7142547, 41.8324697], [120.7150174, 41.8323224], [120.7160042, 41.8320215], [120.7165656, 41.8319262], [120.7172014, 41.8319356], [120.7177441, 41.8320005], [120.7183083, 41.832162]]}}, {"type": "Feature", "properties": {"osmWayId": 346563044, "highway": "trunk", "name": "京沈线", "ref": "G101;G305", "source": "Bing", "sourceMembership": "g101-tag"}, "geometry": {"type": "LineString", "coordinates": [[120.9894706, 41.8834423], [120.9935304, 41.8873326], [120.9943028, 41.8879085], [120.999619, 41.8915924], [121.0002885, 41.8918708], [121.0009966, 41.8920309], [121.0045151, 41.8925404], [121.0051486, 41.8926826], [121.0104159, 41.8941437], [121.0111332, 41.8942783], [121.0118992, 41.8943366], [121.01523, 41.8945622], [121.0156328, 41.8946393], [121.0160137, 41.8948353], [121.0163307, 41.8951584], [121.0249854, 41.9053646], [121.0252656, 41.9056027], [121.0257081, 41.9058257], [121.0264465, 41.9059959], [121.0375813, 41.9084768], [121.0382852, 41.9086005], [121.0389611, 41.9086955], [121.0557952, 41.9106999], [121.0597458, 41.9111808], [121.0600803, 41.9111619], [121.0603785, 41.9110931], [121.0719899, 41.9073545], [121.073861, 41.9068869], [121.0764873, 41.9063721], [121.0783941, 41.9059458], [121.0797812, 41.9055822], [121.0811046, 41.9051043], [121.0827298, 41.9044741]]}}, {"type": "Feature", "properties": {"osmWayId": 346563045, "bridge": "yes", "highway": "trunk", "layer": "1", "name": "京沈线", "note": "superceded by G25 expressway", "ref": "G101", "source": "Bing", "sourceMembership": "g101-tag"}, "geometry": {"type": "LineString", "coordinates": [[121.4728618, 42.0764417], [121.4758226, 42.0768982]]}}, {"type": "Feature", "properties": {"osmWayId": 346563046, "bridge": "yes", "highway": "trunk", "layer": "1", "name": "京沈线", "note": "superceded by G25 expressway", "ref": "G101", "source": "Bing", "sourceMembership": "g101-tag"}, "geometry": {"type": "LineString", "coordinates": [[121.2967062, 42.0263192], [121.2974357, 42.0261583]]}}, {"type": "Feature", "properties": {"osmWayId": 346563047, "bridge": "yes", "highway": "trunk", "layer": "1", "name": "京沈线", "note": "superceded by G25 expressway", "ref": "G101", "source": "Bing", "sourceMembership": "g101-tag"}, "geometry": {"type": "LineString", "coordinates": [[121.2312984, 42.0032397], [121.2317779, 42.0036601]]}}, {"type": "Feature", "properties": {"osmWayId": 346563050, "bridge": "yes", "highway": "trunk", "layer": "1", "name": "京沈线", "ref": "G101", "sourceMembership": "g101-tag"}, "geometry": {"type": "LineString", "coordinates": [[122.5974612, 42.3339434], [122.596302, 42.3342622]]}}, {"type": "Feature", "properties": {"osmWayId": 346563052, "bridge": "yes", "highway": "trunk", "layer": "1", "name": "京沈线", "note": "superceded by G25 expressway", "ref": "G101", "source": "Bing", "sourceMembership": "g101-tag"}, "geometry": {"type": "LineString", "coordinates": [[120.7795809, 41.8662271], [120.7797323, 41.8663127]]}}, {"type": "Feature", "properties": {"osmWayId": 346563054, "bridge": "yes", "highway": "trunk", "layer": "1", "name": "京沈线", "note": "superceded by G25 expressway", "ref": "G101", "source": "Bing", "sourceMembership": "g101-tag"}, "geometry": {"type": "LineString", "coordinates": [[120.7075355, 41.832348], [120.7080027, 41.8325033]]}}, {"type": "Feature", "properties": {"osmWayId": 346563055, "bridge": "yes", "highway": "trunk", "layer": "1", "name": "京沈线", "note": "superceded by G25 expressway", "ref": "G101", "source": "Bing", "sourceMembership": "g101-tag"}, "geometry": {"type": "LineString", "coordinates": [[121.5713045, 42.057461], [121.5722371, 42.0573619]]}}, {"type": "Feature", "properties": {"osmWayId": 346563056, "highway": "trunk", "name": "京沈线", "ref": "G101;G505", "sourceMembership": "g101-tag"}, "geometry": {"type": "LineString", "coordinates": [[122.5389048, 42.3552954], [122.538819, 42.35544], [122.5364386, 42.3592402], [122.5351391, 42.3615638], [122.5350853, 42.3617703], [122.5347799, 42.3646468], [122.5345844, 42.3647669], [122.5301159, 42.3660109], [122.5297315, 42.3661729], [122.5294368, 42.3663581], [122.5292186, 42.3665305], [122.5277968, 42.3680416], [122.5275166, 42.368281], [122.5273695, 42.3683851]]}}, {"type": "Feature", "properties": {"osmWayId": 346563057, "highway": "trunk", "name": "京沈线", "note": "superceded by G25 expressway", "ref": "G101", "source": "Bing", "sourceMembership": "g101-tag"}, "geometry": {"type": "LineString", "coordinates": [[121.5722371, 42.0573619], [121.5780224, 42.0567469], [121.579263, 42.0566663], [121.5802331, 42.056672]]}}, {"type": "Feature", "properties": {"osmWayId": 346563058, "highway": "trunk", "name": "京沈线", "note": "superceded by G25 expressway", "ref": "G101", "source": "Bing", "sourceMembership": "g101-tag"}, "geometry": {"type": "LineString", "coordinates": [[121.5802331, 42.056672], [121.5859033, 42.0634336], [121.5862901, 42.0640146], [121.5864687, 42.0645607], [121.5867492, 42.0656477]]}}, {"type": "Feature", "properties": {"osmWayId": 346563059, "highway": "trunk", "name": "京沈线", "note": "superceded by G25 expressway", "ref": "G101", "source": "Bing", "sourceMembership": "g101-tag"}, "geometry": {"type": "LineString", "coordinates": [[121.2317779, 42.0036601], [121.2322024, 42.0040322], [121.2325914, 42.0044082], [121.2373941, 42.0097636], [121.2378506, 42.0101291], [121.2383801, 42.0104045], [121.2388312, 42.0106106], [121.2434393, 42.0122926], [121.2438995, 42.0125082], [121.2443287, 42.0127697], [121.2464938, 42.0146764], [121.2475388, 42.0156218], [121.2480457, 42.0161977], [121.2491515, 42.0179603], [121.2494281, 42.0182877], [121.2519591, 42.0204764], [121.2522815, 42.0206745], [121.2526559, 42.0208833], [121.2530319, 42.0210097], [121.2556916, 42.0218545], [121.2564464, 42.0220562], [121.2568997, 42.0221494], [121.2574458, 42.0221773], [121.2610362, 42.0221446], [121.2615184, 42.022204], [121.262042, 42.0223961], [121.2644716, 42.0235669], [121.2653207, 42.0239335], [121.2705232, 42.0254845], [121.2720496, 42.0258937], [121.2727961, 42.0260575], [121.2746446, 42.0263401], [121.2752728, 42.0264692], [121.2771257, 42.0270514], [121.2776702, 42.0271928], [121.2791459, 42.0274989], [121.2815706, 42.0279197], [121.2822444, 42.0279651], [121.2829225, 42.0279627], [121.2868787, 42.0276614], [121.2920204, 42.0272093], [121.2927694, 42.0271434], [121.2934534, 42.0270366], [121.2967062, 42.0263192]]}}, {"type": "Feature", "properties": {"osmWayId": 346563060, "highway": "trunk", "name": "京沈线", "note": "superceded by G25 expressway", "ref": "G101", "source": "Bing", "surface": "asphalt", "sourceMembership": "g101-tag"}, "geometry": {"type": "LineString", "coordinates": [[121.4758226, 42.0768982], [121.4791651, 42.0774135], [121.4801017, 42.077525], [121.4807481, 42.0775019], [121.4814015, 42.0773838], [121.4819953, 42.0771698], [121.4822295, 42.077048], [121.4825125, 42.0769007], [121.4841829, 42.0751443], [121.4846282, 42.0747541], [121.4855289, 42.0740362], [121.4874059, 42.0724613], [121.4879026, 42.0719544], [121.4882228, 42.0715318], [121.4887567, 42.0708225], [121.4895958, 42.0697076], [121.4907738, 42.0675182], [121.4909555, 42.0671216], [121.4910592, 42.0666956], [121.4913572, 42.0649292], [121.4915365, 42.0643284], [121.4918498, 42.0635343], [121.4924676, 42.0622731], [121.4929522, 42.0615859], [121.4936379, 42.0611331], [121.4942627, 42.0608244], [121.4948925, 42.0606663], [121.4954056, 42.0606397], [121.4978093, 42.060786], [121.4984462, 42.0607634], [121.5000556, 42.0606518], [121.5026222, 42.0602966], [121.5041093, 42.0599986], [121.5047026, 42.0597892], [121.5051979, 42.0595677], [121.5072477, 42.0581198]]}}, {"type": "Feature", "properties": {"osmWayId": 346563061, "highway": "trunk", "name": "京沈线", "ref": "G101;G305", "source": "Bing", "surface": "asphalt", "sourceMembership": "g101-tag"}, "geometry": {"type": "LineString", "coordinates": [[120.8457631, 41.8977492], [120.8460035, 41.8982921], [120.8464139, 41.8990492], [120.8468028, 41.8994864], [120.8473333, 41.8998601], [120.8480554, 41.9001592], [120.8487721, 41.9002702], [120.8494646, 41.900253], [120.8514633, 41.8998961], [120.8578883, 41.8987489], [120.8609455, 41.8982913], [120.8641865, 41.8978963], [120.8650928, 41.8977858], [120.8673072, 41.8975662], [120.8682025, 41.8975802], [120.8691236, 41.8977767], [120.878315, 41.90193], [120.8787592, 41.9020613], [120.879228, 41.9021344], [120.8798535, 41.9021552], [120.8842448, 41.9019699], [120.8850935, 41.9018306], [120.8859507, 41.9015239], [120.8890567, 41.8993759], [120.8893963, 41.899141], [120.8934775, 41.8969892], [120.8953905, 41.8959515], [120.8960476, 41.8955112], [120.8979724, 41.8938223], [120.8986273, 41.8934222], [120.9007093, 41.8921923], [120.9011518, 41.8918397], [120.9014603, 41.8913585], [120.9016904, 41.8908729], [120.9020048, 41.8903885], [120.9047557, 41.8880395], [120.9051349, 41.8877552], [120.9057207, 41.8875284], [120.9065871, 41.8873542], [120.9144143, 41.8864728], [120.9149733, 41.8864988], [120.9169967, 41.8866881], [120.9173556, 41.8866909], [120.9177161, 41.8866262], [120.9181678, 41.8864649], [120.9204959, 41.8853762], [120.9210147, 41.88524], [120.9214567, 41.8851661], [120.9220425, 41.8851929], [120.9283832, 41.8862472], [120.9297866, 41.8863798], [120.9363263, 41.8866749], [120.9371015, 41.886635], [120.9378284, 41.8865336], [120.9384351, 41.8863914], [120.9391695, 41.8861482], [120.9414161, 41.8851549], [120.9420126, 41.8848449], [120.9421929, 41.8847512], [120.9441263, 41.8834241], [120.9446444, 41.8830686], [120.9453273, 41.8824959], [120.9465697, 41.881232], [120.9472429, 41.8807537], [120.9485011, 41.8799232]]}}, {"type": "Feature", "properties": {"osmWayId": 376770078, "bridge": "yes", "highway": "trunk", "layer": "1", "name": "京沈线", "ref": "G101", "source": "bing", "sourceMembership": "g101-tag"}, "geometry": {"type": "LineString", "coordinates": [[118.9599485, 40.9738756], [118.9593996, 40.9736408]]}}, {"type": "Feature", "properties": {"osmWayId": 376770079, "highway": "trunk", "name": "京沈线", "ref": "G101", "source": "bing", "sourceMembership": "g101-tag"}, "geometry": {"type": "LineString", "coordinates": [[118.9593996, 40.9736408], [118.9589064, 40.9734563], [118.9585268, 40.9733359], [118.9580812, 40.9731988], [118.9577573, 40.9731383], [118.9575696, 40.9731032], [118.9570524, 40.973016], [118.9544117, 40.9727211], [118.9512594, 40.9723556], [118.9502361, 40.9722517], [118.9495759, 40.972231], [118.9488882, 40.9722559], [118.9482666, 40.9723348], [118.9475624, 40.9724677], [118.9446576, 40.973178], [118.9429081, 40.9736017], [118.9422589, 40.9738509], [118.9416263, 40.9741666], [118.9411862, 40.9744864], [118.94068, 40.974935], [118.9392551, 40.9763389], [118.9376212, 40.9780501], [118.9351235, 40.9809035], [118.933187, 40.9831046], [118.9309424, 40.985667], [118.9296716, 40.9871206], [118.9292039, 40.9875857], [118.9286648, 40.9880342], [118.9282192, 40.9883373], [118.9277483, 40.9886463], [118.92764, 40.9887145], [118.9271808, 40.9890039], [118.9264642, 40.9895167], [118.9260076, 40.9899071], [118.9255895, 40.9903555], [118.9250943, 40.9909452], [118.9235555, 40.9931179], [118.9232049, 40.993613], [118.9228093, 40.9940518], [118.922515, 40.9942887], [118.9221788, 40.9945238], [118.9220325, 40.9946104]]}}, {"type": "Feature", "properties": {"osmWayId": 378945373, "highway": "trunk", "lanes": "2", "name": "京沈线", "ref": "G101;G505", "surface": "asphalt", "sourceMembership": "g101-tag"}, "geometry": {"type": "LineString", "coordinates": [[122.2786191, 42.4338697], [122.2791277, 42.4339122], [122.2794836, 42.4339151], [122.2798016, 42.4338623], [122.2848206, 42.4322896], [122.2863709, 42.4316912], [122.2874384, 42.4311078], [122.2908152, 42.428767], [122.2914081, 42.4284418], [122.2919102, 42.428306], [122.3158178, 42.4223446], [122.3243081, 42.4203505], [122.326913, 42.4196941], [122.3299874, 42.4187715], [122.3385559, 42.4162002], [122.3392773, 42.4159365], [122.33969, 42.4157857], [122.3515869, 42.4110069], [122.3523527, 42.4106556], [122.3581546, 42.4073533], [122.3586926, 42.4070847], [122.3593026, 42.4068843], [122.3609919, 42.4065923], [122.3624169, 42.406346], [122.3643312, 42.4059281], [122.3652901, 42.405693], [122.3662626, 42.4054221], [122.3677745, 42.4048581], [122.368403, 42.4046405], [122.3733029, 42.4031271], [122.3743302, 42.4028434], [122.3753033, 42.4026933], [122.3909698, 42.4008858], [122.3926872, 42.4006877], [122.3944516, 42.4004841], [122.3952986, 42.4003419], [122.3960196, 42.4000967], [122.397981, 42.3990384], [122.400354, 42.397758], [122.4133128, 42.3905553], [122.4143536, 42.3899768], [122.4168335, 42.3885983], [122.4259164, 42.3832251], [122.4265914, 42.3829867], [122.4356258, 42.3811951], [122.439956, 42.3804517], [122.4425364, 42.3801013], [122.4438778, 42.3798988], [122.4479801, 42.3792669], [122.4480874, 42.3792501], [122.4536263, 42.3784567], [122.4580467, 42.377928], [122.4600896, 42.377681], [122.4615222, 42.3775114], [122.4658892, 42.3769911], [122.4665634, 42.3768906], [122.4670016, 42.376806], [122.4673417, 42.3767102], [122.4676496, 42.3765945], [122.4680315, 42.3763939], [122.4683212, 42.3761918], [122.4685894, 42.37595], [122.468863, 42.3756092], [122.4691473, 42.3751257], [122.4707611, 42.3723084], [122.4721186, 42.3699383], [122.4739689, 42.3667079], [122.4747459, 42.3658004], [122.4781453, 42.3618298], [122.47988, 42.3598036], [122.4800876, 42.3596141], [122.4801508, 42.3595563], [122.4804544, 42.3593482], [122.4808761, 42.3591437], [122.4812898, 42.3590312], [122.4830874, 42.3586459], [122.4872091, 42.3577624], [122.487755, 42.3576163], [122.4881501, 42.3574729], [122.4890981, 42.3570852]]}}, {"type": "Feature", "properties": {"osmWayId": 378945381, "bridge": "yes", "highway": "trunk", "layer": "1", "name": "京沈线", "ref": "G101", "source": "bing", "sourceMembership": "g101-tag"}, "geometry": {"type": "LineString", "coordinates": [[122.0706727, 42.4400819], [122.0710909, 42.4410955]]}}, {"type": "Feature", "properties": {"osmWayId": 378954472, "highway": "trunk", "name": "京沈线", "old_ref": "G101", "ref": "G505", "sourceMembership": "g101-tag"}, "geometry": {"type": "LineString", "coordinates": [[122.6451565, 42.3233696], [122.643622, 42.3231598], [122.6432978, 42.323142], [122.6323439, 42.3229995], [122.6247525, 42.3227872], [122.6243482, 42.3228258], [122.623985, 42.3229558], [122.6195629, 42.3249206], [122.6025711, 42.3324699], [122.6019335, 42.3327133], [122.5974612, 42.3339434]]}}, {"type": "Feature", "properties": {"osmWayId": 378954473, "bridge": "yes", "highway": "trunk", "layer": "1", "name": "京沈线", "old_ref": "G101", "ref": "G505", "sourceMembership": "g101-tag"}, "geometry": {"type": "LineString", "coordinates": [[122.6475116, 42.3236916], [122.6451565, 42.3233696]]}}, {"type": "Feature", "properties": {"osmWayId": 385087187, "bridge": "yes", "highway": "trunk", "layer": "1", "name": "锡伯大街", "oneway": "yes", "ref": "G101", "sourceMembership": "g101-tag"}, "geometry": {"type": "LineString", "coordinates": [[123.3581399, 42.0281241], [123.3581474, 42.0276565]]}}, {"type": "Feature", "properties": {"osmWayId": 385087188, "highway": "trunk", "name": "锡伯大街", "oneway": "yes", "ref": "G101", "sourceMembership": "g101-tag"}, "geometry": {"type": "LineString", "coordinates": [[123.3577235, 42.0330559], [123.3581283, 42.0283426], [123.3581399, 42.0281241]]}}, {"type": "Feature", "properties": {"osmWayId": 402954438, "bridge": "yes", "highway": "trunk", "layer": "1", "name": "京沈路", "oneway": "yes", "ref": "G101", "sourceMembership": "g101-tag"}, "geometry": {"type": "LineString", "coordinates": [[116.8115828, 40.3807997], [116.8120676, 40.3813662]]}}, {"type": "Feature", "properties": {"osmWayId": 402954439, "bridge": "yes", "cycleway:right": "track", "highway": "trunk", "layer": "1", "name": "京沈路", "oneway": "yes", "ref": "G101", "sourceMembership": "g101-tag"}, "geometry": {"type": "LineString", "coordinates": [[116.81193, 40.3814396], [116.8114437, 40.3808677]]}}, {"type": "Feature", "properties": {"osmWayId": 402954440, "highway": "trunk", "name": "京沈路", "oneway": "yes", "ref": "G101", "sourceMembership": "g101-tag"}, "geometry": {"type": "LineString", "coordinates": [[116.8120676, 40.3813662], [116.8121343, 40.3814413], [116.8121726, 40.3814796], [116.8178741, 40.3881471], [116.8182105, 40.3885427]]}}, {"type": "Feature", "properties": {"osmWayId": 402969273, "highway": "trunk", "name": "京沈线", "oneway": "yes", "ref": "G101", "source": "landsat", "sourceMembership": "g101-tag"}, "geometry": {"type": "LineString", "coordinates": [[119.6510348, 41.4065583], [119.6511382, 41.4068439], [119.6512794, 41.4070131], [119.6510981, 41.4069776], [119.6509594, 41.4069591], [119.6508177, 41.4069452], [119.6507092, 41.40695]]}}, {"type": "Feature", "properties": {"osmWayId": 402969274, "bridge": "yes", "highway": "trunk", "layer": "1", "name": "京沈线", "ref": "G101", "source": "landsat", "sourceMembership": "g101-tag"}, "geometry": {"type": "LineString", "coordinates": [[119.7991804, 41.3879185], [119.799814, 41.3869763]]}}, {"type": "Feature", "properties": {"osmWayId": 407991912, "highway": "trunk", "name": "京沈线", "note": "old trunk road superceded by expressway", "ref": "G101", "source": "bing", "sourceMembership": "g101-tag"}, "geometry": {"type": "LineString", "coordinates": [[117.5801214, 40.8792606], [117.5781672, 40.8787643], [117.5758212, 40.8770321], [117.5748881, 40.8759761], [117.5741701, 40.8748027], [117.573092, 40.8730836], [117.5724656, 40.8722755], [117.5717402, 40.8719636], [117.5694309, 40.871976], [117.5674655, 40.8723352], [117.5655165, 40.8734002], [117.5653043, 40.8735374], [117.563371, 40.8747872], [117.5610126, 40.8756417], [117.5592766, 40.875877], [117.5573931, 40.8755551], [117.5541011, 40.8739947], [117.5537853, 40.873683], [117.5532816, 40.8732134], [117.5525627, 40.872678], [117.5518533, 40.8723635], [117.5512913, 40.8722542], [117.5503363, 40.8722491], [117.5468621, 40.8723723], [117.5407306, 40.8738817], [117.5389008, 40.8737329], [117.5354614, 40.8727239], [117.5338401, 40.8725838], [117.5306057, 40.8735558], [117.5300816, 40.8740388], [117.5295332, 40.8749789], [117.5290816, 40.8751234], [117.5271136, 40.8749119], [117.524491, 40.8749399], [117.5232171, 40.8748348], [117.5201134, 40.8740817], [117.5151252, 40.8731853], [117.5132253, 40.8726403], [117.5059208, 40.8698414], [117.5032013, 40.8685084], [117.5004826, 40.8670841], [117.492289, 40.8614138], [117.4885831, 40.8588563], [117.4857805, 40.8562636], [117.4820115, 40.8527805], [117.4799338, 40.8518088], [117.4771543, 40.8502671], [117.4751392, 40.8485501], [117.4726146, 40.8476039], [117.4701826, 40.8473587], [117.4650131, 40.8478828], [117.4640391, 40.8480945], [117.4633326, 40.8483131], [117.4614305, 40.849041], [117.4600139, 40.8494766], [117.457059, 40.8501797], [117.4535131, 40.8508974], [117.452711, 40.850975], [117.4492974, 40.8509412], [117.4487836, 40.8509727], [117.4482916, 40.8510596], [117.4475243, 40.8512422], [117.4449899, 40.8520816], [117.4418765, 40.8529905], [117.4399588, 40.8534964], [117.4392817, 40.8536347], [117.4383421, 40.8537088], [117.4350972, 40.8536903], [117.4323137, 40.8536342], [117.4318073, 40.853578], [117.431186, 40.8534377], [117.4292116, 40.8528143], [117.4240527, 40.851543]]}}, {"type": "Feature", "properties": {"osmWayId": 407991916, "bridge": "yes", "highway": "trunk", "layer": "1", "name": "京沈线", "note": "old trunk road superceded by expressway", "ref": "G101", "source": "bing", "sourceMembership": "g101-tag"}, "geometry": {"type": "LineString", "coordinates": [[117.384929, 40.830401], [117.3842895, 40.829469]]}}, {"type": "Feature", "properties": {"osmWayId": 423528930, "bridge": "yes", "highway": "trunk", "lanes": "4", "layer": "1", "oneway": "yes", "ref": "G101", "sourceMembership": "g101-tag"}, "geometry": {"type": "LineString", "coordinates": [[123.4129747, 41.8421327], [123.4129461, 41.8425578]]}}, {"type": "Feature", "properties": {"osmWayId": 423528942, "highway": "trunk", "lanes": "4", "name": "黄河南大街", "oneway": "yes", "ref": "G101", "sourceMembership": "g101-tag"}, "geometry": {"type": "LineString", "coordinates": [[123.41395, 41.8297018], [123.4140625, 41.8301204], [123.4138863, 41.8320392], [123.4136737, 41.8343543], [123.4135396, 41.8362609], [123.4135503, 41.8364327], [123.4129747, 41.8421327]]}}, {"type": "Feature", "properties": {"osmWayId": 423529120, "bridge": "yes", "highway": "trunk", "lanes": "4", "layer": "1", "name": "黄河南大街", "oneway": "yes", "ref": "G101", "sourceMembership": "g101-tag"}, "geometry": {"type": "LineString", "coordinates": [[123.4127646, 41.8425561], [123.4127885, 41.8421256]]}}, {"type": "Feature", "properties": {"osmWayId": 426505857, "highway": "trunk", "name": "京沈线", "note": "old trunk road superceded by expressway", "oneway": "yes", "ref": "G101", "source": "bing", "sourceMembership": "g101-tag"}, "geometry": {"type": "LineString", "coordinates": [[117.1566219, 40.6920085], [117.1566361, 40.6925655], [117.1566701, 40.6938971], [117.156699, 40.6947929], [117.1567231, 40.6951403], [117.1568606, 40.6956997], [117.15708, 40.6962756], [117.1573404, 40.6967199], [117.1575769, 40.6971782]]}}, {"type": "Feature", "properties": {"osmWayId": 426505860, "highway": "trunk", "name": "京沈线", "note": "old trunk road superceded by expressway", "ref": "G101", "source": "bing", "sourceMembership": "g101-tag"}, "geometry": {"type": "LineString", "coordinates": [[117.3605445, 40.796557], [117.36038, 40.796154], [117.3603318, 40.7959667], [117.3603532, 40.7957601], [117.360431, 40.7955571], [117.360554, 40.7953675], [117.3617871, 40.7940594], [117.3619866, 40.7937823], [117.3620778, 40.7935346], [117.36211, 40.7932869], [117.3620868, 40.7930531], [117.3619634, 40.7927252], [117.3602499, 40.7887772], [117.356535, 40.7738012], [117.3562966, 40.7729327], [117.3559638, 40.7721745], [117.352658, 40.7666133], [117.3525499, 40.7663131], [117.3525596, 40.7659902], [117.3526726, 40.7656062], [117.3528825, 40.7649898], [117.3529296, 40.7646212], [117.3529957, 40.7622248], [117.3529471, 40.7619103], [117.352805, 40.7616266], [117.3515427, 40.760091], [117.3492372, 40.7548983], [117.3489099, 40.7542961], [117.348476, 40.7535731], [117.3476829, 40.7524444], [117.3470152, 40.7514788], [117.3467793, 40.7510129], [117.3465898, 40.750423], [117.346237, 40.7488999], [117.3460395, 40.748053], [117.345722, 40.7472922], [117.343597, 40.743924], [117.3412366, 40.74077], [117.3403783, 40.7401359], [117.3387057, 40.7393829], [117.3354347, 40.7379104], [117.335027, 40.7376971], [117.3347047, 40.7374454], [117.3343691, 40.7369664], [117.3334035, 40.7331129], [117.331759, 40.7285677], [117.3308082, 40.7258111], [117.3304875, 40.7250202], [117.3301965, 40.7246778], [117.3297915, 40.7243825], [117.3293082, 40.7242045], [117.3287901, 40.7241185], [117.3277738, 40.7241109], [117.323525, 40.724143]]}}, {"type": "Feature", "properties": {"osmWayId": 426505861, "highway": "trunk", "name": "京沈线", "note": "old trunk road superceded by expressway", "ref": "G101", "source": "bing", "sourceMembership": "g101-tag"}, "geometry": {"type": "LineString", "coordinates": [[117.1824051, 40.7179012], [117.1823419, 40.7174185], [117.1826122, 40.7173185], [117.1820927, 40.7169967], [117.1782722, 40.7152582], [117.1773545, 40.7149973], [117.1762388, 40.7146362], [117.1737883, 40.7140392], [117.1725801, 40.7134409], [117.1713218, 40.7126097], [117.1704398, 40.7117156], [117.1678788, 40.7092728], [117.1665461, 40.7084575], [117.1630128, 40.706296], [117.1624793, 40.7056974], [117.1599339, 40.7012404], [117.1589732, 40.6995581], [117.1584784, 40.6986915], [117.1580422, 40.6979593], [117.1575769, 40.6971782]]}}, {"type": "Feature", "properties": {"osmWayId": 437959242, "highway": "trunk", "lanes": "2", "name": "环城公路", "oneway": "yes", "ref": "G101", "source": "Bing", "sourceMembership": "g101-tag"}, "geometry": {"type": "LineString", "coordinates": [[120.3871429, 41.5521574], [120.3870763, 41.5522635], [120.3853785, 41.5549679], [120.3826556, 41.5580952], [120.3807609, 41.5602713], [120.3802345, 41.5609016], [120.3799218, 41.5617437], [120.3799218, 41.5626243], [120.3800851, 41.5636251], [120.3800941, 41.5637217], [120.3803769, 41.5644474], [120.3811569, 41.5667923], [120.3815236, 41.5680832], [120.3818679, 41.5709172], [120.3820011, 41.572441], [120.3819539, 41.5742138], [120.3818099, 41.5772452], [120.3813144, 41.5811527], [120.3812855, 41.5814758], [120.3812883, 41.5816423], [120.3813082, 41.5818333], [120.3813403, 41.5820095], [120.3814237, 41.5822788], [120.3815159, 41.5824631], [120.3816603, 41.5826922], [120.3818112, 41.5828773], [120.3819641, 41.5830465], [120.3821158, 41.5831727], [120.38239, 41.5833784], [120.3826922, 41.5835563], [120.3829671, 41.5836951], [120.3854353, 41.5847951], [120.3882399, 41.5860408], [120.3968494, 41.590662], [120.3969767, 41.5907319], [120.403758, 41.5944988], [120.408478, 41.5971206], [120.412522, 41.5993399], [120.4211807, 41.6040216], [120.4213534, 41.6041025], [120.4219971, 41.604454], [120.4304027, 41.6086498], [120.4307843, 41.6088834], [120.4308629, 41.6089315], [120.4320426, 41.6096537], [120.4365122, 41.612799]]}}, {"type": "Feature", "properties": {"osmWayId": 437959245, "highway": "trunk", "lanes": "2", "name": "京沈线", "note": "superceded by G25 expressway", "oneway": "yes", "ref": "G101", "source": "Bing", "sourceMembership": "g101-tag"}, "geometry": {"type": "LineString", "coordinates": [[120.3869533, 41.5521972], [120.3867986, 41.5521204], [120.3820286, 41.5494758], [120.3807722, 41.5489683], [120.376117, 41.5475127], [120.3758038, 41.5474192], [120.3752678, 41.5472593], [120.3702413, 41.5457384], [120.3653084, 41.5443135], [120.3635636, 41.5438173], [120.3626839, 41.5434295], [120.3607732, 41.5422869], [120.3597325, 41.5417803], [120.3571838, 41.5408016], [120.3564659, 41.5405176], [120.3563913, 41.5404891], [120.3559183, 41.5403123]]}}, {"type": "Feature", "properties": {"osmWayId": 437959259, "highway": "trunk", "lanes": "2", "name": "京沈线", "note": "superceded by G25 expressway", "oneway": "yes", "ref": "G101", "source": "Bing", "sourceMembership": "g101-tag"}, "geometry": {"type": "LineString", "coordinates": [[120.3559183, 41.5403123], [120.3564242, 41.5404407], [120.3565672, 41.5404733]]}}, {"type": "Feature", "properties": {"osmWayId": 438392556, "highway": "trunk", "name": "京沈线", "ref": "G101", "source": "landsat", "sourceMembership": "g101-tag"}, "geometry": {"type": "LineString", "coordinates": [[120.0483721, 41.471295], [120.0548449, 41.4702391], [120.0561477, 41.4700839], [120.0650589, 41.4686019], [120.0709336, 41.4677825], [120.07157, 41.4677401], [120.0722768, 41.4677552], [120.0733914, 41.4678667], [120.081933, 41.4687588], [120.0929427, 41.4699099], [120.093705, 41.470042], [120.094704, 41.4703445], [120.096009, 41.4708241], [120.105437, 41.4742217], [120.1125303, 41.4767959], [120.1181721, 41.4788433], [120.1186227, 41.4790398], [120.1193544, 41.4793838], [120.1205622, 41.4800031]]}}, {"type": "Feature", "properties": {"osmWayId": 450284473, "highway": "trunk", "name": "京沈线", "ref": "G101", "source": "bing", "sourceMembership": "g101-tag"}, "geometry": {"type": "LineString", "coordinates": [[118.8114688, 41.0310651], [118.8080245, 41.0309208], [118.8062643, 41.0308715], [118.8040799, 41.0308381], [118.8017976, 41.0308088], [118.8004741, 41.030791], [118.799369, 41.0307606], [118.7978341, 41.0306486], [118.7966898, 41.0305822], [118.7960377, 41.0305418], [118.7953474, 41.0305585], [118.79299, 41.0307327], [118.791898, 41.0308519], [118.7911443, 41.0309515], [118.7890952, 41.0313458], [118.785924, 41.0320144], [118.781059, 41.0329133], [118.7770113, 41.0336265], [118.7762136, 41.0339014], [118.7698812, 41.0367168], [118.7686501, 41.0372071], [118.7673699, 41.0375414], [118.7605647, 41.0389379], [118.7589299, 41.0392127], [118.7570095, 41.0393613], [118.7516815, 41.0397327], [118.7389734, 41.0405343], [118.7378004, 41.0405859], [118.7363695, 41.0404222], [118.7330989, 41.0398199], [118.7322292, 41.0396698]]}}, {"type": "Feature", "properties": {"osmWayId": 461170345, "highway": "trunk", "lanes": "2", "name": "京沈线", "oneway": "yes", "ref": "G101;G306;S315", "source": "landsat", "sourceMembership": "g101-tag"}, "geometry": {"type": "LineString", "coordinates": [[119.4177012, 41.2610877], [119.4185674, 41.2651707], [119.4185808, 41.2652349], [119.41999, 41.2720244], [119.4202832, 41.2727367], [119.4208042, 41.2734057], [119.4209388, 41.273534], [119.4227511, 41.2751979], [119.4236131, 41.2756842], [119.4245428, 41.2760332], [119.4252928, 41.2762081], [119.4266863, 41.2763253], [119.4273578, 41.2764039], [119.4279166, 41.2766225], [119.428164, 41.2768079], [119.4283339, 41.2770347], [119.4284262, 41.2773221], [119.4284693, 41.2776127], [119.4284282, 41.2784209], [119.4284316, 41.2786884]]}}, {"type": "Feature", "properties": {"osmWayId": 461170346, "highway": "trunk", "lanes": "2", "name": "京沈线", "oneway": "yes", "ref": "G101;G306;S315", "source": "landsat", "sourceMembership": "g101-tag"}, "geometry": {"type": "LineString", "coordinates": [[119.4284029, 41.2787773], [119.4282027, 41.2787554], [119.4282212, 41.2786399], [119.4282858, 41.2782378], [119.4283584, 41.2776171], [119.4283302, 41.2773432], [119.4282163, 41.2770852], [119.4280703, 41.2768786], [119.4278279, 41.2766841], [119.4273167, 41.2764739], [119.4266283, 41.2763921], [119.4260501, 41.2763715], [119.4252545, 41.2762869], [119.4244202, 41.276111], [119.4237148, 41.2758514], [119.4232936, 41.2756575], [119.4226376, 41.2752424], [119.4208333, 41.2735801], [119.4207042, 41.2734569], [119.420172, 41.2727735], [119.4198721, 41.2720449], [119.4184558, 41.2652239], [119.4184446, 41.26517], [119.4175894, 41.261144]]}}, {"type": "Feature", "properties": {"osmWayId": 461170349, "highway": "trunk", "name": "京沈线", "oneway": "yes", "ref": "G101", "source": "landsat", "sourceMembership": "g101-tag"}, "geometry": {"type": "LineString", "coordinates": [[119.6498081, 41.4066924], [119.649679, 41.4066455], [119.6495331, 41.4065892], [119.6493712, 41.4065333], [119.6495421, 41.4064853], [119.6496931, 41.4064391], [119.6498107, 41.4063729]]}}, {"type": "Feature", "properties": {"osmWayId": 461170350, "highway": "trunk", "lanes": "2", "name": "京沈线", "oneway": "yes", "ref": "G101", "source": "landsat", "sourceMembership": "g101-tag"}, "geometry": {"type": "LineString", "coordinates": [[119.3874943, 41.238746], [119.3874678, 41.2386239], [119.3874494, 41.2384505], [119.3858891, 41.2355661], [119.3856896, 41.2353258], [119.3856246, 41.2352474], [119.3853612, 41.2350905], [119.3849407, 41.2349663], [119.3806988, 41.2340189], [119.3776028, 41.2333274], [119.3774734, 41.2332985], [119.3691763, 41.2314936], [119.3685508, 41.2313831], [119.3679612, 41.2313338], [119.3670493, 41.2313004], [119.3667038, 41.2313099], [119.3655441, 41.231342]]}}, {"type": "Feature", "properties": {"osmWayId": 470516675, "alt_name": "京密路", "alt_name:zh-Latn-pinyin": "Jingmi Lu", "highway": "trunk", "lanes": "3", "maxspeed": "70", "name": "京沈线", "oneway": "yes", "ref": "G101;G111", "surface": "asphalt", "sourceMembership": "g101-tag"}, "geometry": {"type": "LineString", "coordinates": [[116.6385572, 40.2970833], [116.6381757, 40.2959911]]}}, {"type": "Feature", "properties": {"osmWayId": 478367519, "alt_name": "京密路", "alt_name:zh-Latn-pinyin": "Jingmi Lu", "bicycle": "no", "foot": "no", "highway": "trunk", "lanes": "3", "maxspeed": "70", "name": "京沈路", "oneway": "yes", "ref": "G101;G111", "surface": "asphalt", "sourceMembership": "g101-tag"}, "geometry": {"type": "LineString", "coordinates": [[116.6402093, 40.3002498], [116.6397354, 40.2994636], [116.6392714, 40.2986485], [116.6391367, 40.2983743]]}}, {"type": "Feature", "properties": {"osmWayId": 478367520, "alt_name": "京密路", "alt_name:zh-Latn-pinyin": "Jingmi Lu", "bicycle": "no", "foot": "no", "highway": "trunk", "lanes": "3", "maxspeed": "70", "name": "京沈路", "oneway": "yes", "ref": "G101;G111", "surface": "asphalt", "sourceMembership": "g101-tag"}, "geometry": {"type": "LineString", "coordinates": [[116.6448785, 40.3076899], [116.6451805, 40.3081857], [116.6483917, 40.3134634], [116.6493642, 40.3150813], [116.6499976, 40.3160703]]}}, {"type": "Feature", "properties": {"osmWayId": 478367521, "alt_name": "京密路", "alt_name:zh-Latn-pinyin": "Jingmi Lu", "bicycle": "yes", "cycleway:right": "lane", "foot": "yes", "highway": "trunk", "lanes": "3", "maxspeed": "70", "name": "京沈路", "oneway": "yes", "ref": "G101;G111", "surface": "asphalt", "sourceMembership": "g101-tag"}, "geometry": {"type": "LineString", "coordinates": [[116.6499976, 40.3160703], [116.6505928, 40.317041], [116.6507902, 40.3173195], [116.6509856, 40.3176698], [116.6510847, 40.3177842], [116.6514418, 40.3179713], [116.651742, 40.3181812]]}}, {"type": "Feature", "properties": {"osmWayId": 478367522, "alt_name": "京密路", "alt_name:zh-Latn-pinyin": "Jingmi Lu", "bicycle": "no", "foot": "no", "highway": "trunk", "name": "京沈路", "oneway": "yes", "ref": "G101;G111", "sourceMembership": "g101-tag"}, "geometry": {"type": "LineString", "coordinates": [[116.5904021, 40.1410124], [116.5893726, 40.1401407], [116.587317, 40.1384001], [116.5855497, 40.1369036]]}}, {"type": "Feature", "properties": {"osmWayId": 478367523, "alt_name": "京密路", "alt_name:zh-Latn-pinyin": "Jingmi Lu", "cycleway:right": "lane", "highway": "trunk", "name": "京沈路", "oneway": "yes", "ref": "G101;G111", "sourceMembership": "g101-tag"}, "geometry": {"type": "LineString", "coordinates": [[116.5855497, 40.1369036], [116.5841753, 40.1357397], [116.5806987, 40.1327956], [116.5802847, 40.1324452], [116.5773484, 40.1299598], [116.5734264, 40.1266399], [116.5733175, 40.1265487], [116.5701747, 40.1239184], [116.5688517, 40.1227719]]}}, {"type": "Feature", "properties": {"osmWayId": 478367524, "alt_name": "京密路", "alt_name:zh-Latn-pinyin": "Jingmi Lu", "bicycle": "no", "foot": "no", "highway": "trunk", "name": "京沈路", "oneway": "yes", "ref": "G101;G111", "sourceMembership": "g101-tag"}, "geometry": {"type": "LineString", "coordinates": [[116.5880906, 40.1388882], [116.588945, 40.1396112], [116.5921621, 40.1423334], [116.5925324, 40.1426468], [116.5926608, 40.1427735], [116.5927354, 40.1428451]]}}, {"type": "Feature", "properties": {"osmWayId": 478367525, "alt_name": "京密路", "alt_name:zh-Latn-pinyin": "Jingmi Lu", "bicycle": "yes", "cycleway:right": "lane", "foot": "yes", "highway": "trunk", "name": "京沈路", "oneway": "yes", "ref": "G101;G111", "sourceMembership": "g101-tag"}, "geometry": {"type": "LineString", "coordinates": [[116.5927354, 40.1428451], [116.5928508, 40.1429599], [116.5930016, 40.1431099], [116.5935546, 40.1435386], [116.5962895, 40.1456589], [116.6003756, 40.1481928], [116.603594, 40.1500482], [116.6078154, 40.1520915], [116.6083189, 40.1523352], [116.6132209, 40.1547078], [116.6215719, 40.1587496]]}}, {"type": "Feature", "properties": {"osmWayId": 478927699, "bridge": "yes", "highway": "trunk", "int_name": "Xiangheyuan Lu", "name": "香河园路", "name:en": "Xiangheyuan Road", "oneway": "yes", "ref": "G101;G111", "surface": "asphalt", "sourceMembership": "g101-tag"}, "geometry": {"type": "LineString", "coordinates": [[116.4343929, 39.9470538], [116.4347375, 39.9473675]]}}, {"type": "Feature", "properties": {"osmWayId": 481932312, "alt_name": "京密路", "alt_name:zh-Latn-pinyin": "Jingmi Lu", "highway": "trunk", "lanes": "3", "name": "京沈路", "oneway": "yes", "ref": "G101", "sourceMembership": "g101-tag"}, "geometry": {"type": "LineString", "coordinates": [[116.7888525, 40.3534641], [116.7876705, 40.3528878], [116.7875321, 40.3528203], [116.7817024, 40.3499779], [116.7813476, 40.3498252], [116.7792982, 40.3488195]]}}, {"type": "Feature", "properties": {"osmWayId": 482162961, "alt_name:zh-Latn-pinyin": "Jingmi Lu", "cycleway:right": "lane", "highway": "trunk", "lanes": "2", "name": "京沈线", "oneway": "yes", "ref": "G101", "sourceMembership": "g101-tag"}, "geometry": {"type": "LineString", "coordinates": [[116.8916889, 40.3924451], [116.8923056, 40.3926306], [116.8924085, 40.392662], [116.8925943, 40.3927186], [116.8927776, 40.3927767], [116.8929049, 40.3928171], [116.893192, 40.3929094], [116.8949321, 40.3934691], [116.8951424, 40.3935367], [116.8957806, 40.3937384], [116.9042236, 40.3964073], [116.9054727, 40.3968021], [116.9059461, 40.3969747], [116.9067127, 40.3972999], [116.9070073, 40.3974399], [116.9073977, 40.3976362], [116.9092167, 40.3986127], [116.9097885, 40.3989182], [116.9101694, 40.399099], [116.9105451, 40.3992699], [116.9109328, 40.3994266], [116.9120755, 40.3998277], [116.9143992, 40.400648], [116.9149956, 40.4008367], [116.915584, 40.4009914], [116.9162513, 40.4011162], [116.9168669, 40.4011926], [116.9175845, 40.4012461], [116.9182491, 40.4012997], [116.9195868, 40.401375], [116.9200576, 40.4014276], [116.9206745, 40.4015354], [116.9212709, 40.4016846], [116.9216797, 40.4018311], [116.9221457, 40.4020111], [116.9223941, 40.4021312], [116.9225472, 40.4022052], [116.9229849, 40.4024625], [116.923603, 40.4028484], [116.9282344, 40.4058609], [116.9298023, 40.4068808], [116.9301005, 40.4070895], [116.9304059, 40.4073404], [116.9308271, 40.4077059], [116.9314622, 40.4083045], [116.9316391, 40.4085595]]}}, {"type": "Feature", "properties": {"osmWayId": 482162962, "cycleway:right": "track", "highway": "trunk", "name": "京沈路", "oneway": "yes", "ref": "G101", "sourceMembership": "g101-tag"}, "geometry": {"type": "LineString", "coordinates": [[116.8180702, 40.3885947], [116.8177399, 40.3882049], [116.8120222, 40.3815364], [116.81193, 40.3814396]]}}, {"type": "Feature", "properties": {"osmWayId": 486665180, "bridge": "yes", "highway": "trunk", "layer": "1", "name": "京沈线", "ref": "G101", "sourceMembership": "g101-tag"}, "geometry": {"type": "LineString", "coordinates": [[123.0392857, 42.3543122], [123.0379768, 42.3541021]]}}, {"type": "Feature", "properties": {"osmWayId": 486665182, "highway": "trunk", "lanes": "2", "name": "京沈线", "old_ref": "G101", "ref": "G505", "surface": "asphalt", "sourceMembership": "g101-tag"}, "geometry": {"type": "LineString", "coordinates": [[123.0379768, 42.3541021], [123.0368556, 42.3539197], [123.0354627, 42.3537236], [123.0350636, 42.3537003], [123.034701, 42.3537312], [123.0343125, 42.3538069], [123.0247851, 42.3564835], [123.0210968, 42.3575772], [123.02043, 42.3576827], [123.0201222, 42.3576992], [123.0197624, 42.3577186], [123.0001681, 42.3582456], [122.9989354, 42.3581513], [122.9891705, 42.3567337], [122.9882715, 42.3565351], [122.9834022, 42.3551199], [122.9824578, 42.3547687], [122.9673945, 42.3484256], [122.9658353, 42.3479038], [122.965119, 42.3477826], [122.9597556, 42.3472203], [122.9591217, 42.3471085], [122.955078, 42.3461693], [122.9544622, 42.345977], [122.9518932, 42.3449905], [122.9513519, 42.3448391], [122.9507735, 42.3447533], [122.9419486, 42.3444216], [122.9410445, 42.3443022], [122.9399048, 42.3440005], [122.9357659, 42.3427163], [122.9296716, 42.3407714], [122.9260067, 42.3397111], [122.9255091, 42.3396076], [122.9229771, 42.3392904], [122.9220466, 42.3390957], [122.916926, 42.3377995], [122.911555, 42.3365857], [122.9114674, 42.3365659]]}}, {"type": "Feature", "properties": {"osmWayId": 496577887, "highway": "trunk", "junction": "roundabout", "lanes": "4", "name": "开放环岛", "name:en": "Kaifang Roundabout", "oneway": "yes", "ref": "G101;G111", "surface": "asphalt", "sourceMembership": "g101-tag"}, "geometry": {"type": "LineString", "coordinates": [[116.6509892, 40.3191622], [116.6508187, 40.3189157], [116.6507592, 40.3187581], [116.6507171, 40.3186203], [116.6506937, 40.3184438]]}}, {"type": "Feature", "properties": {"osmWayId": 496577888, "highway": "trunk", "junction": "roundabout", "lanes": "3", "name": "开放环岛", "name:en": "Kaifang Roundabout", "oneway": "yes", "ref": "G101;G111", "surface": "asphalt", "sourceMembership": "g101-tag"}, "geometry": {"type": "LineString", "coordinates": [[116.6521621, 40.3183941], [116.6523371, 40.3185191], [116.6524598, 40.3186589], [116.6525624, 40.3188057], [116.6526394, 40.3189296]]}}, {"type": "Feature", "properties": {"osmWayId": 496577889, "highway": "trunk", "junction": "roundabout", "lanes": "4", "name": "开放环岛", "name:en": "Kaifang Roundabout", "oneway": "yes", "ref": "G101;G111", "surface": "asphalt", "sourceMembership": "g101-tag"}, "geometry": {"type": "LineString", "coordinates": [[116.6506937, 40.3184438], [116.6507036, 40.3183316], [116.6507374, 40.3182363]]}}, {"type": "Feature", "properties": {"osmWayId": 534188902, "bridge": "yes", "highway": "trunk", "layer": "1", "name": "京沈线", "ref": "G101", "sourceMembership": "g101-tag"}, "geometry": {"type": "LineString", "coordinates": [[116.9705488, 40.4036473], [116.9700768, 40.4036667]]}}, {"type": "Feature", "properties": {"osmWayId": 534188903, "highway": "trunk", "name": "京沈线", "ref": "G101", "sourceMembership": "g101-tag"}, "geometry": {"type": "LineString", "coordinates": [[116.9700768, 40.4036667], [116.9693992, 40.4037409], [116.9689351, 40.4038587], [116.9685945, 40.4039451], [116.9673441, 40.4044634]]}}, {"type": "Feature", "properties": {"osmWayId": 545242479, "highway": "trunk", "name": "京沈线", "ref": "G101;G304;G505", "sourceMembership": "g101-tag"}, "geometry": {"type": "LineString", "coordinates": [[122.5876291, 42.3366988], [122.5845923, 42.3375264], [122.5792273, 42.3388117], [122.5790575, 42.3388523], [122.5741587, 42.3400259], [122.5705249, 42.3407927], [122.5699954, 42.3409795], [122.5667049, 42.3424784]]}}, {"type": "Feature", "properties": {"osmWayId": 546412167, "bridge": "yes", "highway": "trunk", "lanes": "2", "layer": "1", "name": "京沈线", "oneway": "yes", "ref": "G101", "source": "landsat", "sourceMembership": "g101-tag"}, "geometry": {"type": "LineString", "coordinates": [[119.4038236, 41.2508949], [119.4056638, 41.2520222]]}}, {"type": "Feature", "properties": {"osmWayId": 546412168, "highway": "trunk", "lanes": "2", "name": "京沈线", "oneway": "yes", "ref": "G101", "source": "landsat", "sourceMembership": "g101-tag"}, "geometry": {"type": "LineString", "coordinates": [[119.4056638, 41.2520222], [119.4057463, 41.2520707], [119.4100365, 41.2547125], [119.4142066, 41.2572854], [119.4143414, 41.2573716], [119.4159609, 41.2584063], [119.4166672, 41.2590602], [119.4172805, 41.259928], [119.417578, 41.260485], [119.4177012, 41.2610877]]}}, {"type": "Feature", "properties": {"osmWayId": 546412169, "bridge": "yes", "highway": "trunk", "lanes": "2", "layer": "1", "name": "京沈线", "oneway": "yes", "ref": "G101", "source": "landsat", "sourceMembership": "g101-tag"}, "geometry": {"type": "LineString", "coordinates": [[119.4055432, 41.2520581], [119.4036761, 41.2509301]]}}, {"type": "Feature", "properties": {"osmWayId": 546412173, "highway": "trunk", "lanes": "2", "name": "京沈线", "oneway": "yes", "ref": "G101", "source": "landsat", "sourceMembership": "g101-tag"}, "geometry": {"type": "LineString", "coordinates": [[119.3876879, 41.2390864], [119.3877081, 41.2391486], [119.3877454, 41.2392636], [119.3877492, 41.2392779], [119.3879118, 41.2398867], [119.3881585, 41.2404871], [119.3886326, 41.241219], [119.3891869, 41.2417991], [119.3910639, 41.2433299], [119.3910755, 41.2433393], [119.392636, 41.2446002], [119.392703, 41.2446543], [119.3939855, 41.2456905], [119.397084, 41.2481939], [119.3976062, 41.2484777], [119.3976777, 41.2485166], [119.3977661, 41.2485646], [119.4006502, 41.2495453], [119.4022492, 41.250089], [119.4027196, 41.250261], [119.4028285, 41.2503062], [119.4032292, 41.2505078], [119.4036483, 41.2507725], [119.4038236, 41.2508949]]}}, {"type": "Feature", "properties": {"osmWayId": 546412176, "highway": "trunk", "lanes": "2", "name": "京沈线", "oneway": "yes", "ref": "G101", "source": "landsat", "sourceMembership": "g101-tag"}, "geometry": {"type": "LineString", "coordinates": [[119.3655441, 41.231342], [119.3656491, 41.2312696], [119.3667133, 41.2312368], [119.3670499, 41.2312264], [119.367969, 41.2312601], [119.3685675, 41.2313101], [119.369055, 41.2313963], [119.3692012, 41.2314221], [119.3775008, 41.2332275], [119.3776303, 41.2332564], [119.3807293, 41.2339485], [119.3849727, 41.2348963], [119.3854108, 41.2350257], [119.385699, 41.2351974], [119.3857876, 41.2353041], [119.385977, 41.2355324], [119.3875256, 41.2383815], [119.3875274, 41.2383848], [119.3875628, 41.2385403], [119.3875913, 41.2387341], [119.3876879, 41.2390864]]}}, {"type": "Feature", "properties": {"osmWayId": 550968684, "highway": "trunk", "lanes": "2", "name": "京沈线", "note": "superceded by G25 expressway", "oneway": "yes", "ref": "G101", "source": "Bing", "sourceMembership": "g101-tag"}, "geometry": {"type": "LineString", "coordinates": [[120.3870322, 41.5520945], [120.3871429, 41.5521574]]}}, {"type": "Feature", "properties": {"osmWayId": 551662736, "bridge": "yes", "highway": "trunk", "lanes": "3", "layer": "2", "name": "黄河北大街", "oneway": "yes", "ref": "G101", "source": "Yahoo hires", "sourceMembership": "g101-tag"}, "geometry": {"type": "LineString", "coordinates": [[123.4079498, 41.8940689], [123.407829, 41.8944642]]}}, {"type": "Feature", "properties": {"osmWayId": 551665406, "highway": "trunk", "lanes": "3", "name": "黄河北大街", "oneway": "yes", "ref": "G101", "sourceMembership": "g101-tag"}, "geometry": {"type": "LineString", "coordinates": [[123.4089663, 41.8879747], [123.4089677, 41.8877912], [123.4092067, 41.8850675], [123.4092126, 41.8850003], [123.409219, 41.88491], [123.4096982, 41.8800905], [123.4102669, 41.8734227], [123.4105399, 41.8702224], [123.4108267, 41.8671485], [123.4108461, 41.8670655], [123.4110578, 41.8642984], [123.4113051, 41.8615428], [123.4113791, 41.8607181]]}}, {"type": "Feature", "properties": {"osmWayId": 551667000, "bridge": "yes", "highway": "trunk", "lanes": "3", "layer": "1", "name": "黄河北大街", "oneway": "yes", "ref": "G101", "source": "Yahoo hires", "sourceMembership": "g101-tag"}, "geometry": {"type": "LineString", "coordinates": [[123.4091274, 41.8879716], [123.4090316, 41.8890236], [123.4089708, 41.8896917], [123.408926, 41.8903388], [123.408864, 41.8908754]]}}, {"type": "Feature", "properties": {"osmWayId": 551667003, "bridge": "yes", "highway": "trunk", "lanes": "3", "layer": "1", "name": "黄河北大街", "oneway": "yes", "sourceMembership": "g101-relation"}, "geometry": {"type": "LineString", "coordinates": [[123.4060794, 41.8991697], [123.4063824, 41.8984513], [123.4065732, 41.897964], [123.4068686, 41.8970605], [123.4070698, 41.8964153], [123.4072921, 41.8957042]]}}, {"type": "Feature", "properties": {"osmWayId": 551667004, "highway": "trunk", "lanes": "3", "name": "道义南大街", "oneway": "yes", "ref": "G101", "source": "Yahoo hires", "sourceMembership": "g101-tag"}, "geometry": {"type": "LineString", "coordinates": [[123.4032792, 41.904826], [123.4001685, 41.9104254], [123.3979375, 41.914004], [123.3977443, 41.9143047], [123.3976912, 41.9143804], [123.3975416, 41.9146151], [123.396762, 41.915568], [123.3949453, 41.9174978], [123.3935129, 41.9189695], [123.3931892, 41.9192936], [123.3931248, 41.9193747], [123.3928174, 41.9197028], [123.3926786, 41.9198634], [123.3924006, 41.9201658], [123.3916793, 41.920913], [123.3913251, 41.9213261]]}}, {"type": "Feature", "properties": {"osmWayId": 556318129, "highway": "trunk", "name": "京沈线", "ref": "G101;G304;G505", "sourceMembership": "g101-tag"}, "geometry": {"type": "LineString", "coordinates": [[122.5667049, 42.3424784], [122.5597845, 42.3455076], [122.5583804, 42.3461448], [122.544361, 42.3520721]]}}, {"type": "Feature", "properties": {"osmWayId": 556318131, "bridge": "yes", "highway": "trunk", "lanes": "3", "layer": "1", "name": "正良桥", "oneway": "yes", "ref": "G101", "source": "Yahoo hires", "sourceMembership": "g101-tag"}, "geometry": {"type": "LineString", "coordinates": [[123.3913251, 41.9213261], [123.3907062, 41.9220216]]}}, {"type": "Feature", "properties": {"osmWayId": 556318132, "highway": "trunk", "lanes": "2", "name": "道义北大街", "oneway": "yes", "ref": "G101", "sourceMembership": "g101-tag"}, "geometry": {"type": "LineString", "coordinates": [[123.3862598, 41.9326262], [123.3860502, 41.9334035], [123.3860046, 41.9338289], [123.386013, 41.9341723], [123.3860259, 41.9342984], [123.3860332, 41.93437], [123.3860692, 41.9347228], [123.3862556, 41.93587], [123.386965, 41.9392381], [123.3874776, 41.9419063], [123.3875101, 41.9421037], [123.3879494, 41.9441534], [123.3881197, 41.9452149], [123.3881175, 41.9458147], [123.3881172, 41.9459083], [123.388117, 41.9459767], [123.3880683, 41.9466809], [123.3879415, 41.9475619], [123.387627, 41.9491767], [123.387526, 41.9496511], [123.3875104, 41.9497247], [123.3874815, 41.9498603], [123.3873223, 41.9504286], [123.386323, 41.9537005], [123.3861161, 41.9544977], [123.3857129, 41.9566347], [123.385653, 41.956847], [123.3856162, 41.9569773], [123.3855892, 41.9570331], [123.3854768, 41.9572379], [123.3853746, 41.9574092], [123.3853287, 41.9574863], [123.3852854, 41.9575563], [123.3842007, 41.9593006], [123.3839848, 41.9596439], [123.3837742, 41.9599535], [123.3837468, 41.9599937], [123.3834927, 41.9603354], [123.3832387, 41.9606772], [123.3829632, 41.961011], [123.3826497, 41.9613987], [123.3819773, 41.9621543], [123.3816847, 41.9624887], [123.3815998, 41.9625775], [123.3812017, 41.9630186], [123.3807084, 41.9635787], [123.3798907, 41.9645673], [123.379186, 41.9654637], [123.3788714, 41.965883], [123.3750666, 41.9712227], [123.3748507, 41.9715244], [123.3746103, 41.9718194], [123.3743821, 41.9720756], [123.3739417, 41.9724963], [123.3736795, 41.9727324], [123.3716303, 41.9744028], [123.3707705, 41.9751118], [123.370616, 41.9752454], [123.3704616, 41.9753894], [123.3703188, 41.9755231], [123.3701761, 41.9756637], [123.3699457, 41.9759066], [123.3697084, 41.9761755], [123.3675344, 41.9787456], [123.3671096, 41.9792456], [123.3666569, 41.9797463], [123.3664406, 41.9799636], [123.365889, 41.9804881], [123.3648254, 41.9814338], [123.364424, 41.9818166], [123.3639156, 41.9823649], [123.3637421, 41.982566], [123.3636002, 41.9827689], [123.3634533, 41.9829771], [123.3633004, 41.9832096], [123.3604828, 41.987747], [123.3599699, 41.9887706], [123.3597584, 41.9892718], [123.3595867, 41.9897537], [123.359495, 41.9900968], [123.3591576, 41.9916917], [123.3590245, 41.9924907], [123.358986, 41.9930036], [123.358988, 41.993509], [123.3590325, 41.9941819], [123.3591253, 41.9948725]]}}, {"type": "Feature", "properties": {"osmWayId": 556318136, "highway": "trunk", "name": "京沈线", "ref": "G101", "sourceMembership": "g101-tag"}, "geometry": {"type": "LineString", "coordinates": [[123.1739013, 42.1911016], [123.1731416, 42.1948643], [123.1726911, 42.1970959], [123.1726046, 42.1974354], [123.1724622, 42.1978668], [123.1723097, 42.198276], [123.1720176, 42.1988173], [123.1716933, 42.1993631], [123.1656471, 42.2088893], [123.1646359, 42.2104878], [123.1620312, 42.2145482], [123.1616361, 42.215117], [123.1583247, 42.2192546], [123.1579349, 42.2197021], [123.1575259, 42.2200606], [123.1302004, 42.23996], [123.126386, 42.2427549], [123.1259, 42.2431437], [123.1254499, 42.2435966], [123.1250264, 42.2440883], [123.1186344, 42.2536047], [123.1183962, 42.2541064], [123.118249, 42.254617], [123.1180237, 42.2556825], [123.1179032, 42.256823], [123.117499, 42.2617259], [123.1174751, 42.2630249], [123.1175349, 42.2768104], [123.1175514, 42.2806122], [123.1175153, 42.2816147], [123.1174295, 42.2826137], [123.1171996, 42.284535], [123.1171745, 42.2846362], [123.1170577, 42.2855153], [123.1169174, 42.2860221], [123.1167912, 42.2863435], [123.1166362, 42.2866555], [123.1162834, 42.2873187], [123.1157314, 42.288294], [123.101477, 42.3130987], [123.1012341, 42.3134938], [123.1008806, 42.3139417], [123.1003838, 42.3144722], [123.0999016, 42.3149258], [123.0884849, 42.324864]]}}, {"type": "Feature", "properties": {"osmWayId": 556318137, "highway": "trunk", "name": "京沈线", "ref": "G101", "sourceMembership": "g101-tag"}, "geometry": {"type": "LineString", "coordinates": [[123.1886283, 42.1492642], [123.1864634, 42.1501207], [123.1859839, 42.150379], [123.1856813, 42.150617], [123.1853442, 42.1509529], [123.1831839, 42.1533057], [123.1826346, 42.1540124], [123.1806581, 42.1566291], [123.1804424, 42.157086], [123.1803477, 42.1575231], [123.1778544, 42.1761587], [123.1778041, 42.1763752], [123.1777127, 42.1767689], [123.1760235, 42.1819324], [123.1754549, 42.1834666], [123.1746185, 42.1871431], [123.1745158, 42.1875945], [123.1743848, 42.1883424], [123.1743261, 42.188677], [123.1739013, 42.1911016]]}}, {"type": "Feature", "properties": {"osmWayId": 556318138, "highway": "trunk", "lanes": "3", "name": "道义南大街", "oneway": "yes", "ref": "G101", "sourceMembership": "g101-tag"}, "geometry": {"type": "LineString", "coordinates": [[123.3907062, 41.9220216], [123.3901742, 41.922877], [123.3898762, 41.9234782], [123.3896631, 41.9239409], [123.3896009, 41.9241508], [123.3894304, 41.9246157], [123.3891829, 41.9253144], [123.3885185, 41.9270483], [123.388416, 41.9273253], [123.3881622, 41.9279046], [123.387905, 41.9284878], [123.3877364, 41.9287511], [123.3875476, 41.9290571], [123.3871964, 41.9296156], [123.3870732, 41.9298623], [123.3869582, 41.9300925], [123.3867928, 41.930504], [123.3866648, 41.9310283]]}}, {"type": "Feature", "properties": {"osmWayId": 556318140, "highway": "trunk", "lanes": "2", "name": "京沈线", "old_ref": "G101", "ref": "G505", "surface": "asphalt", "sourceMembership": "g101-tag"}, "geometry": {"type": "LineString", "coordinates": [[122.8866174, 42.3293136], [122.8863715, 42.3292421], [122.8860223, 42.3292021], [122.8806333, 42.3293248], [122.879371, 42.3293936], [122.8786157, 42.3294725], [122.8781184, 42.3295851], [122.8775954, 42.3297656], [122.8770031, 42.3301035], [122.8763819, 42.3305028], [122.8755684, 42.3313274], [122.8748781, 42.3319563], [122.8746178, 42.3323296], [122.8744735, 42.3326627], [122.8743735, 42.3330026], [122.8743017, 42.3334709], [122.8740536, 42.3371967], [122.8738541, 42.3384181], [122.8729528, 42.3411778], [122.8725805, 42.3418271], [122.8721653, 42.3423039], [122.8708779, 42.3431921], [122.8705589, 42.3432992], [122.8699337, 42.3435093], [122.8684746, 42.3436996], [122.8651272, 42.343763], [122.8634964, 42.3439216], [122.8561728, 42.3458057], [122.851563, 42.3469844], [122.8504837, 42.3471913], [122.8407325, 42.348269], [122.8357094, 42.3488242], [122.828379, 42.3496343], [122.8206737, 42.3505723], [122.8164417, 42.3510875], [122.8161965, 42.3510828], [122.8122025, 42.3510877]]}}, {"type": "Feature", "properties": {"osmWayId": 556318141, "bridge": "yes", "highway": "trunk", "layer": "1", "name": "马虎山大桥", "ref": "G101", "sourceMembership": "g101-tag"}, "geometry": {"type": "LineString", "coordinates": [[123.1937904, 42.1472219], [123.1886283, 42.1492642]]}}, {"type": "Feature", "properties": {"osmWayId": 556318142, "bridge": "yes", "highway": "trunk", "lanes": "2", "layer": "1", "name": "蒲河桥", "oneway": "yes", "sourceMembership": "g101-relation"}, "geometry": {"type": "LineString", "coordinates": [[123.3864419, 41.9318943], [123.3864058, 41.9320394], [123.3862598, 41.9326262]]}}, {"type": "Feature", "properties": {"osmWayId": 556318143, "highway": "trunk", "lanes": "3", "name": "道义北大街", "oneway": "yes", "ref": "G101", "sourceMembership": "g101-tag"}, "geometry": {"type": "LineString", "coordinates": [[123.3866648, 41.9310283], [123.3866395, 41.9311324], [123.3866029, 41.931276], [123.3864994, 41.9316822], [123.3864419, 41.9318943]]}}, {"type": "Feature", "properties": {"osmWayId": 556330354, "highway": "trunk", "lanes": "2", "name": "京沈线", "note": "superceded by bypass", "oneway": "yes", "ref": "G101", "source": "Bing", "sourceMembership": "g101-tag"}, "geometry": {"type": "LineString", "coordinates": [[120.6292965, 41.7669249], [120.6293364, 41.7666817], [120.6294129, 41.7664769], [120.6294462, 41.7662346], [120.6294343, 41.7660824], [120.6234675, 41.7466608], [120.6228874, 41.7450842], [120.6172971, 41.7335651], [120.6152751, 41.7293982], [120.6142183, 41.7272203], [120.6135514, 41.7257014], [120.6131603, 41.7244769], [120.6110234, 41.7155493], [120.6106272, 41.7144908], [120.6100199, 41.7133885], [120.5970964, 41.6956617], [120.5964913, 41.6949955], [120.5956113, 41.6942031], [120.5871261, 41.6875609], [120.5864046, 41.6870933], [120.5853981, 41.6866497], [120.5710532, 41.6815822], [120.5694129, 41.680816], [120.5654081, 41.6785338], [120.557892, 41.6742504], [120.5569606, 41.6735515], [120.5562572, 41.672842], [120.5554156, 41.6716857], [120.5510741, 41.665721]]}}, {"type": "Feature", "properties": {"osmWayId": 556330360, "highway": "trunk", "lanes": "2", "name": "京沈线", "oneway": "no", "ref": "G101", "source": "Bing", "sourceMembership": "g101-tag"}, "geometry": {"type": "LineString", "coordinates": [[120.6292965, 41.7669249], [120.6289473, 41.7673635], [120.6283567, 41.7677232], [120.6278025, 41.7678972], [120.6217209, 41.7691863], [120.6209978, 41.7694184], [120.6203943, 41.7697625], [120.6199083, 41.7701962], [120.6194324, 41.7709663], [120.6151833, 41.7789307], [120.6112839, 41.7847538], [120.6109846, 41.7854462], [120.6100533, 41.7880005], [120.6098854, 41.7887741], [120.6092642, 41.7945834], [120.6093173, 41.795051], [120.6094916, 41.7955101], [120.6097958, 41.7959612], [120.6102142, 41.7963759], [120.6155929, 41.8019967], [120.6161945, 41.8026328], [120.6203288, 41.8070039], [120.6214436, 41.808377], [120.6243715, 41.8125513], [120.6248977, 41.8132051], [120.6253666, 41.8136557], [120.6259035, 41.8140403], [120.6265939, 41.8144869], [120.6294025, 41.8161531], [120.6330928, 41.8183424], [120.6385351, 41.8215708], [120.6397389, 41.8222952], [120.6403703, 41.822615], [120.6409416, 41.8228269], [120.6415013, 41.8229081], [120.6419723, 41.8229144], [120.6547906, 41.8210072], [120.6554374, 41.8208899], [120.6560692, 41.8207378], [120.6569715, 41.8204898], [120.6586924, 41.8199807], [120.6594326, 41.8197877], [120.6599224, 41.8196952], [120.6603567, 41.8196574], [120.6609859, 41.8196738], [120.6616338, 41.8197777], [120.6684573, 41.8212368], [120.6694353, 41.8214887], [120.6702559, 41.8217547], [120.672504, 41.822584], [120.6759652, 41.8238348], [120.6771245, 41.8242767], [120.678821, 41.8249103], [120.6797011, 41.8252034], [120.6804438, 41.8254128], [120.6813366, 41.8255886], [120.6835954, 41.8260342], [120.6874203, 41.8266951], [120.6911405, 41.8273617], [120.6943386, 41.8278687], [120.6955115, 41.8281023], [120.6971382, 41.8284979], [120.6971934, 41.828512], [120.6987134, 41.8288997], [120.7005044, 41.8294175], [120.7010297, 41.8296444], [120.7015902, 41.8298905], [120.7022623, 41.8302075], [120.7048138, 41.8314445], [120.7056709, 41.8317445], [120.7075355, 41.832348]]}}, {"type": "Feature", "properties": {"osmWayId": 556336197, "highway": "trunk", "lanes": "2", "name": "京沈线", "note": "superceded by bypass", "oneway": "yes", "ref": "G101", "source": "Bing", "sourceMembership": "g101-tag"}, "geometry": {"type": "LineString", "coordinates": [[120.5511879, 41.6656826], [120.5554974, 41.6716731], [120.5563185, 41.6728144], [120.5570137, 41.6735156], [120.5579353, 41.6742072], [120.5654461, 41.6784876], [120.5694473, 41.6807677], [120.5710789, 41.6815299], [120.5854226, 41.6865969], [120.5864407, 41.6870456], [120.5871724, 41.6875199], [120.5956632, 41.6941664], [120.5965484, 41.6949635], [120.5971588, 41.6956356], [120.6100871, 41.713369], [120.6106986, 41.714479], [120.6110977, 41.715545], [120.6132349, 41.724474], [120.6136244, 41.7256935], [120.6142896, 41.7272085], [120.6153353, 41.7293636], [120.617365, 41.7335463], [120.6229595, 41.745074], [120.6235412, 41.746655], [120.6295122, 41.7660903], [120.6295271, 41.7663101], [120.6294934, 41.7664868], [120.6294265, 41.7666411], [120.6292965, 41.7669249]]}}, {"type": "Feature", "properties": {"osmWayId": 556446710, "highway": "trunk", "lanes": "2", "name": "京沈线", "oneway": "yes", "ref": "G101", "source": "landsat", "sourceMembership": "g101-tag"}, "geometry": {"type": "LineString", "coordinates": [[119.4036761, 41.2509301], [119.4031951, 41.2506477], [119.402749, 41.2504174], [119.4026439, 41.2503568], [119.4021774, 41.2501678], [119.3977504, 41.2486615], [119.3975778, 41.2485677], [119.3970423, 41.2482767], [119.3939019, 41.2457394], [119.3925831, 41.2446739], [119.3910223, 41.2434128], [119.3891265, 41.2418667], [119.3885579, 41.2412717], [119.3880719, 41.2405214], [119.3878189, 41.2399057], [119.3876481, 41.2392218], [119.3875948, 41.2391042], [119.3874943, 41.238746]]}}, {"type": "Feature", "properties": {"osmWayId": 559511422, "highway": "trunk", "name": "京沈线", "note": "superceded by G25 expressway", "ref": "G101;G305", "source": "Bing", "sourceMembership": "g101-tag"}, "geometry": {"type": "LineString", "coordinates": [[120.7251933, 41.8344169], [120.7255853, 41.8347038], [120.7272735, 41.8385723], [120.7277662, 41.8397077], [120.7283685, 41.8406323], [120.7314255, 41.8442014], [120.7318818, 41.8446297], [120.7377312, 41.8494085], [120.7395745, 41.8509175], [120.739787, 41.8510434], [120.739976, 41.8511554], [120.7405144, 41.8513457], [120.7617193, 41.8582787], [120.7709964, 41.8613224], [120.7730896, 41.8619486], [120.7733886, 41.862038], [120.7741502, 41.8622658], [120.7746363, 41.8624667], [120.7750457, 41.8627368], [120.7755091, 41.863106], [120.7760548, 41.863683], [120.7767726, 41.8644061], [120.7772317, 41.8648205], [120.7780094, 41.8653342], [120.7795809, 41.8662271]]}}, {"type": "Feature", "properties": {"osmWayId": 559511423, "highway": "trunk", "name": "京沈线", "ref": "G101", "source": "Bing", "sourceMembership": "g101-tag"}, "geometry": {"type": "LineString", "coordinates": [[121.1398183, 41.9411201], [121.1408011, 41.9410499], [121.1413746, 41.9410991], [121.1419666, 41.9412843], [121.1424509, 41.9416626], [121.1432231, 41.9423537], [121.1441116, 41.9431496], [121.1480644, 41.9467113], [121.1484706, 41.9469915], [121.1491265, 41.9472778], [121.1499164, 41.9474354], [121.1506936, 41.9474355], [121.1530273, 41.9472136], [121.1537129, 41.9471964], [121.1547614, 41.9472467], [121.1606298, 41.9477316], [121.161125, 41.9478177], [121.1615185, 41.9479662], [121.1619392, 41.948259], [121.1623296, 41.9487137], [121.162708, 41.9492444], [121.1628952, 41.9496944], [121.1647155, 41.9566096], [121.1648878, 41.9568843], [121.165378, 41.9574031], [121.1660728, 41.9581278], [121.1664018, 41.9585921], [121.166817, 41.9593649], [121.1678005, 41.9613101], [121.1691662, 41.9635938], [121.169413, 41.9642048], [121.1703587, 41.9672821], [121.1704753, 41.967948], [121.1706188, 41.9695917], [121.1707002, 41.9699336], [121.170938, 41.9704629], [121.1730748, 41.9739187], [121.1736397, 41.9748059], [121.1741785, 41.9754019], [121.1750601, 41.9761879], [121.1755514, 41.9764676], [121.1761561, 41.9766843], [121.176825, 41.9767749], [121.1774257, 41.9767886], [121.1860137, 41.9766223], [121.1868789, 41.9765918], [121.1882571, 41.9764801], [121.1954357, 41.9758035], [121.1962019, 41.9756994], [121.1974294, 41.9754502], [121.2008443, 41.9747329], [121.2016172, 41.9746119], [121.2033326, 41.9744192], [121.209541, 41.9737114], [121.210233, 41.9736655], [121.2129624, 41.9736101], [121.2135112, 41.9736739], [121.2152713, 41.9740412], [121.2161352, 41.9742382], [121.21671, 41.9744484], [121.2170748, 41.9747236], [121.2174455, 41.9750698], [121.220169, 41.9790908], [121.2203025, 41.9795259], [121.2203433, 41.9799809], [121.2200907, 41.9820131], [121.2200772, 41.982549], [121.2201808, 41.9829625], [121.2205134, 41.9837369], [121.225874, 41.9948592], [121.2262758, 41.9955505], [121.2276397, 41.9977723], [121.2278648, 41.9981926], [121.2280193, 41.9987786], [121.2282749, 42.0001329], [121.2284157, 42.0004844], [121.2286759, 42.0008879], [121.2289246, 42.0011587], [121.2312984, 42.0032397]]}}, {"type": "Feature", "properties": {"osmWayId": 559511450, "highway": "trunk", "name": "京沈线", "note": "superceded by G25 expressway", "ref": "G101", "source": "Bing", "sourceMembership": "g101-tag"}, "geometry": {"type": "LineString", "coordinates": [[121.0827298, 41.9044741], [121.0831515, 41.9044393], [121.083546, 41.9044992]]}}, {"type": "Feature", "properties": {"osmWayId": 560135652, "highway": "trunk", "name": "畅远西路", "name:en": "Changyuan West Road", "name:zh": "畅远西路", "oneway": "yes", "ref": "G101", "sourceMembership": "g101-tag"}, "geometry": {"type": "LineString", "coordinates": [[117.9383384, 40.9077568], [117.9386803, 40.9077781], [117.9389513, 40.9078126], [117.9394649, 40.907845], [117.9399504, 40.9078703], [117.940625, 40.9078389], [117.941321, 40.9077558], [117.9428177, 40.9075115], [117.9440233, 40.9073666], [117.9442245, 40.9073686], [117.9443761, 40.9073934], [117.9445518, 40.9074678]]}}, {"type": "Feature", "properties": {"osmWayId": 560135653, "highway": "trunk", "lanes": "6", "name": "畅远西路", "name:en": "Changyuan West Road", "name:zh": "畅远西路", "oneway": "yes", "ref": "G101", "sourceMembership": "g101-tag"}, "geometry": {"type": "LineString", "coordinates": [[117.9443748, 40.9075732], [117.9442526, 40.9075095], [117.9441442, 40.9074921], [117.943908, 40.9074984], [117.9435244, 40.9075359], [117.9422209, 40.907692], [117.9410434, 40.9078703], [117.9403487, 40.907922], [117.9398216, 40.9079342], [117.9390974, 40.9078947], [117.9386777, 40.907845], [117.9383384, 40.9077568]]}}, {"type": "Feature", "properties": {"osmWayId": 560135654, "highway": "trunk", "name": "畅远西路", "name:en": "Changyuan West Road", "name:zh": "畅远西路", "ref": "G101", "source": "DigitalGlobe Premium Imagery", "sourceMembership": "g101-tag"}, "geometry": {"type": "LineString", "coordinates": [[117.9262336, 40.8990275], [117.926357, 40.899181], [117.9279023, 40.9011028], [117.9291317, 40.9025783], [117.929754, 40.9033142], [117.9300463, 40.9036041], [117.9304647, 40.9039731], [117.9307893, 40.9042427], [117.9311568, 40.9045204], [117.9315189, 40.904784], [117.9319024, 40.9050171], [117.9324523, 40.9053293], [117.9327541, 40.9054923], [117.9328318, 40.9055342], [117.9329216, 40.9055827], [117.9336995, 40.9059253], [117.9362637, 40.9069835], [117.9373285, 40.9074335], [117.9380044, 40.9076646], [117.9383384, 40.9077568]]}}, {"type": "Feature", "properties": {"osmWayId": 560135655, "bridge": "yes", "highway": "trunk", "name": "京沈线", "name:en": "Jingshen Line", "name:zh": "京沈线", "ref": "G101", "source": "DigitalGlobe Premium Imagery", "sourceMembership": "g101-tag"}, "geometry": {"type": "LineString", "coordinates": [[117.9257588, 40.8984486], [117.9262336, 40.8990275]]}}, {"type": "Feature", "properties": {"osmWayId": 560214650, "highway": "trunk", "lanes": "3", "name": "迎宾路", "name:en": "Yingbin Road", "name:zh": "迎宾路", "oneway": "yes", "ref": "G101", "source": "DigitalGlobe Premium Imagery", "sourceMembership": "g101-tag"}, "geometry": {"type": "LineString", "coordinates": [[117.9552089, 40.9496274], [117.9544996, 40.9526378], [117.953639, 40.9562895], [117.953594, 40.9564559]]}}, {"type": "Feature", "properties": {"osmWayId": 560214651, "highway": "trunk", "lanes": "3", "name": "迎宾路", "name:en": "Yingbin Road", "name:zh": "迎宾路", "oneway": "yes", "ref": "G101", "source": "DigitalGlobe Premium Imagery", "sourceMembership": "g101-tag"}, "geometry": {"type": "LineString", "coordinates": [[117.9534302, 40.956433], [117.9534727, 40.9562774], [117.9549909, 40.9497991], [117.955037, 40.9496039]]}}, {"type": "Feature", "properties": {"osmWayId": 560214658, "highway": "trunk", "name": "武烈路", "name:en": "Wulie Road", "name:zh": "武烈路", "oneway": "yes", "ref": "G101", "source": "DigitalGlobe Premium Imagery", "sourceMembership": "g101-tag"}, "geometry": {"type": "LineString", "coordinates": [[117.9521972, 40.94921], [117.9521558, 40.9493919], [117.9511178, 40.9537554], [117.950635, 40.9559553], [117.9505931, 40.9560595]]}}, {"type": "Feature", "properties": {"osmWayId": 560214659, "highway": "trunk", "name": "武烈路", "name:en": "Wulie Road", "name:zh": "武烈路", "oneway": "yes", "ref": "G101", "source": "DigitalGlobe Premium Imagery", "sourceMembership": "g101-tag"}, "geometry": {"type": "LineString", "coordinates": [[117.9504535, 40.9560397], [117.9504982, 40.955934], [117.9510185, 40.9537341], [117.9512538, 40.952718], [117.952027, 40.9493797], [117.9520706, 40.9491925]]}}, {"type": "Feature", "properties": {"osmWayId": 560214663, "highway": "trunk", "ref": "G101", "source": "DigitalGlobe Premium Imagery", "sourceMembership": "g101-tag"}, "geometry": {"type": "LineString", "coordinates": [[117.9507869, 40.9560869], [117.9505931, 40.9560595]]}}, {"type": "Feature", "properties": {"osmWayId": 560433874, "highway": "trunk", "name": "京沈线", "ref": "G101", "source": "DigitalGlobe Premium Imagery", "sourceMembership": "g101-tag"}, "geometry": {"type": "LineString", "coordinates": [[118.1451753, 40.8550648], [118.1455239, 40.8549192], [118.1458289, 40.8547736], [118.1461575, 40.8545704], [118.1464407, 40.8543782], [118.1466804, 40.8541846], [118.1469545, 40.8539127], [118.1471579, 40.8536655], [118.1479476, 40.8525498], [118.1481745, 40.8522813], [118.1484305, 40.8520259], [118.1488698, 40.8516208], [118.1492348, 40.8513516], [118.1497358, 40.8510261], [118.1508197, 40.8503931], [118.1511664, 40.8500786], [118.1515767, 40.8497284], [118.1519997, 40.8493123], [118.1522811, 40.8489923], [118.1525825, 40.848627], [118.1529402, 40.848112], [118.153296, 40.8473691], [118.1540186, 40.8451799], [118.154122, 40.844908], [118.1542273, 40.8447006], [118.1543381, 40.8445331], [118.1544252, 40.844404], [118.1545396, 40.844268], [118.1548174, 40.8440249], [118.155028, 40.8438711], [118.1552531, 40.8437448], [118.155451, 40.8436569], [118.1558395, 40.8435181], [118.1561745, 40.8434312], [118.1565167, 40.8433767], [118.1568017, 40.8433506], [118.1571339, 40.8433547], [118.1574317, 40.8433849], [118.1579055, 40.8434852], [118.1581735, 40.843577], [118.1582341, 40.8435978], [118.15853, 40.8437475], [118.1616073, 40.8452239], [118.162446, 40.8455453], [118.1630524, 40.8457128], [118.1637314, 40.8458721], [118.1642034, 40.846004], [118.1645828, 40.8461331], [118.1652192, 40.8463914]]}}, {"type": "Feature", "properties": {"osmWayId": 560433875, "bridge": "yes", "highway": "trunk", "name": "京沈线", "ref": "G101", "source": "DigitalGlobe Premium Imagery", "sourceMembership": "g101-tag"}, "geometry": {"type": "LineString", "coordinates": [[118.1433944, 40.8555454], [118.1445054, 40.8552817], [118.1450483, 40.8551169], [118.1451753, 40.8550648]]}}, {"type": "Feature", "properties": {"osmWayId": 560433876, "highway": "trunk", "name": "京沈线", "ref": "G101", "source": "DigitalGlobe Premium Imagery", "sourceMembership": "g101-tag"}, "geometry": {"type": "LineString", "coordinates": [[118.1379588, 40.8558804], [118.1388484, 40.8560754], [118.1393894, 40.8561468], [118.1397997, 40.8561825], [118.1401737, 40.856177], [118.1406385, 40.8561386], [118.1411885, 40.8560534], [118.1413084, 40.856026], [118.1413301, 40.856021]]}}, {"type": "Feature", "properties": {"osmWayId": 560433877, "highway": "trunk", "name": "京沈线", "ref": "G101", "source": "DigitalGlobe Premium Imagery", "tunnel": "yes", "sourceMembership": "g101-tag"}, "geometry": {"type": "LineString", "coordinates": [[118.1332567, 40.8547489], [118.1379588, 40.8558804]]}}, {"type": "Feature", "properties": {"osmWayId": 560433880, "highway": "trunk", "name": "京沈线", "ref": "G101", "source": "DigitalGlobe Premium Imagery", "sourceMembership": "g101-tag"}, "geometry": {"type": "LineString", "coordinates": [[117.987539, 40.8740097], [117.9887995, 40.8710586], [117.9890258, 40.8703714], [117.9891103, 40.8696875], [117.9890064, 40.8690331], [117.9888598, 40.8685635], [117.9886925, 40.868217], [117.9884886, 40.8678479], [117.9877875, 40.8670752], [117.9873728, 40.8665744], [117.98658, 40.8656145], [117.9857392, 40.864554], [117.9849886, 40.8635241], [117.9846428, 40.8628362], [117.9844833, 40.8621784], [117.9844784, 40.8615574], [117.9845458, 40.8610444], [117.9853164, 40.8582274], [117.9854035, 40.8579796], [117.9855398, 40.8576712], [117.9856865, 40.8574112], [117.9858319, 40.8571901], [117.9858973, 40.8570906], [117.9859671, 40.8570169], [117.9862272, 40.8567423], [117.9866969, 40.8563541], [117.9871139, 40.8560959], [117.9876134, 40.8558498], [117.9879891, 40.8557337], [117.9886582, 40.8555968], [117.9892974, 40.855531], [117.9898565, 40.8555396], [117.9904588, 40.8555891]]}}, {"type": "Feature", "properties": {"osmWayId": 560866425, "highway": "trunk", "name": "京沈线", "ref": "G101", "source": "DigitalGlobe Premium Imagery", "sourceMembership": "g101-tag"}, "geometry": {"type": "LineString", "coordinates": [[117.8007645, 40.8937548], [117.8009583, 40.8937114], [117.8048542, 40.8927088], [117.8072722, 40.8920519], [117.8077322, 40.8919424], [117.8080554, 40.8918856], [117.8084336, 40.891837], [117.8087729, 40.8918065], [117.809139, 40.8917873], [117.8095467, 40.8917761], [117.81, 40.8917923], [117.8103554, 40.8918258], [117.8107041, 40.8918684], [117.8111681, 40.8919454], [117.8115155, 40.8920123], [117.811891, 40.8921147], [117.8128739, 40.8924547]]}}, {"type": "Feature", "properties": {"osmWayId": 571518214, "highway": "secondary", "lanes": "2", "maxheight": "4", "name": "京密路", "name:en": "Jingmi Road", "oneway": "yes", "ref": "G101", "sourceMembership": "g101-tag"}, "geometry": {"type": "LineString", "coordinates": [[116.4720146, 39.9788471], [116.4720785, 39.9789011]]}}, {"type": "Feature", "properties": {"osmWayId": 571518215, "highway": "secondary", "lanes": "2", "maxheight": "4", "name": "京密路", "name:en": "Jingmi Road", "oneway": "yes", "sourceMembership": "g101-relation"}, "geometry": {"type": "LineString", "coordinates": [[116.4767584, 39.9830984], [116.4775157, 39.983789], [116.4791573, 39.9852716], [116.479977, 39.9860096], [116.480125, 39.9861197], [116.4816984, 39.9875595], [116.481875, 39.9877233]]}}, {"type": "Feature", "properties": {"osmWayId": 571518216, "highway": "secondary", "lanes": "2", "maxheight": "4", "name": "京密路", "name:en": "Jingmi Road", "oneway": "yes", "ref": "G101", "sourceMembership": "g101-tag"}, "geometry": {"type": "LineString", "coordinates": [[116.4718536, 39.9790472], [116.4717985, 39.9790001]]}}, {"type": "Feature", "properties": {"osmWayId": 580879368, "cycleway:right": "lane", "highway": "trunk", "name": "京沈路", "oneway": "yes", "ref": "G101", "sourceMembership": "g101-tag"}, "geometry": {"type": "LineString", "coordinates": [[116.8533516, 40.394997], [116.8549975, 40.3940478], [116.8555485, 40.3937189], [116.8561386, 40.3934493], [116.8563724, 40.3933544], [116.8564326, 40.39333], [116.8565051, 40.3933006], [116.8571396, 40.3931283], [116.8577921, 40.3930229], [116.8581809, 40.3929801], [116.8589079, 40.3929527], [116.8590756, 40.3929575]]}}, {"type": "Feature", "properties": {"osmWayId": 580879370, "highway": "trunk", "name": "京沈路", "oneway": "yes", "ref": "G101", "sourceMembership": "g101-tag"}, "geometry": {"type": "LineString", "coordinates": [[116.8590756, 40.3929575], [116.8591806, 40.392956], [116.8622274, 40.3929333], [116.8624079, 40.3929264], [116.8625644, 40.3929205], [116.8633651, 40.3928584], [116.8642972, 40.3927032], [116.8652917, 40.3925621], [116.8660697, 40.3924391], [116.866358, 40.3924131]]}}, {"type": "Feature", "properties": {"osmWayId": 580879371, "cycleway:right": "lane", "highway": "trunk", "name": "京沈路", "oneway": "yes", "ref": "G101", "sourceMembership": "g101-tag"}, "geometry": {"type": "LineString", "coordinates": [[116.8426033, 40.4000756], [116.8428488, 40.4000159], [116.8430791, 40.3999602], [116.8451063, 40.3994626], [116.8455328, 40.3993215], [116.8459898, 40.3991256], [116.8460631, 40.3990885], [116.8463065, 40.3989654], [116.8472236, 40.3984631], [116.8483324, 40.3978317], [116.8498582, 40.396979], [116.8529119, 40.3952541]]}}, {"type": "Feature", "properties": {"osmWayId": 617423724, "highway": "trunk", "junction": "roundabout", "oneway": "yes", "ref": "G101", "sourceMembership": "g101-tag"}, "geometry": {"type": "LineString", "coordinates": [[119.6510068, 41.4066766], [119.6509399, 41.4067859], [119.6508386, 41.406879], [119.6507092, 41.40695], [119.6505403, 41.4069978], [119.6503602, 41.4070078], [119.6501843, 41.4069794], [119.650044, 41.4069245], [119.6499262, 41.4068451], [119.6498385, 41.4067462], [119.6498081, 41.4066924], [119.6497724, 41.4065324], [119.6498107, 41.4063729], [119.6498794, 41.4062715], [119.6499784, 41.4061853], [119.6501019, 41.4061193], [119.6502569, 41.4060746], [119.6504221, 41.4060618], [119.6506234, 41.4060911], [119.6508015, 41.4061672], [119.6509378, 41.4062821], [119.6510178, 41.4064237], [119.6510348, 41.4065583], [119.6510068, 41.4066766]]}}, {"type": "Feature", "properties": {"osmWayId": 620747031, "highway": "trunk", "lanes": "4", "name": "南京北街", "old_name:ja": "加茂町", "oneway": "yes", "ref": "G101", "sourceMembership": "g101-tag"}, "geometry": {"type": "LineString", "coordinates": [[123.414588, 41.8096386], [123.4144581, 41.8094282], [123.4144341, 41.8093783], [123.4143713, 41.8092476], [123.4140582, 41.8085962], [123.4140054, 41.8084879], [123.4139786, 41.808433], [123.4132511, 41.8064962], [123.4132313, 41.8064435], [123.4124712, 41.8052663], [123.4117205, 41.8042734], [123.4117028, 41.8042722], [123.4102222, 41.8021629], [123.4101165, 41.8020483], [123.4093404, 41.8011569], [123.4087199, 41.8003312], [123.4079617, 41.7993501], [123.4068773, 41.7979056], [123.4055548, 41.7962698], [123.4047613, 41.7951216]]}}, {"type": "Feature", "properties": {"osmWayId": 620747032, "highway": "trunk", "lanes": "4", "name": "黄河南大街", "oneway": "yes", "ref": "G101", "sourceMembership": "g101-tag"}, "geometry": {"type": "LineString", "coordinates": [[123.4147612, 41.8096404], [123.4150789, 41.8104588], [123.4153612, 41.8115766], [123.4154222, 41.8118182], [123.4154866, 41.8128578], [123.4153793, 41.8142011], [123.4152664, 41.8161983], [123.4152609, 41.8162958], [123.4148683, 41.8207345], [123.4147462, 41.822007], [123.4145961, 41.8235704], [123.4144501, 41.8251635], [123.4140761, 41.8292461], [123.4139862, 41.829427]]}}, {"type": "Feature", "properties": {"osmWayId": 653392363, "bridge": "yes", "highway": "trunk", "lanes": "3", "layer": "3", "name": "黄河北大街", "oneway": "yes", "ref": "G101", "source": "Yahoo hires", "sourceMembership": "g101-tag"}, "geometry": {"type": "LineString", "coordinates": [[123.4078093, 41.8940285], [123.4080632, 41.8932232], [123.4082958, 41.892497], [123.4085714, 41.8915613], [123.4086988, 41.8911289], [123.4087329, 41.8909655]]}}, {"type": "Feature", "properties": {"osmWayId": 653392364, "bridge": "yes", "highway": "trunk", "lanes": "3", "layer": "2", "name": "黄河北大街", "oneway": "yes", "ref": "G101", "source": "Yahoo hires", "sourceMembership": "g101-tag"}, "geometry": {"type": "LineString", "coordinates": [[123.4076786, 41.8944429], [123.4078093, 41.8940285]]}}, {"type": "Feature", "properties": {"osmWayId": 653392366, "bridge": "yes", "highway": "trunk", "lanes": "3", "layer": "1", "name": "黄河北大街", "oneway": "yes", "ref": "G101", "source": "Yahoo hires", "sourceMembership": "g101-tag"}, "geometry": {"type": "LineString", "coordinates": [[123.407829, 41.8944642], [123.4074236, 41.8957902]]}}, {"type": "Feature", "properties": {"osmWayId": 659463024, "highway": "trunk", "lanes": "6", "oneway": "yes", "ref": "G101", "sourceMembership": "g101-tag"}, "geometry": {"type": "LineString", "coordinates": [[117.9443748, 40.9075732], [117.9444391, 40.90762], [117.9444887, 40.907692], [117.9451143, 40.9097671], [117.9455937, 40.9113792], [117.9456883, 40.9116505], [117.9459814, 40.9124394]]}}, {"type": "Feature", "properties": {"osmWayId": 659463025, "highway": "trunk", "name": "畅远东路", "name:en": "Changyuan East Road", "name:zh": "畅远东路", "ref": "G101", "source": "DigitalGlobe Premium Imagery", "sourceMembership": "g101-tag"}, "geometry": {"type": "LineString", "coordinates": [[117.9664607, 40.8989016], [117.9665463, 40.8988428], [117.9670241, 40.8985149], [117.9677057, 40.8980227], [117.9681084, 40.8976931], [117.9684124, 40.8973708], [117.9690254, 40.8966098], [117.9703378, 40.8945652], [117.9712712, 40.8933654], [117.9715665, 40.8929858], [117.9721394, 40.8921601], [117.9729291, 40.8907335], [117.9737752, 40.8885961], [117.9739128, 40.8883224], [117.9740585, 40.8880792], [117.9745725, 40.8873767], [117.9753324, 40.8865079], [117.9758671, 40.8859022], [117.9760358, 40.8857111], [117.9765949, 40.8852746], [117.9769821, 40.8850009], [117.9773551, 40.8847906], [117.9775965, 40.8846791], [117.9778634, 40.8845919], [117.9781796, 40.8845196], [117.9783154, 40.8844986], [117.9787338, 40.8844763], [117.9790838, 40.8844763], [117.9794365, 40.8844555], [117.9796196, 40.8844363], [117.9797152, 40.8844158], [117.9797785, 40.8844023], [117.980038, 40.8843131], [117.9801835, 40.8842279], [117.9802929, 40.8841417], [117.9804476, 40.8839408], [117.9805312, 40.8837494], [117.9805954, 40.8828333], [117.980652, 40.8824925], [117.9807625, 40.8822451], [117.9810101, 40.8819123], [117.9832189, 40.8800425], [117.9836351, 40.8796901], [117.9846619, 40.87866], [117.9856896, 40.8774366], [117.9859425, 40.8770771], [117.9861025, 40.8768496], [117.9869921, 40.87529], [117.987539, 40.8740097]]}}, {"type": "Feature", "properties": {"osmWayId": 659463026, "highway": "trunk", "name": "京沈线", "name:en": "Jingshen Line", "name:zh": "京沈线", "oneway": "yes", "ref": "G101", "source": "DigitalGlobe Premium Imagery", "sourceMembership": "g101-tag"}, "geometry": {"type": "LineString", "coordinates": [[117.9619194, 40.9011893], [117.9639354, 40.9001704], [117.9646495, 40.8997796], [117.9652794, 40.8994102], [117.9659549, 40.8989172], [117.9662001, 40.8986951], [117.9662788, 40.8986237], [117.9664126, 40.8985025], [117.9676636, 40.8971598]]}}, {"type": "Feature", "properties": {"osmWayId": 668466246, "bridge": "yes", "highway": "trunk", "layer": "1", "name": "京沈线", "note": "old trunk road superceded by expressway", "ref": "G101", "source": "bing", "sourceMembership": "g101-tag"}, "geometry": {"type": "LineString", "coordinates": [[118.7038584, 41.0243545], [118.7039514, 41.0244199], [118.7043787, 41.0247207]]}}, {"type": "Feature", "properties": {"osmWayId": 668466247, "highway": "trunk", "name": "京沈线", "note": "old trunk road superceded by expressway", "ref": "G101", "source": "bing", "sourceMembership": "g101-tag"}, "geometry": {"type": "LineString", "coordinates": [[118.7043787, 41.0247207], [118.7045439, 41.024837], [118.7066527, 41.0261953], [118.7111803, 41.0286558], [118.7112808, 41.0287288], [118.7119299, 41.0291999], [118.7121974, 41.029394], [118.7133346, 41.0308022], [118.716961, 41.0355448], [118.7179695, 41.0363864], [118.7191411, 41.0369756], [118.7205358, 41.0373478], [118.7216599, 41.037567], [118.7272394, 41.0386548], [118.7278914, 41.0387819]]}}, {"type": "Feature", "properties": {"osmWayId": 668466355, "highway": "trunk", "lanes": "2", "name": "环城公路", "oneway": "yes", "ref": "G101", "source": "Bing", "sourceMembership": "g101-tag"}, "geometry": {"type": "LineString", "coordinates": [[120.4306894, 41.6089566], [120.4220974, 41.6046189], [120.421282, 41.6041815], [120.4211288, 41.6041095], [120.4125038, 41.5994488], [120.4084235, 41.5971902], [120.4036849, 41.5945465], [120.3969259, 41.5907943], [120.3967961, 41.5907235], [120.3881843, 41.5861037], [120.3853131, 41.5848267], [120.3829056, 41.5837479], [120.3826355, 41.5836093], [120.382304, 41.5834156], [120.3820529, 41.5832334], [120.3818946, 41.583093], [120.3817124, 41.5829063], [120.3815722, 41.5827196], [120.3814184, 41.5824915], [120.3813297, 41.5822979], [120.3812697, 41.5821054], [120.3812435, 41.5820166], [120.3812009, 41.5817887], [120.3811943, 41.5816414], [120.3811866, 41.5814726], [120.381213, 41.5811393], [120.3816552, 41.577263], [120.3817989, 41.5742372], [120.3818992, 41.572423], [120.3817131, 41.5709464], [120.3813698, 41.568121], [120.381005, 41.5668366], [120.3802495, 41.5644599], [120.37996, 41.5636775], [120.3799438, 41.5635853], [120.3798892, 41.5633528], [120.3797669, 41.5626544], [120.3797669, 41.5617553], [120.3800888, 41.5608883], [120.3806252, 41.560246], [120.3825289, 41.5580596], [120.3852386, 41.5549474], [120.3869533, 41.5521972], [120.3870322, 41.5520945]]}}, {"type": "Feature", "properties": {"osmWayId": 668466363, "highway": "trunk", "lanes": "2", "name": "环城公路", "oneway": "yes", "ref": "G101", "source": "Bing", "sourceMembership": "g101-tag"}, "geometry": {"type": "LineString", "coordinates": [[120.4363978, 41.6128445], [120.4319568, 41.6097139], [120.4306894, 41.6089566]]}}, {"type": "Feature", "properties": {"osmWayId": 668466364, "highway": "trunk", "lanes": "2", "layer": "-1", "name": "环城公路", "oneway": "yes", "ref": "G101", "source": "Bing", "tunnel": "yes", "sourceMembership": "g101-tag"}, "geometry": {"type": "LineString", "coordinates": [[120.4367398, 41.6130757], [120.4366682, 41.6130273], [120.4363978, 41.6128445]]}}, {"type": "Feature", "properties": {"osmWayId": 668466365, "highway": "trunk", "lanes": "2", "layer": "-1", "name": "环城公路", "oneway": "yes", "ref": "G101", "source": "Bing", "tunnel": "yes", "sourceMembership": "g101-tag"}, "geometry": {"type": "LineString", "coordinates": [[120.4365122, 41.612799], [120.4368521, 41.6130296]]}}, {"type": "Feature", "properties": {"osmWayId": 668466366, "highway": "trunk", "lanes": "2", "name": "环城公路", "oneway": "yes", "ref": "G101", "source": "Bing", "sourceMembership": "g101-tag"}, "geometry": {"type": "LineString", "coordinates": [[120.4368521, 41.6130296], [120.4386731, 41.6142469]]}}, {"type": "Feature", "properties": {"osmWayId": 668466369, "bridge": "yes", "highway": "trunk", "lanes": "2", "layer": "1", "name": "环城公路", "oneway": "yes", "ref": "G101", "source": "Bing", "sourceMembership": "g101-tag"}, "geometry": {"type": "LineString", "coordinates": [[120.4386731, 41.6142469], [120.4415697, 41.61622]]}}, {"type": "Feature", "properties": {"osmWayId": 668466370, "highway": "trunk", "lanes": "2", "name": "环城公路", "oneway": "yes", "ref": "G101", "source": "Bing", "sourceMembership": "g101-tag"}, "geometry": {"type": "LineString", "coordinates": [[120.4385846, 41.6143229], [120.4367398, 41.6130757]]}}, {"type": "Feature", "properties": {"osmWayId": 668466371, "highway": "trunk", "lanes": "2", "name": "环城公路", "oneway": "yes", "ref": "G101", "source": "Bing", "sourceMembership": "g101-tag"}, "geometry": {"type": "LineString", "coordinates": [[120.4415697, 41.61622], [120.4456492, 41.6189986], [120.4468377, 41.6197684], [120.4476429, 41.6203872], [120.4483022, 41.6210116], [120.4541279, 41.6274877], [120.4549058, 41.6283378], [120.4554588, 41.6288482], [120.4562152, 41.6294417], [120.4568423, 41.6298615], [120.4575778, 41.6302997], [120.4585697, 41.6307637], [120.4597343, 41.6312139], [120.4662467, 41.6335675], [120.467834, 41.6341076], [120.4693414, 41.6344965], [120.4718525, 41.6350349], [120.4737086, 41.63548], [120.4752852, 41.6359919], [120.476578, 41.6365372], [120.4776032, 41.6370396], [120.4790457, 41.6378602], [120.4895658, 41.6442677], [120.4902297, 41.6446528], [120.4903358, 41.6447032], [120.4907508, 41.6448759], [120.4915394, 41.6451444], [120.4978056, 41.6472542], [120.4991628, 41.6476791], [120.5002517, 41.6479958], [120.5013675, 41.6482603], [120.5023814, 41.6484648], [120.5030412, 41.648585], [120.5071294, 41.6491947], [120.5126497, 41.650018], [120.5133085, 41.6501162], [120.5142955, 41.6502205], [120.5149607, 41.6502525], [120.5157222, 41.6502273], [120.5164035, 41.6501311], [120.5170633, 41.6499667], [120.5175997, 41.6497904], [120.5182384, 41.649547], [120.5217142, 41.6479825], [120.5229802, 41.6474254], [120.5238227, 41.6471259], [120.5247612, 41.6468601], [120.5257807, 41.6466449], [120.5374215, 41.6450374], [120.5378826, 41.64496], [120.5382155, 41.6448811], [120.5385497, 41.6447368], [120.5389524, 41.6444946], [120.5390499, 41.644436]]}}, {"type": "Feature", "properties": {"osmWayId": 668466372, "bridge": "yes", "highway": "trunk", "lanes": "2", "layer": "1", "name": "环城公路", "oneway": "yes", "ref": "G101", "source": "Bing", "sourceMembership": "g101-tag"}, "geometry": {"type": "LineString", "coordinates": [[120.441494, 41.6162896], [120.4385846, 41.6143229]]}}, {"type": "Feature", "properties": {"osmWayId": 668472740, "highway": "trunk", "name": "京沈线", "ref": "G101;G305", "source": "Bing", "sourceMembership": "g101-tag"}, "geometry": {"type": "LineString", "coordinates": [[120.949154, 41.8794922], [120.9507276, 41.8784535], [120.9577341, 41.8730656], [120.9581265, 41.8728199], [120.9591125, 41.8723382], [120.9595639, 41.8721522], [120.9600167, 41.872049], [120.9604313, 41.872029], [120.9609088, 41.8720951], [120.9630615, 41.8726346], [120.9636709, 41.87277], [120.9659216, 41.8731461], [120.9664357, 41.8732799], [120.9669014, 41.873475], [120.9672879, 41.87366], [120.9676202, 41.8738607], [120.9679131, 41.8741033], [120.9686743, 41.8749368], [120.9688814, 41.8751261], [120.9691099, 41.8752759], [120.9694696, 41.8754013], [120.9709676, 41.8756699], [120.9714244, 41.8757648], [120.9717562, 41.8759447], [120.9721132, 41.8762319], [120.9730391, 41.877161], [120.9732902, 41.8773459], [120.9735385, 41.877473], [120.9739057, 41.8775656], [120.9743791, 41.8775976]]}}, {"type": "Feature", "properties": {"osmWayId": 668472741, "bridge": "yes", "highway": "trunk", "layer": "1", "name": "京沈线", "ref": "G101;G305", "source": "Bing", "sourceMembership": "g101-tag"}, "geometry": {"type": "LineString", "coordinates": [[120.9485011, 41.8799232], [120.949154, 41.8794922]]}}, {"type": "Feature", "properties": {"osmWayId": 688353387, "bridge": "yes", "highway": "trunk", "name": "京沈线", "note": "old trunk road superceded by expressway", "ref": "G101", "source": "bing", "sourceMembership": "g101-tag"}, "geometry": {"type": "LineString", "coordinates": [[117.1854646, 40.6407314], [117.1856146, 40.6394959]]}}, {"type": "Feature", "properties": {"osmWayId": 688353388, "highway": "trunk", "name": "京沈线", "note": "old trunk road superceded by expressway", "ref": "G101", "source": "bing", "sourceMembership": "g101-tag"}, "geometry": {"type": "LineString", "coordinates": [[117.1856146, 40.6394959], [117.1855945, 40.6392355], [117.1855797, 40.6390444], [117.1855777, 40.6384903], [117.184696, 40.6369643], [117.1845722, 40.6364125], [117.1854385, 40.634053], [117.185655, 40.6331491], [117.1856396, 40.6321865], [117.1851446, 40.6308834], [117.1839071, 40.6295098], [117.1823292, 40.6287467], [117.1758168, 40.6260699], [117.1750588, 40.625389], [117.1746721, 40.6245319], [117.1746566, 40.6236983], [117.1757704, 40.6219724], [117.1760736, 40.6210004], [117.1761378, 40.6188091], [117.1763302, 40.6171778], [117.176651, 40.6158386], [117.1763944, 40.614889], [117.1748547, 40.6131358], [117.1740528, 40.6116748], [117.1729622, 40.6093615], [117.1721924, 40.6085335], [117.1708131, 40.6070968], [117.1705565, 40.606147], [117.1707489, 40.604832], [117.1706848, 40.6037848], [117.169947, 40.6016417], [117.1687281, 40.5984756], [117.1668413, 40.595475], [117.1665834, 40.5950649], [117.1639719, 40.5909117], [117.163628, 40.5903648], [117.1634485, 40.5901318], [117.1632278, 40.5898454], [117.1603476, 40.5861072], [117.1569463, 40.5831989], [117.1542983, 40.5810415], [117.152772, 40.5797204], [117.1513167, 40.5780713], [117.1508557, 40.5774585], [117.1507986, 40.5773826], [117.1500915, 40.5761997], [117.1500183, 40.5760772], [117.1468352, 40.5688047]]}}, {"type": "Feature", "properties": {"osmWayId": 690927014, "bridge": "yes", "highway": "trunk", "layer": "1", "name": "京沈线", "ref": "G101", "source": "bing", "sourceMembership": "g101-tag"}, "geometry": {"type": "LineString", "coordinates": [[121.8275494, 42.1727336], [121.8278593, 42.1731072]]}}, {"type": "Feature", "properties": {"osmWayId": 690927015, "highway": "trunk", "name": "京沈线", "ref": "G101", "source": "bing", "sourceMembership": "g101-tag"}, "geometry": {"type": "LineString", "coordinates": [[121.8278593, 42.1731072], [121.8279351, 42.1731986], [121.8293606, 42.1749126], [121.8301665, 42.1757892], [121.8310513, 42.1767517], [121.8325102, 42.1782403], [121.8342354, 42.1800104], [121.8347602, 42.1805851], [121.83519, 42.1813202], [121.8354463, 42.1819389], [121.8355538, 42.1824963], [121.8357108, 42.1846525], [121.8358596, 42.1853507], [121.8360497, 42.185951], [121.8367028, 42.1881806], [121.8369673, 42.1887318], [121.8374047, 42.1895028], [121.8375129, 42.1896934], [121.8377113, 42.190214], [121.8382486, 42.1921678], [121.8392505, 42.1958951], [121.8406988, 42.200907], [121.8426695, 42.2059038]]}}, {"type": "Feature", "properties": {"osmWayId": 696738257, "highway": "trunk", "name": "京沈线", "ref": "G101", "source": "Maxar Premium Imagery (Beta)", "sourceMembership": "g101-tag"}, "geometry": {"type": "LineString", "coordinates": [[119.4881324, 41.2991088], [119.489259, 41.2993724], [119.4900346, 41.2996638], [119.4909089, 41.3002791], [119.4913702, 41.3007732], [119.4917156, 41.3013351], [119.4937911, 41.3045471], [119.4942362, 41.305276], [119.4947611, 41.3058278], [119.4953734, 41.306347], [119.4961462, 41.3069257]]}}, {"type": "Feature", "properties": {"osmWayId": 696738258, "highway": "trunk", "name": "京沈线", "ref": "G101", "source": "EOx cloudless Sentinel-2 2018", "surface": "asphalt", "sourceMembership": "g101-tag"}, "geometry": {"type": "LineString", "coordinates": [[119.502427, 41.3125867], [119.5026469, 41.3129353], [119.5029151, 41.3132375], [119.5032906, 41.3135638], [119.5036608, 41.3137814], [119.5039747, 41.3139303], [119.5065139, 41.3149664], [119.5120462, 41.3167812], [119.5127694, 41.3169976], [119.5149208, 41.3180777], [119.5181609, 41.3196477], [119.5195591, 41.3199701], [119.5217263, 41.320294], [119.5240274, 41.3210584], [119.5271781, 41.3222965], [119.5281453, 41.3226799], [119.5290831, 41.3231408], [119.5309122, 41.3244359], [119.533395, 41.326311]]}}, {"type": "Feature", "properties": {"osmWayId": 696738259, "highway": "trunk", "name": "京沈线", "ref": "G101", "source": "digitalGlobe Premium", "sourceMembership": "g101-tag"}, "geometry": {"type": "LineString", "coordinates": [[119.533395, 41.326311], [119.5341248, 41.3267342], [119.5348454, 41.3271088], [119.5355844, 41.3274835], [119.5360925, 41.3277956], [119.536499, 41.3281494], [119.5368131, 41.3285518], [119.5370441, 41.3290444], [119.5371457, 41.3295369], [119.5371642, 41.3299115], [119.537081, 41.3303555], [119.5370164, 41.3314932], [119.5370256, 41.3320135], [119.5371549, 41.3326031], [119.5373397, 41.3330679], [119.5376631, 41.3335188], [119.5379587, 41.3339211], [119.5381989, 41.3341223], [119.5388178, 41.334675]]}}, {"type": "Feature", "properties": {"osmWayId": 696738260, "bridge": "yes", "highway": "trunk", "layer": "1", "name": "京沈线", "ref": "G101", "source": "Maxar Premium Imagery (Beta)", "sourceMembership": "g101-tag"}, "geometry": {"type": "LineString", "coordinates": [[119.4872606, 41.2989323], [119.4881324, 41.2991088]]}}, {"type": "Feature", "properties": {"osmWayId": 696738262, "highway": "trunk", "name": "京沈线", "ref": "G101", "source": "Maxar Premium Imagery (Beta)", "sourceMembership": "g101-tag"}, "geometry": {"type": "LineString", "coordinates": [[119.4854963, 41.2985849], [119.4872606, 41.2989323]]}}, {"type": "Feature", "properties": {"osmWayId": 696738263, "bridge": "yes", "highway": "trunk", "layer": "1", "name": "京沈线", "ref": "G101", "source": "Maxar Premium Imagery (Beta)", "sourceMembership": "g101-tag"}, "geometry": {"type": "LineString", "coordinates": [[119.482962, 41.2981763], [119.4854963, 41.2985849]]}}, {"type": "Feature", "properties": {"osmWayId": 696738264, "highway": "trunk", "name": "京沈线", "ref": "G101", "source": "landsat", "sourceMembership": "g101-tag"}, "geometry": {"type": "LineString", "coordinates": [[119.4555709, 41.2872602], [119.4554261, 41.2872176], [119.4533821, 41.2866155], [119.4528515, 41.2864035], [119.4495224, 41.2851398], [119.4489296, 41.2848556], [119.4471776, 41.2838898], [119.4465939, 41.2836463], [119.4457174, 41.2833492], [119.4451611, 41.2832073], [119.4437191, 41.2829279], [119.4430469, 41.2827532], [119.4424014, 41.2825855], [119.442267, 41.2825506], [119.4415224, 41.2823039], [119.4404932, 41.2818681], [119.4379604, 41.2807954], [119.4366092, 41.2803208], [119.4351441, 41.2798062], [119.4347303, 41.279711], [119.4343663, 41.2796272], [119.433648, 41.2795711], [119.4323728, 41.2795155], [119.4318375, 41.2794921], [119.4309175, 41.2793341]]}}, {"type": "Feature", "properties": {"osmWayId": 696738266, "highway": "trunk", "name": "京沈线", "ref": "G101", "source": "Maxar Premium Imagery (Beta)", "sourceMembership": "g101-tag"}, "geometry": {"type": "LineString", "coordinates": [[119.4682478, 41.2948003], [119.469183, 41.2953762], [119.4694177, 41.2955208], [119.4699664, 41.295835], [119.4707241, 41.2960705], [119.4715864, 41.2962276], [119.4734939, 41.2966143], [119.4812159, 41.2978947], [119.4822764, 41.2980657], [119.482962, 41.2981763]]}}, {"type": "Feature", "properties": {"osmWayId": 740405148, "highway": "trunk", "name": "武烈路", "name:en": "Wulie Road", "name:zh": "武烈路", "oneway": "yes", "ref": "G101", "source": "DigitalGlobe Premium Imagery", "sourceMembership": "g101-tag"}, "geometry": {"type": "LineString", "coordinates": [[117.9494216, 40.9208669], [117.9474532, 40.9165436], [117.9474266, 40.9164867], [117.9467469, 40.9147042], [117.9459814, 40.9124394]]}}, {"type": "Feature", "properties": {"osmWayId": 740405149, "highway": "trunk", "name": "武烈路", "name:en": "Wulie Road", "name:zh": "武烈路", "oneway": "yes", "ref": "G101", "source": "DigitalGlobe Premium Imagery", "sourceMembership": "g101-tag"}, "geometry": {"type": "LineString", "coordinates": [[117.9460941, 40.9124173], [117.9468916, 40.9146572], [117.9475381, 40.916461], [117.9495647, 40.9208338]]}}, {"type": "Feature", "properties": {"osmWayId": 746898616, "bridge": "yes", "highway": "trunk", "layer": "1", "name": "京沈线", "ref": "G101", "source": "landsat", "sourceMembership": "g101-tag"}, "geometry": {"type": "LineString", "coordinates": [[119.6169169, 41.3944741], [119.6156475, 41.3932543]]}}, {"type": "Feature", "properties": {"osmWayId": 746898617, "highway": "trunk", "name": "京沈线", "ref": "G101", "source": "landsat", "sourceMembership": "g101-tag"}, "geometry": {"type": "LineString", "coordinates": [[119.5884395, 41.367759], [119.5877927, 41.3673138], [119.5865167, 41.3663937], [119.5861278, 41.3660849], [119.5856783, 41.3656937], [119.5840821, 41.3641947], [119.5828519, 41.3630394], [119.5800668, 41.3605916], [119.5796921, 41.3602795], [119.5790307, 41.3598267], [119.5786418, 41.359598], [119.5777414, 41.3591397], [119.5772162, 41.3588079], [119.5766762, 41.3584074], [119.5762737, 41.3580439], [119.575922, 41.3576925], [119.575466, 41.3571272], [119.5743489, 41.3556487], [119.5740994, 41.3553732], [119.5710374, 41.3524514], [119.5707746, 41.3522331], [119.5699891, 41.3516905], [119.5696566, 41.3515337], [119.5681762, 41.3510908], [119.5666504, 41.3506344], [119.5651197, 41.35012], [119.5634859, 41.3494382], [119.5627753, 41.3491201], [119.5608918, 41.3482768], [119.5605323, 41.3481103], [119.5601844, 41.3478433], [119.5597043, 41.3473995], [119.558306, 41.3459321], [119.5577774, 41.3454936], [119.5568302, 41.3448727], [119.5562704, 41.3446027], [119.5561461, 41.3445428], [119.5559489, 41.3444779], [119.5550979, 41.344198], [119.5525793, 41.3435778], [119.5524328, 41.3435314], [119.5514801, 41.3432294], [119.5509946, 41.3430039], [119.5480898, 41.3415399], [119.5476499, 41.3412773], [119.5463987, 41.3401514], [119.5461974, 41.3399529], [119.5442768, 41.3380588], [119.5437827, 41.3376516], [119.5420044, 41.336426], [119.5417145, 41.3362496], [119.5402894, 41.3355769], [119.5388178, 41.334675]]}}, {"type": "Feature", "properties": {"osmWayId": 748895121, "highway": "trunk", "name": "京沈线", "ref": "G101", "source": "DigitalGlobe Premium Imagery", "sourceMembership": "g101-tag"}, "geometry": {"type": "LineString", "coordinates": [[118.037996, 40.8602361], [118.0393722, 40.8604022], [118.0402657, 40.8604923], [118.0408294, 40.8604993], [118.0413014, 40.8604681], [118.0417138, 40.860423], [118.0424241, 40.8602671], [118.0428823, 40.8601492], [118.0437713, 40.8597888], [118.0464223, 40.8583799], [118.0469974, 40.8581564], [118.0473846, 40.8580507], [118.0479276, 40.8579606], [118.0504548, 40.8576053], [118.0508168, 40.8575343], [118.0511491, 40.8574407], [118.0514378, 40.8573454], [118.0517883, 40.8571565], [118.0540727, 40.855602], [118.0553924, 40.8549331], [118.0561439, 40.8546038], [118.0570558, 40.8542121], [118.0576012, 40.8539764], [118.0583985, 40.853564], [118.0589117, 40.8532728], [118.0607126, 40.8516021], [118.062761, 40.8499869], [118.0635904, 40.8492971], [118.064122, 40.8487459], [118.0657396, 40.8467597], [118.066372, 40.8459104], [118.0669127, 40.8450403], [118.0673572, 40.8443123], [118.0675267, 40.8439033], [118.0676413, 40.8434561], [118.06782, 40.8421908], [118.0680033, 40.8409427], [118.0682724, 40.8402466], [118.0682874, 40.8402078], [118.0684318, 40.840128], [118.0701994, 40.8399482], [118.0705574, 40.8399118], [118.0708169, 40.8398854], [118.0710925, 40.8398588], [118.0723246, 40.8397398], [118.0727462, 40.8397207], [118.0731448, 40.8397259], [118.0735435, 40.839764], [118.0739743, 40.8398195], [118.0743844, 40.8399079], [118.0744583, 40.8399299], [118.0769758, 40.8406793], [118.0788271, 40.8411715], [118.0805042, 40.8415182], [118.0813317, 40.8416726], [118.0838861, 40.8421492], [118.0855724, 40.842378], [118.0861077, 40.8424139], [118.0863973, 40.8424654], [118.0867767, 40.842554], [118.0871562, 40.842681], [118.0875057, 40.8428356], [118.0875539, 40.8428591], [118.0881356, 40.8431425], [118.0889099, 40.8435264], [118.0892903, 40.8437217], [118.0897751, 40.8439708], [118.0901426, 40.8441595], [118.0908852, 40.8444836], [118.0915406, 40.8446718], [118.0921451, 40.8447652], [118.0927025, 40.8448036], [118.0934214, 40.8448078], [118.0948048, 40.8447583], [118.0958251, 40.8446636], [118.0975026, 40.8444054], [118.0988134, 40.8441911], [118.0992273, 40.8441279], [118.0995977, 40.8441073], [118.1000643, 40.8441032], [118.1004455, 40.8441307], [118.1009666, 40.8441925], [118.1014041, 40.8443092], [118.1026622, 40.8446938], [118.1045757, 40.845342], [118.1057957, 40.8458474], [118.1082975, 40.8470862], [118.1086136, 40.8472353], [118.1103998, 40.8480777], [118.1111405, 40.8483359], [118.1118667, 40.8484897], [118.1126365, 40.8485721], [118.113428, 40.8485199], [118.1142813, 40.8485089], [118.1146771, 40.8485378], [118.1150111, 40.8485817], [118.115396, 40.8486572], [118.1158426, 40.8487685], [118.1163854, 40.8489182], [118.1169246, 40.8491324], [118.1172169, 40.8492656], [118.1176036, 40.8494661], [118.1183334, 40.8498946], [118.1187583, 40.8501116], [118.1193901, 40.8503574], [118.1200963, 40.8505908], [118.1208624, 40.8507845], [118.1217956, 40.8509932], [118.1237726, 40.8514313], [118.124655, 40.8516702], [118.1253339, 40.8518982], [118.1257093, 40.8520573], [118.125904, 40.8521398], [118.1269642, 40.8526507], [118.12727, 40.852807], [118.127636, 40.852994], [118.1286018, 40.8534307], [118.1291573, 40.8536394], [118.1298291, 40.8538673], [118.1306969, 40.8541173], [118.1332567, 40.8547489]]}}, {"type": "Feature", "properties": {"osmWayId": 748895122, "highway": "trunk", "name": "京沈线", "oneway": "yes", "ref": "G101", "source": "DigitalGlobe Premium Imagery", "sourceMembership": "g101-tag"}, "geometry": {"type": "LineString", "coordinates": [[117.9904588, 40.8555891], [117.9909529, 40.8555983], [117.9914893, 40.8556551], [117.992294, 40.855858], [117.993045, 40.8560609], [117.9938067, 40.8562962], [117.9947294, 40.8566614], [117.9956456, 40.8570757], [117.9965962, 40.8574891], [118.0013706, 40.8593148], [118.0028297, 40.8598747], [118.0033661, 40.8600613], [118.0039669, 40.8602317], [118.0049754, 40.8604508], [118.0058659, 40.860605], [118.0062455, 40.8606446], [118.0073465, 40.8606699], [118.0082907, 40.8606375], [118.0091811, 40.8605157], [118.0099322, 40.8603697], [118.0120779, 40.8599315], [118.013419, 40.8596881], [118.0151478, 40.8594363], [118.0166315, 40.8592761], [118.0183548, 40.8591996], [118.0198545, 40.8591729], [118.0215891, 40.8591926], [118.0246507, 40.8592446], [118.0265129, 40.8592763], [118.0311407, 40.8593803], [118.0351244, 40.8597185], [118.037442, 40.8599999], [118.0376175, 40.8600225], [118.037996, 40.8602361]]}}, {"type": "Feature", "properties": {"osmWayId": 748895123, "highway": "trunk", "name": "京沈线", "oneway": "yes", "ref": "G101", "source": "DigitalGlobe Premium Imagery", "sourceMembership": "g101-tag"}, "geometry": {"type": "LineString", "coordinates": [[118.037996, 40.8602361], [118.0374839, 40.8601468], [118.0373133, 40.8601021], [118.0351212, 40.8598764], [118.0329143, 40.8596617], [118.0309938, 40.8595319], [118.0281721, 40.8594101], [118.0246236, 40.8593483], [118.021649, 40.8592965], [118.0190409, 40.8592743], [118.0180754, 40.8592986], [118.0171419, 40.8593392], [118.0161549, 40.8594203], [118.0150713, 40.8595339], [118.0134298, 40.8597773], [118.0117943, 40.8600882], [118.0092356, 40.8605865], [118.0082667, 40.860704], [118.0073061, 40.8607432], [118.0062355, 40.8607442], [118.0055334, 40.86065], [118.0043444, 40.8604242], [118.0034553, 40.8601862], [118.0010815, 40.8593694], [117.9959672, 40.8574286], [117.9954878, 40.8572604], [117.9933087, 40.856448], [117.9910588, 40.8557366], [117.9904588, 40.8555891]]}}, {"type": "Feature", "properties": {"osmWayId": 777196339, "highway": "trunk", "name": "京沈线", "ref": "G101", "source": "bing", "sourceMembership": "g101-tag"}, "geometry": {"type": "LineString", "coordinates": [[118.8635089, 41.0021203], [118.8623567, 41.0022056], [118.8602301, 41.0023399], [118.8589641, 41.0025241], [118.8578107, 41.0027974], [118.8555309, 41.0037366], [118.8522425, 41.0051009], [118.8510569, 41.0055826], [118.8502147, 41.0057972], [118.8493457, 41.0059429], [118.8482781, 41.0060401], [118.8474306, 41.0061736], [118.846679, 41.0064353], [118.8460358, 41.006712], [118.8452933, 41.0071708], [118.8433587, 41.0085238], [118.8428064, 41.0089101], [118.8422325, 41.0095376], [118.8401698, 41.0125148], [118.8385202, 41.0149738], [118.8366481, 41.0182605], [118.8354143, 41.0198066], [118.8347813, 41.0204218], [118.8339122, 41.0213769], [118.832893, 41.0226801], [118.8323029, 41.0235058], [118.8309082, 41.0259016], [118.8304468, 41.0263144], [118.830082, 41.0267272], [118.829728, 41.0270024], [118.8290628, 41.0274071], [118.8279603, 41.0279256], [118.8272281, 41.0281881], [118.8264128, 41.0284592], [118.8255706, 41.0286899], [118.8242938, 41.0289813], [118.8200988, 41.0297016]]}}, {"type": "Feature", "properties": {"osmWayId": 777196340, "bridge": "yes", "highway": "trunk", "layer": "1", "name": "京沈线", "ref": "G101", "source": "bing", "sourceMembership": "g101-tag"}, "geometry": {"type": "LineString", "coordinates": [[118.8639859, 41.0020876], [118.8635089, 41.0021203]]}}, {"type": "Feature", "properties": {"osmWayId": 813066508, "highway": "trunk", "name": "京沈线", "oneway": "yes", "ref": "G101", "sourceMembership": "g101-tag"}, "geometry": {"type": "LineString", "coordinates": [[122.5268133, 42.3685799], [122.5270903, 42.3685361], [122.5273695, 42.3683851], [122.5269587, 42.3687779]]}}, {"type": "Feature", "properties": {"osmWayId": 813081562, "highway": "trunk", "lanes": "2", "name": "京沈线", "ref": "G101", "source": "landsat", "surface": "asphalt", "sourceMembership": "g101-tag"}, "geometry": {"type": "LineString", "coordinates": [[119.7041881, 41.4237546], [119.7048392, 41.4235838], [119.7055533, 41.4234588], [119.7100137, 41.4232823], [119.7107302, 41.423254], [119.7122429, 41.4231816], [119.7127257, 41.4231333], [119.7132429, 41.423011], [119.7136505, 41.4228501], [119.7142599, 41.422546], [119.7152899, 41.4219909], [119.7157191, 41.4218059], [119.7161375, 41.4216771], [119.7166954, 41.4215725], [119.7174056, 41.4215227], [119.7181781, 41.4215307], [119.7197746, 41.4216289], [119.7208153, 41.4216208], [119.7218796, 41.4215307], [119.723049, 41.4213537], [119.7247206, 41.4210174], [119.7257613, 41.4208083], [119.7264715, 41.4207423], [119.7270294, 41.4207745], [119.7275551, 41.420871], [119.7282611, 41.4210335], [119.7293661, 41.4213231], [119.7299047, 41.421402], [119.730557, 41.4213875], [119.7311922, 41.4213054], [119.731675, 41.4211526], [119.7318896, 41.4209354], [119.7319457, 41.4207301], [119.7319754, 41.4206216], [119.7318681, 41.4202193], [119.7308918, 41.4187953], [119.7307416, 41.4185057], [119.7306751, 41.4182498], [119.730718, 41.4180245], [119.7309132, 41.4174678], [119.7312995, 41.4163253], [119.7315656, 41.415812], [119.7320376, 41.4152166], [119.7342692, 41.4131568], [119.7345825, 41.4129299], [119.7349451, 41.4127947], [119.7353979, 41.4127207], [119.7358356, 41.4127223], [119.738078, 41.4127867], [119.73855, 41.4127303], [119.7389062, 41.4126241], [119.7391959, 41.4124471], [119.7395178, 41.4121816], [119.7445689, 41.4072828], [119.7449036, 41.4069513], [119.7453221, 41.4066535], [119.745674, 41.4064459], [119.7462962, 41.4061321], [119.7478948, 41.4054722], [119.7488173, 41.4051791], [119.7491348, 41.4051228], [119.7500128, 41.405024]]}}, {"type": "Feature", "properties": {"osmWayId": 813081563, "bridge": "yes", "highway": "trunk", "layer": "1", "name": "京沈线", "ref": "G101", "source": "landsat", "sourceMembership": "g101-tag"}, "geometry": {"type": "LineString", "coordinates": [[119.6675191, 41.416507], [119.6696685, 41.4174435]]}}, {"type": "Feature", "properties": {"osmWayId": 821799844, "highway": "secondary", "lanes": "2", "maxheight": "4", "name": "京密路", "name:en": "Jingmi Road", "oneway": "yes", "ref": "G101;G111", "sourceMembership": "g101-tag"}, "geometry": {"type": "LineString", "coordinates": [[116.4670395, 39.9746102], [116.4667731, 39.9743624], [116.4662646, 39.9738877], [116.4658981, 39.9735558], [116.4653969, 39.9730998], [116.4630643, 39.9710288], [116.4619661, 39.9700123]]}}, {"type": "Feature", "properties": {"osmWayId": 837999777, "highway": "trunk", "name": "京沈线", "ref": "G101", "source": "landsat", "sourceMembership": "g101-tag"}, "geometry": {"type": "LineString", "coordinates": [[119.6493712, 41.4065333], [119.6455017, 41.4063214], [119.6388925, 41.4062889], [119.6384919, 41.4062857], [119.6374887, 41.4062769], [119.6368115, 41.4062468], [119.6360929, 41.4061953], [119.6352886, 41.4061052], [119.6345504, 41.4059938], [119.6336029, 41.4058101], [119.6315898, 41.4052967], [119.6300879, 41.4048642], [119.629276, 41.4046273], [119.6285746, 41.4043613], [119.6281628, 41.4041346], [119.627543, 41.4037243], [119.627144, 41.4034431], [119.6249176, 41.4015008], [119.6228345, 41.3996043], [119.6227032, 41.399492], [119.617983, 41.3955028], [119.6177299, 41.3952553], [119.6169169, 41.3944741]]}}, {"type": "Feature", "properties": {"osmWayId": 837999779, "highway": "trunk", "name": "京沈线", "ref": "G101", "source": "landsat", "sourceMembership": "g101-tag"}, "geometry": {"type": "LineString", "coordinates": [[119.6512794, 41.4070131], [119.6544987, 41.4087896], [119.6562699, 41.409822], [119.656564, 41.4099934], [119.6583497, 41.4112327], [119.6584362, 41.4112893], [119.6602446, 41.4125808], [119.6611028, 41.4131682], [119.6617073, 41.413513], [119.6624042, 41.413873], [119.6673368, 41.4164214], [119.6675191, 41.416507]]}}, {"type": "Feature", "properties": {"osmWayId": 857963512, "cycleway:right": "lane", "highway": "trunk", "name": "京沈路", "oneway": "yes", "ref": "G101", "sourceMembership": "g101-tag"}, "geometry": {"type": "LineString", "coordinates": [[116.8302849, 40.4016309], [116.8297307, 40.4014139], [116.8292943, 40.4011897], [116.8288276, 40.4008809], [116.8284685, 40.4005506], [116.8278447, 40.3998666], [116.8267359, 40.3985439], [116.8252667, 40.3968376], [116.8241551, 40.3955345]]}}, {"type": "Feature", "properties": {"osmWayId": 857963513, "bridge": "yes", "cycleway:right": "lane", "highway": "trunk", "layer": "1", "name": "京沈路", "oneway": "yes", "ref": "G101", "sourceMembership": "g101-tag"}, "geometry": {"type": "LineString", "coordinates": [[116.8307123, 40.4017764], [116.8302849, 40.4016309]]}}, {"type": "Feature", "properties": {"osmWayId": 857963514, "highway": "trunk", "name": "京沈路", "oneway": "yes", "ref": "G101", "sourceMembership": "g101-tag"}, "geometry": {"type": "LineString", "coordinates": [[116.830723, 40.40165], [116.83084, 40.4016972], [116.8312473, 40.4017674], [116.8317304, 40.4018296], [116.8322546, 40.4018617], [116.8328905, 40.4018654], [116.8337173, 40.4018768], [116.8342759, 40.4018786], [116.8350964, 40.4018039], [116.8357506, 40.4016952], [116.836514, 40.4015298], [116.8376344, 40.4012827]]}}, {"type": "Feature", "properties": {"osmWayId": 857963515, "bridge": "yes", "highway": "trunk", "layer": "1", "name": "京沈路", "oneway": "yes", "ref": "G101", "sourceMembership": "g101-tag"}, "geometry": {"type": "LineString", "coordinates": [[116.8302886, 40.4015064], [116.830723, 40.40165]]}}, {"type": "Feature", "properties": {"osmWayId": 857963516, "cycleway:right": "track", "highway": "trunk", "name": "京沈路", "oneway": "yes", "ref": "G101", "sourceMembership": "g101-tag"}, "geometry": {"type": "LineString", "coordinates": [[116.8414691, 40.4004841], [116.8414195, 40.4004958], [116.8377379, 40.4014052], [116.8366305, 40.4016384], [116.8358338, 40.4018076], [116.8351272, 40.4019283], [116.8344694, 40.40198], [116.8338651, 40.4020031], [116.832245, 40.4019874], [116.8316688, 40.4019532], [116.8312334, 40.4019042], [116.8308128, 40.4018177], [116.8307123, 40.4017764]]}}, {"type": "Feature", "properties": {"osmWayId": 857963517, "bridge": "yes", "cycleway:right": "track", "highway": "trunk", "layer": "1", "name": "京沈路", "oneway": "yes", "ref": "G101", "sourceMembership": "g101-tag"}, "geometry": {"type": "LineString", "coordinates": [[116.8424321, 40.400253], [116.8414691, 40.4004841]]}}, {"type": "Feature", "properties": {"osmWayId": 857963518, "cycleway:right": "lane", "highway": "trunk", "name": "京沈路", "oneway": "yes", "ref": "G101", "sourceMembership": "g101-tag"}, "geometry": {"type": "LineString", "coordinates": [[116.8663467, 40.3925095], [116.8658183, 40.392585], [116.865336, 40.3926869], [116.8645818, 40.3928085], [116.8627493, 40.3930157], [116.8624117, 40.3930539], [116.8606781, 40.3930477], [116.8594416, 40.3930814], [116.8593473, 40.3930877], [116.8591792, 40.3930825], [116.8590769, 40.3930805], [116.8589614, 40.3930951], [116.8581947, 40.393108], [116.8578199, 40.3931425], [116.8571871, 40.393263], [116.8567689, 40.3933713], [116.856653, 40.3934101], [116.8565107, 40.3934577], [116.8558458, 40.3937257], [116.8553106, 40.3940182], [116.8539203, 40.3948378], [116.8536992, 40.3949681], [116.8534726, 40.3950859]]}}, {"type": "Feature", "properties": {"osmWayId": 857963519, "bridge": "yes", "highway": "trunk", "layer": "1", "name": "京沈路", "oneway": "yes", "ref": "G101", "sourceMembership": "g101-tag"}, "geometry": {"type": "LineString", "coordinates": [[116.8668847, 40.3924665], [116.8663467, 40.3925095]]}}, {"type": "Feature", "properties": {"osmWayId": 857963520, "highway": "trunk", "name": "京沈路", "oneway": "yes", "ref": "G101", "sourceMembership": "g101-tag"}, "geometry": {"type": "LineString", "coordinates": [[116.8669035, 40.3923634], [116.8671026, 40.3923517], [116.8677529, 40.3923378], [116.8704949, 40.3923126], [116.8706, 40.3923097], [116.8706755, 40.3923072], [116.8707676, 40.3923062], [116.872771, 40.392295], [116.873413, 40.3922892], [116.8740468, 40.3922373], [116.8745564, 40.3921701], [116.8749118, 40.3921038], [116.875032, 40.3920813], [116.8758591, 40.391927], [116.8766542, 40.391768], [116.8774483, 40.3916135], [116.8784277, 40.3914071], [116.8792848, 40.3911893], [116.8802251, 40.390939], [116.8803308, 40.3909081], [116.8812574, 40.3906663], [116.8822075, 40.3904033], [116.8828152, 40.3902541], [116.8832596, 40.3902009], [116.883779, 40.3902738], [116.8842316, 40.3904816], [116.8849517, 40.3907962], [116.8861806, 40.3913354], [116.8873054, 40.3917155], [116.8877814, 40.3918728], [116.8882681, 40.3919805], [116.8894762, 40.392245], [116.8901663, 40.3923854], [116.8907218, 40.3924554], [116.8912355, 40.3924746], [116.8914938, 40.3924567], [116.8916889, 40.3924451]]}}, {"type": "Feature", "properties": {"osmWayId": 857963521, "bridge": "yes", "highway": "trunk", "layer": "1", "name": "京沈路", "oneway": "yes", "ref": "G101", "sourceMembership": "g101-tag"}, "geometry": {"type": "LineString", "coordinates": [[116.866358, 40.3924131], [116.8669035, 40.3923634]]}}, {"type": "Feature", "properties": {"osmWayId": 911549437, "highway": "trunk", "lanes": "2", "name": "京沈线", "ref": "G101", "source": "landsat", "surface": "asphalt", "sourceMembership": "g101-tag"}, "geometry": {"type": "LineString", "coordinates": [[119.8137123, 41.3787018], [119.8142106, 41.3786434], [119.8174462, 41.3782638], [119.8178324, 41.3781912], [119.818285, 41.3780263], [119.8186996, 41.3778034], [119.8191436, 41.3773728], [119.8197402, 41.3747775], [119.819916, 41.3743655], [119.8201958, 41.3740441], [119.8224186, 41.3726066], [119.8224917, 41.3725593], [119.8231896, 41.3720814], [119.8238357, 41.3717193], [119.8244427, 41.3714718], [119.8249473, 41.3713425], [119.8255855, 41.3712301], [119.8261104, 41.3711947], [119.8272007, 41.3711065], [119.8283608, 41.371032], [119.8290174, 41.3710487], [119.8297609, 41.3711342], [119.8324076, 41.3714251], [119.8367736, 41.3719049], [119.8408759, 41.372388], [119.8410707, 41.3723985], [119.8421282, 41.3724624], [119.8434198, 41.3727142], [119.8450965, 41.3731158], [119.8467753, 41.3734904], [119.8473227, 41.3735055], [119.8484847, 41.3733729], [119.8503474, 41.3731006], [119.8506217, 41.3730717], [119.8510161, 41.3730302], [119.851806, 41.3730431], [119.8529298, 41.3731024], [119.854973, 41.3732359], [119.8563885, 41.3733703], [119.8576269, 41.3735991], [119.8591555, 41.3739437], [119.8609703, 41.3744034], [119.861689, 41.3745995], [119.864226, 41.3753879], [119.8650168, 41.3755929], [119.8655873, 41.3756898], [119.866301, 41.3757266], [119.8671603, 41.3756857], [119.8687362, 41.3755338], [119.8719286, 41.3752696], [119.8726824, 41.3752632], [119.8733699, 41.3753415], [119.8741239, 41.3755272], [119.8806955, 41.3774874], [119.881421, 41.3776396], [119.882385, 41.3777923], [119.8848601, 41.3781602], [119.8866696, 41.3784755], [119.888998, 41.378816], [119.8904656, 41.3790626], [119.89374, 41.3795101], [119.8950231, 41.3796842], [119.8960681, 41.3799342], [119.8972634, 41.3803522], [119.8980139, 41.3805335], [119.898475, 41.3804958], [119.8993947, 41.3801688], [119.9018718, 41.379283], [119.9027668, 41.3790806], [119.9110009, 41.3782576], [119.9116597, 41.3782784], [119.9123818, 41.3784295], [119.9130121, 41.3787213], [119.914091, 41.3793437], [119.9149169, 41.3797375], [119.9174035, 41.3806253], [119.9178291, 41.3807773], [119.9183977, 41.3809803], [119.9187568, 41.3811085], [119.9196037, 41.3814109]]}}, {"type": "Feature", "properties": {"osmWayId": 911549438, "bridge": "yes", "highway": "trunk", "layer": "1", "name": "京沈线", "ref": "G101", "source": "landsat", "sourceMembership": "g101-tag"}, "geometry": {"type": "LineString", "coordinates": [[119.9196037, 41.3814109], [119.9200328, 41.3815641]]}}, {"type": "Feature", "properties": {"osmWayId": 913337288, "highway": "trunk", "name": "京沈线", "ref": "G101", "source": "bing", "sourceMembership": "g101-tag"}, "geometry": {"type": "LineString", "coordinates": [[118.8161005, 41.03078], [118.8157834, 41.0308516], [118.8152749, 41.0309635], [118.8146864, 41.0310548], [118.8142952, 41.031081], [118.8137361, 41.0311205], [118.8129607, 41.0311319], [118.8119688, 41.0310868]]}}, {"type": "Feature", "properties": {"osmWayId": 913337289, "bridge": "yes", "highway": "trunk", "layer": "1", "name": "京沈线", "ref": "G101", "source": "bing", "sourceMembership": "g101-tag"}, "geometry": {"type": "LineString", "coordinates": [[118.8119688, 41.0310868], [118.8114688, 41.0310651]]}}, {"type": "Feature", "properties": {"osmWayId": 913337290, "highway": "trunk", "name": "京沈线", "ref": "G101", "source": "bing", "sourceMembership": "g101-tag"}, "geometry": {"type": "LineString", "coordinates": [[118.8200988, 41.0297016], [118.81918, 41.0299038], [118.8182113, 41.0301529], [118.8169972, 41.0305152]]}}, {"type": "Feature", "properties": {"osmWayId": 913337291, "bridge": "yes", "highway": "trunk", "layer": "1", "name": "京沈线", "ref": "G101", "source": "bing", "sourceMembership": "g101-tag"}, "geometry": {"type": "LineString", "coordinates": [[118.8169972, 41.0305152], [118.8161005, 41.03078]]}}, {"type": "Feature", "properties": {"osmWayId": 932697168, "alt_name": "京密路", "alt_name:zh-Latn-pinyin": "Jingmi Lu", "bicycle": "no", "foot": "no", "highway": "trunk", "lanes": "3", "maxspeed": "70", "name": "京沈路", "oneway": "yes", "ref": "G101;G111", "surface": "asphalt", "sourceMembership": "g101-tag"}, "geometry": {"type": "LineString", "coordinates": [[116.6447593, 40.3076936], [116.6445376, 40.3073299], [116.6437971, 40.3061151], [116.6437207, 40.3059898], [116.6436792, 40.3059217], [116.6436116, 40.3058107], [116.6434976, 40.3056236], [116.6423868, 40.3038015], [116.640477, 40.300681], [116.6402806, 40.3003602], [116.6402093, 40.3002498]]}}, {"type": "Feature", "properties": {"osmWayId": 943522091, "alt_name": "京密路", "alt_name:zh-Latn-pinyin": "Jingmi Lu", "cycleway:right": "lane", "highway": "trunk", "lanes": "3", "lit": "yes", "maxspeed": "70", "name": "京沈路", "oneway": "yes", "ref": "G101;G111", "surface": "asphalt", "sourceMembership": "g101-tag"}, "geometry": {"type": "LineString", "coordinates": [[116.6363893, 40.2857307], [116.6366311, 40.2868704], [116.6368699, 40.2876387], [116.6368964, 40.2878178]]}}, {"type": "Feature", "properties": {"osmWayId": 959538633, "bridge": "yes", "highway": "trunk", "lanes": "2", "layer": "1", "name": "京沈线", "ref": "G101", "surface": "asphalt", "sourceMembership": "g101-tag"}, "geometry": {"type": "LineString", "coordinates": [[122.4890981, 42.3570852], [122.4894122, 42.3569679]]}}, {"type": "Feature", "properties": {"osmWayId": 959538634, "highway": "trunk", "lanes": "2", "name": "京沈线", "ref": "G101;G505", "surface": "asphalt", "sourceMembership": "g101-tag"}, "geometry": {"type": "LineString", "coordinates": [[122.4894122, 42.3569679], [122.4903521, 42.3566405], [122.4908595, 42.3565391], [122.49158, 42.3564237], [122.4923374, 42.3563912], [122.4929619, 42.3564449], [122.4934049, 42.3565042], [122.4938186, 42.3565885], [122.4946368, 42.3568066], [122.4963557, 42.3577497], [122.5049814, 42.3627803]]}}, {"type": "Feature", "properties": {"osmWayId": 959538635, "bridge": "yes", "highway": "trunk", "layer": "1", "name": "京沈线", "ref": "G101;G505", "source": "bing", "sourceMembership": "g101-tag"}, "geometry": {"type": "LineString", "coordinates": [[122.5049814, 42.3627803], [122.5089781, 42.3651779]]}}, {"type": "Feature", "properties": {"osmWayId": 959538636, "highway": "trunk", "name": "京沈线", "ref": "G101;G505", "source": "bing", "sourceMembership": "g101-tag"}, "geometry": {"type": "LineString", "coordinates": [[122.5089781, 42.3651779], [122.5124375, 42.3674845], [122.5161357, 42.3680112], [122.5246898, 42.3690479], [122.5250275, 42.3690888], [122.5255544, 42.3690984], [122.5258744, 42.3691123], [122.526112, 42.3691308]]}}, {"type": "Feature", "properties": {"osmWayId": 986129814, "highway": "trunk", "name": "香河园路", "oneway": "yes", "ref": "G101;G111", "surface": "asphalt", "sourceMembership": "g101-tag"}, "geometry": {"type": "LineString", "coordinates": [[116.4358205, 39.9481402], [116.4364102, 39.9485583], [116.4374832, 39.9493258], [116.4378852, 39.9496215], [116.4383313, 39.9499146], [116.4384538, 39.9499934]]}}, {"type": "Feature", "properties": {"osmWayId": 1010991122, "highway": "trunk", "lanes": "3", "name": "黄河北大街", "oneway": "yes", "ref": "G101", "source": "Yahoo hires", "sourceMembership": "g101-tag"}, "geometry": {"type": "LineString", "coordinates": [[123.4064678, 41.8986299], [123.4060311, 41.8996702], [123.4055222, 41.9007195], [123.405321, 41.9011333], [123.4041206, 41.9033495], [123.4038661, 41.9038023], [123.4038237, 41.9038779], [123.4036845, 41.9040917], [123.4033115, 41.9047675], [123.4032792, 41.904826]]}}, {"type": "Feature", "properties": {"osmWayId": 1010991123, "highway": "trunk", "lanes": "3", "name": "黄河北大街", "oneway": "yes", "ref": "G101", "source": "Yahoo hires", "sourceMembership": "g101-tag"}, "geometry": {"type": "LineString", "coordinates": [[123.4031038, 41.9047717], [123.4031371, 41.9047116], [123.4036674, 41.90383], [123.4037096, 41.9037545], [123.4039579, 41.9032911], [123.4045125, 41.9022816], [123.405173, 41.9010846], [123.4053768, 41.9006742], [123.4058543, 41.8996782], [123.4060794, 41.8991697]]}}, {"type": "Feature", "properties": {"osmWayId": 1010998928, "highway": "trunk", "name": "兴光街", "oneway": "yes", "ref": "G101", "sourceMembership": "g101-tag"}, "geometry": {"type": "LineString", "coordinates": [[123.356154, 42.0356717], [123.3562228, 42.0355922], [123.3565222, 42.0353279], [123.3568101, 42.0350459], [123.3571776, 42.0345764], [123.3573525, 42.0342772], [123.3574925, 42.0339694], [123.3577268, 42.0334336], [123.3577235, 42.0330559]]}}, {"type": "Feature", "properties": {"osmWayId": 1010998929, "highway": "trunk", "name": "兴光街", "oneway": "yes", "ref": "G101", "sourceMembership": "g101-tag"}, "geometry": {"type": "LineString", "coordinates": [[123.3578256, 42.0330585], [123.3578075, 42.0332691], [123.3577878, 42.0335254], [123.3577049, 42.0336847], [123.357566, 42.0340102], [123.3574259, 42.034318], [123.3573176, 42.0345033], [123.3572511, 42.0346171], [123.3568836, 42.0350867], [123.3565957, 42.0353687], [123.3562818, 42.0356265], [123.356154, 42.0356717]]}}, {"type": "Feature", "properties": {"osmWayId": 1010998930, "highway": "trunk", "name": "锡伯大街", "oneway": "yes", "ref": "G101", "sourceMembership": "g101-tag"}, "geometry": {"type": "LineString", "coordinates": [[123.3582313, 42.028144], [123.3582219, 42.0283412], [123.3578256, 42.0330585]]}}, {"type": "Feature", "properties": {"osmWayId": 1010998931, "bridge": "yes", "highway": "trunk", "layer": "1", "name": "锡伯大街", "oneway": "yes", "ref": "G101", "sourceMembership": "g101-tag"}, "geometry": {"type": "LineString", "coordinates": [[123.3582401, 42.0276511], [123.3582313, 42.028144]]}}, {"type": "Feature", "properties": {"osmWayId": 1011005241, "highway": "trunk", "name": "锡伯大街", "oneway": "yes", "ref": "G101", "sourceMembership": "g101-tag"}, "geometry": {"type": "LineString", "coordinates": [[123.3591253, 41.9948725], [123.3591831, 41.9952313], [123.3596793, 41.9983138], [123.3597184, 41.9986226], [123.3597442, 41.998927], [123.3597637, 41.999294], [123.3597507, 41.9996628], [123.3596573, 42.0016147], [123.3594626, 42.0056888], [123.359024, 42.0177282], [123.3589087, 42.0210091], [123.3588197, 42.0218439], [123.3583227, 42.0257005], [123.3582567, 42.0264995], [123.3582401, 42.0276511]]}}, {"type": "Feature", "properties": {"osmWayId": 1019966404, "highway": "trunk", "lanes": "2", "name": "京沈线", "old_ref": "G101", "ref": "G505", "surface": "asphalt", "sourceMembership": "g101-tag"}, "geometry": {"type": "LineString", "coordinates": [[122.9113022, 42.3365253], [122.9048494, 42.3349576], [122.8980127, 42.333275], [122.8922785, 42.3318668], [122.8916048, 42.3316405], [122.8914191, 42.3315544], [122.8912361, 42.3314695]]}}, {"type": "Feature", "properties": {"osmWayId": 1019966405, "bridge": "yes", "highway": "trunk", "lanes": "2", "layer": "1", "name": "京沈线", "old_ref": "G101", "ref": "G505", "surface": "asphalt", "sourceMembership": "g101-tag"}, "geometry": {"type": "LineString", "coordinates": [[122.9114674, 42.3365659], [122.9113022, 42.3365253]]}}, {"type": "Feature", "properties": {"osmWayId": 1028206497, "bridge": "yes", "highway": "trunk", "lanes": "2", "layer": "1", "name": "京沈线", "ref": "G101;G505", "surface": "asphalt", "sourceMembership": "g101-tag"}, "geometry": {"type": "LineString", "coordinates": [[122.125559, 42.4848455], [122.1258594, 42.4849098]]}}, {"type": "Feature", "properties": {"osmWayId": 1028206498, "highway": "trunk", "lanes": "2", "name": "京沈线", "ref": "G101", "surface": "asphalt", "sourceMembership": "g101-tag"}, "geometry": {"type": "LineString", "coordinates": [[122.0710909, 42.4410955], [122.0712876, 42.4415123], [122.071565, 42.4418805], [122.0719808, 42.4421589], [122.072464, 42.4424442], [122.0785076, 42.4454361], [122.0792908, 42.4457753], [122.0825121, 42.4468746], [122.0831645, 42.4471568], [122.0837181, 42.447527], [122.0852858, 42.4488814], [122.0856857, 42.4491265], [122.0861811, 42.4493668], [122.091149, 42.4513583], [122.0919927, 42.4517607], [122.0924202, 42.4520528], [122.0939662, 42.4532624], [122.0959114, 42.4543797], [122.0964146, 42.4546318], [122.0978807, 42.4552295], [122.0984171, 42.4555386], [122.0996434, 42.4565736], [122.1003215, 42.4572373], [122.1014405, 42.4586364], [122.1019678, 42.4591948], [122.1024635, 42.4595759], [122.1030385, 42.4599424], [122.1036742, 42.460198], [122.106645, 42.4611281], [122.107255, 42.4614237], [122.1077533, 42.4617712], [122.1081331, 42.4621206], [122.1084255, 42.4624906], [122.1086642, 42.4630474], [122.1087872, 42.4637065], [122.1088976, 42.4653621], [122.109007, 42.4659367], [122.1091808, 42.4665037], [122.1096899, 42.4675073], [122.1116329, 42.4708774], [122.1121346, 42.4715574], [122.1141237, 42.4738523], [122.1144295, 42.4742474], [122.1185515, 42.4804528], [122.1194221, 42.4823423], [122.1196598, 42.4826198], [122.119906, 42.4827992], [122.1227577, 42.4841993], [122.123078, 42.484313], [122.1248467, 42.4846985]]}}, {"type": "Feature", "properties": {"osmWayId": 1028255344, "highway": "trunk", "name": "京沈线", "note": "old trunk road superceded by expressway", "oneway": "yes", "ref": "G101", "source": "bing", "sourceMembership": "g101-tag"}, "geometry": {"type": "LineString", "coordinates": [[117.3158339, 40.7251651], [117.3147009, 40.7254313], [117.3140894, 40.7255756], [117.3126279, 40.7257242], [117.3116529, 40.7256617], [117.3108852, 40.7255595], [117.3101916, 40.7254073], [117.3096085, 40.7252098], [117.3089321, 40.7249373], [117.3082566, 40.724596], [117.3076371, 40.7241983], [117.3070496, 40.7237585], [117.3063003, 40.7231339], [117.3046094, 40.7206034], [117.3039829, 40.7194911], [117.3034679, 40.7180599], [117.3028928, 40.7158285], [117.3025152, 40.7148006], [117.3019058, 40.7139809], [117.3008758, 40.7131937], [117.2999996, 40.7126006], [117.2995542, 40.7121955]]}}, {"type": "Feature", "properties": {"osmWayId": 1028400047, "highway": "trunk", "name": "京沈线", "ref": "G101;G304;G505", "sourceMembership": "g101-tag"}, "geometry": {"type": "LineString", "coordinates": [[122.544361, 42.3520721], [122.5399323, 42.3542713], [122.5395714, 42.354515], [122.5392571, 42.35479], [122.5390154, 42.3551012], [122.5389048, 42.3552954]]}}, {"type": "Feature", "properties": {"osmWayId": 1028400059, "highway": "trunk", "name": "京沈线", "ref": "G101", "sourceMembership": "g101-tag"}, "geometry": {"type": "LineString", "coordinates": [[122.596302, 42.3342622], [122.5953785, 42.3345162], [122.5888068, 42.3363671], [122.5876291, 42.3366988]]}}, {"type": "Feature", "properties": {"osmWayId": 1053597333, "cycleway:left": "lane", "highway": "trunk", "name": "京密路", "name:en": "Jingshen Highway", "oneway": "yes", "ref": "G101;G111", "sourceMembership": "g101-tag"}, "geometry": {"type": "LineString", "coordinates": [[116.5564029, 40.1074379], [116.5563918, 40.1073744], [116.5563513, 40.1071436], [116.5562699, 40.1067938], [116.5561992, 40.1065958]]}}, {"type": "Feature", "properties": {"osmWayId": 1055624776, "highway": "trunk", "name": "香河园南街", "name:en": "South Xiangheyun Street", "name:zh": "香河园南街", "oneway": "yes", "ref": "G101;G111", "surface": "asphalt", "sourceMembership": "g101-tag"}, "geometry": {"type": "LineString", "coordinates": [[116.4277685, 39.9433912], [116.4278313, 39.943391], [116.4278951, 39.9433907], [116.4296458, 39.9433837], [116.4312004, 39.9433865]]}}, {"type": "Feature", "properties": {"osmWayId": 1063551663, "highway": "trunk", "name": "京沈线", "note": "superceded by G25 expressway", "ref": "G101", "source": "Bing", "sourceMembership": "g101-tag"}, "geometry": {"type": "LineString", "coordinates": [[120.3442547, 41.5378436], [120.3468042, 41.5383438], [120.3545935, 41.5399499], [120.3559183, 41.5403123]]}}, {"type": "Feature", "properties": {"osmWayId": 1066396205, "cycleway:right": "lane", "highway": "trunk", "name": "京沈路", "oneway": "yes", "ref": "G101", "sourceMembership": "g101-tag"}, "geometry": {"type": "LineString", "coordinates": [[116.8376344, 40.4012827], [116.8383388, 40.4011042], [116.8389974, 40.4009479], [116.8414695, 40.4003614]]}}, {"type": "Feature", "properties": {"osmWayId": 1066396208, "bridge": "yes", "cycleway:right": "lane", "highway": "trunk", "layer": "1", "name": "京沈路", "oneway": "yes", "ref": "G101", "sourceMembership": "g101-tag"}, "geometry": {"type": "LineString", "coordinates": [[116.8414695, 40.4003614], [116.8420315, 40.4002281], [116.8424305, 40.4001241]]}}, {"type": "Feature", "properties": {"osmWayId": 1066396215, "bridge": "yes", "cycleway:right": "lane", "highway": "trunk", "layer": "1", "name": "京沈路", "oneway": "yes", "ref": "G101", "sourceMembership": "g101-tag"}, "geometry": {"type": "LineString", "coordinates": [[116.8183625, 40.3889359], [116.8180702, 40.3885947]]}}, {"type": "Feature", "properties": {"osmWayId": 1066396216, "bridge": "yes", "highway": "trunk", "layer": "1", "name": "京沈路", "oneway": "yes", "ref": "G101", "sourceMembership": "g101-tag"}, "geometry": {"type": "LineString", "coordinates": [[116.8182105, 40.3885427], [116.8185085, 40.3888866]]}}, {"type": "Feature", "properties": {"osmWayId": 1069499210, "highway": "secondary", "lanes": "2", "maxheight": "4", "name": "京密路", "name:en": "Jingmi Road", "name:zh": "京密路", "name:zh-Hans": "京密路", "name:zh-Hant": "京密路", "oneway": "yes", "ref": "G101;G111", "sourceMembership": "g101-tag"}, "geometry": {"type": "LineString", "coordinates": [[116.4720785, 39.9789011], [116.4765108, 39.9828708], [116.4766209, 39.9829704]]}}, {"type": "Feature", "properties": {"osmWayId": 1069499211, "highway": "secondary", "lanes": "2", "maxheight": "4", "name": "京密路", "name:en": "Jingmi Road", "oneway": "yes", "ref": "G101;G111", "sourceMembership": "g101-tag"}, "geometry": {"type": "LineString", "coordinates": [[116.4766209, 39.9829704], [116.4767584, 39.9830984]]}}, {"type": "Feature", "properties": {"osmWayId": 1083693400, "highway": "trunk", "int_name": "Xiangheyuan Lu", "name": "香河园路", "oneway": "yes", "ref": "G101;G111", "surface": "asphalt", "sourceMembership": "g101-tag"}, "geometry": {"type": "LineString", "coordinates": [[116.4342632, 39.9470703], [116.4342003, 39.9470135], [116.4339323, 39.9467728], [116.4332176, 39.94613], [116.4327273, 39.945638], [116.4325001, 39.9453948], [116.4321478, 39.945002], [116.4317526, 39.9445398], [116.4315028, 39.9441957], [116.431112, 39.9434557]]}}, {"type": "Feature", "properties": {"osmWayId": 1083693401, "bridge": "yes", "highway": "trunk", "int_name": "Xiangheyuan Lu", "name": "香河园路", "oneway": "yes", "ref": "G101;G111", "surface": "asphalt", "sourceMembership": "g101-tag"}, "geometry": {"type": "LineString", "coordinates": [[116.4346791, 39.9474264], [116.4342632, 39.9470703]]}}, {"type": "Feature", "properties": {"osmWayId": 1092717083, "bridge": "yes", "highway": "trunk", "layer": "1", "name": "京沈线", "ref": "G101;G305", "source": "Bing", "surface": "asphalt", "sourceMembership": "g101-tag"}, "geometry": {"type": "LineString", "coordinates": [[120.8451521, 41.8962709], [120.8457631, 41.8977492]]}}, {"type": "Feature", "properties": {"osmWayId": 1092717084, "highway": "trunk", "lanes": "2", "name": "京沈线", "ref": "G101;G305", "source": "Bing", "surface": "asphalt", "sourceMembership": "g101-tag"}, "geometry": {"type": "LineString", "coordinates": [[120.7797323, 41.8663127], [120.7827575, 41.8680256], [120.7833572, 41.8683088], [120.783822, 41.8685063], [120.7843978, 41.868752], [120.7847288, 41.8688941], [120.7888165, 41.870621], [120.7908748, 41.8714747], [120.791691, 41.8718226], [120.7937418, 41.8726968], [120.7952272, 41.87333], [120.7973956, 41.874212], [120.7977536, 41.8743576], [120.7983688, 41.8746216], [120.7994852, 41.8751008], [120.7998215, 41.8752864], [120.8048545, 41.8775256], [120.8053298, 41.877801], [120.8058643, 41.8782226], [120.8063912, 41.878898], [120.8079963, 41.8811482], [120.8083919, 41.8815737], [120.8089117, 41.8819435], [120.8110729, 41.8831671], [120.8123829, 41.8837989], [120.8142805, 41.8846866], [120.8153401, 41.885219], [120.8162339, 41.8857386], [120.8171882, 41.8862387], [120.8177921, 41.8867029], [120.8179862, 41.8868271], [120.8194114, 41.887685], [120.8201201, 41.8881396], [120.820451, 41.8884625], [120.8208863, 41.8889694], [120.8216737, 41.8897332], [120.8224124, 41.8903506], [120.8256573, 41.8927458], [120.8270338, 41.893665], [120.8275311, 41.8938718], [120.828082, 41.8939289], [120.8286212, 41.8938734], [120.8313318, 41.8932748], [120.8348026, 41.8925082], [120.8354088, 41.8924523], [120.8360219, 41.8925269], [120.843833, 41.8944636], [120.8443673, 41.8947459], [120.8447439, 41.8950478], [120.8451521, 41.8962709]]}}, {"type": "Feature", "properties": {"osmWayId": 1093264628, "highway": "trunk", "name": "京沈线", "note": "old trunk road superceded by expressway", "ref": "G101", "source": "bing", "surface": "asphalt", "sourceMembership": "g101-tag"}, "geometry": {"type": "LineString", "coordinates": [[118.1652192, 40.8463914], [118.1654242, 40.8464817], [118.1675739, 40.8475422], [118.1700129, 40.8488518], [118.1713346, 40.8494133], [118.1740371, 40.8502762], [118.1769026, 40.850949], [118.1779488, 40.8511915], [118.1790165, 40.8513609], [118.1817833, 40.8516304], [118.1830929, 40.8518551], [118.1846002, 40.8523554], [118.1861052, 40.8530079], [118.1866876, 40.8531382], [118.1874323, 40.8531763], [118.1886048, 40.853126], [118.1894205, 40.8531011], [118.190954, 40.8532081], [118.1919523, 40.8533569], [118.1929507, 40.8535752], [118.1937709, 40.8538171], [118.1944921, 40.8540804], [118.1957377, 40.8546568], [118.1963623, 40.8550031], [118.1974057, 40.8557593], [118.1978799, 40.8562005], [118.1995862, 40.8583056], [118.2003508, 40.8590901], [118.2011834, 40.8597092], [118.2023199, 40.8602733], [118.2040816, 40.8608053], [118.2051198, 40.8612366], [118.2060051, 40.8617488], [118.2073056, 40.8626738], [118.2079455, 40.8632647], [118.2091147, 40.8644952], [118.2098851, 40.8651109], [118.2110041, 40.8658605], [118.2146194, 40.8678481], [118.2151272, 40.8680667], [118.2153607, 40.8681521], [118.2162563, 40.8684336], [118.2176947, 40.8686729], [118.2201347, 40.8688092], [118.2215172, 40.8689656], [118.2230677, 40.8692837], [118.2240715, 40.8696037], [118.225252, 40.8701485], [118.2260927, 40.8706862], [118.2274918, 40.8718368], [118.2301197, 40.8740838]]}}, {"type": "Feature", "properties": {"osmWayId": 1093264629, "bridge": "yes", "highway": "trunk", "layer": "1", "name": "京沈线", "note": "old trunk road superceded by expressway", "ref": "G101", "source": "bing", "surface": "asphalt", "sourceMembership": "g101-tag"}, "geometry": {"type": "LineString", "coordinates": [[118.2301197, 40.8740838], [118.2327549, 40.8764066]]}}, {"type": "Feature", "properties": {"osmWayId": 1095496635, "highway": "trunk", "name": "京沈线", "note": "superceded by G25 expressway", "ref": "G101", "source": "Bing", "surface": "asphalt", "sourceMembership": "g101-tag"}, "geometry": {"type": "LineString", "coordinates": [[121.508467, 42.0572585], [121.5100445, 42.0563328], [121.5104607, 42.0561886], [121.5127991, 42.0557608], [121.5132082, 42.055695], [121.5207622, 42.0549642], [121.5227149, 42.0549324], [121.5233598, 42.0549816], [121.5351839, 42.0558833], [121.5358164, 42.0559315], [121.5476747, 42.0569727], [121.5519021, 42.0573439], [121.5545581, 42.0575771], [121.5624545, 42.0581984], [121.564493, 42.0581984], [121.5713045, 42.057461]]}}, {"type": "Feature", "properties": {"osmWayId": 1095496636, "bridge": "yes", "highway": "trunk", "layer": "1", "name": "京沈线", "note": "superceded by G25 expressway", "ref": "G101", "source": "Bing", "surface": "asphalt", "sourceMembership": "g101-tag"}, "geometry": {"type": "LineString", "coordinates": [[121.5072477, 42.0581198], [121.508467, 42.0572585]]}}, {"type": "Feature", "properties": {"osmWayId": 1095673209, "bridge": "yes", "highway": "trunk", "lanes": "2", "layer": "1", "name": "京沈线", "ref": "G101", "source": "landsat", "surface": "asphalt", "sourceMembership": "g101-tag"}, "geometry": {"type": "LineString", "coordinates": [[119.7010385, 41.4245319], [119.7041881, 41.4237546]]}}, {"type": "Feature", "properties": {"osmWayId": 1095673210, "highway": "trunk", "lanes": "2", "name": "京沈线", "ref": "G101", "source": "landsat", "surface": "asphalt", "sourceMembership": "g101-tag"}, "geometry": {"type": "LineString", "coordinates": [[119.6696685, 41.4174435], [119.6698063, 41.4175015], [119.6703179, 41.4177155], [119.6709359, 41.4178833], [119.6723123, 41.4181436], [119.6730523, 41.4183226], [119.6735391, 41.4184982], [119.6741635, 41.4188063], [119.6751334, 41.4193928], [119.6776813, 41.420928], [119.6798123, 41.4222121], [119.6798891, 41.4222584], [119.6825562, 41.4238654], [119.6861202, 41.4263427], [119.6868911, 41.4268224], [119.6902761, 41.4285624], [119.6907836, 41.4287814], [119.6910535, 41.4287886], [119.6913882, 41.4287388], [119.6916757, 41.4286438], [119.6923731, 41.428314], [119.6951519, 41.4269706], [119.6968814, 41.4262691], [119.6994134, 41.4250061], [119.6999606, 41.4248291], [119.7010385, 41.4245319]]}}, {"type": "Feature", "properties": {"osmWayId": 1095673283, "bridge": "yes", "highway": "trunk", "lanes": "2", "layer": "1", "name": "京沈线", "ref": "G101", "source": "landsat", "surface": "asphalt", "sourceMembership": "g101-tag"}, "geometry": {"type": "LineString", "coordinates": [[119.8115665, 41.3789617], [119.8137123, 41.3787018]]}}, {"type": "Feature", "properties": {"osmWayId": 1095673284, "highway": "trunk", "lanes": "2", "name": "京沈线", "ref": "G101", "source": "landsat", "surface": "asphalt", "sourceMembership": "g101-tag"}, "geometry": {"type": "LineString", "coordinates": [[119.799814, 41.3869763], [119.8001979, 41.3864057], [119.8007151, 41.3858165], [119.8030303, 41.3835159], [119.8037781, 41.38301], [119.8053434, 41.382082], [119.8073599, 41.3808865], [119.8095196, 41.3795105], [119.8100894, 41.3792482], [119.8106799, 41.379079], [119.8110085, 41.37903], [119.8115665, 41.3789617]]}}, {"type": "Feature", "properties": {"osmWayId": 1095673485, "bridge": "yes", "highway": "trunk", "lanes": "2", "layer": "1", "name": "京沈线", "ref": "G101", "source": "landsat", "surface": "asphalt", "sourceMembership": "g101-tag"}, "geometry": {"type": "LineString", "coordinates": [[119.7500128, 41.405024], [119.7519748, 41.4048219]]}}, {"type": "Feature", "properties": {"osmWayId": 1095673486, "highway": "trunk", "lanes": "2", "name": "京沈线", "ref": "G101", "source": "landsat", "surface": "asphalt", "sourceMembership": "g101-tag"}, "geometry": {"type": "LineString", "coordinates": [[119.7519748, 41.4048219], [119.7535618, 41.4046134], [119.7542088, 41.4045807], [119.7546473, 41.4045995], [119.7547977, 41.4046022], [119.7557484, 41.4046192], [119.7563513, 41.4046417], [119.7568657, 41.404609], [119.7575744, 41.4044808], [119.758776, 41.4042877], [119.7593854, 41.4041203], [119.7600292, 41.4038467], [119.7604369, 41.4036374], [119.7650417, 41.4013423], [119.7656747, 41.4011491], [119.7666381, 41.4009657], [119.7676595, 41.4008675], [119.7686036, 41.4008111], [119.7695907, 41.400795], [119.7703396, 41.4008449], [119.7707687, 41.4008852], [119.7711571, 41.4008836], [119.7715519, 41.4007967], [119.7746225, 41.4000144], [119.7753714, 41.3997424], [119.7801479, 41.3974552], [119.7820555, 41.3963864], [119.7824653, 41.3961996], [119.7829052, 41.3961031], [119.7834288, 41.3960483], [119.7838794, 41.3960564], [119.7846304, 41.3960242], [119.7852312, 41.3959437], [119.787186, 41.395588], [119.7877203, 41.3954528], [119.7883125, 41.3952097], [119.791381, 41.3935115], [119.7919818, 41.3932619], [119.7958442, 41.3917971], [119.7963785, 41.3915009], [119.7968419, 41.391129], [119.7972067, 41.3907668], [119.797711, 41.3901792], [119.7991804, 41.3879185]]}}, {"type": "Feature", "properties": {"osmWayId": 1096802424, "bridge": "yes", "highway": "trunk", "layer": "1", "name": "京沈线", "ref": "G101", "source": "EOx cloudless Sentinel-2 2018", "surface": "asphalt", "sourceMembership": "g101-tag"}, "geometry": {"type": "LineString", "coordinates": [[119.5012066, 41.3106949], [119.501535, 41.311251], [119.502427, 41.3125867]]}}, {"type": "Feature", "properties": {"osmWayId": 1096802425, "highway": "trunk", "name": "京沈线", "ref": "G101", "source": "EOx cloudless Sentinel-2 2018", "surface": "asphalt", "sourceMembership": "g101-tag"}, "geometry": {"type": "LineString", "coordinates": [[119.4961462, 41.3069257], [119.5001287, 41.3095643], [119.5009027, 41.310235], [119.5012066, 41.3106949]]}}, {"type": "Feature", "properties": {"osmWayId": 1098555180, "bridge": "yes", "highway": "trunk", "layer": "1", "name": "京沈线", "note": "old trunk road superceded by expressway", "oneway": "yes", "ref": "G101", "source": "bing", "sourceMembership": "g101-tag"}, "geometry": {"type": "LineString", "coordinates": [[117.3181895, 40.724663], [117.3158339, 40.7251651]]}}, {"type": "Feature", "properties": {"osmWayId": 1098555181, "highway": "trunk", "name": "京沈线", "note": "old trunk road superceded by expressway", "oneway": "yes", "ref": "G101", "source": "bing", "sourceMembership": "g101-tag"}, "geometry": {"type": "LineString", "coordinates": [[117.323525, 40.724143], [117.321952, 40.7241406], [117.3207231, 40.7242012], [117.3203798, 40.7242195], [117.3195917, 40.7243688], [117.3181895, 40.724663]]}}, {"type": "Feature", "properties": {"osmWayId": 1098555190, "bridge": "yes", "highway": "trunk", "layer": "1", "name": "京沈线", "note": "old trunk road superceded by expressway", "ref": "G101", "source": "bing", "sourceMembership": "g101-tag"}, "geometry": {"type": "LineString", "coordinates": [[117.2995542, 40.7121955], [117.298097, 40.711209], [117.29739, 40.71079], [117.29638, 40.71044], [117.29534, 40.71022], [117.29428, 40.71012], [117.28958, 40.71017], [117.2871, 40.71027], [117.28538, 40.7105], [117.28373, 40.71082], [117.28108, 40.71145], [117.27921, 40.71193], [117.27772, 40.7124], [117.27599, 40.71307], [117.2701332, 40.7156736], [117.2693666, 40.715857], [117.2687497, 40.7159307], [117.2678384, 40.7159744], [117.26725, 40.71594], [117.25739, 40.71371], [117.25611, 40.71339], [117.2551757, 40.7130223], [117.2542528, 40.7125822], [117.2505197, 40.7101505], [117.2498083, 40.7099152], [117.248844, 40.7096436], [117.2478846, 40.7095805], [117.246979, 40.7096813], [117.2463517, 40.7098295], [117.23944, 40.71269], [117.23834, 40.71304], [117.23744, 40.71323], [117.23486, 40.71344], [117.2326082, 40.7133494], [117.2288948, 40.7130744], [117.2253094, 40.71267], [117.2227398, 40.7124514], [117.221704, 40.7123859], [117.2207783, 40.7124965], [117.220107, 40.71256], [117.2192596, 40.7127304], [117.2182434, 40.7129908], [117.2163553, 40.7137205], [117.2158323, 40.7138912], [117.2153154, 40.7140079], [117.2147033, 40.7140708], [117.2140568, 40.7140715], [117.2120322, 40.7139917], [117.2110131, 40.7140313], [117.2102269, 40.7141027], [117.209337, 40.7143326], [117.2085815, 40.7145508], [117.2079668, 40.7147997], [117.2045679, 40.7168631], [117.2034531, 40.7174074], [117.2028346, 40.7176354], [117.2022076, 40.7178015], [117.2013543, 40.7179458], [117.1997852, 40.7181309], [117.1989487, 40.7184933], [117.1986427, 40.7187797], [117.1982054, 40.7191889], [117.1941291, 40.7214858], [117.1934462, 40.7217284], [117.1933077, 40.7217306], [117.1924218, 40.7217446], [117.1905582, 40.7214258]]}}, {"type": "Feature", "properties": {"osmWayId": 1098626790, "bridge": "yes", "highway": "trunk", "layer": "1", "name": "京沈线", "note": "old trunk road superceded by expressway", "ref": "G101", "source": "bing", "sourceMembership": "g101-tag"}, "geometry": {"type": "LineString", "coordinates": [[117.3608261, 40.7972769], [117.3605445, 40.796557]]}}, {"type": "Feature", "properties": {"osmWayId": 1098626791, "highway": "trunk", "name": "京沈线", "note": "old trunk road superceded by expressway", "ref": "G101", "source": "bing", "sourceMembership": "g101-tag"}, "geometry": {"type": "LineString", "coordinates": [[117.3836003, 40.8272283], [117.3836824, 40.8268986], [117.3837248, 40.8267283], [117.3838429, 40.8263965], [117.3841085, 40.8259599], [117.3860925, 40.8227524], [117.3862242, 40.8222487], [117.385848, 40.8216781], [117.3852587, 40.8211048], [117.3833825, 40.8207893], [117.3824329, 40.8207543], [117.3812517, 40.8209646], [117.380302, 40.8208945], [117.3799314, 40.8206316], [117.3797461, 40.8199305], [117.3800472, 40.8188437], [117.3787733, 40.8173538], [117.375299, 40.8156534], [117.370505, 40.8128615], [117.3700791, 40.8124152], [117.3697516, 40.8116839], [117.3699973, 40.8111757], [117.3710291, 40.8107294], [117.3728949, 40.8101496], [117.373354, 40.8097858], [117.3734698, 40.8091196], [117.3730588, 40.8081412], [117.3724043, 40.807317], [117.3720672, 40.8069904], [117.3714048, 40.8065455], [117.3705536, 40.8060014], [117.3699823, 40.8055617], [117.369352, 40.8049376], [117.3677319, 40.8031874], [117.3673088, 40.8028783], [117.366879, 40.8027286], [117.366336, 40.8026854], [117.3646452, 40.802703], [117.3640895, 40.8025743], [117.3636955, 40.8023698], [117.3633599, 40.8020708], [117.3630971, 40.801689], [117.3625461, 40.8007594], [117.3617023, 40.7993135], [117.3613, 40.7985541], [117.3609869, 40.7978017], [117.3608802, 40.7974536], [117.3608261, 40.7972769]]}}, {"type": "Feature", "properties": {"osmWayId": 1099969534, "cycleway:right": "lane", "highway": "secondary", "lanes": "3", "name": "京密路", "name:zh": "京密路", "name:zh-Hans": "京密路", "name:zh-Hant": "京密路", "oneway": "yes", "ref": "G101;G111", "sourceMembership": "g101-tag"}, "geometry": {"type": "LineString", "coordinates": [[116.51322, 40.0180114], [116.5140208, 40.019179], [116.5143118, 40.0195919], [116.514701, 40.0201483], [116.5153336, 40.0210915], [116.516222, 40.0223481], [116.5164564, 40.0226873], [116.5170175, 40.0235225]]}}, {"type": "Feature", "properties": {"osmWayId": 1099974580, "cycleway:right": "lane", "highway": "secondary", "lanes": "3", "name": "京密路", "oneway": "yes", "ref": "G101;G111", "sourceMembership": "g101-tag"}, "geometry": {"type": "LineString", "coordinates": [[116.5274503, 40.0399083], [116.5278188, 40.0405657], [116.5279984, 40.0409318], [116.5280749, 40.0411609], [116.5282408, 40.0417757], [116.5290183, 40.0434404], [116.5294993, 40.0444083], [116.5295327, 40.0444822], [116.5295611, 40.0445439]]}}, {"type": "Feature", "properties": {"osmWayId": 1099974583, "cycleway:right": "lane", "highway": "secondary", "lanes": "3", "name": "京密路", "oneway": "yes", "ref": "G101;G111", "sourceMembership": "g101-tag"}, "geometry": {"type": "LineString", "coordinates": [[116.5240676, 40.0337846], [116.524587, 40.0345728], [116.5252115, 40.0355365], [116.5257062, 40.0362346], [116.5259637, 40.0366672], [116.5260856, 40.0368744], [116.5261366, 40.0369793], [116.5262068, 40.0371228], [116.5263012, 40.0375107], [116.5264431, 40.0378644], [116.5265792, 40.0382689]]}}, {"type": "Feature", "properties": {"osmWayId": 1102080385, "cycleway:right": "lane", "highway": "secondary", "name": "京密路", "name:en": "Jingshen Highway", "oneway": "yes", "ref": "G101;G111", "sourceMembership": "g101-tag"}, "geometry": {"type": "LineString", "coordinates": [[116.5512898, 40.0765293], [116.5514276, 40.0774535]]}}, {"type": "Feature", "properties": {"osmWayId": 1102080386, "cycleway:right": "lane", "highway": "secondary", "name": "京密路", "name:en": "Jingshen Highway", "oneway": "yes", "ref": "G101;G111", "sourceMembership": "g101-tag"}, "geometry": {"type": "LineString", "coordinates": [[116.5492517, 40.0645193], [116.5492597, 40.0645733], [116.5495378, 40.0652868], [116.549565, 40.0653566], [116.5497032, 40.0657719], [116.5498576, 40.0663999], [116.5503498, 40.069076], [116.5505595, 40.070178], [116.5508289, 40.0714892], [116.5512898, 40.0765293]]}}, {"type": "Feature", "properties": {"osmWayId": 1102080392, "cycleway:right": "lane", "highway": "secondary", "name": "京密路", "name:en": "Jingshen Highway", "oneway": "yes", "ref": "G101;G111", "sourceMembership": "g101-tag"}, "geometry": {"type": "LineString", "coordinates": [[116.5400539, 40.0564584], [116.5408409, 40.0568271], [116.5417756, 40.0572964], [116.5423085, 40.0575234], [116.5430081, 40.0578693], [116.5436577, 40.0582028], [116.5443464, 40.0586656], [116.5461151, 40.0601763], [116.547148, 40.0612875], [116.5475348, 40.0617609], [116.5477431, 40.0620241], [116.5480469, 40.0623191], [116.5483199, 40.0627265], [116.5488364, 40.0636356], [116.5490876, 40.0641703], [116.5491046, 40.0642166], [116.5491342, 40.0642846]]}}, {"type": "Feature", "properties": {"osmWayId": 1102605727, "cycleway:right": "lane", "highway": "secondary", "name": "京密路", "name:en": "Jingshen Highway", "oneway": "yes", "ref": "G101;G111", "sourceMembership": "g101-tag"}, "geometry": {"type": "LineString", "coordinates": [[116.5491869, 40.0643783], [116.5492517, 40.0645193]]}}, {"type": "Feature", "properties": {"osmWayId": 1104928971, "highway": "trunk", "name": "香河园路", "oneway": "yes", "ref": "G101;G111", "surface": "asphalt", "sourceMembership": "g101-tag"}, "geometry": {"type": "LineString", "coordinates": [[116.434952, 39.9475361], [116.4358205, 39.9481402]]}}, {"type": "Feature", "properties": {"osmWayId": 1104928972, "highway": "trunk", "name": "香河园路", "oneway": "yes", "ref": "G101;G111", "surface": "asphalt", "sourceMembership": "g101-tag"}, "geometry": {"type": "LineString", "coordinates": [[116.4347375, 39.9473675], [116.4348694, 39.9474741], [116.434952, 39.9475361]]}}, {"type": "Feature", "properties": {"osmWayId": 1119707767, "highway": "trunk", "name": "京沈线", "note": "old trunk road superceded by expressway", "ref": "G101", "source": "bing", "sourceMembership": "g101-tag"}, "geometry": {"type": "LineString", "coordinates": [[118.2393927, 40.887739], [118.2408102, 40.8949292], [118.2415362, 40.8985843], [118.2416328, 40.899517], [118.2418748, 40.9042842], [118.2420083, 40.9058988], [118.2423731, 40.9078692], [118.2427473, 40.909195], [118.2433601, 40.9109503], [118.2450767, 40.9150042], [118.246001, 40.9170471], [118.2464071, 40.9183121], [118.2470938, 40.9211009], [118.248982, 40.9266133], [118.2497974, 40.9281697], [118.2502633, 40.9286558], [118.2515999, 40.9300502], [118.2550331, 40.9330412], [118.2553617, 40.9333136]]}}, {"type": "Feature", "properties": {"osmWayId": 1119707768, "bridge": "yes", "highway": "trunk", "layer": "1", "name": "京沈线", "note": "old trunk road superceded by expressway", "ref": "G101", "source": "bing", "sourceMembership": "g101-tag"}, "geometry": {"type": "LineString", "coordinates": [[118.2553617, 40.9333136], [118.2555605, 40.9334785]]}}, {"type": "Feature", "properties": {"osmWayId": 1120924497, "highway": "trunk", "name": "京沈线", "ref": "G101;G234", "source": "bing", "sourceMembership": "g101-tag"}, "geometry": {"type": "LineString", "coordinates": [[117.142728, 40.5574611], [117.1425699, 40.5566311]]}}, {"type": "Feature", "properties": {"osmWayId": 1126504779, "highway": "secondary", "lanes": "2", "maxheight": "4", "name": "京密路", "name:en": "Jingmi Road", "oneway": "yes", "ref": "G101;G111", "sourceMembership": "g101-tag"}, "geometry": {"type": "LineString", "coordinates": [[116.466468, 39.9738132], [116.4689389, 39.9761136], [116.4701678, 39.9771949], [116.4711307, 39.9780459]]}}, {"type": "Feature", "properties": {"osmWayId": 1138671521, "cycleway:right": "lane", "highway": "trunk", "junction": "roundabout", "name": "枯柳树环岛", "ref": "G101;G111", "sourceMembership": "g101-tag"}, "geometry": {"type": "LineString", "coordinates": [[116.5635326, 40.1170014], [116.5634957, 40.1172129], [116.5634168, 40.1173948]]}}, {"type": "Feature", "properties": {"osmWayId": 1138671522, "alt_name": "京密路", "alt_name:zh-Latn-pinyin": "Jingmi Lu", "cycleway:right": "lane", "highway": "trunk", "maxspeed": "70", "name": "京沈路", "oneway": "yes", "ref": "G101;G111", "surface": "asphalt", "sourceMembership": "g101-tag"}, "geometry": {"type": "LineString", "coordinates": [[116.6324736, 40.2554321], [116.6322246, 40.2563891], [116.6319657, 40.2576578], [116.6317585, 40.2588], [116.6316384, 40.2597985], [116.6315889, 40.2604579], [116.6315369, 40.2611516], [116.6315064, 40.2624981], [116.6315031, 40.2629534], [116.6315104, 40.2631217], [116.6315813, 40.2648445], [116.63162, 40.2653317], [116.6318096, 40.2668388]]}}, {"type": "Feature", "properties": {"osmWayId": 1138671523, "alt_name": "京密路", "alt_name:zh-Latn-pinyin": "Jingmi Lu", "bridge": "yes", "cycleway:right": "lane", "highway": "trunk", "layer": "1", "maxspeed": "70", "name": "京沈路", "oneway": "yes", "ref": "G101;G111", "surface": "asphalt", "sourceMembership": "g101-tag"}, "geometry": {"type": "LineString", "coordinates": [[116.6326259, 40.2548908], [116.6324736, 40.2554321]]}}, {"type": "Feature", "properties": {"osmWayId": 1138671524, "alt_name": "京密路", "alt_name:zh-Latn-pinyin": "Jingmi Lu", "cycleway:right": "lane", "highway": "trunk", "maxspeed": "70", "name": "京沈路", "oneway": "yes", "ref": "G101;G111", "surface": "asphalt", "sourceMembership": "g101-tag"}, "geometry": {"type": "LineString", "coordinates": [[116.631401, 40.2631142], [116.6313921, 40.2625119], [116.6314225, 40.2611474], [116.6314804, 40.260448], [116.6315346, 40.2597925], [116.6316364, 40.25879], [116.6318513, 40.257661], [116.6321109, 40.2563736], [116.6323592, 40.2554135]]}}, {"type": "Feature", "properties": {"osmWayId": 1138671525, "alt_name": "京密路", "alt_name:zh-Latn-pinyin": "Jingmi Lu", "bridge": "yes", "cycleway:right": "lane", "highway": "trunk", "layer": "1", "maxspeed": "70", "name": "京沈路", "oneway": "yes", "ref": "G101;G111", "surface": "asphalt", "sourceMembership": "g101-tag"}, "geometry": {"type": "LineString", "coordinates": [[116.6323592, 40.2554135], [116.6325122, 40.2548636]]}}, {"type": "Feature", "properties": {"osmWayId": 1138671526, "highway": "trunk", "junction": "roundabout", "lanes": "4", "name": "开放环岛", "name:en": "Kaifang Roundabout", "oneway": "yes", "ref": "G101;G111", "surface": "asphalt", "sourceMembership": "g101-tag"}, "geometry": {"type": "LineString", "coordinates": [[116.651742, 40.3181812], [116.6519914, 40.3182899], [116.6521621, 40.3183941]]}}, {"type": "Feature", "properties": {"osmWayId": 1138671527, "highway": "trunk", "junction": "roundabout", "lanes": "3", "name": "开放环岛", "name:en": "Kaifang Roundabout", "oneway": "yes", "ref": "G101;G111", "surface": "asphalt", "sourceMembership": "g101-tag"}, "geometry": {"type": "LineString", "coordinates": [[116.6526394, 40.3189296], [116.652683, 40.3190499], [116.6527232, 40.3192028]]}}, {"type": "Feature", "properties": {"osmWayId": 1138671528, "highway": "trunk", "junction": "roundabout", "lanes": "4", "name": "开放环岛", "name:en": "Kaifang Roundabout", "oneway": "yes", "ref": "G101;G111", "surface": "asphalt", "sourceMembership": "g101-tag"}, "geometry": {"type": "LineString", "coordinates": [[116.6511927, 40.3193885], [116.6511121, 40.3193071]]}}, {"type": "Feature", "properties": {"osmWayId": 1138671529, "alt_name": "京密路", "alt_name:zh-Latn-pinyin": "Jingmi Lu", "highway": "primary", "lanes": "3", "name": "京沈路", "oneway": "yes", "ref": "G101", "sourceMembership": "g101-tag"}, "geometry": {"type": "LineString", "coordinates": [[116.7901555, 40.3540599], [116.7900619, 40.3540192], [116.7899795, 40.3539671], [116.7888525, 40.3534641]]}}, {"type": "Feature", "properties": {"osmWayId": 1138671531, "highway": "trunk", "ref": "G101", "source": "DigitalGlobe Premium Imagery", "sourceMembership": "g101-tag"}, "geometry": {"type": "LineString", "coordinates": [[117.9505931, 40.9560595], [117.9504535, 40.9560397]]}}, {"type": "Feature", "properties": {"osmWayId": 1138671533, "highway": "trunk", "ref": "G101", "source": "DigitalGlobe Premium Imagery", "sourceMembership": "g101-tag"}, "geometry": {"type": "LineString", "coordinates": [[117.9531117, 40.9563885], [117.9534302, 40.956433], [117.953594, 40.9564559]]}}, {"type": "Feature", "properties": {"osmWayId": 1152446910, "alt_name": "京密路", "alt_name:zh-Latn-pinyin": "Jingmi Lu", "cycleway:right": "lane", "highway": "trunk", "lanes": "2", "maxspeed": "70", "name": "京沈路", "oneway": "yes", "ref": "G101", "surface": "asphalt", "sourceMembership": "g101-tag"}, "geometry": {"type": "LineString", "coordinates": [[116.657963, 40.3220588], [116.6583848, 40.3222011], [116.6588799, 40.3223478], [116.659519, 40.3225202], [116.6601109, 40.3226536], [116.6606953, 40.3227673], [116.6633328, 40.3232164]]}}, {"type": "Feature", "properties": {"osmWayId": 1152446912, "alt_name": "京密路", "alt_name:zh-Latn-pinyin": "Jingmi Lu", "cycleway:right": "lane", "highway": "trunk", "lanes": "2", "maxspeed": "70", "name": "京沈路", "oneway": "yes", "ref": "G101", "surface": "asphalt", "sourceMembership": "g101-tag"}, "geometry": {"type": "LineString", "coordinates": [[116.663315, 40.3233072], [116.6606738, 40.3228455], [116.6600827, 40.3227316], [116.6594862, 40.3225971], [116.6588427, 40.3224235], [116.6583957, 40.3222892], [116.6583119, 40.3222636], [116.658, 40.322169]]}}, {"type": "Feature", "properties": {"osmWayId": 1159702402, "highway": "secondary", "lanes": "2", "maxheight": "4", "name": "京密路", "name:en": "Jingmi Road", "oneway": "yes", "ref": "G101;G111", "sourceMembership": "g101-tag"}, "geometry": {"type": "LineString", "coordinates": [[116.4711307, 39.9780459], [116.4720146, 39.9788471]]}}, {"type": "Feature", "properties": {"osmWayId": 1186340477, "highway": "trunk", "name": "京沈线", "ref": "G101", "sourceMembership": "g101-tag"}, "geometry": {"type": "LineString", "coordinates": [[123.088182, 42.3251241], [123.0811038, 42.331203], [123.0736932, 42.3376187], [123.0621974, 42.3475053], [123.0534982, 42.3550197], [123.0512802, 42.3569882], [123.0508714, 42.3572946], [123.050416, 42.3575102], [123.050004, 42.357647], [123.0495727, 42.3577314], [123.0491248, 42.3577699], [123.0486827, 42.3577691], [123.048348, 42.3577227], [123.0479896, 42.3576576], [123.0476743, 42.3575501]]}}, {"type": "Feature", "properties": {"osmWayId": 1186340478, "bridge": "yes", "highway": "trunk", "layer": "1", "name": "京沈线", "ref": "G101", "sourceMembership": "g101-tag"}, "geometry": {"type": "LineString", "coordinates": [[123.0884849, 42.324864], [123.088182, 42.3251241]]}}, {"type": "Feature", "properties": {"osmWayId": 1194000426, "alt_name": "京密路", "alt_name:zh-Latn-pinyin": "Jingmi Lu", "bicycle": "yes", "cycleway:right": "lane", "foot": "yes", "highway": "trunk", "lanes": "3", "maxspeed": "70", "name": "京沈路", "oneway": "yes", "ref": "G101;G111", "surface": "asphalt", "sourceMembership": "g101-tag"}, "geometry": {"type": "LineString", "coordinates": [[116.6387459, 40.2971369], [116.6389705, 40.2976686], [116.6391867, 40.2981225]]}}, {"type": "Feature", "properties": {"osmWayId": 1194000427, "alt_name": "京密路", "alt_name:zh-Latn-pinyin": "Jingmi Lu", "bicycle": "yes", "bridge": "yes", "cycleway:right": "lane", "foot": "yes", "highway": "trunk", "lanes": "3", "layer": "1", "maxspeed": "70", "name": "京沈路", "oneway": "yes", "ref": "G101;G111", "surface": "asphalt", "sourceMembership": "g101-tag"}, "geometry": {"type": "LineString", "coordinates": [[116.6391867, 40.2981225], [116.6392543, 40.2982779]]}}, {"type": "Feature", "properties": {"osmWayId": 1194000428, "alt_name": "京密路", "alt_name:zh-Latn-pinyin": "Jingmi Lu", "bicycle": "no", "foot": "no", "highway": "trunk", "lanes": "3", "maxspeed": "70", "name": "京沈路", "oneway": "yes", "ref": "G101;G111", "surface": "asphalt", "sourceMembership": "g101-tag"}, "geometry": {"type": "LineString", "coordinates": [[116.6390657, 40.2982249], [116.6388858, 40.2978251], [116.638753, 40.2975542], [116.6385572, 40.2970833]]}}, {"type": "Feature", "properties": {"osmWayId": 1194000429, "alt_name": "京密路", "alt_name:zh-Latn-pinyin": "Jingmi Lu", "bicycle": "no", "bridge": "yes", "foot": "no", "highway": "trunk", "lanes": "3", "layer": "1", "maxspeed": "70", "name": "京沈路", "oneway": "yes", "ref": "G101;G111", "surface": "asphalt", "sourceMembership": "g101-tag"}, "geometry": {"type": "LineString", "coordinates": [[116.6391367, 40.2983743], [116.6391103, 40.2983186], [116.6390657, 40.2982249]]}}, {"type": "Feature", "properties": {"osmWayId": 1196100932, "highway": "secondary", "lanes": "2", "name": "京密路", "name:en": "Jingmi Road", "oneway": "yes", "ref": "G101;G111", "sourceMembership": "g101-tag"}, "geometry": {"type": "LineString", "coordinates": [[116.4816713, 39.9879808], [116.4815945, 39.9879054]]}}, {"type": "Feature", "properties": {"osmWayId": 1196696700, "highway": "trunk", "junction": "roundabout", "lanes": "4", "name": "开放环岛", "name:en": "Kaifang Roundabout", "oneway": "yes", "ref": "G101;G111", "surface": "asphalt", "sourceMembership": "g101-tag"}, "geometry": {"type": "LineString", "coordinates": [[116.6511121, 40.3193071], [116.6509892, 40.3191622]]}}, {"type": "Feature", "properties": {"osmWayId": 1196995257, "alt_name": "京密路", "alt_name:zh-Latn-pinyin": "Jingmi Lu", "bicycle": "no", "foot": "no", "highway": "trunk", "lanes": "3", "maxspeed": "70", "name": "京沈路", "oneway": "yes", "ref": "G101;G111", "surface": "asphalt", "sourceMembership": "g101-tag"}, "geometry": {"type": "LineString", "coordinates": [[116.6482617, 40.3135053], [116.6448798, 40.3079094], [116.6447593, 40.3076936]]}}, {"type": "Feature", "properties": {"osmWayId": 1196995276, "alt_name": "京密路", "alt_name:zh-Latn-pinyin": "Jingmi Lu", "bicycle": "no", "foot": "no", "highway": "trunk", "lanes": "3", "maxspeed": "70", "name": "京沈路", "oneway": "yes", "ref": "G101;G111", "surface": "asphalt", "sourceMembership": "g101-tag"}, "geometry": {"type": "LineString", "coordinates": [[116.6403821, 40.3002417], [116.6405115, 40.3004349], [116.6425052, 40.3037931], [116.6435475, 40.3054839], [116.6436255, 40.3056104], [116.6437396, 40.3057955], [116.6438029, 40.3059072], [116.6438439, 40.3059751], [116.644758, 40.3074902], [116.6448785, 40.3076899]]}}, {"type": "Feature", "properties": {"osmWayId": 1197002836, "alt_name": "京密路", "alt_name:zh-Latn-pinyin": "Jingmi Lu", "cycleway:right": "lane", "highway": "trunk", "lanes": "2", "lit": "yes", "maxspeed": "70", "name": "京沈路", "oneway": "yes", "ref": "G101;G111", "surface": "asphalt", "sourceMembership": "g101-tag"}, "geometry": {"type": "LineString", "coordinates": [[116.6367535, 40.2898452], [116.6365839, 40.2895515], [116.6364641, 40.2894533], [116.6363596, 40.2894356], [116.6362435, 40.2893692], [116.636187, 40.2892669], [116.6359233, 40.2880348], [116.6358871, 40.2878766]]}}, {"type": "Feature", "properties": {"osmWayId": 1197002839, "alt_name": "京密路", "alt_name:zh-Latn-pinyin": "Jingmi Lu", "cycleway:right": "lane", "highway": "trunk", "maxspeed": "70", "name": "京沈路", "oneway": "yes", "ref": "G101;G111", "surface": "asphalt", "sourceMembership": "g101-tag"}, "geometry": {"type": "LineString", "coordinates": [[116.6315171, 40.2653328], [116.6314762, 40.2648523], [116.6314629, 40.2645408], [116.6314072, 40.2632386], [116.631401, 40.2631142]]}}, {"type": "Feature", "properties": {"osmWayId": 1197002848, "cycleway:right": "lane", "highway": "trunk", "lanes": "2", "lit": "yes", "maxspeed": "70", "name": "京沈路", "oneway": "yes", "ref": "G101;G111", "surface": "asphalt", "sourceMembership": "g101-tag"}, "geometry": {"type": "LineString", "coordinates": [[116.6318096, 40.2668388], [116.6321973, 40.2676464], [116.6323679, 40.2680689]]}}, {"type": "Feature", "properties": {"osmWayId": 1197002850, "alt_name": "京密路", "alt_name:zh-Latn-pinyin": "Jingmi Lu", "cycleway:right": "lane", "highway": "trunk", "lanes": "2", "lit": "yes", "maxspeed": "70", "name": "京沈路", "oneway": "yes", "ref": "G101;G111", "surface": "asphalt", "sourceMembership": "g101-tag"}, "geometry": {"type": "LineString", "coordinates": [[116.6370083, 40.2883507], [116.6371793, 40.2889853], [116.6371438, 40.2891271], [116.6370672, 40.2893045], [116.6369689, 40.2894689], [116.6369078, 40.2895873], [116.6369001, 40.2898143]]}}, {"type": "Feature", "properties": {"osmWayId": 1197049894, "highway": "trunk", "lanes": "2", "maxheight": "4", "name": "京密路", "name:en": "Jingmi Road", "oneway": "yes", "ref": "G101;G111", "sourceMembership": "g101-tag"}, "geometry": {"type": "LineString", "coordinates": [[116.4518579, 39.9606361], [116.4527917, 39.9614879], [116.4532023, 39.9618599], [116.4569323, 39.9651861]]}}, {"type": "Feature", "properties": {"osmWayId": 1197685515, "highway": "secondary", "lanes": "2", "name": "京密路", "name:en": "Jingmi Road", "oneway": "yes", "ref": "G101;G111", "sourceMembership": "g101-tag"}, "geometry": {"type": "LineString", "coordinates": [[116.481875, 39.9877233], [116.4819654, 39.9878022]]}}, {"type": "Feature", "properties": {"osmWayId": 1197845533, "alt_name": "京密路", "alt_name:zh-Latn-pinyin": "Jingmi Lu", "cycleway:right": "lane", "highway": "trunk", "lanes": "2", "lit": "yes", "maxspeed": "70", "name": "京沈路", "name:zh": "京沈路", "name:zh-Hans": "京沈路", "name:zh-Hant": "京沈路", "oneway": "yes", "ref": "G101;G111", "surface": "asphalt", "sourceMembership": "g101-tag"}, "geometry": {"type": "LineString", "coordinates": [[116.6415796, 40.2244699], [116.6388508, 40.2217398], [116.6387251, 40.2216107], [116.6381229, 40.2210269], [116.6378125, 40.2206859], [116.6375675, 40.2203804], [116.6372196, 40.219858], [116.6369659, 40.2193931], [116.6367076, 40.2188187], [116.6365985, 40.2184721], [116.6365518, 40.2182929], [116.636435, 40.2177953], [116.6363751, 40.2174412], [116.6363492, 40.2171074], [116.6362298, 40.2112135], [116.6362215, 40.2108057], [116.6362206, 40.2107616], [116.6362188, 40.2106682], [116.6362173, 40.2105965]]}}, {"type": "Feature", "properties": {"osmWayId": 1197849260, "alt_name": "京密路", "alt_name:zh-Latn-pinyin": "Jingmi Lu", "cycleway:right": "lane", "highway": "trunk", "lanes": "2", "maxspeed": "70", "name": "京沈路", "oneway": "yes", "ref": "G101", "surface": "asphalt", "sourceMembership": "g101-tag"}, "geometry": {"type": "LineString", "coordinates": [[116.6872312, 40.3266873], [116.6895548, 40.3267274], [116.6898156, 40.3267293]]}}, {"type": "Feature", "properties": {"osmWayId": 1197849266, "alt_name": "京密路", "alt_name:zh-Latn-pinyin": "Jingmi Lu", "cycleway:right": "lane", "highway": "trunk", "lanes": "2", "maxspeed": "70", "name": "京沈路", "oneway": "yes", "ref": "G101", "surface": "asphalt", "sourceMembership": "g101-tag"}, "geometry": {"type": "LineString", "coordinates": [[116.689866, 40.3268197], [116.6873854, 40.3267844]]}}, {"type": "Feature", "properties": {"osmWayId": 1197926028, "cycleway:right": "lane", "highway": "trunk", "name": "京密路", "name:en": "Jingshen Highway", "oneway": "yes", "ref": "G101;G111", "sourceMembership": "g101-tag"}, "geometry": {"type": "LineString", "coordinates": [[116.5564959, 40.1074111], [116.5566895, 40.1080249]]}}, {"type": "Feature", "properties": {"osmWayId": 1197926029, "alt_name": "京密路", "alt_name:zh-Latn-pinyin": "Jingmi Lu", "cycleway:right": "lane", "highway": "trunk", "lanes": "2", "lit": "yes", "maxspeed": "70", "name": "京沈路", "name:zh": "京沈路", "name:zh-Hans": "京沈路", "name:zh-Hant": "京沈路", "oneway": "yes", "ref": "G101;G111", "surface": "asphalt", "sourceMembership": "g101-tag"}, "geometry": {"type": "LineString", "coordinates": [[116.6363531, 40.210512], [116.6363549, 40.2105963], [116.6363562, 40.2106662], [116.6363579, 40.2107574], [116.6363667, 40.2112233], [116.6364776, 40.2171085], [116.6365008, 40.2174318], [116.6365607, 40.2177881], [116.6366422, 40.2181175], [116.6366862, 40.2182953], [116.6368399, 40.2187949], [116.6370848, 40.2193521], [116.6373384, 40.2198194], [116.6376782, 40.2203374], [116.6379214, 40.220636], [116.6382327, 40.2209768], [116.6387387, 40.2214723], [116.6388666, 40.2216099], [116.6416536, 40.2243981]]}}, {"type": "Feature", "properties": {"osmWayId": 1197926031, "alt_name": "京密路", "alt_name:zh-Latn-pinyin": "Jingmi Lu", "cycleway:right": "lane", "highway": "trunk", "lanes": "2", "lit": "yes", "maxspeed": "70", "name": "京沈路", "name:zh": "京沈路", "name:zh-Hans": "京沈路", "name:zh-Hant": "京沈路", "oneway": "yes", "ref": "G101;G111", "surface": "asphalt", "sourceMembership": "g101-tag"}, "geometry": {"type": "LineString", "coordinates": [[116.6363389, 40.209826], [116.6363498, 40.2103497], [116.6363507, 40.2103937], [116.6363523, 40.2104719], [116.6363531, 40.210512]]}}, {"type": "Feature", "properties": {"osmWayId": 1197926036, "alt_name": "京密路", "alt_name:zh-Latn-pinyin": "Jingmi Lu", "cycleway:right": "lane", "highway": "trunk", "lanes": "2", "lit": "yes", "maxspeed": "70", "name": "京沈路", "oneway": "yes", "ref": "G101;G111", "surface": "asphalt", "sourceMembership": "g101-tag"}, "geometry": {"type": "LineString", "coordinates": [[116.6421786, 40.2248997], [116.6426728, 40.2253927], [116.6430192, 40.2257137], [116.6432512, 40.2260078], [116.6434417, 40.2262708], [116.6436543, 40.2266261], [116.6437987, 40.2269519], [116.6439157, 40.2272502], [116.6440037, 40.2275094], [116.6440728, 40.2277737], [116.6441303, 40.2280786], [116.6441711, 40.2284684], [116.6441663, 40.2286515], [116.6441614, 40.2288346], [116.6441244, 40.2292026], [116.6440635, 40.2295922], [116.643952, 40.2300009], [116.6437573, 40.2304931], [116.6435832, 40.2308211], [116.6433615, 40.2312956]]}}, {"type": "Feature", "properties": {"osmWayId": 1201141428, "alt_name": "京密路", "alt_name:zh-Latn-pinyin": "Jingmi Lu", "cycleway:right": "lane", "highway": "trunk", "lanes": "2", "lit": "yes", "maxspeed": "70", "name": "京沈路", "oneway": "yes", "ref": "G101;G111", "surface": "asphalt", "sourceMembership": "g101-tag"}, "geometry": {"type": "LineString", "coordinates": [[116.6368964, 40.2878178], [116.6370083, 40.2883507]]}}, {"type": "Feature", "properties": {"osmWayId": 1201141429, "alt_name": "京密路", "alt_name:zh-Latn-pinyin": "Jingmi Lu", "highway": "trunk", "lanes": "3", "layer": "1", "lit": "yes", "maxspeed": "70", "name": "京沈路", "oneway": "yes", "ref": "G101;G111", "surface": "asphalt", "sourceMembership": "g101-tag"}, "geometry": {"type": "LineString", "coordinates": [[116.6376665, 40.2931719], [116.6378102, 40.2937872]]}}, {"type": "Feature", "properties": {"osmWayId": 1201141434, "alt_name": "京密路", "alt_name:zh-Latn-pinyin": "Jingmi Lu", "cycleway:right": "lane", "highway": "trunk", "lanes": "2", "maxspeed": "70", "name": "京沈路", "oneway": "yes", "ref": "G101", "surface": "asphalt", "sourceMembership": "g101-tag"}, "geometry": {"type": "LineString", "coordinates": [[116.6859362, 40.326753], [116.6847079, 40.3267259], [116.6837452, 40.3266893], [116.6826502, 40.3266116]]}}, {"type": "Feature", "properties": {"osmWayId": 1201141444, "alt_name": "京密路", "alt_name:zh-Latn-pinyin": "Jingmi Lu", "cycleway:right": "lane", "highway": "trunk", "lanes": "2", "maxspeed": "70", "name": "京沈路", "oneway": "yes", "ref": "G101", "surface": "asphalt", "sourceMembership": "g101-tag"}, "geometry": {"type": "LineString", "coordinates": [[116.6771776, 40.3256301], [116.6783927, 40.3258408]]}}, {"type": "Feature", "properties": {"osmWayId": 1201237669, "alt_name": "京密路", "alt_name:zh-Latn-pinyin": "Jingmi Lu", "cycleway:right": "lane", "highway": "trunk", "lanes": "2", "maxspeed": "70", "name": "京沈路", "oneway": "yes", "ref": "G101", "surface": "asphalt", "sourceMembership": "g101-tag"}, "geometry": {"type": "LineString", "coordinates": [[116.6898156, 40.3267293], [116.6901919, 40.3267384], [116.6922123, 40.3267733], [116.6977017, 40.3268593], [116.6979052, 40.3268632], [116.6980011, 40.326865]]}}, {"type": "Feature", "properties": {"osmWayId": 1201237670, "alt_name": "京密路", "alt_name:zh-Latn-pinyin": "Jingmi Lu", "cycleway:right": "lane", "highway": "trunk", "lanes": "2", "maxspeed": "70", "name": "京沈路", "oneway": "yes", "ref": "G101", "surface": "asphalt", "sourceMembership": "g101-tag"}, "geometry": {"type": "LineString", "coordinates": [[116.6980011, 40.326865], [116.6987258, 40.3268754], [116.7103503, 40.3270825], [116.7108078, 40.3270889], [116.7164533, 40.3271878], [116.7188989, 40.3272428], [116.7197412, 40.3272617], [116.7209903, 40.3272846], [116.7213397, 40.3272978], [116.7215573, 40.3272951], [116.7243304, 40.3275334], [116.7255551, 40.327654], [116.725732, 40.3276718]]}}, {"type": "Feature", "properties": {"osmWayId": 1201237681, "alt_name": "京密路", "alt_name:zh-Latn-pinyin": "Jingmi Lu", "cycleway:right": "lane", "highway": "trunk", "lanes": "2", "maxspeed": "70", "name": "京沈路", "oneway": "yes", "ref": "G101", "surface": "asphalt", "sourceMembership": "g101-tag"}, "geometry": {"type": "LineString", "coordinates": [[116.7257191, 40.327756], [116.7253348, 40.3277161], [116.7242898, 40.3276075], [116.7217975, 40.3274114], [116.7214718, 40.3273858], [116.7212507, 40.327385], [116.7206173, 40.3273565], [116.7197365, 40.3273463], [116.7193332, 40.3273365], [116.7164561, 40.3272665], [116.7108315, 40.3271825], [116.7102506, 40.3271666], [116.6981627, 40.3269491], [116.6979885, 40.3269463]]}}, {"type": "Feature", "properties": {"osmWayId": 1201237683, "alt_name": "京密路", "alt_name:zh-Latn-pinyin": "Jingmi Lu", "cycleway:right": "lane", "highway": "trunk", "lanes": "2", "maxspeed": "70", "name": "京沈路", "oneway": "yes", "ref": "G101", "surface": "asphalt", "sourceMembership": "g101-tag"}, "geometry": {"type": "LineString", "coordinates": [[116.6979885, 40.3269463], [116.6973335, 40.3269357], [116.6922113, 40.3268531], [116.6904082, 40.3268274], [116.6899986, 40.3268216], [116.689866, 40.3268197]]}}, {"type": "Feature", "properties": {"osmWayId": 1201248813, "cycleway:right": "lane", "highway": "trunk", "junction": "roundabout", "name": "枯柳树环岛", "ref": "G101;G111", "sourceMembership": "g101-tag"}, "geometry": {"type": "LineString", "coordinates": [[116.5625161, 40.1160109], [116.5628306, 40.1160915]]}}, {"type": "Feature", "properties": {"osmWayId": 1204885408, "alt_name": "京密路", "alt_name:zh-Latn-pinyin": "Jingmi Lu", "cycleway:right": "lane", "highway": "trunk", "lanes": "2", "name": "京沈路", "oneway": "yes", "ref": "G101", "sourceMembership": "g101-tag"}, "geometry": {"type": "LineString", "coordinates": [[116.725732, 40.3276718], [116.7260742, 40.3277062], [116.7278906, 40.3279327], [116.7296447, 40.3281979], [116.7311332, 40.3284531], [116.7324168, 40.3286952], [116.7326005, 40.3287298], [116.7335129, 40.3289292], [116.7344733, 40.329139], [116.7365896, 40.3296527], [116.7385044, 40.3301852], [116.7402795, 40.3307335], [116.7407531, 40.3308902], [116.7420492, 40.331319], [116.7432072, 40.3317489], [116.7433377, 40.3317973], [116.7436271, 40.3319125], [116.743738, 40.3319554]]}}, {"type": "Feature", "properties": {"osmWayId": 1213626568, "cycleway:right": "lane", "highway": "secondary", "name": "京密路", "name:en": "Jingshen Highway", "oneway": "yes", "ref": "G101;G111", "sourceMembership": "g101-tag"}, "geometry": {"type": "LineString", "coordinates": [[116.5488104, 40.0645207], [116.5487459, 40.0644019]]}}, {"type": "Feature", "properties": {"osmWayId": 1213626572, "cycleway:right": "lane", "highway": "secondary", "name": "京密路", "name:en": "Jingshen Highway", "oneway": "yes", "ref": "G101;G111", "sourceMembership": "g101-tag"}, "geometry": {"type": "LineString", "coordinates": [[116.5491342, 40.0642846], [116.5491869, 40.0643783]]}}, {"type": "Feature", "properties": {"osmWayId": 1217331613, "alt_name": "京密路", "alt_name:zh-Latn-pinyin": "Jingmi Lu", "cycleway:right": "lane", "highway": "trunk", "lanes": "2", "name": "京沈路", "oneway": "yes", "ref": "G101", "sourceMembership": "g101-tag"}, "geometry": {"type": "LineString", "coordinates": [[116.7435882, 40.3319806], [116.7432457, 40.3318526], [116.7420085, 40.3313987], [116.7407753, 40.3309881], [116.7402461, 40.3308119], [116.7384727, 40.330262], [116.7365507, 40.3297396], [116.7344439, 40.329221], [116.733175, 40.3289391], [116.732781, 40.3288515], [116.7326481, 40.328822], [116.7311081, 40.3285284], [116.729635, 40.3282763], [116.7278769, 40.3280091], [116.7262052, 40.3278066], [116.7258198, 40.3277665], [116.7257191, 40.327756]]}}, {"type": "Feature", "properties": {"osmWayId": 1217456527, "alt_name": "京密路", "alt_name:zh-Latn-pinyin": "Jingmi Lu", "cycleway:right": "lane", "highway": "trunk", "lanes": "2", "maxspeed": "70", "name": "京沈路", "oneway": "yes", "ref": "G101", "surface": "asphalt", "sourceMembership": "g101-tag"}, "geometry": {"type": "LineString", "coordinates": [[116.6792607, 40.3259943], [116.6802486, 40.3261784]]}}, {"type": "Feature", "properties": {"osmWayId": 1217547449, "alt_name": "京密路", "alt_name:zh-Latn-pinyin": "Jingmi Lu", "cycleway:right": "lane", "highway": "trunk", "lanes": "2", "maxspeed": "70", "name": "京沈路", "oneway": "yes", "ref": "G101", "surface": "asphalt", "sourceMembership": "g101-tag"}, "geometry": {"type": "LineString", "coordinates": [[116.6783731, 40.3259425], [116.6749742, 40.3253494]]}}, {"type": "Feature", "properties": {"osmWayId": 1231380506, "highway": "trunk", "name": "京沈线", "ref": "G101", "source": "bing", "sourceMembership": "g101-tag"}, "geometry": {"type": "LineString", "coordinates": [[117.1007245, 40.5241421], [117.0970575, 40.5215795], [117.0958488, 40.5207348], [117.0949917, 40.5201359], [117.0945507, 40.5198442], [117.0944072, 40.5197586], [117.0943318, 40.5197137], [117.0935454, 40.5192448]]}}, {"type": "Feature", "properties": {"osmWayId": 1231380507, "bridge": "yes", "highway": "trunk", "layer": "1", "name": "京沈线", "ref": "G101", "source": "bing", "sourceMembership": "g101-tag"}, "geometry": {"type": "LineString", "coordinates": [[117.0935454, 40.5192448], [117.093476, 40.5192034]]}}, {"type": "Feature", "properties": {"osmWayId": 1231923225, "highway": "trunk", "name": "京沈线", "note": "old trunk road superceded by expressway", "ref": "G101", "source": "bing", "sourceMembership": "g101-tag"}, "geometry": {"type": "LineString", "coordinates": [[117.1905582, 40.7214258], [117.1875558, 40.720677], [117.1868302, 40.7206609], [117.185443, 40.7207903], [117.1830314, 40.7201918], [117.1825405, 40.7196742], [117.1824356, 40.7191772]]}}, {"type": "Feature", "properties": {"osmWayId": 1231923226, "bridge": "yes", "highway": "trunk", "layer": "1", "name": "京沈线", "note": "old trunk road superceded by expressway", "ref": "G101", "source": "bing", "sourceMembership": "g101-tag"}, "geometry": {"type": "LineString", "coordinates": [[117.1824356, 40.7191772], [117.1824051, 40.7179012]]}}, {"type": "Feature", "properties": {"osmWayId": 1238867658, "highway": "trunk", "name": "京沈线", "ref": "G101", "source": "DigitalGlobe Premium Imagery", "sourceMembership": "g101-tag"}, "geometry": {"type": "LineString", "coordinates": [[118.1414788, 40.8559872], [118.1416279, 40.8559532], [118.1417928, 40.8559189], [118.1420836, 40.8558584], [118.1433944, 40.8555454]]}}, {"type": "Feature", "properties": {"osmWayId": 1238867659, "bridge": "yes", "highway": "trunk", "layer": "1", "name": "京沈线", "ref": "G101", "source": "DigitalGlobe Premium Imagery", "sourceMembership": "g101-tag"}, "geometry": {"type": "LineString", "coordinates": [[118.1413301, 40.856021], [118.1414788, 40.8559872]]}}, {"type": "Feature", "properties": {"osmWayId": 1238867661, "highway": "trunk", "name": "京沈线", "note": "old trunk road superceded by expressway", "ref": "G101", "source": "bing", "surface": "asphalt", "sourceMembership": "g101-tag"}, "geometry": {"type": "LineString", "coordinates": [[118.2327549, 40.8764066], [118.2341652, 40.8776228], [118.2348279, 40.8783229], [118.2355274, 40.879213], [118.2361685, 40.8803024], [118.2375865, 40.8829863], [118.2386795, 40.8850637], [118.2390657, 40.8860018], [118.2392166, 40.8868679], [118.2392233, 40.8869009], [118.2392432, 40.8869996]]}}, {"type": "Feature", "properties": {"osmWayId": 1238867662, "bridge": "yes", "highway": "trunk", "layer": "1", "name": "京沈线", "note": "old trunk road superceded by expressway", "ref": "G101", "source": "bing", "sourceMembership": "g101-tag"}, "geometry": {"type": "LineString", "coordinates": [[118.2392432, 40.8869996], [118.2393927, 40.887739]]}}, {"type": "Feature", "properties": {"osmWayId": 1246467022, "highway": "trunk", "name": "京沈线", "note": "old trunk road superceded by expressway", "ref": "G101", "source": "bing", "sourceMembership": "g101-tag"}, "geometry": {"type": "LineString", "coordinates": [[117.6547662, 40.8949691], [117.6538323, 40.8949781], [117.6522903, 40.8950158], [117.6508272, 40.8950566], [117.6500583, 40.8950566], [117.6498425, 40.89504], [117.6486317, 40.8949728], [117.6475975, 40.894843], [117.6469666, 40.8947069], [117.646159, 40.8944402], [117.6453184, 40.8940342], [117.6440419, 40.8936635], [117.6417302, 40.8931398], [117.640298, 40.8927809], [117.6393017, 40.8925397], [117.6380097, 40.8922808], [117.6370757, 40.8922337], [117.6360716, 40.8922161], [117.6349352, 40.8923691], [117.6337771, 40.8926406], [117.6326816, 40.8929792], [117.6317359, 40.8931912], [117.6266308, 40.8942007], [117.6257708, 40.8942663], [117.6249456, 40.8942335], [117.6223745, 40.8938264], [117.6216506, 40.8936173], [117.618848, 40.8926193], [117.6168329, 40.8918314], [117.6152579, 40.8916213], [117.6098509, 40.8917587], [117.6082786, 40.8916597], [117.6046755, 40.8895921], [117.599238, 40.8876729], [117.596771, 40.8869037]]}}, {"type": "Feature", "properties": {"osmWayId": 1246467023, "bridge": "yes", "highway": "trunk", "layer": "1", "name": "京沈线", "note": "old trunk road superceded by expressway", "ref": "G101", "source": "bing", "sourceMembership": "g101-tag"}, "geometry": {"type": "LineString", "coordinates": [[117.596771, 40.8869037], [117.5966432, 40.8868638]]}}, {"type": "Feature", "properties": {"osmWayId": 1246467024, "highway": "trunk", "name": "京沈线", "note": "old trunk road superceded by expressway", "ref": "G101", "source": "bing", "sourceMembership": "g101-tag"}, "geometry": {"type": "LineString", "coordinates": [[117.5966432, 40.8868638], [117.5908198, 40.885048], [117.5896569, 40.8839336], [117.5886087, 40.8818533], [117.5874623, 40.8811846], [117.5846528, 40.8804113], [117.583564, 40.8801348]]}}, {"type": "Feature", "properties": {"osmWayId": 1246467025, "bridge": "yes", "highway": "trunk", "layer": "1", "name": "京沈线", "note": "old trunk road superceded by expressway", "ref": "G101", "source": "bing", "sourceMembership": "g101-tag"}, "geometry": {"type": "LineString", "coordinates": [[117.5802249, 40.8792868], [117.5801214, 40.8792606]]}}, {"type": "Feature", "properties": {"osmWayId": 1246467026, "highway": "trunk", "name": "京沈线", "note": "old trunk road superceded by expressway", "ref": "G101", "source": "bing", "sourceMembership": "g101-tag"}, "geometry": {"type": "LineString", "coordinates": [[117.583456, 40.8801074], [117.5802249, 40.8792868]]}}, {"type": "Feature", "properties": {"osmWayId": 1246467027, "bridge": "yes", "highway": "trunk", "layer": "1", "name": "京沈线", "note": "old trunk road superceded by expressway", "ref": "G101", "source": "bing", "sourceMembership": "g101-tag"}, "geometry": {"type": "LineString", "coordinates": [[117.583564, 40.8801348], [117.583456, 40.8801074]]}}, {"type": "Feature", "properties": {"osmWayId": 1249055938, "alt_name": "京密路", "alt_name:zh-Latn-pinyin": "Jingmi Lu", "cycleway:right": "lane", "highway": "trunk", "lanes": "2", "name": "京沈路", "oneway": "yes", "ref": "G101", "sourceMembership": "g101-tag"}, "geometry": {"type": "LineString", "coordinates": [[116.743738, 40.3319554], [116.7454222, 40.3326071], [116.7470633, 40.3333062], [116.7481279, 40.3337894], [116.7488255, 40.3341162], [116.75055, 40.3349332], [116.7507683, 40.3350366], [116.750954, 40.3351243]]}}, {"type": "Feature", "properties": {"osmWayId": 1249055944, "cycleway:right": "lane", "highway": "trunk", "name": "京沈路", "oneway": "yes", "ref": "G101", "sourceMembership": "g101-tag"}, "geometry": {"type": "LineString", "coordinates": [[116.8534726, 40.3950859], [116.8529412, 40.3953902], [116.852459, 40.3956634], [116.8506362, 40.3966959], [116.8504614, 40.3967949], [116.8485025, 40.3978611], [116.8478133, 40.39827], [116.8473143, 40.398583], [116.8463103, 40.3991568], [116.8460092, 40.3992987], [116.8456843, 40.3994315], [116.8453258, 40.3995498], [116.8435789, 40.3999564], [116.8431502, 40.4000562], [116.8431054, 40.4000687], [116.8428803, 40.4001244]]}}, {"type": "Feature", "properties": {"osmWayId": 1249055945, "cycleway:right": "lane", "highway": "trunk", "name": "京沈路", "oneway": "yes", "ref": "G101", "sourceMembership": "g101-tag"}, "geometry": {"type": "LineString", "coordinates": [[116.8428803, 40.4001244], [116.8425991, 40.4002052], [116.8424757, 40.4002371], [116.8424321, 40.400253]]}}, {"type": "Feature", "properties": {"osmWayId": 1252678655, "cycleway:right": "lane", "highway": "trunk", "name": "京密路", "name:en": "Jingshen Highway", "oneway": "yes", "ref": "G101;G111", "sourceMembership": "g101-tag"}, "geometry": {"type": "LineString", "coordinates": [[116.5592931, 40.1133572], [116.5593813, 40.1134971], [116.5597514, 40.1140119], [116.5602022, 40.1146075], [116.5604989, 40.1149808], [116.5607726, 40.1152925], [116.5609778, 40.1154904], [116.5611652, 40.11562], [116.5614121, 40.1157383], [116.5616768, 40.115818], [116.5620022, 40.1158953], [116.5625161, 40.1160109]]}}, {"type": "Feature", "properties": {"osmWayId": 1252678656, "cycleway:right": "lane", "highway": "trunk", "name": "京密路", "name:en": "Jingshen Highway", "oneway": "yes", "ref": "G101;G111", "sourceMembership": "g101-tag"}, "geometry": {"type": "LineString", "coordinates": [[116.5611154, 40.1165055], [116.5611194, 40.1162357], [116.5610658, 40.1159536], [116.5609708, 40.1157131], [116.5608082, 40.1154732], [116.5603903, 40.1149937], [116.5600863, 40.1146131], [116.5596418, 40.114045], [116.559285, 40.113528]]}}, {"type": "Feature", "properties": {"osmWayId": 1258920739, "cycleway:right": "lane", "highway": "secondary", "lanes": "3", "name": "京密路", "oneway": "yes", "ref": "G101;G111", "sourceMembership": "g101-tag"}, "geometry": {"type": "LineString", "coordinates": [[116.5240088, 40.0337003], [116.5240676, 40.0337846]]}}, {"type": "Feature", "properties": {"osmWayId": 1260396359, "highway": "trunk", "name": "京沈线", "ref": "G101;G305", "source": "Bing", "sourceMembership": "g101-tag"}, "geometry": {"type": "LineString", "coordinates": [[120.982442, 41.8780681], [120.9833597, 41.8781216], [120.9837755, 41.8782127], [120.984151, 41.8783821], [120.9844734, 41.8786636], [120.9894706, 41.8834423]]}}, {"type": "Feature", "properties": {"osmWayId": 1260396360, "bridge": "yes", "highway": "trunk", "layer": "1", "name": "京沈线", "ref": "G101;G305", "source": "Bing", "sourceMembership": "g101-tag"}, "geometry": {"type": "LineString", "coordinates": [[120.9743791, 41.8775976], [120.982442, 41.8780681]]}}, {"type": "Feature", "properties": {"osmWayId": 1272213135, "highway": "trunk", "lanes": "2", "maxheight": "4", "name": "京密路", "name:en": "Jingmi Road", "oneway": "yes", "ref": "G101;G111", "sourceMembership": "g101-tag"}, "geometry": {"type": "LineString", "coordinates": [[116.4538219, 39.9625699], [116.4537555, 39.9625118], [116.4531183, 39.9619119], [116.4522691, 39.9611321], [116.4512871, 39.9602317], [116.4511749, 39.9601311], [116.4511233, 39.9600849], [116.4504563, 39.959543], [116.4501752, 39.9593557], [116.4498415, 39.9591388], [116.4493699, 39.9588795]]}}, {"type": "Feature", "properties": {"osmWayId": 1272213136, "highway": "trunk", "lanes": "2", "maxheight": "4", "name": "京密路", "name:en": "Jingmi Road", "oneway": "yes", "ref": "G101;G111", "sourceMembership": "g101-tag"}, "geometry": {"type": "LineString", "coordinates": [[116.4541653, 39.962894], [116.453985, 39.9627275], [116.4539152, 39.9626596]]}}, {"type": "Feature", "properties": {"osmWayId": 1272217937, "highway": "trunk", "lanes": "2", "maxheight": "4", "name": "京密路", "name:en": "Jingmi Road", "oneway": "yes", "ref": "G101;G111", "sourceMembership": "g101-tag"}, "geometry": {"type": "LineString", "coordinates": [[116.4564818, 39.9649208], [116.4541653, 39.962894]]}}, {"type": "Feature", "properties": {"osmWayId": 1272466977, "alt_name": "京密路", "alt_name:zh-Latn-pinyin": "Jingmi Lu", "cycleway:right": "lane", "highway": "trunk", "lanes": "2", "lit": "yes", "maxspeed": "70", "name": "京沈路", "oneway": "yes", "ref": "G101;G111", "surface": "asphalt", "sourceMembership": "g101-tag"}, "geometry": {"type": "LineString", "coordinates": [[116.6323846, 40.1655112], [116.6328004, 40.1660797], [116.6333993, 40.1669898], [116.6341241, 40.1682418], [116.6343772, 40.1687331]]}}, {"type": "Feature", "properties": {"osmWayId": 1272466978, "alt_name": "京密路", "alt_name:zh-Latn-pinyin": "Jingmi Lu", "cycleway:right": "lane", "highway": "trunk", "lanes": "2", "lit": "yes", "maxspeed": "70", "name": "京沈路", "oneway": "yes", "ref": "G101;G111", "surface": "asphalt", "sourceMembership": "g101-tag"}, "geometry": {"type": "LineString", "coordinates": [[116.6342433, 40.1687429], [116.6339923, 40.1682589], [116.633272, 40.1670078], [116.6326909, 40.1661258], [116.6322593, 40.1655819]]}}, {"type": "Feature", "properties": {"osmWayId": 1272471574, "cycleway:left": "lane", "highway": "trunk", "name": "京密路", "name:en": "Jingshen Highway", "oneway": "yes", "ref": "G101;G111", "sourceMembership": "g101-tag"}, "geometry": {"type": "LineString", "coordinates": [[116.5566311, 40.1080959], [116.5564693, 40.1076052], [116.5564029, 40.1074379]]}}, {"type": "Feature", "properties": {"osmWayId": 1280165952, "cycleway:right": "lane", "highway": "trunk", "name": "京密路", "name:en": "Jingshen Highway", "oneway": "yes", "ref": "G101;G111", "sourceMembership": "g101-tag"}, "geometry": {"type": "LineString", "coordinates": [[116.5552759, 40.1009289], [116.5556676, 40.1032283], [116.5559987, 40.1051466], [116.556148, 40.1059156], [116.5563086, 40.1065822], [116.5563275, 40.1067838], [116.5564128, 40.1070843], [116.5564959, 40.1074111]]}}, {"type": "Feature", "properties": {"osmWayId": 1280170370, "cycleway:right": "lane", "highway": "trunk", "name": "京密路", "name:en": "Jingshen Highway", "oneway": "yes", "ref": "G101;G111", "sourceMembership": "g101-tag"}, "geometry": {"type": "LineString", "coordinates": [[116.5561992, 40.1065958], [116.55605, 40.1059281], [116.5559028, 40.1051527], [116.555243, 40.1014025], [116.5551719, 40.1009768], [116.555158, 40.1008968], [116.555084, 40.1005035]]}}, {"type": "Feature", "properties": {"osmWayId": 1282232588, "highway": "trunk", "name": "京沈线", "note": "old trunk road superceded by expressway", "ref": "G101", "source": "bing", "sourceMembership": "g101-tag"}, "geometry": {"type": "LineString", "coordinates": [[117.4228467, 40.8512296], [117.4225211, 40.8511451], [117.4213284, 40.8508947], [117.4181062, 40.8503907], [117.4155565, 40.8501962], [117.4131525, 40.8498828], [117.4070267, 40.8491561], [117.4048966, 40.8488267], [117.4042876, 40.8486977], [117.4032726, 40.8482843], [117.4022361, 40.8476229], [117.401678, 40.8473245], [117.3996624, 40.8466775], [117.3974258, 40.846038], [117.3953663, 40.8455535], [117.3944724, 40.8454073], [117.3934444, 40.8453243], [117.3923868, 40.8453263], [117.3920509, 40.8452562], [117.3915946, 40.8450631], [117.3913084, 40.8447639], [117.3911301, 40.8444173], [117.3909276, 40.8421373], [117.3909004, 40.8415302], [117.3907826, 40.841049], [117.3905023, 40.8406321], [117.3900706, 40.8401836], [117.389341, 40.8396151], [117.3885535, 40.8389307], [117.3882764, 40.838536], [117.3880208, 40.8378004], [117.3876442, 40.8362671], [117.3865847, 40.8346899], [117.3864226, 40.8337787], [117.3864966, 40.8328659], [117.3864452, 40.8326105], [117.3861274, 40.8321474], [117.3855257, 40.8315044], [117.384929, 40.830401]]}}, {"type": "Feature", "properties": {"osmWayId": 1282232589, "bridge": "yes", "highway": "trunk", "layer": "1", "name": "京沈线", "note": "old trunk road superceded by expressway", "ref": "G101", "source": "bing", "sourceMembership": "g101-tag"}, "geometry": {"type": "LineString", "coordinates": [[117.4240527, 40.851543], [117.4228467, 40.8512296]]}}, {"type": "Feature", "properties": {"osmWayId": 1284439647, "cycleway:right": "lane", "highway": "trunk", "name": "京沈路", "oneway": "yes", "ref": "G101", "sourceMembership": "g101-tag"}, "geometry": {"type": "LineString", "coordinates": [[116.8424305, 40.4001241], [116.8424693, 40.4001154], [116.842485, 40.400106], [116.8426033, 40.4000756]]}}, {"type": "Feature", "properties": {"osmWayId": 1284439648, "cycleway:right": "lane", "highway": "trunk", "name": "京沈路", "oneway": "yes", "ref": "G101", "sourceMembership": "g101-tag"}, "geometry": {"type": "LineString", "coordinates": [[116.8529119, 40.3952541], [116.8530035, 40.3952105], [116.8533516, 40.394997]]}}, {"type": "Feature", "properties": {"osmWayId": 1284439658, "alt_name": "京密路", "alt_name:zh-Latn-pinyin": "Jingmi Lu", "cycleway:right": "lane", "highway": "trunk", "lanes": "2", "name": "京沈路", "oneway": "yes", "ref": "G101", "sourceMembership": "g101-tag"}, "geometry": {"type": "LineString", "coordinates": [[116.7506871, 40.3351209], [116.7487735, 40.334181], [116.7480829, 40.3338509], [116.7470197, 40.3333843], [116.7453694, 40.3326855], [116.7441779, 40.3322098], [116.7437191, 40.3320315], [116.7435882, 40.3319806]]}}, {"type": "Feature", "properties": {"osmWayId": 1286952746, "highway": "trunk", "name": "京沈线", "ref": "G101", "source": "landsat", "sourceMembership": "g101-tag"}, "geometry": {"type": "LineString", "coordinates": [[119.4682478, 41.2948003], [119.4672566, 41.2937841], [119.4669921, 41.2933742], [119.4668044, 41.2928603], [119.4664696, 41.2919325], [119.4664375, 41.291521], [119.4664523, 41.291149], [119.4664144, 41.2907072], [119.4659225, 41.2888502], [119.4657149, 41.2884693], [119.4654628, 41.2881541], [119.4650845, 41.2878425], [119.4645266, 41.2875209], [119.4640041, 41.2873052], [119.4632263, 41.286984], [119.4627768, 41.2868679], [119.4622264, 41.2868417], [119.4617211, 41.2868711], [119.4575556, 41.2875233], [119.4570674, 41.287562], [119.4568641, 41.2875427], [119.4566211, 41.2875197], [119.4561313, 41.2874253], [119.4559159, 41.2873618]]}}, {"type": "Feature", "properties": {"osmWayId": 1286952747, "bridge": "yes", "highway": "trunk", "layer": "1", "name": "京沈线", "ref": "G101", "source": "landsat", "sourceMembership": "g101-tag"}, "geometry": {"type": "LineString", "coordinates": [[119.4559159, 41.2873618], [119.4555709, 41.2872602]]}}, {"type": "Feature", "properties": {"osmWayId": 1287101569, "highway": "trunk", "lanes": "2", "maxheight": "4", "name": "香河园路", "name:en": "Xiangheyuan Road", "oneway": "yes", "ref": "G101;G111", "surface": "asphalt", "sourceMembership": "g101-tag"}, "geometry": {"type": "LineString", "coordinates": [[116.4429815, 39.9535448], [116.4419518, 39.952672], [116.4414973, 39.952335], [116.4401542, 39.951339]]}}, {"type": "Feature", "properties": {"osmWayId": 1287101570, "highway": "trunk", "lanes": "2", "maxheight": "4", "name": "香河园路", "name:en": "Xiangheyuan Road", "oneway": "yes", "ref": "G101;G111", "surface": "asphalt", "sourceMembership": "g101-tag"}, "geometry": {"type": "LineString", "coordinates": [[116.4396415, 39.9508045], [116.4398138, 39.9509306], [116.4399498, 39.95103]]}}, {"type": "Feature", "properties": {"osmWayId": 1290749901, "highway": "trunk", "name": "京沈线", "ref": "G101", "source": "landsat", "sourceMembership": "g101-tag"}, "geometry": {"type": "LineString", "coordinates": [[119.6156475, 41.3932543], [119.6146485, 41.3923311], [119.6122651, 41.3900039], [119.611531, 41.3891747], [119.6112962, 41.3883437], [119.6107942, 41.3871029], [119.6104249, 41.3862897], [119.6099896, 41.3853099], [119.6092422, 41.3827064], [119.6087186, 41.3814528], [119.608079, 41.3803912], [119.6072537, 41.3794405], [119.60523, 41.3774616], [119.6047729, 41.3770945], [119.6037832, 41.3764829], [119.6012874, 41.3749406], [119.6000193, 41.3742114], [119.5986832, 41.373443], [119.5939921, 41.37121], [119.593548, 41.371039], [119.5928752, 41.37078], [119.5923645, 41.3705208], [119.5919654, 41.3702494], [119.5894709, 41.3684688], [119.5892682, 41.3683293]]}}, {"type": "Feature", "properties": {"osmWayId": 1290749902, "bridge": "yes", "highway": "trunk", "layer": "1", "name": "京沈线", "ref": "G101", "source": "landsat", "sourceMembership": "g101-tag"}, "geometry": {"type": "LineString", "coordinates": [[119.5892682, 41.3683293], [119.5884395, 41.367759]]}}, {"type": "Feature", "properties": {"osmWayId": 1290772747, "highway": "trunk", "lanes": "2", "name": "京沈线", "note": "superceded by bypass", "oneway": "yes", "ref": "G101", "source": "Bing", "sourceMembership": "g101-tag"}, "geometry": {"type": "LineString", "coordinates": [[120.5498017, 41.6639727], [120.5496177, 41.6637199], [120.5481948, 41.6617608], [120.5478089, 41.6611498], [120.5474618, 41.6604789], [120.5461818, 41.6572629], [120.5433464, 41.6501392], [120.5426266, 41.6483307], [120.5422301, 41.647488], [120.5416146, 41.646667], [120.5407863, 41.6458759], [120.5398548, 41.6451533], [120.5390255, 41.6445509], [120.5389524, 41.6444946]]}}, {"type": "Feature", "properties": {"osmWayId": 1290772748, "bridge": "yes", "highway": "trunk", "lanes": "2", "layer": "1", "name": "京沈线", "note": "superceded by bypass", "oneway": "yes", "ref": "G101", "source": "Bing", "sourceMembership": "g101-tag"}, "geometry": {"type": "LineString", "coordinates": [[120.5510741, 41.665721], [120.5498017, 41.6639727]]}}, {"type": "Feature", "properties": {"osmWayId": 1290772749, "highway": "trunk", "lanes": "2", "name": "京沈线", "note": "superceded by bypass", "oneway": "yes", "ref": "G101", "source": "Bing", "sourceMembership": "g101-tag"}, "geometry": {"type": "LineString", "coordinates": [[120.5390499, 41.644436], [120.5391259, 41.6444913], [120.5399476, 41.6450889], [120.540907, 41.6458261], [120.5417007, 41.6466425], [120.5422983, 41.6474697], [120.5426985, 41.6483203], [120.5434212, 41.6501212], [120.5462834, 41.6572535], [120.5475648, 41.6604462], [120.5479025, 41.6611151], [120.5482858, 41.6617301], [120.5497422, 41.663673], [120.5498973, 41.6638885]]}}, {"type": "Feature", "properties": {"osmWayId": 1290772750, "bridge": "yes", "highway": "trunk", "lanes": "2", "layer": "1", "name": "京沈线", "note": "superceded by bypass", "oneway": "yes", "ref": "G101", "source": "Bing", "sourceMembership": "g101-tag"}, "geometry": {"type": "LineString", "coordinates": [[120.5498973, 41.6638885], [120.5511879, 41.6656826]]}}, {"type": "Feature", "properties": {"osmWayId": 1293613852, "highway": "trunk", "lanes": "2", "maxheight": "4", "name": "京密路", "name:en": "Jingmi Road", "oneway": "yes", "ref": "G101;G111", "sourceMembership": "g101-tag"}, "geometry": {"type": "LineString", "coordinates": [[116.4493699, 39.9588795], [116.4487888, 39.95859], [116.4486474, 39.9585238], [116.4485241, 39.958466], [116.4484188, 39.9583984], [116.4481372, 39.9581962]]}}, {"type": "Feature", "properties": {"osmWayId": 1293802830, "cycleway:right": "lane", "highway": "secondary", "lanes": "3", "name": "京密路", "oneway": "yes", "ref": "G101;G111", "sourceMembership": "g101-tag"}, "geometry": {"type": "LineString", "coordinates": [[116.5295611, 40.0445439], [116.5305068, 40.0464653], [116.5309816, 40.0473979], [116.5312988, 40.0480239], [116.5319944, 40.0491446], [116.5320884, 40.0493088]]}}, {"type": "Feature", "properties": {"osmWayId": 1293811496, "cycleway:right": "lane", "highway": "secondary", "lanes": "3", "name": "京密路", "oneway": "yes", "ref": "G101;G111", "sourceMembership": "g101-tag"}, "geometry": {"type": "LineString", "coordinates": [[116.5378585, 40.0555253], [116.5374548, 40.0553416], [116.5370745, 40.0551527], [116.5367021, 40.05496], [116.5362161, 40.0546834], [116.5357783, 40.0544016], [116.5355635, 40.0542506], [116.5353345, 40.0540831], [116.534914, 40.0537095], [116.534698, 40.0534815], [116.5342631, 40.0529065], [116.5320617, 40.0496368], [116.5318926, 40.0493853], [116.5317929, 40.0492262]]}}, {"type": "Feature", "properties": {"osmWayId": 1295991494, "cycleway:right": "track", "highway": "trunk", "name": "京沈路", "oneway": "yes", "ref": "G101", "sourceMembership": "g101-tag"}, "geometry": {"type": "LineString", "coordinates": [[116.7992423, 40.366643], [116.7988222, 40.3661714], [116.7968566, 40.3638689], [116.7904748, 40.3564249], [116.7901535, 40.3560525], [116.789962, 40.3557368], [116.7898486, 40.3553991], [116.7897629, 40.3549772], [116.7896939, 40.3546279], [116.7895625, 40.3542217], [116.7895008, 40.3541411], [116.7893035, 40.3538832], [116.7888525, 40.3534641]]}}, {"type": "Feature", "properties": {"osmWayId": 1295991495, "bridge": "yes", "cycleway:right": "track", "highway": "trunk", "layer": "1", "name": "京沈路", "oneway": "yes", "ref": "G101", "sourceMembership": "g101-tag"}, "geometry": {"type": "LineString", "coordinates": [[116.7994979, 40.3669394], [116.7992423, 40.366643]]}}, {"type": "Feature", "properties": {"osmWayId": 1295991496, "highway": "trunk", "name": "京沈路", "oneway": "yes", "ref": "G101", "sourceMembership": "g101-tag"}, "geometry": {"type": "LineString", "coordinates": [[116.7901892, 40.3539548], [116.7901555, 40.3540599], [116.7900732, 40.354198], [116.7900419, 40.3542504], [116.7899292, 40.3545221], [116.7899059, 40.3547678], [116.7899332, 40.3550747], [116.7899839, 40.3554401], [116.7900695, 40.3556063], [116.7902212, 40.355901], [116.7905481, 40.3563051], [116.7947017, 40.36113], [116.7970971, 40.3639123], [116.7989624, 40.3660958], [116.7993696, 40.3665718]]}}, {"type": "Feature", "properties": {"osmWayId": 1295991497, "bridge": "yes", "highway": "trunk", "layer": "1", "name": "京沈路", "oneway": "yes", "ref": "G101", "sourceMembership": "g101-tag"}, "geometry": {"type": "LineString", "coordinates": [[116.7993696, 40.3665718], [116.7996266, 40.3668836]]}}, {"type": "Feature", "properties": {"osmWayId": 1295991502, "highway": "trunk", "name": "京沈路", "oneway": "yes", "ref": "G101", "sourceMembership": "g101-tag"}, "geometry": {"type": "LineString", "coordinates": [[116.8243374, 40.3954889], [116.8250484, 40.3963365], [116.8259288, 40.3973655], [116.8268853, 40.3984684], [116.8277283, 40.3994353], [116.8281687, 40.3999631], [116.8285465, 40.4004083], [116.8288017, 40.4006477], [116.8293075, 40.4010109], [116.8296234, 40.4011951], [116.8300065, 40.401376], [116.8302886, 40.4015064]]}}, {"type": "Feature", "properties": {"osmWayId": 1295991503, "bridge": "yes", "highway": "trunk", "layer": "1", "name": "京沈路", "oneway": "yes", "ref": "G101", "sourceMembership": "g101-tag"}, "geometry": {"type": "LineString", "coordinates": [[116.8241054, 40.3952218], [116.8243374, 40.3954889]]}}, {"type": "Feature", "properties": {"osmWayId": 1295991504, "cycleway:right": "lane", "highway": "trunk", "name": "京沈路", "oneway": "yes", "ref": "G101", "sourceMembership": "g101-tag"}, "geometry": {"type": "LineString", "coordinates": [[116.8239295, 40.3952626], [116.8236992, 40.3950096], [116.8219851, 40.3929775], [116.8201875, 40.3908977], [116.8190668, 40.3897006], [116.8183625, 40.3889359]]}}, {"type": "Feature", "properties": {"osmWayId": 1295991505, "bridge": "yes", "cycleway:right": "lane", "highway": "trunk", "layer": "1", "name": "京沈路", "oneway": "yes", "ref": "G101", "sourceMembership": "g101-tag"}, "geometry": {"type": "LineString", "coordinates": [[116.8241551, 40.3955345], [116.8239295, 40.3952626]]}}, {"type": "Feature", "properties": {"osmWayId": 1297388269, "highway": "secondary", "lanes": "2", "maxheight": "4", "name": "京密路", "name:en": "Jingmi Road", "oneway": "yes", "ref": "G101;G111", "sourceMembership": "g101-tag"}, "geometry": {"type": "LineString", "coordinates": [[116.4619661, 39.9700123], [116.4601984, 39.9683738]]}}, {"type": "Feature", "properties": {"osmWayId": 1302882599, "highway": "trunk", "lanes": "2", "name": "京沈线", "ref": "G101", "surface": "asphalt", "sourceMembership": "g101-tag"}, "geometry": {"type": "LineString", "coordinates": [[122.8119028, 42.3510951], [122.8086762, 42.3511319], [122.8074699, 42.3512413], [122.8064733, 42.351312], [122.8058357, 42.3513572], [122.8053465, 42.3513546], [122.8045226, 42.3512413], [122.8037684, 42.3511566], [122.8034922, 42.3510954], [122.8026247, 42.3510121], [122.8017912, 42.3510329], [122.7952004, 42.3513216], [122.7919416, 42.351448]]}}, {"type": "Feature", "properties": {"osmWayId": 1302882600, "bridge": "yes", "highway": "trunk", "lanes": "2", "layer": "1", "name": "京沈线", "ref": "G101", "surface": "asphalt", "sourceMembership": "g101-tag"}, "geometry": {"type": "LineString", "coordinates": [[122.8122025, 42.3510877], [122.8119028, 42.3510951]]}}, {"type": "Feature", "properties": {"osmWayId": 1302882604, "highway": "trunk", "lanes": "2", "name": "京沈线", "old_ref": "G101", "ref": "G505", "surface": "asphalt", "sourceMembership": "g101-tag"}, "geometry": {"type": "LineString", "coordinates": [[122.7912016, 42.3514808], [122.7844262, 42.3518485], [122.7838039, 42.3518338], [122.7812173, 42.3515705], [122.7776634, 42.3512087], [122.7728495, 42.3507527], [122.7717791, 42.3506471], [122.7710789, 42.3505779], [122.766862, 42.3501618], [122.758135, 42.3493005], [122.7580903, 42.3492961], [122.7547632, 42.3489677], [122.7540943, 42.3489328], [122.7452101, 42.3487306], [122.7438774, 42.3486772], [122.7406938, 42.3483998], [122.7396362, 42.348269], [122.7385245, 42.3480752], [122.7354111, 42.3475161], [122.731194, 42.3467588], [122.7164397, 42.344701], [122.714619, 42.3444508], [122.6810281, 42.3397225], [122.6805483, 42.3396076], [122.6801156, 42.3394596], [122.6588521, 42.3289021], [122.6497665, 42.3244184], [122.6487695, 42.3239805], [122.6482522, 42.3238152], [122.6478584, 42.323739], [122.6475116, 42.3236916]]}}, {"type": "Feature", "properties": {"osmWayId": 1302882605, "bridge": "yes", "highway": "trunk", "lanes": "2", "layer": "1", "name": "京沈线", "ref": "G101", "surface": "asphalt", "sourceMembership": "g101-tag"}, "geometry": {"type": "LineString", "coordinates": [[122.7919416, 42.351448], [122.7912016, 42.3514808]]}}, {"type": "Feature", "properties": {"osmWayId": 1323713766, "highway": "trunk", "name": "京沈线", "oneway": "yes", "ref": "G101", "source": "landsat", "sourceMembership": "g101-tag"}, "geometry": {"type": "LineString", "coordinates": [[119.4309175, 41.2793341], [119.4284029, 41.2787773]]}}, {"type": "Feature", "properties": {"osmWayId": 1346178800, "highway": "trunk", "lanes": "2", "name": "京沈线", "ref": "G101;G505", "surface": "asphalt", "sourceMembership": "g101-tag"}, "geometry": {"type": "LineString", "coordinates": [[122.1248467, 42.4846985], [122.125559, 42.4848455]]}}, {"type": "Feature", "properties": {"osmWayId": 1346178801, "highway": "trunk", "name": "京沈线", "old_ref": "G101", "ref": "G505", "sourceMembership": "g101-tag"}, "geometry": {"type": "LineString", "coordinates": [[123.0476743, 42.3575501], [123.042673, 42.3550017], [123.0423146, 42.3548769], [123.0420303, 42.3548162], [123.040997, 42.3545818], [123.0392857, 42.3543122]]}}, {"type": "Feature", "properties": {"osmWayId": 1389326370, "cycleway:right": "lane", "highway": "trunk", "junction": "roundabout", "name": "枯柳树环岛", "ref": "G101;G111", "sourceMembership": "g101-tag"}, "geometry": {"type": "LineString", "coordinates": [[116.5609573, 40.1171137], [116.5609484, 40.1169283], [116.561003, 40.116709], [116.5611154, 40.1165055]]}}, {"type": "Feature", "properties": {"osmWayId": 1389334673, "cycleway:right": "lane", "highway": "trunk", "junction": "roundabout", "name": "枯柳树环岛", "ref": "G101;G111", "sourceMembership": "g101-tag"}, "geometry": {"type": "LineString", "coordinates": [[116.5611327, 40.1175075], [116.5610015, 40.1172317], [116.5609573, 40.1171137]]}}, {"type": "Feature", "properties": {"osmWayId": 1396480674, "highway": "trunk", "name": "京沈线", "ref": "G101", "source": "landsat", "sourceMembership": "g101-tag"}, "geometry": {"type": "LineString", "coordinates": [[119.0126025, 40.9867793], [119.0141038, 40.9875398], [119.015348, 40.9881144], [119.0159111, 40.9882938], [119.0182952, 40.9888692], [119.0191553, 40.9890279], [119.0209445, 40.9892171], [119.0214373, 40.9891971], [119.026952, 40.988042], [119.0275971, 40.9879417], [119.0282935, 40.9879708], [119.0306336, 40.9881236], [119.0311697, 40.9881742], [119.0318209, 40.9883469], [119.0353791, 40.9896474], [119.0387726, 40.9908909], [119.0392285, 40.9911199], [119.0424069, 40.9938532], [119.042826, 40.9942113], [119.0462611, 40.9965962], [119.0477709, 40.9977338], [119.04789, 40.9978161], [119.0480708, 40.9979412], [119.0481194, 40.9979777], [119.0483108, 40.9981216], [119.0484973, 40.9983445], [119.048611, 40.998583], [119.0486979, 40.9988923], [119.0516864, 41.0124276], [119.0524723, 41.016604], [119.0526408, 41.0177199], [119.0528124, 41.0215102], [119.0530908, 41.0234934], [119.0530881, 41.0248439], [119.0529057, 41.0265934], [119.0528224, 41.0288987], [119.0528244, 41.0291699]]}}, {"type": "Feature", "properties": {"osmWayId": 1396480675, "bridge": "yes", "highway": "trunk", "layer": "1", "name": "京沈线", "ref": "G101", "source": "landsat", "sourceMembership": "g101-tag"}, "geometry": {"type": "LineString", "coordinates": [[119.0740862, 41.0731195], [119.0747212, 41.0734927]]}}, {"type": "Feature", "properties": {"osmWayId": 1396480678, "highway": "trunk", "name": "京沈线", "ref": "G101", "source": "landsat", "sourceMembership": "g101-tag"}, "geometry": {"type": "LineString", "coordinates": [[119.0747212, 41.0734927], [119.0792799, 41.0761716], [119.0801994, 41.0766059], [119.0812038, 41.0769738], [119.0861024, 41.0787682], [119.0912393, 41.0804608], [119.091882, 41.0807326], [119.0958892, 41.0829856], [119.0972249, 41.0838687], [119.101001, 41.0865434], [119.1042395, 41.0885031], [119.1111944, 41.0922546], [119.1118011, 41.0925025], [119.1133359, 41.0929136], [119.1139689, 41.0931235], [119.1171226, 41.094443], [119.1177422, 41.0946072], [119.1183177, 41.094672], [119.1203799, 41.0946193], [119.1209287, 41.0946549], [119.1213101, 41.0947515], [119.1218246, 41.0950672], [119.1300906, 41.1010563], [119.1318126, 41.102539], [119.1341182, 41.1048071], [119.1354663, 41.1062623], [119.1367258, 41.1076218]]}}, {"type": "Feature", "properties": {"osmWayId": 1396480679, "bridge": "yes", "highway": "trunk", "layer": "1", "name": "京沈线", "ref": "G101", "source": "landsat", "sourceMembership": "g101-tag"}, "geometry": {"type": "LineString", "coordinates": [[119.1367258, 41.1076218], [119.1371041, 41.1080302]]}}, {"type": "Feature", "properties": {"osmWayId": 1396480680, "highway": "trunk", "name": "京沈线", "ref": "G101", "source": "landsat", "sourceMembership": "g101-tag"}, "geometry": {"type": "LineString", "coordinates": [[119.1371041, 41.1080302], [119.1378223, 41.1088054], [119.1382536, 41.1091498], [119.1386806, 41.1094182], [119.1390926, 41.1096069], [119.1395009, 41.1096809], [119.1437098, 41.1100378], [119.1558505, 41.1117778], [119.1604242, 41.1123117], [119.1616162, 41.1125489], [119.1668572, 41.1137897], [119.167538, 41.1139825], [119.168216, 41.1143866], [119.1701011, 41.1158489], [119.170497, 41.1161022], [119.1708291, 41.1162207], [119.171198, 41.1163199]]}}, {"type": "Feature", "properties": {"osmWayId": 1396480681, "bridge": "yes", "highway": "trunk", "layer": "1", "name": "京沈线", "ref": "G101", "source": "landsat", "sourceMembership": "g101-tag"}, "geometry": {"type": "LineString", "coordinates": [[119.171198, 41.1163199], [119.1717956, 41.1164806]]}}, {"type": "Feature", "properties": {"osmWayId": 1422738430, "highway": "trunk", "name": "京沈线", "ref": "G101", "source": "Bing", "sourceMembership": "g101-tag"}, "geometry": {"type": "LineString", "coordinates": [[121.0832732, 41.9042298], [121.083546, 41.9044992], [121.0837518, 41.9046117], [121.084034, 41.9048433], [121.0852819, 41.9064018]]}}, {"type": "Feature", "properties": {"osmWayId": 1422738431, "bridge": "yes", "highway": "trunk", "layer": "1", "name": "京沈线", "ref": "G101", "source": "Bing", "sourceMembership": "g101-tag"}, "geometry": {"type": "LineString", "coordinates": [[121.0852819, 41.9064018], [121.0868389, 41.9083464]]}}, {"type": "Feature", "properties": {"osmWayId": 1422738432, "highway": "trunk", "name": "京沈线", "ref": "G101", "source": "Bing", "sourceMembership": "g101-tag"}, "geometry": {"type": "LineString", "coordinates": [[121.0868389, 41.9083464], [121.0880986, 41.9099196], [121.0891093, 41.9111132], [121.0896881, 41.9116693], [121.0904203, 41.9122853], [121.092815, 41.913929], [121.0944308, 41.9150381], [121.0948835, 41.9154581], [121.0954753, 41.9161221], [121.097125, 41.917987]]}}, {"type": "Feature", "properties": {"osmWayId": 1422738433, "bridge": "yes", "highway": "trunk", "layer": "1", "name": "京沈线", "ref": "G101", "source": "Bing", "sourceMembership": "g101-tag"}, "geometry": {"type": "LineString", "coordinates": [[121.097125, 41.917987], [121.098064, 41.9191313]]}}, {"type": "Feature", "properties": {"osmWayId": 1422738434, "highway": "trunk", "name": "京沈线", "ref": "G101", "source": "Bing", "sourceMembership": "g101-tag"}, "geometry": {"type": "LineString", "coordinates": [[121.098064, 41.9191313], [121.0987145, 41.919858], [121.0991284, 41.92021], [121.1000522, 41.920874], [121.1034645, 41.9233566], [121.1076541, 41.9264594], [121.1080349, 41.9267029], [121.1084357, 41.9268904], [121.109163, 41.9271292], [121.1132213, 41.9281995], [121.1140639, 41.9283541], [121.1149111, 41.928468], [121.116236, 41.9285994], [121.1170043, 41.9286623], [121.117891, 41.9288067], [121.1189917, 41.9290456], [121.1196448, 41.9292625], [121.1203185, 41.929642], [121.1253464, 41.9323381], [121.133043, 41.9363489], [121.133348, 41.9365111], [121.1338817, 41.9368711], [121.1345447, 41.9374708], [121.136645, 41.9397749], [121.1374577, 41.9407772], [121.1377319, 41.9410418], [121.1380227, 41.9411963], [121.1384071, 41.9412771], [121.1388632, 41.9412353]]}}, {"type": "Feature", "properties": {"osmWayId": 1422738435, "bridge": "yes", "highway": "trunk", "layer": "1", "name": "京沈线", "ref": "G101", "source": "Bing", "sourceMembership": "g101-tag"}, "geometry": {"type": "LineString", "coordinates": [[121.1388632, 41.9412353], [121.1398183, 41.9411201]]}}, {"type": "Feature", "properties": {"osmWayId": 1422741298, "highway": "trunk", "lanes": "2", "name": "京沈线", "ref": "G101;G505", "surface": "asphalt", "sourceMembership": "g101-tag"}, "geometry": {"type": "LineString", "coordinates": [[122.1258594, 42.4849098], [122.1275283, 42.4852397], [122.1280202, 42.4852646], [122.131292, 42.4849632], [122.1315242, 42.4849188], [122.1316553, 42.4848636], [122.131802, 42.4847779], [122.1319314, 42.4846562], [122.1328627, 42.4835218], [122.1343733, 42.4818295], [122.1388859, 42.4784736], [122.1488969, 42.4722196], [122.1497018, 42.4714762], [122.1515073, 42.4688119], [122.1520609, 42.4682177], [122.156037, 42.4642764], [122.1567, 42.4637007], [122.1609873, 42.4609046], [122.1624121, 42.4602253], [122.1634463, 42.4599198], [122.1647413, 42.4596823], [122.1662079, 42.4595907], [122.1698128, 42.4594957], [122.173172, 42.4594955], [122.1752534, 42.459547], [122.1791469, 42.4598612], [122.1809279, 42.459939], [122.1848986, 42.4597987], [122.1863781, 42.45982], [122.1970211, 42.4604139], [122.1980822, 42.4604176], [122.1989952, 42.4602872], [122.2010552, 42.459654], [122.2024285, 42.4591158], [122.2040196, 42.4585172], [122.2047459, 42.4583243], [122.208737, 42.4574694], [122.2092681, 42.4572396], [122.2098099, 42.4568995], [122.2133612, 42.4543227], [122.2138912, 42.4539063], [122.2144877, 42.4535857], [122.2152838, 42.4533181], [122.2160509, 42.4531527], [122.2192642, 42.4525978], [122.2202748, 42.452384], [122.2210258, 42.4521386], [122.221912, 42.4517383], [122.2256178, 42.4498542], [122.2356138, 42.4448973], [122.2361288, 42.444773], [122.2393711, 42.4443217], [122.2505516, 42.4421183], [122.2540138, 42.4414034], [122.2549998, 42.4410663], [122.2638124, 42.4363631], [122.2703356, 42.4332727], [122.2706853, 42.4331943], [122.2712132, 42.4331674], [122.2748529, 42.4335551], [122.2773369, 42.4337626]]}}, {"type": "Feature", "properties": {"osmWayId": 1422741299, "bridge": "yes", "highway": "trunk", "lanes": "2", "layer": "1", "name": "京沈线", "ref": "G101;G505", "surface": "asphalt", "sourceMembership": "g101-tag"}, "geometry": {"type": "LineString", "coordinates": [[122.2773369, 42.4337626], [122.2786191, 42.4338697]]}}, {"type": "Feature", "properties": {"osmWayId": 1424792614, "highway": "trunk", "lanes": "2", "maxheight": "4", "name": "香河园路", "name:en": "Xiangheyuan Road", "oneway": "yes", "ref": "G101;G111", "surface": "asphalt", "sourceMembership": "g101-tag"}, "geometry": {"type": "LineString", "coordinates": [[116.439129, 39.9505788], [116.4387586, 39.9503384], [116.4385699, 39.9502145], [116.4383601, 39.9500725]]}}, {"type": "Feature", "properties": {"osmWayId": 1424792618, "highway": "trunk", "lanes": "2", "maxheight": "4", "name": "京密路", "name:en": "Jingmi Road", "oneway": "yes", "ref": "G101;G111", "sourceMembership": "g101-tag"}, "geometry": {"type": "LineString", "coordinates": [[116.4539152, 39.9626596], [116.4538219, 39.9625699]]}}, {"type": "Feature", "properties": {"osmWayId": 1436132839, "highway": "secondary", "name": "京密路", "oneway": "yes", "ref": "G101;G111", "sourceMembership": "g101-tag"}, "geometry": {"type": "LineString", "coordinates": [[116.4974221, 40.0021884], [116.4978403, 40.0025156]]}}, {"type": "Feature", "properties": {"osmWayId": 1436132840, "highway": "secondary", "layer": "-1", "name": "京密路", "oneway": "yes", "ref": "G101;G111", "tunnel": "yes", "sourceMembership": "g101-tag"}, "geometry": {"type": "LineString", "coordinates": [[116.4978403, 40.0025156], [116.4980271, 40.002656]]}}, {"type": "Feature", "properties": {"osmWayId": 1436132841, "cycleway:right": "lane", "highway": "secondary", "layer": "-1", "name": "京密路", "oneway": "yes", "ref": "G101;G111", "tunnel": "yes", "sourceMembership": "g101-tag"}, "geometry": {"type": "LineString", "coordinates": [[116.4974528, 40.0030677], [116.4972436, 40.0028857]]}}, {"type": "Feature", "properties": {"osmWayId": 1442950348, "highway": "trunk", "lanes": "2", "maxheight": "4", "name": "香河园路", "name:en": "Xiangheyuan Road", "oneway": "yes", "ref": "G101;G111", "surface": "asphalt", "sourceMembership": "g101-tag"}, "geometry": {"type": "LineString", "coordinates": [[116.4399498, 39.95103], [116.4416104, 39.9522445], [116.442059, 39.9525725], [116.4430883, 39.953476]]}}, {"type": "Feature", "properties": {"osmWayId": 1450062418, "highway": "trunk", "name": "京沈线", "ref": "G101;G233", "source": "DigitalGlobe Premium Imagery", "sourceMembership": "g101-tag"}, "geometry": {"type": "LineString", "coordinates": [[117.7983639, 40.8929268], [117.7987378, 40.8932026], [117.7989386, 40.8933495], [117.7991948, 40.8934884], [117.7994777, 40.8935989], [117.7997379, 40.893679], [117.7999739, 40.8937317], [117.8002878, 40.8937784], [117.8005224, 40.8937814], [117.8007645, 40.8937548]]}}, {"type": "Feature", "properties": {"osmWayId": 1477580334, "highway": "trunk", "name": "京沈线", "note": "old trunk road superceded by expressway", "ref": "G101", "source": "bing", "sourceMembership": "g101-tag"}, "geometry": {"type": "LineString", "coordinates": [[118.5702753, 41.0344333], [118.5704693, 41.0344236], [118.5711429, 41.0343247], [118.5719917, 41.0341513], [118.5729249, 41.0338225], [118.5751559, 41.0328235], [118.5772759, 41.0317135], [118.5793188, 41.0305395], [118.5851279, 41.0269965], [118.5865729, 41.0262295], [118.5910989, 41.0243465], [118.5991049, 41.0217025], [118.5999479, 41.0214715], [118.6012719, 41.0212275], [118.6135831, 41.0196977], [118.614793, 41.019429], [118.6158018, 41.0191217], [118.6168104, 41.0186894], [118.6177169, 41.0181395], [118.6187088, 41.0174105], [118.6219588, 41.0148045], [118.6225839, 41.0144265], [118.6231269, 41.0142395], [118.6238789, 41.0140965], [118.6269799, 41.0138015], [118.6276509, 41.0137875], [118.6282029, 41.0136845], [118.6290179, 41.0136005], [118.6305569, 41.0135065], [118.6341979, 41.0134315], [118.6372939, 41.0130935], [118.6397173, 41.0129992], [118.6409987, 41.0130215], [118.6421513, 41.0129312], [118.6425046, 41.0130873], [118.6429223, 41.0131787], [118.6444319, 41.0134825], [118.6455148, 41.0135925], [118.6465449, 41.0135006], [118.6483477, 41.013125], [118.6494895, 41.0130171], [118.6509701, 41.0129199], [118.6523648, 41.0129685], [118.6538669, 41.0131142], [118.6551758, 41.013098], [118.656592, 41.0128713], [118.657858, 41.0124989], [118.6679216, 41.0085644], [118.6692305, 41.0082405], [118.6705824, 41.0080948], [118.6715051, 41.008111], [118.6725779, 41.0082729], [118.6737581, 41.0085644], [118.6753031, 41.0092768], [118.6766762, 41.0102226], [118.6770044, 41.0104648], [118.677376, 41.0107389], [118.6790152, 41.0119484], [118.6810537, 41.013519], [118.6822249, 41.0142673], [118.6830793, 41.0146621], [118.6849161, 41.0152112], [118.685864, 41.0153541], [118.6867185, 41.0156238], [118.6877271, 41.0160285], [118.6886154, 41.0165887], [118.6900659, 41.0180847], [118.6911344, 41.018957], [118.6913598, 41.0191141], [118.6927267, 41.0198979], [118.6945291, 41.0205455], [118.6950084, 41.0206488], [118.698885, 41.0214845], [118.7001081, 41.0219216], [118.70146, 41.0226663], [118.7037655, 41.0242891], [118.7038584, 41.0243545]]}}, {"type": "Feature", "properties": {"osmWayId": 1477580335, "bridge": "yes", "highway": "trunk", "layer": "1", "name": "京沈线", "note": "old trunk road superceded by expressway", "ref": "G101", "source": "bing", "sourceMembership": "g101-tag"}, "geometry": {"type": "LineString", "coordinates": [[118.5696812, 41.0344631], [118.5702753, 41.0344333]]}}, {"type": "Feature", "properties": {"osmWayId": 1482022512, "highway": "trunk", "name": "京沈线", "ref": "G101", "source": "landsat", "sourceMembership": "g101-tag"}, "geometry": {"type": "LineString", "coordinates": [[119.1717956, 41.1164806], [119.1725194, 41.1166753], [119.1728804, 41.1168333], [119.1732425, 41.1171175], [119.1758915, 41.1202074], [119.1761355, 41.1207057], [119.176812, 41.1228915], [119.1771301, 41.1236355], [119.1785415, 41.1263481], [119.1788709, 41.1269191], [119.1817768, 41.1313399], [119.1823749, 41.1320422], [119.1829483, 41.1326292], [119.1841033, 41.1337161], [119.1845593, 41.1340919], [119.1867356, 41.1357447], [119.1917599, 41.1393413], [119.1948272, 41.1413103], [119.1978614, 41.1432579], [119.2003264, 41.1449522], [119.2006343, 41.1451929], [119.2008972, 41.1455206], [119.2038251, 41.1504002], [119.2041389, 41.1508038], [119.2044457, 41.1510736], [119.2047718, 41.1512764]]}}, {"type": "Feature", "properties": {"osmWayId": 1482022513, "bridge": "yes", "highway": "trunk", "layer": "1", "name": "京沈线", "ref": "G101", "source": "landsat", "sourceMembership": "g101-tag"}, "geometry": {"type": "LineString", "coordinates": [[119.2071016, 41.153626], [119.2072841, 41.1554649]]}}, {"type": "Feature", "properties": {"osmWayId": 1482022514, "highway": "trunk", "name": "京沈线", "ref": "G101", "source": "landsat", "sourceMembership": "g101-tag"}, "geometry": {"type": "LineString", "coordinates": [[119.2057574, 41.1518904], [119.2064145, 41.1523459], [119.2067321, 41.1526401], [119.2068715, 41.1528896], [119.2069348, 41.1530164], [119.2071016, 41.153626]]}}, {"type": "Feature", "properties": {"osmWayId": 1482022515, "bridge": "yes", "highway": "trunk", "layer": "1", "name": "京沈线", "ref": "G101", "source": "landsat", "sourceMembership": "g101-tag"}, "geometry": {"type": "LineString", "coordinates": [[119.2047718, 41.1512764], [119.2057574, 41.1518904]]}}, {"type": "Feature", "properties": {"osmWayId": 1482022518, "highway": "trunk", "name": "京沈线", "ref": "G101", "source": "landsat", "sourceMembership": "g101-tag"}, "geometry": {"type": "LineString", "coordinates": [[119.2846706, 41.2215464], [119.2849801, 41.2219784], [119.2853143, 41.2223463], [119.2856871, 41.2226478], [119.2893859, 41.224992], [119.2899637, 41.2252082], [119.2906841, 41.2253398], [119.3022557, 41.2264844], [119.3036172, 41.2265828], [119.312557, 41.2268612], [119.3140556, 41.2268427], [119.3145508, 41.2268113], [119.315353, 41.2267605], [119.3184512, 41.2265644], [119.3186493, 41.2265472], [119.3194263, 41.2264795], [119.3220309, 41.2263105], [119.3227355, 41.2263352], [119.3228976, 41.226361], [119.3234139, 41.2264433], [119.3264095, 41.227072], [119.3297646, 41.2276688], [119.330592, 41.2278293], [119.3369662, 41.22952], [119.3377558, 41.2296854], [119.3436872, 41.230414], [119.3452375, 41.2305112], [119.3495806, 41.2306468], [119.3499121, 41.2306447], [119.3506283, 41.2306403], [119.3540851, 41.2305314], [119.3560229, 41.2305681], [119.3618479, 41.2313399], [119.3627948, 41.231423], [119.3635592, 41.2313968], [119.3655441, 41.231342]]}}, {"type": "Feature", "properties": {"osmWayId": 1482022519, "bridge": "yes", "highway": "trunk", "layer": "1", "name": "京沈线", "ref": "G101", "source": "landsat", "sourceMembership": "g101-tag"}, "geometry": {"type": "LineString", "coordinates": [[119.2831236, 41.2193874], [119.2846706, 41.2215464]]}}, {"type": "Feature", "properties": {"osmWayId": 1489658986, "highway": "trunk", "name": "京沈线", "ref": "G101", "source": "landsat", "sourceMembership": "g101-tag"}, "geometry": {"type": "LineString", "coordinates": [[119.0527922, 41.0297527], [119.0527673, 41.0304233], [119.0528483, 41.0315357], [119.0536804, 41.0388504], [119.0537308, 41.0398053], [119.0537276, 41.0448397], [119.0538912, 41.0484072], [119.05394, 41.0487167], [119.0540762, 41.0490456], [119.0554839, 41.0504596], [119.0556904, 41.0507577], [119.0557795, 41.0510166], [119.0558358, 41.0514066], [119.055383, 41.0628428], [119.0554919, 41.0632355], [119.0557805, 41.0635413], [119.0561147, 41.0637553], [119.0590383, 41.0651013], [119.0594633, 41.0652164], [119.059813, 41.0653112], [119.0605431, 41.0654188], [119.0619163, 41.0654698], [119.0625703, 41.0655717], [119.0643191, 41.0660817], [119.064432, 41.0661309], [119.0659381, 41.0667879], [119.0664954, 41.0671054], [119.0669095, 41.0674314], [119.0691143, 41.0696764], [119.0698916, 41.070315], [119.0719365, 41.0718562], [119.0740862, 41.0731195]]}}, {"type": "Feature", "properties": {"osmWayId": 1489658987, "bridge": "yes", "highway": "trunk", "layer": "1", "name": "京沈线", "ref": "G101", "source": "landsat", "sourceMembership": "g101-tag"}, "geometry": {"type": "LineString", "coordinates": [[119.0528244, 41.0291699], [119.0527922, 41.0297527]]}}, {"type": "Feature", "properties": {"osmWayId": 1501076126, "cycleway:right": "lane", "highway": "secondary", "name": "京密路", "name:en": "Jingshen Highway", "oneway": "yes", "ref": "G101;G111", "sourceMembership": "g101-tag"}, "geometry": {"type": "LineString", "coordinates": [[116.5514276, 40.0774535], [116.5516899, 40.0775027], [116.552079, 40.0800249], [116.5521302, 40.0816027], [116.5526179, 40.0845467], [116.5526434, 40.0847005], [116.5526778, 40.084908], [116.5527768, 40.0855204]]}}, {"type": "Feature", "properties": {"osmWayId": 1501076127, "cycleway:right": "lane", "highway": "secondary", "name": "京密路", "name:en": "Jingshen Highway", "oneway": "yes", "ref": "G101;G111", "sourceMembership": "g101-tag"}, "geometry": {"type": "LineString", "coordinates": [[116.5521627, 40.0824466], [116.5520211, 40.0816117], [116.5518767, 40.0807392], [116.5517578, 40.0800765], [116.5517367, 40.0799521], [116.5513311, 40.0774423]]}}, {"type": "Feature", "properties": {"osmWayId": 1552511953, "cycleway:right": "lane", "highway": "secondary", "lanes": "3", "name": "京密路", "oneway": "yes", "ref": "G101;G111", "sourceMembership": "g101-tag"}, "geometry": {"type": "LineString", "coordinates": [[116.5269766, 40.0395274], [116.5265396, 40.0387015], [116.5263672, 40.0383591], [116.5257976, 40.0373024], [116.5249033, 40.0358717], [116.5241397, 40.0347181], [116.5234417, 40.0337043]]}}, {"type": "Feature", "properties": {"osmWayId": 1552511957, "cycleway:right": "lane", "highway": "secondary", "lanes": "3", "name": "京密路", "oneway": "yes", "ref": "G101;G111", "sourceMembership": "g101-tag"}, "geometry": {"type": "LineString", "coordinates": [[116.5317929, 40.0492262], [116.5311174, 40.0480853], [116.5308033, 40.0474746], [116.5303272, 40.0465175], [116.5293503, 40.0446018], [116.5293206, 40.0445398]]}}, {"type": "Feature", "properties": {"osmWayId": 1552511963, "cycleway:right": "lane", "highway": "secondary", "lanes": "3", "name": "京密路", "oneway": "yes", "ref": "G101;G111", "sourceMembership": "g101-tag"}, "geometry": {"type": "LineString", "coordinates": [[116.5265792, 40.0382689], [116.526773, 40.0386339], [116.5271623, 40.0393415], [116.5272459, 40.0394934], [116.5273503, 40.039701], [116.5273831, 40.039766], [116.5274503, 40.0399083]]}}, {"type": "Feature", "properties": {"osmWayId": 1564942278, "highway": "trunk", "lanes": "2", "name": "京沈线", "old_ref": "G101", "ref": "G505;S105", "surface": "asphalt", "sourceMembership": "g101-tag"}, "geometry": {"type": "LineString", "coordinates": [[122.8912361, 42.3314695], [122.8894292, 42.3306261], [122.8866174, 42.3293136]]}}]}