16131012130717090938900
16131012130717090942100
16131012130717090944500
16131012130717090946900
16131012130717090949300
16131012130717090951400
16131012130717090953500
16131012130717090955400
16131012130717090957100
16131012130717090958600
16131012130717091000100
16131012130717091001700
16131012130717091003400
16131012130717091005400
16131012130717091007100
16131012130717091008800
16131012130717091010600
16131012130717091012200
16131012130717091013800
16131012130717091015400
16131012130717091017100
16131012130717091019000
16131012130717091022300
16131012130717091049900
16131012130717091054100
16131012130717091057300
16131012130717091100800
16131012130717091104100
16131012130717091106900
16131012130717091109700
16131012130717091112100
16131012130717091114500
16131012130717091118300
16131012130717091121900
16131012130717091124500
16131012130717091127000
16131012130717091129700
16131012130717091132500
16131012130717091135200
16131012130717091137800
16131012130717091139900
16131012130717091142100
16131012130717091144700
16131012130717091147300
16131012130717091149800
16131012130717091153600
16131012130717091333800
16131012130717091535700
16131012130717091537200
16131012130717091538500
16131012130717091539700
16131012130717091540800
16131012130717091541800
16131012130717091542800
16131012130717091543700
16131012130717091544700
16131012130717091545600
16131012130717091546500
16131012130717091547400
16131012130717091548300
16131012130717091549300
16131012130717091550200
16131012130717091551200
16131012130717091552200
16131012130717091553200
16131012130717091554300
16131012130717091555600
16131012130717091556900
16131012130717091558300
16131012130717091559600
16131012130717091600800
16131012130717091601900
16131012130717091603000
16131012130717091604000
16131012130717091605000
16131012130717091606000
16131012130717091607000
16131012130717091608000
16131012130717091608900
16131012130717091609900
16131012130717091610900
16131012130717091611900
16131012130717091613000
16131012130717091614000
16131012130717091615000
16131012130717091616000
16131012130717091617000
16131012130717091618000
16131012130717091618900
16131012130717091619900
16131012130717091620800
16131012130717091621700
16131012130717091622600
16131012130717091623500
16131012130717091624400
16131012130717091625200
16131012130717091626000
16131012130717091626800
16131012130717091627500
16131012130717091628300
16131012130717091629100
16131012130717091629800
16131012130717091630600
16131012130717091631400
16131012130717091632200
16131012130717091632900
16131012130717091633700
16131012130717091634500
16131012130717091635300
16131012130717091636100
16131012130717091636900
16131012130717091637800
16131012130717091638700
16131012130717091639500
16131012130717091640400
16131012130717091641200
16131012130717091642100
16131012130717091642900
16131012130717091643800
16131012130717091644600
16131012130717091645500
16131012130717091646300
16131012130717091647100
16131012130717091648000
16131012130717091648800
16131012130717091649700
16131012130717091650500
16131012130717091651300
16131012130717091652200
16131012130717091653100
16131012130717091654000
16131012130717091655000
16131012130717091656000
16131012130717091656900
16131012130717091657900
16131012130717091658800
16131012130717091659700
16131012130717091700600
16131012130717091701400
16131012130717091702300
16131012130717091703100
16131012130717091704000
16131012130717091704800
16131012130717091705700
16131012130717091706600
16131012130717091707400
16131012130717091708300
16131012130717091709200
16131012130717091710100
16131012130717091710900
16131012130717091711700
16131012130717091712600
16131012130717091713400
16131012130717091714200
16131012130717091715000
16131012130717091715900
16131012130717091716700
16131012130717091717500
16131012130717091718300
16131012130717091719100
16131012130717091720000
16131012130717091720800
16131012130717091721600
16131012130717091722500
16131012130717091723300
16131012130717091724100
16131012130717091724900
16131012130717091725700
16131012130717091726600
16131012130717091727400
16131012130717091728200
16131012130717091729000
16131012130717091729900
16131012130717091730700
16131012130717091731600
16131012130717091732400
16131012130717091733200
16131012130717091734000
16131012130717091734900
16131012130717091735700
16131012130717091736600
16131012130717091737400
16131012130717091738300
16131012130717091739100
16131012130717091740000
16131012130717091740800
16131012130717091741700
16131012130717091742500
16131012130717091743400
16131012130717091744300
16131012130717091745100
16131012130717091746000
16131012130717091746800
16131012130717091747600
16131012130717091748500
16131012130717091749300
16131012130717091750100
16131012130717091750900
16131012130717091751700
16131012130717091752600
16131012130717091753400
16131012130717091754300
16131012130717091755200
16131012130717091756000
16131012130717091756800
16131012130717091757700
16131012130717091758500
16131012130717091759400
16131012130717091800200
16131012130717091801100
16131012130717091801900
16131012130717091802800
16131012130717091803600
16131012130717091804500
16131012130717091805400
16131012130717091806200
16131012130717091807100
16131012130717091808000
16131012130717091809000
16131012130717091809900
16131012130717091810900
16131012130717091811800
16131012130717091812700
16131012130717091813600
16131012130717091814500
16131012130717091815400
16131012130717091816400
16131012130717091817700
16131012130717091819000
16131012130717091820100
16131012130717091821300
16131012130717091822300
16131012130717091823400
16131012130717091824400
16131012130717091825500
16131012130717091826500
16131012130717091827400
16131012130717091828300
16131012130717091829200
16131012130717091830100
16131012130717091831000
16131012130717091831900
16131012130717091832800
16131012130717091833700
16131012130717091834500
16131012130717091835400
16131012130717091836300
16131012130717091837200
16131012130717091838000
16131012130717091838900
16131012130717091839800
16131012130717091840600
16131012130717091841500
16131012130717091842400
16131012130717091843200
16131012130717091844100
16131012130717091845000
16131012130717091845900
16131012130717091846800
16131012130717091847700
16131012130717091848600
16131012130717091849500
16131012130717091850500
16131012130717091851400
16131012130717091852300
16131012130717091853300
16131012130717091854200
16131012130717091855200
16131012130717091856100
16131012130717091857000
16131012130717091857900
16131012130717091858800
16131012130717091859600
16131012130717091900600
16131012130717091901400
16131012130717091902300
16131012130717091903200
16131012130717091904000
16131012130717091904800
16131012130717091905600
16131012130717091906400
16131012130717091907300
16131012130717091908100
16131012130717091908900
16131012130717091909700
16131012130717091910500
16131012130717091911300
16131012130717091912100
16131012130717091912900
16131012130717091913800
16131012130717091914600
16131012130717091915400
16131012130717091916200
16131012130717091917000
16131012130717091917900
16131012130717091918700
16131012130717091919500
16131012130717091920300
16131012130717091921200
16131012130717091922100
16131012130717091923000
16131012130717091923900
16131012130717091924800
16131012130717091925700
16131012130717091926600
16131012130717091927400
16131012130717091928300
16131012130717091929200
16131012130717091930100
16131012130717091931000
16131012130717091931900
16131012130717091932700
16131012130717091933600
16131012130717091934400
16131012130717091935300
16131012130717091936100
16131012130717091936900
16131012130717091937700
16131012130717091938500
16131012130717091939300
16131012130717091940000
16131012130717091940800
16131012130717091941600
16131012130717091942400
16131012130717091943200
16131012130717091944000
16131012130717091944800
16131012130717091945600
16131012130717091946400
16131012130717091947200
16131012130717091948000
16131012130717091948800
16131012130717091949600
16131012130717091950400
16131012130717091951200
16131012130717091952000
16131012130717091952800
16131012130717091953700
16131012130717091954500
16131012130717091955300
16131012130717091956200
16131012130717091957000
16131012130717091957800
16131012130717091958700
16131012130717091959500
16131012130717092000400
16131012130717092001200
16131012130717092002100
16131012130717092003000
16131012130717092003900
16131012130717092004800
16131012130717092005700
16131012130717092006600
16131012130717092007500
16131012130717092008400
16131012130717092009300
16131012130717092010200
16131012130717092011100
16131012130717092012200
16131012130717092013400
16131012130717092015000
16131012130717092017100
16131012130717092018700
16131012130717092020000
16131012130717092021200
16131012130717092022300
16131012130717092023300
16131012130717092024300
16131012130717092025300
16131012130717092026300
16131012130717092027300
16131012130717092028300
16131012130717092029200
16131012130717092030200
16131012130717092031100
16131012130717092032100
16131012130717092033000
16131012130717092033900
16131012130717092034800
16131012130717092035600
16131012130717092036500
16131012130717092037400
16131012130717092038200
16131012130717092039100
16131012130717092040000
16131012130717092040900
16131012130717092041700
16131012130717092042500
16131012130717092043400
16131012130717092044200
16131012130717092045000
16131012130717092045800
16131012130717092046700
16131012130717092047500
16131012130717092048400
16131012130717092049300
16131012130717092050200
16131012130717092051200
16131012130717092052100
16131012130717092053100
16131012130717092054200
16131012130717092055600
16131012130717092058000
16131012130717093225400
16131012130717094727200
16131012130717094731200
16131012130717094738700
16131012130717094741100
16131012130717094744100
16131012130717094748900
16131012130717094751300
16131012130717094753200
16131012130717094755000
16131012130717094756500
16131012130717094758400
16131012130717094801100
16131012130717094803400
16131012130717094805900
16131012130717094812300
16131012130717094817700
16131012130717094819900
16131012130717094821700
16131012130717094823300
16131012130717094824800
16131012130717094826700
16131012130717094834100
16131012130717094836100
16131012130717094837800
16131012130717094839200
16131012130717094840600
16131012130717094842100
16131012130717094843400
16131012130717094844800
16131012130717094846300
16131012130717094847800
16131012130717094849400
16131012130717094851300
16131012130717094855800
16131012130717094858000
16131012130717094859700
16131012130717094901500
16131012130717094902900
16131012130717094904300
16131012130717094905800
16131012130717094907300
16131012130717094909000
16131012130717094911200
16131012130717094914600
16131012130717095110800
16131012130717095112600
16131012130717095114400
16131012130717095116000
16131012130717095117500
16131012130717095119000
16131012130717095120400
16131012130717095122000
16131012130717095123600
16131012130717095125500
16131012130717095134200
16131012130717095136500
16131012130717095138100
16131012130717095139500
16131012130717095140800
16131012130717095142300
16131012130717095150200
16131012130717095152300
16131012130717095154000
16131012130717095155800
16131012130717095200300
16131012130717095205900
16131012130717095209500
16131012130717095211900
16131012130717095213700
16131012130717095215800
16131012130717095217900
16131012130717095225700
16131012130717095232700
16131012130717095235300
16131012130717095237400
16131012130717095239800
16131012130717095242400
16131012130717095244600
16131012130717095246900
16131012130717095250300
16131012130717095252700
16131012130717095254800
16131012130717095256800
16131012130717095258700
16131012130717095300900
16131012130717095302900
16131012130717095305600
16131012130717095319000
16131012130717095321400
16131012130717095323700
16131012130717095326200
16131012130717095329100
16131012130717095331200
16131012130717095333100
16131012130717095335600
16131012130717095339200
16131012130717095341800
16131012130717095344000
16131012130717095346200
16131012130717095348900
16131012130717095352000
16131012130717100148900
16131012130717100150600
16131012130717100152000
16131012130717100153300
16131012130717100154500
16131012130717100155600
16131012130717100156600
16131012130717100157600
16131012130717100158700
16131012130717100159800
16131012130717100200900
16131012130717100202000
16131012130717100203100
16131012130717100204200
16131012130717100205100
16131012130717100206100
16131012130717100207000
16131012130717100207900
16131012130717100208800
16131012130717100209600
16131012130717100210500
16131012130717100211400
16131012130717100212300
16131012130717100213100
16131012130717100214000
16131012130717100214900
16131012130717100215800
16131012130717100216700
16131012130717100217600
16131012130717100218500
16131012130717100219500
16131012130717100220600
16131012130717100221600
16131012130717100222700
16131012130717100223700
16131012130717100224700
16131012130717100225700
16131012130717100226600
16131012130717100227500
16131012130717100228400
16131012130717100229300
16131012130717100230200
16131012130717100231100
16131012130717100232100
16131012130717100233100
16131012130717100234200
16131012130717100235600
16131012130717101627900
16131012130717101634700
16131012130717101637800
16131012130717101639800
16131012130717101641200
16131012130717101642500
16131012130717101643600
16131012130717101644700
16131012130717101645800
16131012130717101646800
16131012130717101647900
16131012130717101649100
16131012130717101650200
16131012130717101651300
16131012130717101652300
16131012130717101653500
16131012130717101654600
16131012130717101655900
16131012130717101657100
16131012130717101658500
16131012130717101700100
16131012130717101706500
16131012130717103018600
16131012130717103020900
16131012130717103022500
16131012130717103024000
16131012130717103025400
16131012130717103026900
16131012130717103028300
16131012130717103029600
16131012130717103031100
16131012130717103032800
16131012130717103034600
16131012130717103036400
16131012130717103038200
16131012130717103040100
16131012130717103042000
16131012130717103043800
16131012130717103045400
16131012130717103046800
16131012130717103052400
16131012130717103054600
16131012130717103056800
16131012130717103058800
16131012130717103100500
16131012130717103101900
16131012130717103103100
16131012130717103104200
16131012130717103105200
16131012130717103106300
16131012130717103107300
16131012130717103108300
16131012130717103109400
16131012130717103110900
16131012130717103113200
16131012130717103115200
16131012130717103116600
16131012130717103117700
16131012130717103118800
16131012130717103119900
16131012130717103121100
16131012130717103122400
16131012130717103124100
16131012130717103126400
16131012130717103130000
16131012130717103135700
16131012130717103141100
16131012130717103144800
16131012130717103150300
16131012130717103155000
16131012130717103158500
16131012130717103201800
16131012130717103204400
16131012130717103207500
16131012130717103211500
16131012130717103215900
16131012130717103219700
16131012130717103222900
16131012130717103226200
16131012130717103229700
16131012130717103232000
16131012130717103234000
16131012130717103236300
16131012130717103239000
16131012130717103241200
16131012130717103243100
16131012130717103245000
16131012130717103246900
16131012130717103248500
16131012130717103250000
16131012130717103251400
16131012130717103252800
16131012130717103254400
16131012130717103256400
16131012130717103259200
16131012130717103301600
16131012130717103501500
16131012130717103506700
16131012130717103510200
16131012130717103512800
16131012130717103516500
16131012130717103519800
16131012130717103523000
16131012130717103525800
16131012130717103528700
16131012130717103531400
16131012130717103534100
16131012130717103536600
16131012130717103539100
16131012130717103541300
16131012130717103543100
16131012130717103545100
16131012130717103547000
16131012130717103549400
16131012130717103551900
16131012130717103554500
16131012130717103556900
16131012130717103600100
16131012130717103602900
16131012130717103604800
16131012130717103746800
16131012130717103748900
16131012130717103750700
16131012130717103752300
16131012130717103753900
16131012130717103755500
16131012130717103757100
16131012130717103758900
16131012130717103801700
16131012130717103806300
16131012130717103809800
16131012130717103811800
16131012130717103813200
16131012130717103814600
16131012130717103815800
16131012130717103816900
16131012130717103818200
16131012130717103819600
16131012130717103820900
16131012130717103822200
16131012130717103823700
16131012130717103825400
16131012130717103827700
16131012130717103831200
16131012130717103833600
16131012130717103835200
16131012130717103838100
16131012130717103841200
16131012130717103842800
16131012130717103844100
16131012130717103845400
16131012130717103846800
16131012130717103848400
16131012130717103850300
16131012130717103854200
16131012130717103857600
16131012130717103900200
16131012130717103902200
16131012130717103903700
16131012130717103905100
16131012130717103906600
16131012130717103909000
16131012130717103911300
16131012130717103913500
16131012130717103916800
16131012130717103921200
16131012130717104001400
16131012130717104002900
16131012130717104004300
16131012130717104005700
16131012130717104006900
16131012130717104008200
16131012130717104009500
16131012130717104010800
16131012130717104012100
16131012130717104013400
16131012130717104014900
16131012130717104016300
16131012130717104017700
16131012130717104019100
16131012130717104020400
16131012130717104021700
16131012130717104023000
16131012130717104024200
16131012130717104025400
16131012130717104026500
16131012130717104027500
16131012130717104028500
16131012130717104029400
16131012130717104030300
16131012130717104031100
16131012130717104032000
16131012130717104032800
16131012130717104033700
16131012130717104034600
16131012130717104035500
16131012130717104036500
16131012130717104037400
16131012130717104038300
16131012130717104039200
16131012130717104040100
16131012130717104040900
16131012130717104041800
16131012130717104042600
16131012130717104043500
16131012130717104044300
16131012130717104045100
16131012130717104046000
16131012130717104046800
16131012130717104047600
16131012130717104048400
16131012130717104049100
16131012130717104049900
16131012130717104050700
16131012130717104051500
16131012130717104052300
16131012130717104053000
16131012130717104053800
16131012130717104054500
16131012130717104055300
16131012130717104056000
16131012130717104056700
16131012130717104057400
16131012130717104058100
16131012130717104058900
16131012130717104059700
16131012130717104100500
16131012130717104101300
16131012130717104102200
16131012130717104103100
16131012130717104104000
16131012130717104104800
16131012130717104105700
16131012130717104106500
16131012130717104107400
16131012130717104108200
16131012130717104109000
16131012130717104109800
16131012130717104110600
16131012130717104111400
16131012130717104112200
16131012130717104113100
16131012130717104113900
16131012130717104114700
16131012130717104115600
16131012130717104116400
16131012130717104117200
16131012130717104118100
16131012130717104118900
16131012130717104119800
16131012130717104120600
16131012130717104121500
16131012130717104122300
16131012130717104123100
16131012130717104124000
16131012130717104124800
16131012130717104125600
16131012130717104126500
16131012130717104127300
16131012130717104128200
16131012130717104129000
16131012130717104129800
16131012130717104130600
16131012130717104131400
16131012130717104132400
16131012130717104133400
16131012130717104134300
16131012130717104135200
16131012130717104136200
16131012130717104137100
16131012130717104138000
16131012130717104138800
16131012130717104139700
16131012130717104140500
16131012130717104141400
16131012130717104142200
16131012130717104143000
16131012130717104143900
16131012130717104144800
16131012130717104145700
16131012130717104146600
16131012130717104147400
16131012130717104148300
16131012130717104149100
16131012130717104150000
16131012130717104150900
16131012130717104151800
16131012130717104152700
16131012130717104153500
16131012130717104154400
16131012130717104155200
16131012130717104156000
16131012130717104156800
16131012130717104157600
16131012130717104158500
16131012130717104159300
16131012130717104200200
16131012130717104201100
16131012130717104202000
16131012130717104202800
16131012130717104203700
16131012130717104204500
16131012130717104205400
16131012130717104206200
16131012130717104207100
16131012130717104207900
16131012130717104208800
16131012130717104209600
16131012130717104210500
16131012130717104211300
16131012130717104212100
16131012130717104213000
16131012130717104213800
16131012130717104214700
16131012130717104215700
16131012130717104216700
16131012130717104217800
16131012130717104218700
16131012130717104219700
16131012130717104220600
16131012130717104221500
16131012130717104222400
16131012130717104223200
16131012130717104224000
16131012130717104224900
16131012130717104225700
16131012130717104226500
16131012130717104227300
16131012130717104228100
16131012130717104228900
16131012130717104229700
16131012130717104230500
16131012130717104231300
16131012130717104232100
16131012130717104232900
16131012130717104233700
16131012130717104234500
16131012130717104235400
16131012130717104236200
16131012130717104237000
16131012130717104237900
16131012130717104238700
16131012130717104239500
16131012130717104240300
16131012130717104241200
16131012130717104242000
16131012130717104242900
16131012130717104243800
16131012130717104244700
16131012130717104245600
16131012130717104246400
16131012130717104247300
16131012130717104248100
16131012130717104248900
16131012130717104249700
16131012130717104250500
16131012130717104251400
16131012130717104252200
16131012130717104253100
16131012130717104253900
16131012130717104254700
16131012130717104255600
16131012130717104256400
16131012130717104257200
16131012130717104258100
16131012130717104258900
16131012130717104259700
16131012130717104300500
16131012130717104301400
16131012130717104302300
16131012130717104303100
16131012130717104304100
16131012130717104304900
16131012130717104305800
16131012130717104306700
16131012130717104307700
16131012130717104308600
16131012130717104309600
16131012130717104310500
16131012130717104311500
16131012130717104342800
16131012130717104343700
16131012130717104344600
16131012130717104345500
16131012130717104346300
16131012130717104347300
16131012130717104348200
16131012130717104349100
16131012130717104350000
16131012130717104350900
16131012130717104351800
16131012130717104352600
16131012130717104353400
16131012130717104354200
16131012130717104355000
16131012130717104355900
16131012130717104356700
16131012130717104357500
16131012130717104358300
16131012130717104359200
16131012130717104400000
16131012130717104400800
16131012130717104401600
16131012130717104402400
16131012130717104403200
16131012130717104404000
16131012130717104404800
16131012130717104405600
16131012130717104406400
16131012130717104407200
16131012130717104408000
16131012130717104408700
16131012130717104409500
16131012130717104410300
16131012130717104411100
16131012130717104412000
16131012130717104412800
16131012130717104413600
16131012130717104414400
16131012130717104415200
16131012130717104415900
16131012130717104416700
16131012130717104417500
16131012130717104418200
16131012130717104419000
16131012130717104419800
16131012130717104420600
16131012130717104421400
16131012130717104422200
16131012130717104423000
16131012130717104423800
16131012130717104424600
16131012130717104425500
16131012130717104426400
16131012130717104427200
16131012130717104428000
16131012130717104428900
16131012130717104429800
16131012130717104430600
16131012130717104431500
16131012130717104432300
16131012130717104433100
16131012130717104434000
16131012130717104434900
16131012130717104435800
16131012130717104436600
16131012130717104437500
16131012130717104438300
16131012130717104439200
16131012130717104440000
16131012130717104440800
16131012130717104441700
16131012130717104442500
16131012130717104443400
16131012130717104444200
16131012130717104445100
16131012130717104445900
16131012130717104446800
16131012130717104447800
16131012130717104448700
16131012130717104449600
16131012130717104450600
16131012130717104451500
16131012130717104452400
16131012130717104453300
16131012130717104454200
16131012130717104455000
16131012130717104455900
16131012130717104456700
16131012130717104457500
16131012130717104458400
16131012130717104459200
16131012130717104500000
16131012130717104500900
16131012130717104501700
16131012130717104502600
16131012130717104503500
16131012130717104504500
16131012130717104505400
16131012130717104506300
16131012130717104507200
16131012130717104508100
16131012130717104509000
16131012130717104509900
16131012130717104510800
16131012130717104511700
16131012130717104512700
16131012130717104513600
16131012130717104514500
16131012130717104515400
16131012130717104516300
16131012130717104517200
16131012130717104518100
16131012130717104518900
16131012130717104519800
16131012130717104520700
16131012130717104521500
16131012130717104522400
16131012130717104523200
16131012130717104524100
16131012130717104524900
16131012130717104525700
16131012130717104526500
16131012130717104527300
16131012130717104528100
16131012130717104529000
16131012130717104529900
16131012130717104530700
16131012130717104531500
16131012130717104532400
16131012130717104533200
16131012130717104534100
16131012130717104535000
16131012130717104535800
16131012130717104536700
16131012130717104537500
16131012130717104538400
16131012130717104539200
16131012130717104540100
16131012130717104540900
16131012130717104541800
16131012130717104542600
16131012130717104543400
16131012130717104544300
16131012130717104545100
16131012130717104545900
16131012130717104546700
16131012130717104547600
16131012130717104548400
16131012130717104549200
16131012130717104550000
16131012130717104550800
16131012130717104551600
16131012130717104552500
16131012130717104553300
16131012130717104554200
16131012130717104555000
16131012130717104555900
16131012130717104556700
16131012130717104557500
16131012130717104558400
16131012130717104559300
16131012130717104600300
16131012130717104601200
16131012130717104602100
16131012130717104603100
16131012130717104604000
16131012130717104604900
16131012130717104605800
16131012130717104606700
16131012130717104607600
16131012130717104608500
16131012130717104609400
16131012130717104610200
16131012130717104611100
16131012130717104611900
16131012130717104612700
16131012130717104613600
16131012130717104614400
16131012130717104615200
16131012130717104616000
16131012130717104616800
16131012130717104617500
16131012130717104618300
16131012130717104619100
16131012130717104619900
16131012130717104620700
16131012130717104621500
16131012130717104622300
16131012130717104623200
16131012130717104624000
16131012130717104624800
16131012130717104625600
16131012130717104626400
16131012130717104627200
16131012130717104628000
16131012130717104628800
16131012130717104629600
16131012130717104630400
16131012130717104631200
16131012130717104632000
16131012130717104632800
16131012130717104633500
16131012130717104634300
16131012130717104635000
16131012130717104635800
16131012130717104636600
16131012130717104637400
16131012130717104638200
16131012130717104639000
16131012130717104639800
16131012130717104640600
16131012130717104641400
16131012130717104642100
16131012130717104642900
16131012130717104643700
16131012130717104644500
16131012130717104645300
16131012130717104646000
16131012130717104646900
16131012130717104647700
16131012130717104648500
16131012130717104649300
16131012130717104650200
16131012130717104651000
16131012130717104651800
16131012130717104652600
16131012130717104653400
16131012130717104654300
16131012130717104655100
16131012130717104656000
16131012130717104656800
16131012130717104657700
16131012130717104658600
16131012130717104659500
16131012130717104700400
16131012130717104701300
16131012130717104702100
16131012130717104703000
16131012130717104703800
16131012130717104704700
16131012130717104705500
16131012130717104706400
16131012130717104707200
16131012130717104708000
16131012130717104708800
16131012130717104709600
16131012130717104710400
16131012130717104711200
16131012130717104712000
16131012130717104712800
16131012130717104713600
16131012130717104714400
16131012130717104715200
16131012130717104715900
16131012130717104716700
16131012130717104717500
16131012130717104718300
16131012130717104719100
16131012130717104719900
16131012130717104720600
16131012130717104721400
16131012130717104722200
16131012130717104723100
16131012130717104723800
16131012130717104724600
16131012130717104725400
16131012130717104726200
16131012130717104726900
16131012130717104727700
16131012130717104728500
16131012130717104729200
16131012130717104730000
16131012130717104730800
16131012130717104731600
16131012130717104732400
16131012130717104733100
16131012130717104733900
16131012130717104734700
16131012130717104735500
16131012130717104736400
16131012130717104737200
16131012130717104738100
16131012130717104739300
16131012130717104740600
16131012130717104742400
16131012130717104744100
16131012130717104746100
16131012130717104749000
16131012130717104753200
16131012130717104757100
16131012130717104800100
16131012130717105723000
16131012130717105724800
16131012130717105726300
16131012130717105727600
16131012130717105728900
16131012130717105730100
16131012130717105731300
16131012130717105732500
16131012130717105733800
16131012130717105735200
16131012130717105737100
16131012130717105738500
16131012130717105840400
16131012130717105842300
16131012130717105843800
16131012130717105845200
16131012130717105846400
16131012130717105847600
16131012130717105848600
16131012130717105849700
16131012130717105850700
16131012130717105851700
16131012130717105852700
16131012130717105853700
16131012130717105854700
16131012130717105855800
16131012130717105856700
16131012130717105857700
16131012130717105858700
16131012130717105859700
16131012130717105900700
16131012130717105901700
16131012130717105902700
16131012130717105903700
16131012130717105904700
16131012130717105905700
16131012130717105906700
16131012130717105907700
16131012130717105908800
16131012130717105909900
16131012130717105911000
16131012130717105912200
16131012130717105913300
16131012130717105914400
16131012130717105915400
16131012130717105916500
16131012130717105917700
16131012130717105919000
16131012130717105920700
16131012130717105923100
16131012130717105924700
16131012130717105926300
16131012130717105927700
16131012130717105929100
16131012130717105930600
16131012130717105932200
16131012130717105934200
16131012130717105936700
16131012130717105938700
16131012130717105940700
16131012130717105942600
16131012130717105944200
16131012130717105945600
16131012130717105946900
16131012130717105948200
16131012130717105949600
16131012130717105951100
16131012130717105952500
16131012130717105953700
16131012130717105954900
16131012130717105956100
16131012130717105957100
16131012130717105958200
16131012130717105959200
16131012130717110000100
16131012130717110001100
16131012130717110002000
16131012130717110002900
16131012130717110003800
16131012130717110004700
16131012130717110005600
16131012130717110006600
16131012130717110007600
16131012130717110008800
16131012130717110010000
16131012130717110011100
16131012130717110012200
16131012130717110013300
16131012130717110014500
16131012130717110015700
16131012130717110018200
16131012130717110023700
16131012130717110025800
16131012130717110030100
16131012130717110033300
16131012130717110035000
16131012130717110036400
16131012130717110038300
16131012130717110119000
16131012130717110122300
16131012130717110124300
16131012130717110127700
16131012130717110131600
16131012130717110133400
16131012130717110135100
16131012130717110136200
16131012130717110234300
16131012130717110236500
16131012130717110238100
16131012130717110239500
16131012130717110240800
16131012130717110242200
16131012130717110244000
16131012130717110246200
16131012130718102143800
16131012130718102145500
16131012130718102147000
16131012130718102148500
16131012130718102150000
16131012130718102151400
16131012130718102152800
16131012130718102154000
16131012130718102155300
16131012130718102156500
16131012130718102157700
16131012130718102158800
16131012130718102159700
16131012130718102200800
16131012130718102201800
16131012130718102202900
16131012130718102203900
16131012130718102204900
16131012130718102205900
16131012130718102206900
16131012130718102208000
16131012130718102209000
16131012130718102210000
16131012130718102211100
16131012130718102212200
16131012130718102213300
16131012130718102214400
16131012130718102215500
16131012130718102216500
16131012130718102217600
16131012130718102218600
16131012130718102219700
16131012130718102220700
16131012130718102221700
16131012130718102222700
16131012130718102223600
16131012130718102224600
16131012130718102225500
16131012130718102226400
16131012130718102227300
16131012130718102228300
16131012130718102229200
16131012130718102230000
16131012130718102230900
16131012130718102231800
16131012130718102232600
16131012130718102233500
16131012130718102234400
16131012130718102235300
16131012130718102236200
16131012130718102237100
16131012130718102238000
16131012130718102238900
16131012130718102239800
16131012130718102240700
16131012130718102241600
16131012130718102242500
16131012130718102243400
16131012130718102244300
16131012130718102245200
16131012130718102246000
16131012130718102246900
16131012130718102247900
16131012130718102248800
16131012130718102249700
16131012130718102250600
16131012130718102251400
16131012130718102252300
16131012130718102253200
16131012130718102254000
16131012130718102254900
16131012130718102255700
16131012130718102256600
16131012130718102257400
16131012130718102258300
16131012130718102259100
16131012130718102259900
16131012130718102300800
16131012130718102301600
16131012130718102302500
16131012130718102303300
16131012130718102304200
16131012130718102305000
16131012130718102305900
16131012130718102306700
16131012130718102307600
16131012130718102308500
16131012130718102309300
16131012130718102310200
16131012130718102311100
16131012130718102311900
16131012130718102312800
16131012130718102313700
16131012130718102314600
16131012130718102315500
16131012130718102316400
16131012130718102317300
16131012130718102318100
16131012130718102319000
16131012130718102319900
16131012130718102320800
16131012130718102321600
16131012130718102322500
16131012130718102323400
16131012130718102324300
16131012130718102325200
16131012130718102326100
16131012130718102327000
16131012130718102327900
16131012130718102328900
16131012130718102329900
16131012130718102330800
16131012130718102331700
16131012130718102332600
16131012130718102333500
16131012130718102334300
16131012130718102335200
16131012130718102336000
16131012130718102336700
16131012130718102337500
16131012130718102338300
16131012130718102339000
16131012130718102339800
16131012130718102340600
16131012130718102341300
16131012130718102342200
16131012130718102343000
16131012130718102343800
16131012130718102344700
16131012130718102345500
16131012130718102346300
16131012130718102347200
16131012130718102348000
16131012130718102348800
16131012130718102349700
16131012130718102350500
16131012130718102351300
16131012130718102352200
16131012130718102353000
16131012130718102353900
16131012130718102354700
16131012130718102355600
16131012130718102356500
16131012130718102357300
16131012130718102358200
16131012130718102359000
16131012130718102359900
16131012130718102400800
16131012130718102401800
16131012130718102402800
16131012130718102403800
16131012130718102404700
16131012130718102405600
16131012130718102406500
16131012130718102407400
16131012130718102408200
16131012130718102409100
16131012130718102409900
16131012130718102410800
16131012130718102411700
16131012130718102412600
16131012130718102413500
16131012130718102414500
16131012130718102415500
16131012130718102416600
16131012130718102417700
16131012130718102418800
16131012130718102420000
16131012130718102421100
16131012130718102422200
16131012130718102423300
16131012130718102424300
16131012130718102425300
16131012130718102426300
16131012130718102427300
16131012130718102428500
16131012130718102429800
16131012130718102431200
16131012130718102432500
16131012130718102433800
16131012130718102434900
16131012130718102436000
16131012130718102437100
16131012130718102438300
16131012130718102439400
16131012130718102540900
16131012130718102541800
16131012130718102542800
16131012130718102543800
16131012130718102544800
16131012130718102545900
16131012130718102546900
16131012130718102548000
16131012130718102549300
16131012130718102550600
16131012130718102551900
16131012130718102553700
16131012130718102556800
16131012130718102558900
16131012130718102600300
16131012130718102601400
16131012130718102602500
16131012130718102603600
16131012130718102604500
16131012130718102605500
16131012130718102606400
16131012130718102607300
16131012130718102608200
16131012130718102609200
16131012130718102610200
16131012130718102611300
16131012130718102612500
16131012130718102613700
16131012130718102614900
16131012130718102616100
16131012130718102617600
16131012130718102619100
16131012130718102620500
16131012130718102621700
16131012130718102622900
16131012130718102624000
16131012130718102625200
16131012130718102626400
16131012130718102627700
16131012130718102629100
16131012130718102630400
16131012130718102631800
16131012130718102633100
16131012130718102634400
16131012130718102635600
16131012130718102636900
16131012130718102638100
16131012130718102639300
16131012130718102640500
16131012130718102641700
16131012130718102643000
16131012130718102644400
16131012130718102645800
16131012130718102647300
16131012130718102648800
16131012130718102650300
16131012130718102651800
16131012130718102653200
16131012130718102654600
16131012130718102655900
16131012130718102657300
16131012130718102658500
16131012130718102659700
16131012130718102700900
16131012130718102702200
16131012130718102703400
16131012130718102704700
16131012130718102706000
16131012130718102707200
16131012130718102708400
16131012130718102709500
16131012130718102710700
16131012130718102711900
16131012130718102713000
16131012130718102714200
16131012130718102715300
16131012130718102716500
16131012130718102717600
16131012130718102718800
16131012130718102720000
16131012130718102721200
16131012130718102722500
16131012130718102723700
16131012130718102724900
16131012130718102726000
16131012130718102727100
16131012130718102728300
16131012130718102729400
16131012130718102730500
16131012130718102731800
16131012130718102733100
16131012130718102734500
16131012130718102735800
16131012130718102737200
16131012130718102738400
16131012130718102739600
16131012130718102740800
16131012130718102742000
16131012130718102743200
16131012130718102744400
16131012130718102745800
16131012130718102747300
16131012130718102748700
16131012130718103248900
16131012130718103250200
16131012130718103251500
16131012130718103252900
16131012130718103254500
16131012130718103256300
16131012130718103257900
16131012130718103303700
16131012130718103331100
16131012130718103333400
16131012130718103335300
16131012130718103336900
16131012130718103338300
16131012130718103339600
16131012130718103340800
16131012130718103342000
16131012130718103343100
16131012130718103344300
16131012130718103345300
16131012130718103346400
16131012130718103347500
16131012130718103348600
16131012130718103349700
16131012130718103350700
16131012130718103351800
16131012130718103352800
16131012130718103353800
16131012130718103354800
16131012130718103355800
16131012130718103356700
16131012130718103357700
16131012130718103358600
16131012130718103359600
16131012130718103400600
16131012130718103401500
16131012130718103402500
16131012130718103403400
16131012130718103404400
16131012130718103405500
16131012130718103406700
16131012130718103408300
16131012130718103410200
16131012130718103422500
16131012130718103424800
16131012130718103426300
16131012130718103427600
16131012130718103428900
16131012130718103430100
16131012130718103431300
16131012130718103432500
16131012130718103433600
16131012130718103434700
16131012130718103435900
16131012130718103437100
16131012130718103438300
16131012130718103439400
16131012130718103440500
16131012130718103441600
16131012130718103442600
16131012130718103443600
16131012130718103444600
16131012130718103445600
16131012130718103446500
16131012130718103447500
16131012130718103448400
16131012130718103449300
16131012130718103450100
16131012130718103451000
16131012130718103451900
16131012130718103452700
16131012130718103453600
16131012130718103454500
16131012130718103455400
16131012130718103456300
16131012130718103457300
16131012130718103458400
16131012130718103459500
16131012130718103500700
16131012130718103501900
16131012130718103503200
16131012130718103504500
16131012130718103505800
16131012130718103507000
16131012130718103508400
16131012130718103509800
16131012130718103511400
16131012130718103513300
16131012130718103515000
16131012130718103516600
16131012130718103518200
16131012130718103519700
16131012130718103521300
16131012130718103522900
16131012130718103524400
16131012130718103526200
16131012130718103529300
16131012130718103532200
16131012130718103534100
16131012130718103536100
16131012130718103538800
16131012130718103541300
16131012130718103544200
16131012130718103654200
16131012130718103658800
16131012130718103701400
16131012130718103703300
16131012130718103704900
16131012130718103706400
16131012130718103707700
16131012130718103708900
16131012130718103710000
16131012130718103711200
16131012130718103712300
16131012130718103713500
16131012130718103714600
16131012130718103715700
16131012130718103716800
16131012130718103718000
16131012130718103719100
16131012130718103720300
16131012130718103721300
16131012130718103722400
16131012130718103723300
16131012130718103724300
16131012130718103725300
16131012130718103726300
16131012130718103727300
16131012130718103728400
16131012130718103729500
16131012130718103730700
16131012130718103731900
16131012130718103733100
16131012130718103734300
16131012130718103735600
16131012130718103736800
16131012130718103738000
16131012130718103739300
16131012130718103740400
16131012130718103741600
16131012130718103742600
16131012130718103743700
16131012130718103744700
16131012130718103745800
16131012130718103746800
16131012130718103747700
16131012130718103748700
16131012130718103749600
16131012130718103750600
16131012130718103751600
16131012130718103752700
16131012130718103753700
16131012130718103754800
16131012130718103755800
16131012130718103756900
16131012130718103757900
16131012130718103758900
16131012130718103759900
16131012130718103800900
16131012130718103801900
16131012130718103802900
16131012130718103803900
16131012130718103804900
16131012130718103805900
16131012130718103806900
16131012130718103807800
16131012130718103808800
16131012130718103809800
16131012130718103810700
16131012130718103811700
16131012130718103812600
16131012130718103813600
16131012130718103814500
16131012130718103815500
16131012130718103816500
16131012130718103817600
16131012130718103818700
16131012130718103819800
16131012130718103820900
16131012130718103821900
16131012130718103823100
16131012130718103824300
16131012130718103826000
16131012130718103828000
16131012130718103829400
16131012130718103830600
16131012130718103831800
16131012130718103832800
16131012130718103833800
16131012130718103834800
16131012130718103835800
16131012130718103836700
16131012130718103837600
16131012130718103838600
16131012130718103839600
16131012130718103840700
16131012130718103841800
16131012130718103843100
16131012130718103844300
16131012130718103845600
16131012130718103847000
16131012130718103848300
16131012130718103849700
16131012130718103851100
16131012130718103853000
16131012130718103855600
16131012130718103857700
16131012130718103859200
16131012130718103900500
16131012130718103901700
16131012130718103902800
16131012130718103903800
16131012130718103904900
16131012130718103906000
16131012130718103907200
16131012130718103908400
16131012130718103909600
16131012130718103910800
16131012130718103912000
16131012130718103913300
16131012130718103914500
16131012130718103915800
16131012130718103917100
16131012130718103918400
16131012130718103919800
16131012130718103921300
16131012130718103922600
16131012130718103924000
16131012130718103925300
16131012130718103926600
16131012130718103927900
16131012130718103929200
16131012130718103930500
16131012130718103932100
16131012130718103934700
16131012130718103937500
16131012130718103939500
16131012130718103941300
16131012130718103943300
16131012130718103946000
16131012130718103949200
16131012130718103951300
16131012130718103953500
16131012130718103955600
16131012130718103957500
16131012130718103959400
16131012130718104000900
16131012130718104002400
16131012130718104003900
16131012130718104005500
16131012130718104007000
16131012130718104008500
16131012130718104010100
16131012130718104011700
16131012130718104015200
16131012130718104018400
16131012130718104020600
16131012130718104022500
16131012130718104024200
16131012130718104026000
16131012130718104027600
16131012130718104029100
16131012130718104030700
16131012130718104032300
16131012130718104034300
16131012130718104036500
16131012130718104041100
16131012130718104044700
16131012130718104046900
16131012130718104048800
16131012130718104050600
16131012130718104052300
16131012130718104054100
16131012130718104056000
16131012130718104058100
16131012130718104100300
16131012130718104102900
16131012130718104105100
16131012130718104108200
16131012130718104117000
16131012130718104837000
16131012130718104841500
16131012130718104843900
16131012130718104845700
16131012130718104847300
16131012130718104848800
16131012130718104850300
16131012130718104851800
16131012130718104853100
16131012130718104854400
16131012130718104855700
16131012130718104857000
16131012130718104858200
16131012130718104859500
16131012130718104900700
16131012130718104901900
16131012130718104903100
16131012130718104904300
16131012130718104905400
16131012130718104906500
16131012130718104907600
16131012130718104908700
16131012130718104909800
16131012130718104910900
16131012130718104912000
16131012130718104913100
16131012130718104914200
16131012130718104915300
16131012130718104916300
16131012130718104917400
16131012130718104918500
16131012130718104919700
16131012130718104920900
16131012130718104922200
16131012130718104923600
16131012130718104924800
16131012130718104925900
16131012130718104927100
16131012130718104928200
16131012130718104929300
16131012130718104930400
16131012130718104931500
16131012130718104932600
16131012130718104933700
16131012130718104934800
16131012130718104935900
16131012130718104937000
16131012130718104938000
16131012130718104939100
16131012130718104940200
16131012130718104941200
16131012130718104942200
16131012130718104943200
16131012130718104944200
16131012130718104945200
16131012130718104946200
16131012130718104947200
16131012130718104948100
16131012130718104949200
16131012130718104950200
16131012130718104951200
16131012130718104952200
16131012130718104953200
16131012130718104954200
16131012130718104955200
16131012130718104956300
16131012130718104957400
16131012130718104958500
16131012130718104959500
16131012130718105000600
16131012130718105001700
16131012130718105002800
16131012130718105003900
16131012130718105005000
16131012130718105006000
16131012130718105007000
16131012130718105008100
16131012130718105009100
16131012130718105010100
16131012130718105011100
16131012130718105012100
16131012130718105013100
16131012130718105014100
16131012130718105015100
16131012130718105016100
16131012130718105017100
16131012130718105018100
16131012130718105019100
16131012130718105020100
16131012130718105021000
16131012130718105022000
16131012130718105023000
16131012130718105024100
16131012130718105025300
16131012130718105026500
16131012130718105027600
16131012130718105028600
16131012130718105029700
16131012130718105030700
16131012130718105031700
16131012130718105032800
16131012130718105033800
16131012130718105034700
16131012130718105035700
16131012130718105036700
16131012130718105037600
16131012130718105038600
16131012130718105039600
16131012130718105040600
16131012130718105041600
16131012130718105042600
16131012130718105043600
16131012130718105044600
16131012130718105045600
16131012130718105046700
16131012130718105047700
16131012130718105048800
16131012130718105049800
16131012130718105050900
16131012130718105052000
16131012130718105053000
16131012130718105054100
16131012130718105055100
16131012130718105056100
16131012130718105057100
16131012130718105058100
16131012130718105059100
16131012130718105100000
16131012130718105101000
16131012130718105102000
16131012130718105103000
16131012130718105104000
16131012130718105105000
16131012130718105106000
16131012130718105107000
16131012130718105108000
16131012130718105108900
16131012130718105109900
16131012130718105110800
16131012130718105111800
16131012130718105112700
16131012130718105113700
16131012130718105114700
16131012130718105115700
16131012130718105116600
16131012130718105117600
16131012130718105118700
16131012130718105119900
16131012130718105121300
16131012130718105122600
16131012130718105123700
16131012130718105124700
16131012130718105125700
16131012130718105126700
16131012130718105127700
16131012130718105128800
16131012130718105129800
16131012130718105130800
16131012130718105131900
16131012130718105132900
16131012130718105134000
16131012130718105135000
16131012130718105136000
16131012130718105137000
16131012130718105137900
16131012130718105138900
16131012130718105139800
16131012130718105140800
16131012130718105141800
16131012130718105142800
16131012130718105143800
16131012130718105144800
16131012130718105145800
16131012130718105146700
16131012130718105147700
16131012130718105148600
16131012130718105149600
16131012130718105150500
16131012130718105151500
16131012130718105152400
16131012130718105153300
16131012130718105154200
16131012130718105155200
16131012130718105156100
16131012130718105157000
16131012130718105157800
16131012130718105158700
16131012130718105159600
16131012130718105200400
16131012130718105201300
16131012130718105202200
16131012130718105203200
16131012130718105204100
16131012130718105205100
16131012130718105206100
16131012130718105207100
16131012130718105208100
16131012130718105209000
16131012130718105210000
16131012130718105210900
16131012130718105211900
16131012130718105212800
16131012130718105213700
16131012130718105214700
16131012130718105215600
16131012130718105216500
16131012130718105217500
16131012130718105218400
16131012130718105219300
16131012130718105220200
16131012130718105221100
16131012130718105222000
16131012130718105222900
16131012130718105223800
16131012130718105224700
16131012130718105225600
16131012130718105226500
16131012130718105227400
16131012130718105228300
16131012130718105229200
16131012130718105230200
16131012130718105231100
16131012130718105232000
16131012130718105232900
16131012130718105233800
16131012130718105234800
16131012130718105235600
16131012130718105236500
16131012130718105237400
16131012130718105238300
16131012130718105239200
16131012130718105240000
16131012130718105240800
16131012130718105241700
16131012130718105242500
16131012130718105243300
16131012130718105244100
16131012130718105244900
16131012130718105245700
16131012130718105246500
16131012130718105247300
16131012130718105248200
16131012130718105249100
16131012130718105249900
16131012130718105250800
16131012130718105251600
16131012130718105252500
16131012130718105253400
16131012130718105254300
16131012130718105255200
16131012130718105256200
16131012130718105257300
16131012130718105258900
16131012130718105301000
16131012130718105303200
16131012130718105304600
16131012130718105305900
16131012130718105307000
16131012130718105308100
16131012130718105309200
16131012130718105310100
16131012130718105311200
16131012130718105312300
16131012130718105313300
16131012130718105314400
16131012130718105315400
16131012130718105316300
16131012130718105317200
16131012130718105318100
16131012130718105319000
16131012130718105319800
16131012130718105320600
16131012130718105321500
16131012130718105322300
16131012130718105323200
16131012130718105324000
16131012130718105324800
16131012130718105325600
16131012130718105326500
16131012130718105327300
16131012130718105328100
16131012130718105329000
16131012130718105329900
16131012130718105330700
16131012130718105331600
16131012130718105332400
16131012130718105333300
16131012130718105334100
16131012130718105335000
16131012130718105335800
16131012130718105336600
16131012130718105337300
16131012130718105338100
16131012130718105339000
16131012130718105339800
16131012130718105340700
16131012130718105341600
16131012130718105342400
16131012130718105343300
16131012130718105344200
16131012130718105345100
16131012130718105346000
16131012130718105346900
16131012130718105347800
16131012130718105348700
16131012130718105349500
16131012130718105350400
16131012130718105351300
16131012130718105352200
16131012130718105353000
16131012130718105353900
16131012130718105354700
16131012130718105355500
16131012130718105356400
16131012130718105357200
16131012130718105358100
16131012130718105358900
16131012130718105359800
16131012130718105400700
16131012130718105401600
16131012130718105404600
16131012130718105405700
16131012130718105407000
16131012130718105408300
16131012130718105409700
16131012130718105411300
16131012130718105413100
16131012130718105416100
16131012130718105417500
16131012130718105418800
16131012130718105420000
16131012130718105421100
16131012130718105422200
16131012130718105423300
16131012130718105424400
16131012130718105425400
16131012130718105426600
16131012130718105427700
16131012130718105430100
16131012130718105431300
16131012130718105432300
16131012130718105433400
16131012130718105434500
16131012130718105435500
16131012130718105436500
16131012130718105437500
16131012130718105438500
16131012130718105439500
16131012130718105440400
16131012130718105441300
16131012130718105442200
16131012130718105443100
16131012130718105444000
16131012130718105445000
16131012130718105445900
16131012130718105446800
16131012130718105447800
16131012130718105448700
16131012130718105449700
16131012130718105450700
16131012130718105451700
16131012130718105452700
16131012130718105453700
16131012130718105454700
16131012130718105455600
16131012130718105456500
16131012130718105457400
16131012130718105458300
16131012130718105459300
16131012130718105500200
16131012130718105501100
16131012130718105502100
16131012130718105503000
16131012130718105503900
16131012130718105504800
16131012130718105505700
16131012130718105506700
16131012130718105507600
16131012130718105508600
16131012130718105509500
16131012130718105510400
16131012130718105511300
16131012130718105512200
16131012130718105513100
16131012130718105514100
16131012130718105515000
16131012130718105515900
16131012130718105516800
16131012130718105517700
16131012130718105518600
16131012130718105519500
16131012130718105520400
16131012130718105521400
16131012130718105522300
16131012130718105523200
16131012130718105524200
16131012130718105525200
16131012130718105526200
16131012130718105527200
16131012130718105528300
16131012130718105529300
16131012130718105530300
16131012130718105531300
16131012130718105532400
16131012130718105533500
16131012130718105534500
16131012130718105535500
16131012130718105536500
16131012130718105537400
16131012130718105538400
16131012130718105539300
16131012130718105540300
16131012130718105541200
16131012130718105542100
16131012130718105543000
16131012130718105543900
16131012130718105544800
16131012130718105545800
16131012130718105546700
16131012130718105547600
16131012130718105548600
16131012130718105549600
16131012130718105550500
16131012130718105551500
16131012130718105552600
16131012130718105553600
16131012130718105554600
16131012130718105555700
16131012130718105556800
16131012130718105557900
16131012130718105558900
16131012130718105559900
16131012130718105600800
16131012130718105601700
16131012130718105602700
16131012130718105603600
16131012130718105604500
16131012130718105605300
16131012130718105606200
16131012130718105607200
16131012130718105608000
16131012130718105608900
16131012130718105609700
16131012130718105610600
16131012130718105611400
16131012130718105612200
16131012130718105613100
16131012130718105613900
16131012130718105614800
16131012130718105615800
16131012130718105616700
16131012130718105617700
16131012130718105618700
16131012130718105619700
16131012130718105620600
16131012130718105621600
16131012130718105622600
16131012130718105623500
16131012130718105624600
16131012130718105625600
16131012130718105626700
16131012130718105627700
16131012130718105628700
16131012130718105629700
16131012130718105630600
16131012130718105631600
16131012130718105632600
16131012130718105633600
16131012130718105634600
16131012130718105635500
16131012130718105636500
16131012130718105637500
16131012130718105638600
16131012130718105639700
16131012130718105640900
16131012130718105642100
16131012130718105643200
16131012130718105644300
16131012130718105645300
16131012130718105646300
16131012130718105647300
16131012130718105648300
16131012130718105649200
16131012130718105650200
16131012130718105651200
16131012130718105652300
16131012130718105653300
16131012130718105654400
16131012130718105655500
16131012130718105656500
16131012130718105657500
16131012130718105658600
16131012130718105659600
16131012130718105700500
16131012130718105701500
16131012130718105702500
16131012130718105703400
16131012130718105704400
16131012130718105705400
16131012130718105706400
16131012130718105707300
16131012130718105708200
16131012130718105709200
16131012130718105710100
16131012130718105711100
16131012130718105712100
16131012130718105713000
16131012130718105714100
16131012130718105715200
16131012130718105716500
16131012130718105717800
16131012130718105718900
16131012130718105720000
16131012130718105721100
16131012130718105722100
16131012130718105723100
16131012130718105724100
16131012130718105725000
16131012130718105726000
16131012130718105726900
16131012130718105727800
16131012130718105728800
16131012130718105729700
16131012130718105730600
16131012130718105731500
16131012130718105732400
16131012130718105733300
16131012130718105734300
16131012130718105735200
16131012130718105736100
16131012130718105737000
16131012130718105737900
16131012130718105738800
16131012130718105739800
16131012130718105740700
16131012130718105741600
16131012130718105742600
16131012130718105743700
16131012130718105744800
16131012130718105746000
16131012130718105747200
16131012130718105748400
16131012130718105749500
16131012130718105750600
16131012130718105751600
16131012130718105752700
16131012130718105753700
16131012130718105754800
16131012130718105755800
16131012130718105756800
16131012130718105757800
16131012130718105758900
16131012130718105800100
16131012130718105801300
16131012130718105802400
16131012130718105803700
16131012130718105805000
16131012130718105806100
16131012130718105807300
16131012130718105808400
16131012130718105809400
16131012130718105810400
16131012130718105811400
16131012130718105812500
16131012130718105813500
16131012130718105814600
16131012130718105815500
16131012130718105816500
16131012130718105817500
16131012130718105818400
16131012130718105819400
16131012130718105820400
16131012130718105821300
16131012130718105822300
16131012130718105823300
16131012130718105824200
16131012130718105825200
16131012130718105826100
16131012130718105827100
16131012130718105828100
16131012130718105829000
16131012130718105829900
16131012130718105830900
16131012130718105831800
16131012130718105832800
16131012130718105833800
16131012130718105834800
16131012130718105835700
16131012130718105836700
16131012130718105837600
16131012130718105838600
16131012130718105839500
16131012130718105840500
16131012130718105841400
16131012130718105842400
16131012130718105843400
16131012130718105844300
16131012130718105845300
16131012130718105846300
16131012130718105847200
16131012130718105848200
16131012130718105849200
16131012130718105850200
16131012130718105851200
16131012130718105852200
16131012130718105853200
16131012130718105854300
16131012130718105855500
16131012130718105856600
16131012130718105857600
16131012130718105858600
16131012130718105859600
16131012130718105900500
16131012130718105901400
16131012130718105902400
16131012130718105903300
16131012130718105904300
16131012130718105905300
16131012130718105906300
16131012130718105907500
16131012130718105908800
16131012130718105910200
16131012130718105911500
16131012130718105912600
16131012130718105913700
16131012130718105914800
16131012130718105915800
16131012130718105916700
16131012130718105917700
16131012130718105918600
16131012130718105919500
16131012130718105920400
16131012130718105921400
16131012130718105922400
16131012130718105923400
16131012130718105924400
16131012130718105925400
16131012130718105926400
16131012130718105927400
16131012130718105928400
16131012130718105929500
16131012130718105930500
16131012130718105931500
16131012130718105932500
16131012130718105933500
16131012130718105934500
16131012130718105935400
16131012130718105936400
16131012130718105937300
16131012130718105938300
16131012130718105939200
16131012130718105940200
16131012130718105941200
16131012130718105942200
16131012130718105943300
16131012130718105944500
16131012130718105945600
16131012130718105946700
16131012130718105947700
16131012130718105948700
16131012130718105949700
16131012130718105950600
16131012130718105951600
16131012130718105952500
16131012130718105953400
16131012130718105954300
16131012130718105955200
16131012130718105956100
16131012130718105957000
16131012130718105957900
16131012130718105958700
16131012130718105959600
16131012130718110000500
16131012130718110001400
16131012130718110002300
16131012130718110003300
16131012130718110004200
16131012130718110005100
16131012130718110006100
16131012130718110007000
16131012130718110008000
16131012130718110009000
16131012130718110010000
16131012130718110011000
16131012130718110011900
16131012130718110012800
16131012130718110013700
16131012130718110014600
16131012130718110015500
16131012130718110016400
16131012130718110017300
16131012130718110018100
16131012130718110019000
16131012130718110019900
16131012130718110020800
16131012130718110021700
16131012130718110022600
16131012130718110023500
16131012130718110024400
16131012130718110025200
16131012130718110026100
16131012130718110026900
16131012130718110027700
16131012130718110028500
16131012130718110029300
16131012130718110030100
16131012130718110030900
16131012130718110031700
16131012130718110032500
16131012130718110033300
16131012130718110034100
16131012130718110035000
16131012130718110035800
16131012130718110036700
16131012130718110037500
16131012130718110038400
16131012130718110039200
16131012130718110040100
16131012130718110041000
16131012130718110041900
16131012130718110042800
16131012130718110043700
16131012130718110044600
16131012130718110045500
16131012130718110046400
16131012130718110047300
16131012130718110048200
16131012130718110049100
16131012130718110050000
16131012130718110051000
16131012130718110052000
16131012130718110053100
16131012130718110054300
16131012130718110055700
16131012130718110057000
16131012130718110058300
16131012130718110059500
16131012130718110100500
16131012130718110101500
16131012130718110102400
16131012130718110103300
16131012130718110104200
16131012130718110105100
16131012130718110106100
16131012130718110107400
16131012130718110111000
16131012130718110114000
16131012130718110116700
16131012130718110121200
16131012130718110123200
16131012130718110125000
16131012130718110126700
16131012130718110128400
16131012130718110130000
16131012130718110131700
16131012130718110133800
16131012130718110136000
16131012130718110139800
16131012130718110142600
16131012130718110144800
16131012130718110147600
16131012130718110151400
16131012130718110200600
16131012130718110204700
16131012130718110212300
16131012130718110215100
16131012130718110217900
16131012130718110223700
16131012130718110228700
16131012130718110231700
16131012130718110235100
16131012130718110239800
16131012130718110243000
16131012130718110245800
16131012130718110250600
16131012130718110253500
16131012130718110256700
16131012130718110258900
16131012130718110300900
16131012130718110302700
16131012130718110304500
16131012130718110306300
16131012130718110308400
16131012130718110310500
16131012130718110312700
16131012130718110315600
16131012130718110317800
16131012130718110319500
16131012130718110321400
16131012130718110323100
16131012130718110326100
16131012130718110329100
16131012130718110331200
16131012130718110332900
16131012130718110334600
16131012130718110336500
16131012130718110338700
16131012130718110340500
16131012130718110342500
16131012130718110344600
16131012130718110346400
16131012130718110347800
16131012130718110349000
16131012130718110350400
16131012130718110352400
16131012130718110354900
16131012130718110357100
16131012130718110358800
16131012130718110400300
16131012130718110401600
16131012130718110402900
16131012130718110404200
16131012130718110405600
16131012130718110407000
16131012130718110409900
16131012130718110418900
16131012130718110421000
16131012130718110427100
16131012130718110430200
16131012130718110432000
16131012130718110434400
16131012130718110436200
16131012130718110438100
16131012130718110440800
16131012130718110444000
16131012130718110445900
16131012130718110447700
16131012130718110449900
16131012130718110451800
16131012130718110454000
16131012130718110457900
16131012130718110504400
16131012130718110507600
16131012130718110510400
16131012130718110512600
16131012130718110514500
16131012130718110516300
16131012130718110519800
16131012130718110524000
16131012130718110527800
16131012130718110531700
16131012130718110538100
16131012130718110545100
16131012130718110549300
16131012130718110551800
16131012130718110554300
16131012130718110600500
16131012130718110604900
16131012130718110606800
16131012130718110608200
16131012130718110609400
16131012130718110610500
16131012130718110611600
16131012130718110612600
16131012130718110613600
16131012130718110614600
16131012130718110615600
16131012130718110616600
16131012130718110617600
16131012130718110618500
16131012130718110619400
16131012130718110620300
16131012130718110621200
16131012130718110622000
16131012130718110622800
16131012130718110623700
16131012130718110624500
16131012130718110625300
16131012130718110626100
16131012130718110626900
16131012130718110627700
16131012130718110628500
16131012130718110629400
16131012130718110630300
16131012130718110631100
16131012130718110631900
16131012130718110632700
16131012130718110633500
16131012130718110634300
16131012130718110635100
16131012130718110635900
16131012130718110636700
16131012130718110637500
16131012130718110638300
16131012130718110639100
16131012130718110640000
16131012130718110640900
16131012130718110641800
16131012130718110642800
16131012130718110643800
16131012130718110644800
16131012130718110645800
16131012130718110646700
16131012130718110647700
16131012130718110648600
16131012130718110649500
16131012130718110650300
16131012130718110651200
16131012130718110652100
16131012130718110653000
16131012130718110653900
16131012130718110654700
16131012130718110655600
16131012130718110656400
16131012130718110657200
16131012130718110658000
16131012130718110658800
16131012130718110659600
16131012130718110700400
16131012130718110701200
16131012130718110702000
16131012130718110702800
16131012130718110703600
16131012130718110704400
16131012130718110705100
16131012130718110705900
16131012130718110706700
16131012130718110707400
16131012130718110708100
16131012130718110708900
16131012130718110709600
16131012130718110710400
16131012130718110711200
16131012130718110712000
16131012130718110712800
16131012130718110713600
16131012130718110714400
16131012130718110715200
16131012130718110716000
16131012130718110716800
16131012130718110717600
16131012130718110718500
16131012130718110719300
16131012130718110720100
16131012130718110720900
16131012130718110721700
16131012130718110722600
16131012130718110723400
16131012130718110724200
16131012130718110725000
16131012130718110725700
16131012130718110726500
16131012130718110727200
16131012130718110728000
16131012130718110728800
16131012130718110729600
16131012130718110730400
16131012130718110731200
16131012130718110732100
16131012130718110733000
16131012130718110734100
16131012130718110735400
16131012130718110736600
16131012130718110737700
16131012130718110738800
16131012130718110739800
16131012130718110740800
16131012130718110741700
16131012130718110742700
16131012130718110743600
16131012130718110744500
16131012130718110745400
16131012130718110746300
16131012130718110747200
16131012130718110748100
16131012130718110748900
16131012130718110749800
16131012130718110750700
16131012130718110751600
16131012130718110752500
16131012130718110753400
16131012130718110754300
16131012130718110755100
16131012130718110756000
16131012130718110757000
16131012130718110757900
16131012130718110758900
16131012130718110759800
16131012130718110800700
16131012130718110801700
16131012130718110802700
16131012130718110803700
16131012130718110804600
16131012130718110805500
16131012130718110806400
16131012130718110807200
16131012130718110808100
16131012130718110809000
16131012130718110810000
16131012130718110810900
16131012130718110811700
16131012130718110812600
16131012130718110813500
16131012130718110814400
16131012130718110815200
16131012130718110816000
16131012130718110816900
16131012130718110817800
16131012130718110818700
16131012130718110819500
16131012130718110820400
16131012130718110821300
16131012130718110822200
16131012130718110823100
16131012130718110824000
16131012130718110824900
16131012130718110825800
16131012130718110826600
16131012130718110827500
16131012130718110828400
16131012130718110829300
16131012130718110830200
16131012130718110831100
16131012130718110832000
16131012130718110832900
16131012130718110833800
16131012130718110834700
16131012130718110835500
16131012130718110836400
16131012130718110837300
16131012130718110838100
16131012130718110838900
16131012130718110839800
16131012130718110840600
16131012130718110841500
16131012130718110842400
16131012130718110843300
16131012130718110844100
16131012130718110845000
16131012130718110845800
16131012130718110846700
16131012130718110847600
16131012130718110848500
16131012130718110849300
16131012130718110850200
16131012130718110851100
16131012130718110852000
16131012130718110852900
16131012130718110853800
16131012130718110854700
16131012130718110855600
16131012130718110856500
16131012130718110857400
16131012130718110858200
16131012130718110859100
16131012130718110859900
16131012130718110900800
16131012130718110901600
16131012130718110902400
16131012130718110903200
16131012130718110904000
16131012130718110904800
16131012130718110905600
16131012130718110906300
16131012130718110907100
16131012130718110907900
16131012130718110908700
16131012130718110909500
16131012130718110910300
16131012130718110911100
16131012130718110911900
16131012130718110912700
16131012130718110913500
16131012130718110914300
16131012130718110915100
16131012130718110915900
16131012130718110916700
16131012130718110917500
16131012130718110918300
16131012130718110919100
16131012130718110919900
16131012130718110920700
16131012130718110921600
16131012130718110922400
16131012130718110923300
16131012130718110924100
16131012130718110924900
16131012130718110925700
16131012130718110926500
16131012130718110927300
16131012130718110928100
16131012130718110928900
16131012130718110929700
16131012130718110930500
16131012130718110931400
16131012130718110932200
16131012130718110933000
16131012130718110933800
16131012130718110934700
16131012130718110935500
16131012130718110936300
16131012130718110937200
16131012130718110938000
16131012130718110938800
16131012130718110939600
16131012130718110940400
16131012130718110941200
16131012130718110942000
16131012130718110942700
16131012130718110943500
16131012130718110944200
16131012130718110945000
16131012130718110945700
16131012130718110946500
16131012130718110947200
16131012130718110947900
16131012130718110948700
16131012130718110949400
16131012130718110950100
16131012130718110950900
16131012130718110951600
16131012130718110952400
16131012130718110953100
16131012130718110953900
16131012130718110954700
16131012130718110955400
16131012130718110956200
16131012130718110956900
16131012130718110957700
16131012130718110958500
16131012130718110959200
16131012130718111000000
16131012130718111000700
16131012130718111001400
16131012130718111002200
16131012130718111003000
16131012130718111003700
16131012130718111004600
16131012130718111005400
16131012130718111006300
16131012130718111007100
16131012130718111008000
16131012130718111008800
16131012130718111009600
16131012130718111010400
16131012130718111011200
16131012130718111011900
16131012130718111012700
16131012130718111013400
16131012130718111014200
16131012130718111014900
16131012130718111015700
16131012130718111016400
16131012130718111017200
16131012130718111018000
16131012130718111018700
16131012130718111019500
16131012130718111020200
16131012130718111021000
16131012130718111021800
16131012130718111022500
16131012130718111023300
16131012130718111024100
16131012130718111024900
16131012130718111025700
16131012130718111026600
16131012130718111027400
16131012130718111028200
16131012130718111029000
16131012130718111029900
16131012130718111030700
16131012130718111031600
16131012130718111032400
16131012130718111033300
16131012130718111034100
16131012130718111035000
16131012130718111035900
16131012130718111036900
16131012130718111037900
16131012130718111038800
16131012130718111039700
16131012130718111040600
16131012130718111041400
16131012130718111042300
16131012130718111043100
16131012130718111043900
16131012130718111044700
16131012130718111045500
16131012130718111046300
16131012130718111047000
16131012130718111047800
16131012130718111048500
16131012130718111049300
16131012130718111050000
16131012130718111050700
16131012130718111051500
16131012130718111052300
16131012130718111053100
16131012130718111053900
16131012130718111054700
16131012130718111055400
16131012130718111056200
16131012130718111056900
16131012130718111057700
16131012130718111058500
16131012130718111059300
16131012130718111100100
16131012130718111100900
16131012130718111101800
16131012130718111102700
16131012130718111103600
16131012130718111104500
16131012130718111105700
16131012130718111107100
16131012130718111109100
16131012130718111111000
16131012130718111112500
16131012130718111113700
16131012130718111114900
16131012130718111115900
16131012130718111116900
16131012130718111117800
16131012130718111118700
16131012130718111119600
16131012130718111120400
16131012130718111121300
16131012130718111122200
16131012130718111123100
16131012130718111124000
16131012130718111125000
16131012130718111126100
16131012130718111127100
16131012130718111128100
16131012130718111129400
16131012130718111130700
16131012130718111132000
16131012130718111133100
16131012130718111134200
16131012130718111135100
16131012130718111136100
16131012130718111136900
16131012130718111137800
16131012130718111138700
16131012130718111139500
16131012130718111140300
16131012130718111141100
16131012130718111142000
16131012130718111142900
16131012130718111143800
16131012130718111144700
16131012130718111145600
16131012130718111146500
16131012130718111147400
16131012130718111148300
16131012130718111149200
16131012130718111150000
16131012130718111150900
16131012130718111151700
16131012130718111152600
16131012130718111153400
16131012130718111154300
16131012130718111155200
16131012130718111156100
16131012130718111157100
16131012130718111158000
16131012130718111159000
16131012130718111200000
16131012130718111201000
16131012130718111202100
16131012130718111203100
16131012130718111204100
16131012130718111205100
16131012130718111206100
16131012130718111207000
16131012130718111208000
16131012130718111208900
16131012130718111209800
16131012130718111210700
16131012130718111211600
16131012130718111212500
16131012130718111213400
16131012130718111214300
16131012130718111215100
16131012130718111216000
16131012130718111216900
16131012130718111217700
16131012130718111218600
16131012130718111219400
16131012130718111220300
16131012130718111221200
16131012130718111222000
16131012130718111222800
16131012130718111223700
16131012130718111224600
16131012130718111225500
16131012130718111226400
16131012130718111227400
16131012130718111228400
16131012130718111229400
16131012130718111230500
16131012130718111231500
16131012130718111232600
16131012130718111233700
16131012130718111234800
16131012130718111235900
16131012130718111236900
16131012130718111237900
16131012130718111238900
16131012130718111239800
16131012130718111240700
16131012130718111241600
16131012130718111242500
16131012130718111243500
16131012130718111245200
16131012130718111247800
16131012130718111250000
16131012130718111252600
16131012130718111254700
16131012130718111256300
16131012130718111257700
16131012130718111259100
16131012130718111300600
16131012130718111302100
16131012130718111303600
16131012130718111305100
16131012130718111307000
16131012130718111311000
16131012130718111649800
16131012130718111713100
16131012130718111719200
16131012130718111721500
16131012130718111723100
16131012130718111724500
16131012130718111725900
16131012130718111727200
16131012130718111728400
16131012130718111729600
16131012130718111730800
16131012130718111731900
16131012130718111733000
16131012130718111734000
16131012130718111735000
16131012130718111736000
16131012130718111737100
16131012130718111738300
16131012130718111739800
16131012130718111741100
16131012130718111747900
16131012130718111804200
16131012130718111806700
16131012130718111808400
16131012130718111810000
16131012130718111811700
16131012130718111814300
16131012130718111816400
16131012130718111817800
16131012130718111819000
16131012130718111820100
16131012130718111821100
16131012130718111822000
16131012130718111822900
16131012130718111823800
16131012130718111824600
16131012130718111825500
16131012130718111826300
16131012130718111827100
16131012130718111828000
16131012130718111828800
16131012130718111829600
16131012130718111830400
16131012130718111831200
16131012130718111832000
16131012130718111832800
16131012130718111833600
16131012130718111834300
16131012130718111835100
16131012130718111835900
16131012130718111836700
16131012130718111837500
16131012130718111838300
16131012130718111839200
16131012130718111840200
16131012130718111841500
16131012130718111843100
16131012130718111845200
16131012130718111847400
16131012130718111849400
16131012130718111850700
16131012130718111852000
16131012130718111853300
16131012130718111855200
16131012130718111856300
16131012130718111926500
16131012130718111928300
16131012130718111929900
16131012130718111931400
16131012130718111932900
16131012130718111934300
16131012130718111935700
16131012130718111937600
16131012130718111939600
16131012130718111941500
16131012130718111943200
16131012130718111945000
16131012130718111947200
16131012130718111949600
16131012130718111951600
16131012130718111953500
16131012130718111955500
16131012130718111957600
16131012130718112027800
16131012130718112030000
16131012130718112031400
16131012130718112032600
16131012130718112033700
16131012130718112034800
16131012130718112035900
16131012130718112037000
16131012130718112038000
16131012130718112039000
16131012130718112040100
16131012130718112041100
16131012130718112042200
16131012130718112043300
16131012130718112044400
16131012130718112045500
16131012130718112046600
16131012130718112047700
16131012130718112048800
16131012130718112049800
16131012130718112050900
16131012130718112051900
16131012130718112052900
16131012130718112054000
16131012130718112055100
16131012130718112056100
16131012130718112057200
16131012130718112058200
16131012130718112059300
16131012130718112100400
16131012130718112101600
16131012130718112102900
16131012130718112104300
16131012130718112105700
16131012130718112107000
16131012130718112108400
16131012130718112109800
16131012130718112111200
16131012130718112112700
16131012130718112114200
16131012130718112115600
16131012130718112116800
16131012130718112118000
16131012130718112119100
16131012130718112120300
16131012130718112121400
16131012130718112122400
16131012130718112123400
16131012130718112124400
16131012130718112125400
16131012130718112126400
16131012130718112127400
16131012130718112128300
16131012130718112129300
16131012130718112130300
16131012130718112131200
16131012130718112132200
16131012130718112133100
16131012130718112134100
16131012130718112135100
16131012130718112136000
16131012130718112137000
16131012130718112137900
16131012130718112138800
16131012130718112139800
16131012130718112140700
16131012130718112141600
16131012130718112142600
16131012130718112143500
16131012130718112144300
16131012130718112145200
16131012130718112146100
16131012130718112147000
16131012130718112147800
16131012130718112148700
16131012130718112149600
16131012130718112150400
16131012130718112151200
16131012130718112152100
16131012130718112152900
16131012130718112153800
16131012130718112154600
16131012130718112155400
16131012130718112156100
16131012130718112156900
16131012130718112157800
16131012130718112158600
16131012130718112159500
16131012130718112200300
16131012130718112201300
16131012130718112202200
16131012130718112203100
16131012130718112204000
16131012130718112205000
16131012130718112205900
16131012130718112206900
16131012130718112207800
16131012130718112208800
16131012130718112209800
16131012130718112210800
16131012130718112211800
16131012130718112212700
16131012130718112213700
16131012130718112214700
16131012130718112215600
16131012130718112216600
16131012130718112217500
16131012130718112218500
16131012130718112219500
16131012130718112220400
16131012130718112221400
16131012130718112222300
16131012130718112223200
16131012130718112224100
16131012130718112224900
16131012130718112225800
16131012130718112226700
16131012130718112227500
16131012130718112228400
16131012130718112229300
16131012130718112230200
16131012130718112231000
16131012130718112231900
16131012130718112232800
16131012130718112233700
16131012130718112234500
16131012130718112235300
16131012130718112236200
16131012130718112237100
16131012130718112237900
16131012130718112238800
16131012130718112239700
16131012130718112240500
16131012130718112241400
16131012130718112242200
16131012130718112243100
16131012130718112244000
16131012130718112244800
16131012130718112245600
16131012130718112246500
16131012130718112247300
16131012130718112248100
16131012130718112248900
16131012130718112249700
16131012130718112250500
16131012130718112251400
16131012130718112252200
16131012130718112253000
16131012130718112253800
16131012130718112254600
16131012130718112255400
16131012130718112256300
16131012130718112257100
16131012130718112257900
16131012130718112258700
16131012130718112259600
16131012130718112300400
16131012130718112301300
16131012130718112302200
16131012130718112303000
16131012130718112303800
16131012130718112304700
16131012130718112305500
16131012130718112306400
16131012130718112307200
16131012130718112308100
16131012130718112308900
16131012130718112309700
16131012130718112310600
16131012130718112311400
16131012130718112312300
16131012130718112313200
16131012130718112314000
16131012130718112314900
16131012130718112315800
16131012130718112316600
16131012130718112317500
16131012130718112318300
16131012130718112319200
16131012130718112320000
16131012130718112320800
16131012130718112321600
16131012130718112322400
16131012130718112323200
16131012130718112324000
16131012130718112324900
16131012130718112325800
16131012130718112326800
16131012130718112327900
16131012130718112329000
16131012130718112330100
16131012130718112331200
16131012130718112332200
16131012130718112333200
16131012130718112334200
16131012130718112335100
16131012130718112336000
16131012130718112336900
16131012130718112337700
16131012130718112338600
16131012130718112339400
16131012130718112340300
16131012130718112341200
16131012130718112342100
16131012130718112342900
16131012130718112343800
16131012130718112344700
16131012130718112345600
16131012130718112346500
16131012130718112347400
16131012130718112348300
16131012130718112349200
16131012130718112350100
16131012130718112350900
16131012130718112351800
16131012130718112352700
16131012130718112353500
16131012130718112354300
16131012130718112355100
16131012130718112355900
16131012130718112356700
16131012130718112357500
16131012130718112358300
16131012130718112359100
16131012130718112400000
16131012130718112400800
16131012130718112401600
16131012130718112402400
16131012130718112403300
16131012130718112404100
16131012130718112404900
16131012130718112405700
16131012130718112406500
16131012130718112407300
16131012130718112408100
16131012130718112408900
16131012130718112409600
16131012130718112410400
16131012130718112411100
16131012130718112411900
16131012130718112412600
16131012130718112413400
16131012130718112414100
16131012130718112415000
16131012130718112415900
16131012130718112417400
16131012130718112450300
16131012130718112452100
16131012130718112453700
16131012130718112455100
16131012130718112456300
16131012130718112457500
16131012130718112458700
16131012130718112459800
16131012130718112500800
16131012130718112501700
16131012130718112502600
16131012130718112503400
16131012130718112504200
16131012130718112505000
16131012130718112505800
16131012130718112506600
16131012130718112507400
16131012130718112508300
16131012130718112509100
16131012130718112510000
16131012130718112510900
16131012130718112511700
16131012130718112512500
16131012130718112513300
16131012130718112514200
16131012130718112515000
16131012130718112515800
16131012130718112516600
16131012130718112517400
16131012130718112518200
16131012130718112519000
16131012130718112519800
16131012130718112520600
16131012130718112521400
16131012130718112522200
16131012130718112523000
16131012130718112523800
16131012130718112524600
16131012130718112525400
16131012130718112526200
16131012130718112527000
16131012130718112527800
16131012130718112528600
16131012130718112529500
16131012130718112530400
16131012130718112531500
16131012130718112532500
16131012130718112533500
16131012130718112534500
16131012130718112535400
16131012130718112536300
16131012130718112537100
16131012130718112538000
16131012130718112538800
16131012130718112539500
16131012130718112540400
16131012130718112541200
16131012130718112542100
16131012130718112542900
16131012130718112543700
16131012130718112544500
16131012130718112545300
16131012130718112546200
16131012130718112547000
16131012130718112547900
16131012130718112548700
16131012130718112549600
16131012130718112550500
16131012130718112551400
16131012130718112552300
16131012130718112553200
16131012130718112554500
16131012130718112557700
16131012130718112559700
16131012130718112601000
16131012130718112602200
16131012130718112603200
16131012130718112604100
16131012130718112605000
16131012130718112605800
16131012130718112606600
16131012130718112607300
16131012130718112608000
16131012130718112608800
16131012130718112609500
16131012130718112610200
16131012130718112610900
16131012130718112611600
16131012130718112612400
16131012130718112613200
16131012130718112614000
16131012130718112614800
16131012130718112615700
16131012130718112616500
16131012130718112617300
16131012130718112618100
16131012130718112619000
16131012130718112619800
16131012130718112620600
16131012130718112621500
16131012130718112622300
16131012130718112623100
16131012130718112624000
16131012130718112624800
16131012130718112625700
16131012130718112626500
16131012130718112627400
16131012130718112628200
16131012130718112629000
16131012130718112629800
16131012130718112630700
16131012130718112631500
16131012130718112632300
16131012130718112633100
16131012130718112633800
16131012130718112634600
16131012130718112635400
16131012130718112636200
16131012130718112637000
16131012130718112637800
16131012130718112638600
16131012130718112639400
16131012130718112640200
16131012130718112641000
16131012130718112641900
16131012130718112642700
16131012130718112643600
16131012130718112644400
16131012130718112645300
16131012130718112646100
16131012130718112647000
16131012130718112647800
16131012130718112648700
16131012130718112649500
16131012130718112650400
16131012130718112651200
16131012130718112652000
16131012130718112652800
16131012130718112653600
16131012130718112654400
16131012130718112655200
16131012130718112656000
16131012130718112656800
16131012130718112657600
16131012130718112658300
16131012130718112659100
16131012130718112659900
16131012130718112700700
16131012130718112701500
16131012130718112702200
16131012130718112702900
16131012130718112703700
16131012130718112704500
16131012130718112705300
16131012130718112706100
16131012130718112706800
16131012130718112707600
16131012130718112708300
16131012130718112709000
16131012130718112709800
16131012130718112710500
16131012130718112711200
16131012130718112711900
16131012130718112712700
16131012130718112713400
16131012130718112714100
16131012130718112714900
16131012130718112715700
16131012130718112716400
16131012130718112717300
16131012130718112718100
16131012130718112718800
16131012130718112719600
16131012130718112720400
16131012130718112721100
16131012130718112721900
16131012130718112722600
16131012130718112723400
16131012130718112724100
16131012130718112724900
16131012130718112725700
16131012130718112726500
16131012130718112727200
16131012130718112728000
16131012130718112728700
16131012130718112729500
16131012130718112730200
16131012130718112731000
16131012130718112731800
16131012130718112732600
16131012130718112733400
16131012130718112734200
16131012130718112735000
16131012130718112735700
16131012130718112736500
16131012130718112737300
16131012130718112738100
16131012130718112738800
16131012130718112739600
16131012130718112740400
16131012130718112741100
16131012130718112741900
16131012130718112742700
16131012130718112743500
16131012130718112744200
16131012130718112745000
16131012130718112745900
16131012130718112746700
16131012130718112747600
16131012130718112748500
16131012130718112749400
16131012130718112750400
16131012130718112751400
16131012130718112752400
16131012130718112753400
16131012130718112754300
16131012130718112755100
16131012130718112756000
16131012130718112756900
16131012130718112757700
16131012130718112758500
16131012130718112759300
16131012130718112800100
16131012130718112800900
16131012130718112801600
16131012130718112802400
16131012130718112803200
16131012130718112803900
16131012130718112804700
16131012130718112805400
16131012130718112806100
16131012130718112806800
16131012130718112807500
16131012130718112808200
16131012130718112809000
16131012130718112809700
16131012130718112810400
16131012130718112811100
16131012130718112811900
16131012130718112812700
16131012130718112813500
16131012130718112814300
16131012130718112815200
16131012130718112816100
16131012130718112817000
16131012130718112817800
16131012130718112818600
16131012130718112819400
16131012130718112820200
16131012130718112821000
16131012130718112821800
16131012130718112822600
16131012130718112823400
16131012130718112824100
16131012130718112824900
16131012130718112825700
16131012130718112826400
16131012130718112827200
16131012130718112828000
16131012130718112828800
16131012130718112829600
16131012130718112830500
16131012130718112831400
16131012130718112832300
16131012130718112833300
16131012130718112834200
16131012130718112835100
16131012130718112836000
16131012130718112836900
16131012130718112837800
16131012130718112838600
16131012130718112839500
16131012130718112840300
16131012130718112841100
16131012130718112841800
16131012130718112842600
16131012130718112843300
16131012130718112844100
16131012130718112844900
16131012130718112845700
16131012130718112846500
16131012130718112847300
16131012130718112848000
16131012130718112848800
16131012130718112849600
16131012130718112850300
16131012130718112851100
16131012130718112851900
16131012130718112852600
16131012130718112853400
16131012130718112854200
16131012130718112855000
16131012130718112855700
16131012130718112856500
16131012130718112857300
16131012130718112858100
16131012130718112858900
16131012130718112859700
16131012130718112900400
16131012130718112901300
16131012130718112902100
16131012130718112902800
16131012130718112903600
16131012130718112904400
16131012130718112905200
16131012130718112906000
16131012130718112906800
16131012130718112907600
16131012130718112908400
16131012130718112909200
16131012130718112909900
16131012130718112910700
16131012130718112911500
16131012130718112912300
16131012130718112913000
16131012130718112913800
16131012130718112914700
16131012130718112915500
16131012130718112916400
16131012130718112917300
16131012130718112918300
16131012130718112919300
16131012130718112920300
16131012130718112921300
16131012130718112922400
16131012130718112923400
16131012130718112924300
16131012130718112925100
16131012130718112926000
16131012130718112926800
16131012130718112927500
16131012130718112928300
16131012130718112929100
16131012130718112929900
16131012130718112930700
16131012130718112931500
16131012130718112932300
16131012130718112933200
16131012130718112933900
16131012130718112934600
16131012130718112935400
16131012130718112936200
16131012130718112937000
16131012130718112937800
16131012130718112938600
16131012130718112939400
16131012130718112940200
16131012130718112941100
16131012130718112941900
16131012130718112942800
16131012130718112943600
16131012130718112944500
16131012130718112945300
16131012130718112946100
16131012130718112946900
16131012130718112947800
16131012130718112948600
16131012130718112949400
16131012130718112950300
16131012130718112951100
16131012130718112951900
16131012130718112952700
16131012130718112953500
16131012130718112954300
16131012130718112955100
16131012130718112955900
16131012130718112956600
16131012130718112957400
16131012130718112958200
16131012130718112959000
16131012130718112959800
16131012130718113000600
16131012130718113001400
16131012130718113002200
16131012130718113002900
16131012130718113003700
16131012130718113004500
16131012130718113005300
16131012130718113006100
16131012130718113006900
16131012130718113007600
16131012130718113008400
16131012130718113009200
16131012130718113010000
16131012130718113010800
16131012130718113011600
16131012130718113012400
16131012130718113013100
16131012130718113013900
16131012130718113014700
16131012130718113015500
16131012130718113016300
16131012130718113017100
16131012130718113017900
16131012130718113018700
16131012130718113019500
16131012130718113020300
16131012130718113021000
16131012130718113021800
16131012130718113022600
16131012130718113023400
16131012130718113024100
16131012130718113024900
16131012130718113025700
16131012130718113026500
16131012130718113027300
16131012130718113028100
16131012130718113028800
16131012130718113029600
16131012130718113030300
16131012130718113031100
16131012130718113031800
16131012130718113034900
16131012130718113035700
16131012130718113036400
16131012130718113037100
16131012130718113037900
16131012130718113038600
16131012130718113039300
16131012130718113040100
16131012130718113040900
16131012130718113041600
16131012130718113042300
16131012130718113043100
16131012130718113043800
16131012130718113044600
16131012130718113045300
16131012130718113046100
16131012130718113046800
16131012130718113047600
16131012130718113048400
16131012130718113049100
16131012130718113049800
16131012130718113050600
16131012130718113051300
16131012130718113052000
16131012130718113052800
16131012130718113053500
16131012130718113054300
16131012130718113055000
16131012130718113055800
16131012130718113056500
16131012130718113057300
16131012130718113058000
16131012130718113058800
16131012130718113059500
16131012130718113100300
16131012130718113101100
16131012130718113101900
16131012130718113102700
16131012130718113103400
16131012130718113104200
16131012130718113105000
16131012130718113105700
16131012130718113106500
16131012130718113107200
16131012130718113107900
16131012130718113108600
16131012130718113109300
16131012130718113110100
16131012130718113110800
16131012130718113111600
16131012130718113112400
16131012130718113113200
16131012130718113114000
16131012130718113114900
16131012130718113115800
16131012130718113116700
16131012130718113117500
16131012130718113118400
16131012130718113119300
16131012130718113120100
16131012130718113120900
16131012130718113121700
16131012130718113122500
16131012130718113123200
16131012130718113124000
16131012130718113124700
16131012130718113125500
16131012130718113126200
16131012130718113126900
16131012130718113127700
16131012130718113128500
16131012130718113129200
16131012130718113130000
16131012130718113130700
16131012130718113131500
16131012130718113132300
16131012130718113133100
16131012130718113133800
16131012130718113134600
16131012130718113135300
16131012130718113136000
16131012130718113136800
16131012130718113137500
16131012130718113138300
16131012130718113139000
16131012130718113139800
16131012130718113140600
16131012130718113141400
16131012130718113142200
16131012130718113143000
16131012130718113143800
16131012130718113144600
16131012130718113145400
16131012130718113146300
16131012130718113147100
16131012130718113147900
16131012130718113148700
16131012130718113149500
16131012130718113150300
16131012130718113151100
16131012130718113151800
16131012130718113152600
16131012130718113153400
16131012130718113154200
16131012130718113155000
16131012130718113155700
16131012130718113156500
16131012130718113157300
16131012130718113158100
16131012130718113158800
16131012130718113159600
16131012130718113200400
16131012130718113201100
16131012130718113201900
16131012130718113202700
16131012130718113203400
16131012130718113204100
16131012130718113204900
16131012130718113205500
16131012130718113206300
16131012130718113207100
16131012130718113207900
16131012130718113208700
16131012130718113209600
16131012130718113210500
16131012130718113211400
16131012130718113212300
16131012130718113213300
16131012130718113214300
16131012130718113215200
16131012130718113216100
16131012130718113217000
16131012130718113217800
16131012130718113218600
16131012130718113219400
16131012130718113220200
16131012130718113221000
16131012130718113221800
16131012130718113222600
16131012130718113223300
16131012130718113224100
16131012130718113224900
16131012130718113225700
16131012130718113226400
16131012130718113227200
16131012130718113228000
16131012130718113228700
16131012130718113229500
16131012130718113230300
16131012130718113231100
16131012130718113231900
16131012130718113232700
16131012130718113233400
16131012130718113234200
16131012130718113235000
16131012130718113235800
16131012130718113236600
16131012130718113237400
16131012130718113238200
16131012130718113238900
16131012130718113239700
16131012130718113240500
16131012130718113241300
16131012130718113242100
16131012130718113242900
16131012130718113243600
16131012130718113244400
16131012130718113245200
16131012130718113245900
16131012130718113246700
16131012130718113247600
16131012130718113248400
16131012130718113249300
16131012130718113250200
16131012130718113251100
16131012130718113252000
16131012130718113252800
16131012130718113253600
16131012130718113254400
16131012130718113255200
16131012130718113256000
16131012130718113256700
16131012130718113257500
16131012130718113258300
16131012130718113259100
16131012130718113259900
16131012130718113300700
16131012130718113301500
16131012130718113302300
16131012130718113303100
16131012130718113303900
16131012130718113304700
16131012130718113305500
16131012130718113306200
16131012130718113307000
16131012130718113307700
16131012130718113308500
16131012130718113309200
16131012130718113309900
16131012130718113310700
16131012130718113311400
16131012130718113312100
16131012130718113312900
16131012130718113313600
16131012130718113314300
16131012130718113315100
16131012130718113315800
16131012130718113316600
16131012130718113317400
16131012130718113318100
16131012130718113318800
16131012130718113319600
16131012130718113320300
16131012130718113321000
16131012130718113321800
16131012130718113322500
16131012130718113323200
16131012130718113324000
16131012130718113324700
16131012130718113325400
16131012130718113326200
16131012130718113326900
16131012130718113327700
16131012130718113328400
16131012130718113329100
16131012130718113329900
16131012130718113330600
16131012130718113331400
16131012130718113332100
16131012130718113332800
16131012130718113333500
16131012130718113334300
16131012130718113335000
16131012130718113335700
16131012130718113336500
16131012130718113337200
16131012130718113337900
16131012130718113338600
16131012130718113339400
16131012130718113340100
16131012130718113340800
16131012130718113341500
16131012130718113342300
16131012130718113343000
16131012130718113343800
16131012130718113344500
16131012130718113345300
16131012130718113346000
16131012130718113346800
16131012130718113347600
16131012130718113348300
16131012130718113349100
16131012130718113349800
16131012130718113350600
16131012130718113351400
16131012130718113352200
16131012130718113353000
16131012130718113353800
16131012130718113354600
16131012130718113355500
16131012130718113356400
16131012130718113357400
16131012130718113358400
16131012130718113359400
16131012130718113400400
16131012130718113401400
16131012130718113402400
16131012130718113403400
16131012130718113404300
16131012130718113405200
16131012130718113406100
16131012130718113406900
16131012130718113407700
16131012130718113408500
16131012130718113409300
16131012130718113410100
16131012130718113410900
16131012130718113411600
16131012130718113412400
16131012130718113413200
16131012130718113414000
16131012130718113414700
16131012130718113415500
16131012130718113416300
16131012130718113417000
16131012130718113417800
16131012130718113418600
16131012130718113419300
16131012130718113423000
16131012130718113423800
16131012130718113424500
16131012130718113425300
16131012130718113426000
16131012130718113426800
16131012130718113427500
16131012130718113428300
16131012130718113429100
16131012130718113429800
16131012130718113430600
16131012130718113431300
16131012130718113432000
16131012130718113432800
16131012130718113433600
16131012130718113434300
16131012130718113435100
16131012130718113435800
16131012130718113436500
16131012130718113437200
16131012130718113438000
16131012130718113438700
16131012130718113439500
16131012130718113440300
16131012130718113441000
16131012130718113441800
16131012130718113442500
16131012130718113443200
16131012130718113444000
16131012130718113444700
16131012130718113445400
16131012130718113446100
16131012130718113446900
16131012130718113447700
16131012130718113448600
16131012130718113449500
16131012130718113450500
16131012130718113451400
16131012130718113452400
16131012130718113453300
16131012130718113454200
16131012130718113455200
16131012130718113456100
16131012130718113457000
16131012130718113457900
16131012130718113458800
16131012130718113459700
16131012130718113500600
16131012130718113501600
16131012130718113502500
16131012130718113503400
16131012130718113504300
16131012130718113505300
16131012130718113506200
16131012130718113507200
16131012130718113508100
16131012130718113509100
16131012130718113510200
16131012130718113511300
16131012130718113512500
16131012130718113513900
16131012130718113516200
16131012130718113517900
16131012130718113519300
16131012130718113520500
16131012130718113521600
16131012130718113522700
16131012130718113523700
16131012130718113524700
16131012130718113525600
16131012130718113526500
16131012130718113527400
16131012130718113528300
16131012130718113529200
16131012130718113530000
16131012130718113530900
16131012130718113531800
16131012130718113532700
16131012130718113533600
16131012130718113534400
16131012130718113535300
16131012130718113536100
16131012130718113536900
16131012130718113537700
16131012130718113538500
16131012130718113539400
16131012130718113540100
16131012130718113540900
16131012130718113541800
16131012130718113542600
16131012130718113543500
16131012130718113544300
16131012130718113545200
16131012130718113546000
16131012130718113546900
16131012130718113547800
16131012130718113548700
16131012130718113549500
16131012130718113550300
16131012130718113551200
16131012130718113552000
16131012130718113552800
16131012130718113553600
16131012130718113554400
16131012130718113555200
16131012130718113556000
16131012130718113556800
16131012130718113557700
16131012130718113558500
16131012130718113559300
16131012130718113600100
16131012130718113600900
16131012130718113601700
16131012130718113602500
16131012130718113603400
16131012130718113604200
16131012130718113605000
16131012130718113605900
16131012130718113606700
16131012130718113607500
16131012130718113608300
16131012130718113609200
16131012130718113610000
16131012130718113610800
16131012130718113611800
16131012130718113612900
16131012130718113614100
16131012130718113615200
16131012130718113616300
16131012130718113617800
16131012130718113620100
16131012130718113621900
16131012130718113623200
16131012130718113624400
16131012130718113625500
16131012130718113626400
16131012130718113627300
16131012130718113628200
16131012130718113629000
16131012130718113629800
16131012130718113630600
16131012130718113631400
16131012130718113632200
16131012130718113632900
16131012130718113633700
16131012130718113634400
16131012130718113635200
16131012130718113636000
16131012130718113636800
16131012130718113637600
16131012130718113638400
16131012130718113639100
16131012130718113639900
16131012130718113640600
16131012130718113641400
16131012130718113642100
16131012130718113642900
16131012130718113643600
16131012130718113644400
16131012130718113645200
16131012130718113645900
16131012130718113646700
16131012130718113647500
16131012130718113648300
16131012130718113649100
16131012130718113650000
16131012130718113650800
16131012130718113651800
16131012130718113652800
16131012130718113653800
16131012130718113654900
16131012130718113656000
16131012130718113657200
16131012130718113658700
16131012130718113700500
16131012130718113702700
16131012130718113704700
16131012130718113706400
16131012130718113707900
16131012130718113709300
16131012130718113710600
16131012130718113711800
16131012130718113712900
16131012130718113714000
16131012130718113715100
16131012130718113716100
16131012130718113717100
16131012130718113718000
16131012130718113718800
16131012130718113719700
16131012130718113720500
16131012130718113721400
16131012130718113722200
16131012130718113723000
16131012130718113723800
16131012130718113724600
16131012130718113725400
16131012130718113726100
16131012130718113726900
16131012130718113727700
16131012130718113728500
16131012130718113729300
16131012130718113730000
16131012130718113730800
16131012130718113731600
16131012130718113732400
16131012130718113733200
16131012130718113734000
16131012130718113734800
16131012130718113735600
16131012130718113736400
16131012130718113737200
16131012130718113738000
16131012130718113738800
16131012130718113739600
16131012130718113740400
16131012130718113741200
16131012130718113742000
16131012130718113742800
16131012130718113743600
16131012130718113744400
16131012130718113745200
16131012130718113746100
16131012130718113746900
16131012130718113747700
16131012130718113748500
16131012130718113749300
16131012130718113750100
16131012130718113750900
16131012130718113751700
16131012130718113752500
16131012130718113753300
16131012130718113754100
16131012130718113754900
16131012130718113755600
16131012130718113756400
16131012130718113757200
16131012130718113758000
16131012130718113758800
16131012130718113759700
16131012130718113800500
16131012130718113801300
16131012130718113802200
16131012130718113803000
16131012130718113803800
16131012130718113804600
16131012130718113805400
16131012130718113806200
16131012130718113807000
16131012130718113807700
16131012130718113808500
16131012130718113809300
16131012130718113810000
16131012130718113810800
16131012130718113811500
16131012130718113812300
16131012130718113813000
16131012130718113813800
16131012130718113814600
16131012130718113815400
16131012130718113816200
16131012130718113817000
16131012130718113817800
16131012130718113818600
16131012130718113819300
16131012130718113820100
16131012130718113820900
16131012130718113821700
16131012130718113822400
16131012130718113823200
16131012130718113823900
16131012130718113824600
16131012130718113825400
16131012130718113826100
16131012130718113826800
16131012130718113827500
16131012130718113828300
16131012130718113829000
16131012130718113829800
16131012130718113830500
16131012130718113831300
16131012130718113832100
16131012130718113832900
16131012130718113833700
16131012130718113834500
16131012130718113835300
16131012130718113836100
16131012130718113836900
16131012130718113837600
16131012130718113838400
16131012130718113839100
16131012130718113839900
16131012130718113840700
16131012130718113841500
16131012130718113842400
16131012130718113843400
16131012130718113844300
16131012130718113845200
16131012130718113846000
16131012130718113846900
16131012130718113847700
16131012130718113848500
16131012130718113849300
16131012130718113850100
16131012130718113850800
16131012130718113851500
16131012130718113852300
16131012130718113853000
16131012130718113853800
16131012130718113854600
16131012130718113855300
16131012130718113856100
16131012130718113856900
16131012130718113857600
16131012130718113858400
16131012130718113859200
16131012130718113859900
16131012130718113900700
16131012130718113901500
16131012130718113902200
16131012130718113903100
16131012130718113903900
16131012130718113904700
16131012130718113905400
16131012130718113906200
16131012130718113907000
16131012130718113907800
16131012130718113908600
16131012130718113909400
16131012130718113910200
16131012130718113911000
16131012130718113911800
16131012130718113912600
16131012130718113913400
16131012130718113914200
16131012130718113914900
16131012130718113915700
16131012130718113916500
16131012130718113917200
16131012130718113918000
16131012130718113918700
16131012130718113919500
16131012130718113920300
16131012130718113921000
16131012130718113921800
16131012130718113922700
16131012130718113923500
16131012130718113924300
16131012130718113925200
16131012130718113926100
16131012130718113926900
16131012130718113927800
16131012130718113928700
16131012130718113929600
16131012130718113930500
16131012130718113931500
16131012130718113932400
16131012130718113933400
16131012130718113934500
16131012130718113935600
16131012130718113936600
16131012130718113937700
16131012130718113938700
16131012130718113939800
16131012130718113940800
16131012130718113941800
16131012130718113942800
16131012130718113943800
16131012130718113944900
16131012130718113946100
16131012130718113947300
16131012130718113948500
16131012130718113949600
16131012130718113950600
16131012130718113951700
16131012130718113952700
16131012130718113953700
16131012130718113954700
16131012130718113955700
16131012130718113956700
16131012130718113957700
16131012130718113958700
16131012130718113959700
16131012130718114000700
16131012130718114001600
16131012130718114002500
16131012130718114003500
16131012130718114004400
16131012130718114005400
16131012130718114006300
16131012130718114007400
16131012130718114008400
16131012130718114009500
16131012130718114010600
16131012130718114011700
16131012130718114012800
16131012130718114013900
16131012130718114014900
16131012130718114016000
16131012130718114017000
16131012130718114017900
16131012130718114018900
16131012130718114019900
16131012130718114020800
16131012130718114021700
16131012130718114022700
16131012130718114023600
16131012130718114024500
16131012130718114025400
16131012130718114026300
16131012130718114027200
16131012130718114028100
16131012130718114028900
16131012130718114029800
16131012130718114030700
16131012130718114031600
16131012130718114032500
16131012130718114033400
16131012130718114034300
16131012130718114035300
16131012130718114036200
16131012130718114037100
16131012130718114037900
16131012130718114038800
16131012130718114039700
16131012130718114040600
16131012130718114041500
16131012130718114042500
16131012130718114043500
16131012130718114044600
16131012130718114045600
16131012130718114046700
16131012130718114047800
16131012130718114048800
16131012130718114049800
16131012130718114050800
16131012130718114051800
16131012130718114052700
16131012130718114053700
16131012130718114054600
16131012130718114055500
16131012130718114056400
16131012130718114057400
16131012130718114058400
16131012130718114059500
16131012130718114100600
16131012130718114101600
16131012130718114102600
16131012130718114103600
16131012130718114104500
16131012130718114105500
16131012130718114106500
16131012130718114107500
16131012130718114108500
16131012130718114109500
16131012130718114110600
16131012130718114111900
16131012130718114113300
16131012130718114114700
16131012130718114115900
16131012130718114116900
16131012130718114118000
16131012130718114119000
16131012130718114120000
16131012130718114121100
16131012130718114122100
16131012130718114123000
16131012130718114124100
16131012130718114125100
16131012130718114126200
16131012130718114127200
16131012130718114128200
16131012130718114129100
16131012130718114130100
16131012130718114131000
16131012130718114131800
16131012130718114132700
16131012130718114133500
16131012130718114134400
16131012130718114135200
16131012130718114136000
16131012130718114136800
16131012130718114137600
16131012130718114138400
16131012130718114139200
16131012130718114140000
16131012130718114140800
16131012130718114141600
16131012130718114142400
16131012130718114143200
16131012130718114144100
16131012130718114145000
16131012130718114145900
16131012130718114146800
16131012130718114147900
16131012130718114149300
16131012130718114151000
16131012130718114152800
16131012130718114154400
16131012130718114155800
16131012130718114157300
16131012130718114158800
16131012130718114200000
16131012130718114201300
16131012130718114202600
16131012130718114203700
16131012130718114204800
16131012130718114205800
16131012130718114206700
16131012130718114207800
16131012130718114208800
16131012130718114209800
16131012130718114210800
16131012130718114212000
16131012130718114213100
16131012130718114214300
16131012130718114215400
16131012130718114216500
16131012130718114217500
16131012130718114218700
16131012130718114219900
16131012130718114221200
16131012130718114222900
16131012130718114226100
16131012130718114353700
16131012130718114355300
16131012130718114356600
16131012130718114357700
16131012130718114358800
16131012130718114359800
16131012130718114400800
16131012130718114401700
16131012130718114402600
16131012130718114403600
16131012130718114404500
16131012130718114405500
16131012130718114406600
16131012130718114407800
16131012130718114408900
16131012130718114410100
16131012130718114411200
16131012130718114412300
16131012130718114413300
16131012130718114414200
16131012130718114415200
16131012130718114416100
16131012130718114417000
16131012130718114417800
16131012130718114418600
16131012130718114419500
16131012130718114420300
16131012130718114421100
16131012130718114421900
16131012130718114422700
16131012130718114423500
16131012130718114424300
16131012130718114425100
16131012130718114425900
16131012130718114426800
16131012130718114427600
16131012130718114428400
16131012130718114429200
16131012130718114430000
16131012130718114430800
16131012130718114431600
16131012130718114432400
16131012130718114433200
16131012130718114434000
16131012130718114434900
16131012130718114435600
16131012130718114436400
16131012130718114437200
16131012130718114438000
16131012130718114438800
16131012130718114439600
16131012130718114440400
16131012130718114441200
16131012130718114442000
16131012130718114442800
16131012130718114443600
16131012130718114444400
16131012130718114445100
16131012130718114445900
16131012130718114446700
16131012130718114447500
16131012130718114448300
16131012130718114449100
16131012130718114449900
16131012130718114450700
16131012130718114451400
16131012130718114452200
16131012130718114453000
16131012130718114453800
16131012130718114454500
16131012130718114455300
16131012130718114456100
16131012130718114456900
16131012130718114457700
16131012130718114458500
16131012130718114459300
16131012130718114500200
16131012130718114501000
16131012130718114501900
16131012130718114502800
16131012130718114503600
16131012130718114504500
16131012130718114505300
16131012130718114506100
16131012130718114506900
16131012130718114507700
16131012130718114508500
16131012130718114509400
16131012130718114510100
16131012130718114510900
16131012130718114511700
16131012130718114512500
16131012130718114513300
16131012130718114514100
16131012130718114514800
16131012130718114515600
16131012130718114516300
16131012130718114517100
16131012130718114517900
16131012130718114518700
16131012130718114519500
16131012130718114520300
16131012130718114521100
16131012130718114522000
16131012130718114522800
16131012130718114523600
16131012130718114524500
16131012130718114525400
16131012130718114526200
16131012130718114527100
16131012130718114527900
16131012130718114528800
16131012130718114529600
16131012130718114530500
16131012130718114531300
16131012130718114532100
16131012130718114532900
16131012130718114533600
16131012130718114534400
16131012130718114535200
16131012130718114536000
16131012130718114536800
16131012130718114537600
16131012130718114538400
16131012130718114539200
16131012130718114540000
16131012130718114540700
16131012130718114541500
16131012130718114542300
16131012130718114543100
16131012130718114543900
16131012130718114544700
16131012130718114545400
16131012130718114546300
16131012130718114547100
16131012130718114548000
16131012130718114548800
16131012130718114549700
16131012130718114550500
16131012130718114551400
16131012130718114552200
16131012130718114553000
16131012130718114553900
16131012130718114554800
16131012130718114555600
16131012130718114556400
16131012130718114557300
16131012130718114558100
16131012130718114558900
16131012130718114559700
16131012130718114600600
16131012130718114601400
16131012130718114602200
16131012130718114603000
16131012130718114603800
16131012130718114604600
16131012130718114605300
16131012130718114606100
16131012130718114606900
16131012130718114607700
16131012130718114608500
16131012130718114609300
16131012130718114610000
16131012130718114610800
16131012130718114611600
16131012130718114612300
16131012130718114613100
16131012130718114613900
16131012130718114614600
16131012130718114615400
16131012130718114616100
16131012130718114616900
16131012130718114617600
16131012130718114618400
16131012130718114619200
16131012130718114620000
16131012130718114620800
16131012130718114621700
16131012130718114622500
16131012130718114623400
16131012130718114624200
16131012130718114625000
16131012130718114625800
16131012130718114626600
16131012130718114627400
16131012130718114628200
16131012130718114629000
16131012130718114629700
16131012130718114630400
16131012130718114631200
16131012130718114631900
16131012130718114632700
16131012130718114633500
16131012130718114634300
16131012130718114635000
16131012130718114635800
16131012130718114636500
16131012130718114637200
16131012130718114638000
16131012130718114638700
16131012130718114639400
16131012130718114640100
16131012130718114640800
16131012130718114641600
16131012130718114642300
16131012130718114643000
16131012130718114643800
16131012130718114644500
16131012130718114645300
16131012130718114646100
16131012130718114646900
16131012130718114647600
16131012130718114648300
16131012130718114649100
16131012130718114649800
16131012130718114650500
16131012130718114651300
16131012130718114652000
16131012130718114652700
16131012130718114653400
16131012130718114654100
16131012130718114654800
16131012130718114655600
16131012130718114656400
16131012130718114657200
16131012130718114658000
16131012130718114658800
16131012130718114659600
16131012130718114700400
16131012130718114701200
16131012130718114702000
16131012130718114702800
16131012130718114703600
16131012130718114704400
16131012130718114705200
16131012130718114705900
16131012130718114706700
16131012130718114707600
16131012130718114708400
16131012130718114709200
16131012130718114710000
16131012130718114710900
16131012130718114711700
16131012130718114712600
16131012130718114713400
16131012130718114714300
16131012130718114715100
16131012130718114716000
16131012130718114716800
16131012130718114717700
16131012130718114718500
16131012130718114719300
16131012130718114720100
16131012130718114721000
16131012130718114721800
16131012130718114722600
16131012130718114723400
16131012130718114724200
16131012130718114724900
16131012130718114725700
16131012130718114726500
16131012130718114727300
16131012130718114728100
16131012130718114728900
16131012130718114729600
16131012130718114730400
16131012130718114731200
16131012130718114732000
16131012130718114732800
16131012130718114733500
16131012130718114734300
16131012130718114735100
16131012130718114735900
16131012130718114736700
16131012130718114737500
16131012130718114738200
16131012130718114738900
16131012130718114739700
16131012130718114740400
16131012130718114741200
16131012130718114741900
16131012130718114742700
16131012130718114743400
16131012130718114744200
16131012130718114745000
16131012130718114745800
16131012130718114746600
16131012130718114747600
16131012130718114748700
16131012130718114749800
16131012130718114750900
16131012130718114751800
16131012130718114752800
16131012130718114753600
16131012130718114754400
16131012130718114755200
16131012130718114756000
16131012130718114756800
16131012130718114757500
16131012130718114758300
16131012130718114759000
16131012130718114759700
16131012130718114800400
16131012130718114801200
16131012130718114801900
16131012130718114802700
16131012130718114803500
16131012130718114804300
16131012130718114805100
16131012130718114805900
16131012130718114806700
16131012130718114807500
16131012130718114808300
16131012130718114809100
16131012130718114809900
16131012130718114810700
16131012130718114811500
16131012130718114812200
16131012130718114812900
16131012130718114813700
16131012130718114814500
16131012130718114815200
16131012130718114816000
16131012130718114816700
16131012130718114817500
16131012130718114818200
16131012130718114819000
16131012130718114819800
16131012130718114820600
16131012130718114821400
16131012130718114822200
16131012130718114823000
16131012130718114823900
16131012130718114824700
16131012130718114825600
16131012130718114826500
16131012130718114827400
16131012130718114828300
16131012130718114829200
16131012130718114830000
16131012130718114830800
16131012130718114831600
16131012130718114832400
16131012130718114833100
16131012130718114833900
16131012130718114834600
16131012130718114835400
16131012130718114836100
16131012130718114836900
16131012130718114837600
16131012130718114838400
16131012130718114839100
16131012130718114839800
16131012130718114840500
16131012130718114841200
16131012130718114841900
16131012130718114842700
16131012130718114843400
16131012130718114844100
16131012130718114844800
16131012130718114845500
16131012130718114846300
16131012130718114847200
16131012130718114848200
16131012130718114849100
16131012130718114850000
16131012130718114850900
16131012130718114851700
16131012130718114852600
16131012130718114853500
16131012130718114854400
16131012130718114855200
16131012130718114856100
16131012130718114856900
16131012130718115131700
16131012130718115136400
16131012130718115138700
16131012130718115140800
16131012130718115142900
16131012130718115144600
16131012130718115146100
16131012130718115153700
16131012130718115155300
16131012130718115157400
16131012130718115159600
16131012130718115201600
16131012130718115203600
16131012130718115205800
16131012130718115207700
16131012130718115209300
16131012130718115211300
16131012130718115213200
16131012130718115214900
16131012130718115216500
16131012130718115218100
16131012130718115219900
16131012130718115222000
16131012130718115224300
16131012130718115227200
16131012130718115229100
16131012130718115231000
16131012130718115233000
16131012130718115235200
16131012130718115237300
16131012130718115240600
16131012130718115243300
16131012130718115245600
16131012130718115247400
16131012130718115250000
16131012130718115252700
16131012130718115256400
16131012130718115303300
16131012130718115305800
16131012130718115308100
16131012130718115310100
16131012130718115315000
16131012130718115319100
16131012130718115321700
16131012130718115327100
16131012130718115332900
16131012130718115337600
16131012130718115346400
16131012130718115351200
16131012130718115353600
16131012130718115355400
16131012130718115357600
16131012130718115401300
16131012130718115404800
16131012130718115407300
16131012130718115411000
16131012130718115413600
16131012130718115416000
16131012130718115418300
16131012130718115420600
16131012130718115423700
16131012130718115426800
16131012130718115428900
16131012130718115430800
16131012130718115433800
16131012130718115436900
16131012130718115440900
16131012130718115444300
16131012130718115448000
16131012130718115450600
16131012130718115452600
16131012130718115454500
16131012130718115456600
16131012130718115459400
16131012130718115502600
16131012130718115506300
16131012130718115508400
16131012130718115510800
16131012130718115513400
16131012130718115515600
16131012130718115518100
16131012130718115520600
16131012130718115522800
16131012130718115525000
16131012130718115527300
16131012130718115530600
16131012130718115533700
16131012130718115535900
16131012130718115537700
16131012130718115539300
16131012130718115541100
16131012130718115543600
16131012130718115546300
16131012130718115548700
16131012130718115551300
16131012130718115553700
16131012130718115556200
16131012130718115558800
16131012130718115602900
16131012130718115605700
16131012130718115608000
16131012130718115610100
16131012130718115612100
16131012130718115614100
16131012130718115618200
16131012130718115621300
16131012130718115624300
16131012130718115626600
16131012130718115628300
16131012130718115629900
16131012130718115631400
16131012130718115633000
16131012130718115634500
16131012130718115635900
16131012130718115637300
16131012130718115639000
16131012130718115639900
16131012130718120746200
16131012130718120748300
16131012130718120750700
16131012130718120752800
16131012130718120754800
16131012130718120757000
16131012130718120759600
16131012130718120802000
16131012130718120804100
16131012130718120806400
16131012130718120809100
16131012130718120811900
16131012130718120814300
16131012130718120816500
16131012130718120818900
16131012130718120821700
16131012130718120823700
16131012130718120826500
16131012130718120828800
16131012130718120831100
16131012130718120833100
16131012130718120835000
16131012130718120836800
16131012130718120838900
16131012130718120841400
16131012130718120843400
16131012130718120845200
16131012130718120847300
16131012130718120849900
16131012130718120852300
16131012130718120854400
16131012130718120856500
16131012130718120858900
16131012130718120901400
16131012130718120904200
16131012130718120906600
16131012130718120909200
16131012130718120911500
16131012130718120914100
16131012130718120916300
16131012130718120918100
16131012130718120919800
16131012130718120921800
16131012130718120924100
16131012130718120926100
16131012130718120928000
16131012130718120930200
16131012130718120932100
16131012130718120933800
16131012130718120935600
16131012130718120937300
16131012130718120939200
16131012130718120941600
16131012130718120944100
16131012130718120946800
16131012130718120949500
16131012130718120952000
16131012130718120954300
16131012130718120956300
16131012130718120958100
16131012130718121000200
16131012130718121002300
16131012130718121004400
16131012130718121006900
16131012130718121009100
16131012130718121011500
16131012130718121014400
16131012130718121017000
16131012130718121019600
16131012130718121022100
16131012130718121024800
16131012130718121027700
16131012130718121029600
16131012130718121031200
16131012130718121032700
16131012130718121034300
16131012130718121035900
16131012130718121037400
16131012130718121039000
16131012130718121040600
16131012130718121042200
16131012130718121043700
16131012130718121045200
16131012130718121046700
16131012130718121048000
16131012130718121049300
16131012130718121050600
16131012130718121052500
16131012130718121054500
16131012130718121101400
16131012130718121104000
16131012130718121105600
16131012130718121107100
16131012130718121110000
16131012130718121112100
16131012130718121113800
16131012130718121115300
16131012130718121116700
16131012130718121118100
16131012130718121119400
16131012130718121120900
16131012130718121122600
16131012130718121124800
16131012130718121127100
16131012130718121128900
16131012130718121130700
16131012130718121132600
16131012130718121134300
16131012130718121136000
16131012130718121137900
16131012130718121139600
16131012130718121141100
16131012130718121142600
16131012130718121144100
16131012130718121145500
16131012130718121147000
16131012130718121148400
16131012130718121149900
16131012130718121151300
16131012130718121152500
16131012130718121153700
16131012130718121155300
16131012130718121157100
16131012130718121158900
16131012130718121201000
16131012130718121203800
16131012130718121207600
16131012130718121211200
16131012130718121219400
16131012130718121241700
16131012130718121244800
16131012130718121247200
16131012130718121254300
16131012130719094954500
16131012130719094958200
16131012130719095000100
16131012130719095001900
16131012130719095003600
16131012130719095005200
16131012130719095006600
16131012130719095008000
16131012130719095009600
16131012130719095011100
16131012130719095012700
16131012130719095014300
16131012130719095015700
16131012130719095017100
16131012130719095018500
16131012130719095019800
16131012130719095021100
16131012130719095022300
16131012130719095023500
16131012130719095024700
16131012130719095026000
16131012130719095027800
16131012130719095029700
16131012130719095102200
16131012130719095105800
16131012130719095107700
16131012130719095109400
16131012130719095110800
16131012130719095112000
16131012130719095113200
16131012130719095114300
16131012130719095115300
16131012130719095116300
16131012130719095117300
16131012130719095118300
16131012130719095119300
16131012130719095120400
16131012130719095121600
16131012130719095123100
16131012130719095126000
16131012130719101247500
16131012130719101249500
16131012130719101251000
16131012130719101252200
16131012130719101253300
16131012130719101254300
16131012130719101255300
16131012130719101256300
16131012130719101257300
16131012130719101258300
16131012130719101259200
16131012130719101300200
16131012130719101301100
16131012130719101302000
16131012130719101302900
16131012130719101303800
16131012130719101304700
16131012130719101305500
16131012130719101306400
16131012130719101307200
16131012130719101308000
16131012130719101308800
16131012130719101309600
16131012130719101310500
16131012130719101311300
16131012130719101312100
16131012130719101312900
16131012130719101313700
16131012130719101314500
16131012130719101315300
16131012130719101316100
16131012130719101316800
16131012130719101317600
16131012130719101318500
16131012130719101319300
16131012130719101320100
16131012130719101320900
16131012130719101321800
16131012130719101322600
16131012130719101323500
16131012130719101324500
16131012130719101325600
16131012130719101327000
16131012130719101328800
16131012130719152338400
16131012130719152342100
16131012130719152344600
16131012130719152346500
16131012130719152348100
16131012130719152349800
16131012130719152351200
16131012130719152352500
16131012130719152353800
16131012130719152355200
16131012130719152356800
16131012130719152358800
16131012130719152402800
16131012130719152406400
16131012130719152408300
16131012130719152409800
16131012130719152411200
16131012130719152412400
16131012130719152413600
16131012130719152414700
16131012130719152415800
16131012130719152416800
16131012130719152417800
16131012130719152418800
16131012130719152419800
16131012130719152420700
16131012130719152421700
16131012130719152422700
16131012130719152423700
16131012130719152424700
16131012130719152425700
16131012130719152426700
16131012130719152427700
16131012130719152428700
16131012130719152429700
16131012130719152430700
16131012130719152431600
16131012130719152432600
16131012130719152433600
16131012130719152434700
16131012130719152435700
16131012130719152436900
16131012130719152438100
16131012130719152439300
16131012130719152440400
16131012130719152441600
16131012130719152442700
16131012130719152443800
16131012130719152444800
16131012130719152445700
16131012130719152446700
16131012130719152447600
16131012130719152448500
16131012130719152449600
16131012130719152450700
16131012130719152451800
16131012130719152452900
16131012130719152454000
16131012130719152455100
16131012130719152456200
16131012130719152457200
16131012130719152458200
16131012130719152459200
16131012130719152500200
16131012130719152501200
16131012130719152502100
16131012130719152503100
16131012130719152504000
16131012130719152504900
16131012130719152505800
16131012130719152506700
16131012130719152507600
16131012130719152508400
16131012130719152509300
16131012130719152510100
16131012130719152510900
16131012130719152511800
16131012130719152512600
16131012130719152513400
16131012130719152514300
16131012130719152515100
16131012130719152515900
16131012130719152516700
16131012130719152517600
16131012130719152518400
16131012130719152519300
16131012130719152520200
16131012130719152521100
16131012130719152522000
16131012130719152522800
16131012130719152523600
16131012130719152524400
16131012130719152525100
16131012130719152525800
16131012130719152526600
16131012130719152527300
16131012130719152528000
16131012130719152528700
16131012130719152529400
16131012130719152530100
16131012130719152530800
16131012130719152531600
16131012130719152532400
16131012130719152533300
16131012130719152534300
16131012130719152535500
16131012130719152536700
16131012130719152538000
16131012130719152538800
16131012130719152839500
16131012130719152842600
16131012130719152844200
16131012130719152845600
16131012130719152846900
16131012130719152848100
16131012130719152849500
16131012130719152851000
16131012130719152852600
16131012130719152853900
16131012130719152855300
16131012130719152856500
16131012130719152857800
16131012130719152859000
16131012130719152900100
16131012130719152901100
16131012130719152902200
16131012130719152903300
16131012130719152904400
16131012130719152905500
16131012130719152906600
16131012130719152907800
16131012130719152909100
16131012130719152911000
16131012130719152914700
16131012130719152921000
16131012130719152923400
16131012130719152925200
16131012130719152926600
16131012130719152928000
16131012130719152929500
16131012130719152931200
16131012130719152933300
16131012130719152934700
16131012130719152935900
16131012130719152937000
16131012130719152938100
16131012130719152939400
16131012130719152941100
16131012130719152942700
16131012130719152944000
16131012130719152945200
16131012130719152946200
16131012130719152947400
16131012130719152949000
16131012130719152950900
16131012130719152952300
16131012130719152953600
16131012130719152954700
16131012130719152955900
16131012130719152956900
16131012130719152957900
16131012130719152958800
16131012130719152959800
16131012130719153000800
16131012130719153001800
16131012130719153002800
16131012130719153003700
16131012130719153004700
16131012130719153005700
16131012130719153006700
16131012130719153007800
16131012130719153009000
16131012130719153010600
16131012130719153012700
16131012130719153014500
16131012130719153015900
16131012130719153017200
16131012130719153018300
16131012130719153019400
16131012130719153020500
16131012130719153021600
16131012130719153022600
16131012130719153023600
16131012130719153024600
16131012130719153025600
16131012130719153026600
16131012130719153027600
16131012130719153028600
16131012130719153029600
16131012130719153030600
16131012130719153031700
16131012130719153032700
16131012130719153033700
16131012130719153034600
16131012130719153035700
16131012130719153036800
16131012130719153038100
16131012130719153039500
16131012130719153041300
16131012130719153042000
16131012130719153305900
16131012130719153309100
16131012130719153311600
16131012130719153315000
16131012130719153317000
16131012130719153318400
16131012130719153319700
16131012130719153320900
16131012130719153322000
16131012130719153323100
16131012130719153324200
16131012130719153325400
16131012130719153326600
16131012130719153327800
16131012130719153328800
16131012130719153329700
16131012130719153330700
16131012130719153331500
16131012130719153332400
16131012130719153333300
16131012130719153334200
16131012130719153335100
16131012130719153335900
16131012130719153336800
16131012130719153337700
16131012130719153338600
16131012130719153339500
16131012130719153340400
16131012130719153341300
16131012130719153342300
16131012130719153343500
16131012130719153345200
16131012130719153346900
16131012130719153348200
16131012130719153349300
16131012130719153350200
16131012130719153351100
16131012130719153352000
16131012130719153352800
16131012130719153353600
16131012130719153354400
16131012130719153355300
16131012130719153356100
16131012130719153356900
16131012130719153357700
16131012130719153358500
16131012130719153359300
16131012130719153400000
16131012130719153400800
16131012130719153401700
16131012130719153402600
16131012130719153403500
16131012130719153404600
16131012130719153405800
16131012130719153407100
16131012130719153408200
16131012130719153409300
16131012130719153410200
16131012130719153411200
16131012130719153412100
16131012130719153413000
16131012130719153414000
16131012130719153415000
16131012130719153416000
16131012130719153417000
16131012130719153418000
16131012130719153418900
16131012130719153419800
16131012130719153420600
16131012130719153421500
16131012130719153422300
16131012130719153423000
16131012130719153423900
16131012130719153424700
16131012130719153425600
16131012130719153426500
16131012130719153427500
16131012130719153428600
16131012130719153429800
16131012130719153430900
16131012130719153432000
16131012130719153432900
16131012130719153433900
16131012130719153434700
16131012130719153435600
16131012130719153436500
16131012130719153437300
16131012130719153438100
16131012130719153438900
16131012130719153439700
16131012130719153440400
16131012130719153441200
16131012130719153442000
16131012130719153442700
16131012130719153443500
16131012130719153444200
16131012130719153445000
16131012130719153445700
16131012130719153446500
16131012130719153447300
16131012130719153448200
16131012130719153449300
16131012130719153450500
16131012130719153451700
16131012130719153452800
16131012130719153453900
16131012130719153454900
16131012130719153455900
16131012130719153456800
16131012130719153457700
16131012130719153458600
16131012130719153459500
16131012130719153500300
16131012130719153501200
16131012130719153502000
16131012130719153502800
16131012130719153503700
16131012130719153504500
16131012130719153505400
16131012130719153506200
16131012130719153507100
16131012130719153508000
16131012130719153509000
16131012130719153510100
16131012130719153511000
16131012130719153512000
16131012130719153512900
16131012130719153513800
16131012130719153514800
16131012130719153515900
16131012130719153517000
16131012130719153518200
16131012130719153519400
16131012130719153520600
16131012130719153521700
16131012130719153522800
16131012130719153523800
16131012130719153524700
16131012130719153525500
16131012130719153526300
16131012130719153527200
16131012130719153528100
16131012130719153528900
16131012130719153529800
16131012130719153530700
16131012130719153531700
16131012130719153532600
16131012130719153533700
16131012130719153534800
16131012130719153535900
16131012130719153537000
16131012130719153538000
16131012130719153539100
16131012130719153540600
16131012130719153543400
16131012130719153545700
16131012130719153549500
16131012130719153554700
16131012130719153557700
16131012130719153559400
16131012130719153601400
16131012130719153602800
16131012130719153603900
16131012130719153604900
16131012130719153605900
16131012130719153606900
16131012130719153608000
16131012130719153609100
16131012130719153610200
16131012130719153611400
16131012130719153612700
16131012130719153614000
16131012130719153615300
16131012130719153616600
16131012130719153618800
16131012130719153621000
16131012130719153622500
16131012130719153623800
16131012130719153625000
16131012130719153626100
16131012130719153627200
16131012130719153628200
16131012130719153629200
16131012130719153630300
16131012130719153631300
16131012130719153632300
16131012130719153633300
16131012130719153634300
16131012130719153635300
16131012130719153636300
16131012130719153637300
16131012130719153638300
16131012130719153639300
16131012130719153640400
16131012130719153641300
16131012130719153642300
16131012130719153643200
16131012130719153644100
16131012130719153644900
16131012130719153645800
16131012130719153646600
16131012130719153647400
16131012130719153648200
16131012130719153649100
16131012130719153649900
16131012130719153650800
16131012130719153651700
16131012130719153652600
16131012130719153653600
16131012130719153654600
16131012130719153655600
16131012130719153656600
16131012130719153657700
16131012130719153658900
16131012130719153700300
16131012130719153701700
16131012130719153703200
16131012130719153705100
16131012130719153707900
16131012130719153710100
16131012130719153713200
16131012130719153716500
16131012130719153720000
16131012130719153724500
16131012130719153728700
16131012130719153732800
16131012130719153735300
16131012130719153738300
16131012130719153741900
16131012130719153745100
16131012130719153917000
16131012130719153918400
16131012130719153919700
16131012130719153920900
16131012130719153922100
16131012130719153923200
16131012130719153924200
16131012130719153925200
16131012130719153926100
16131012130719153927100
16131012130719153928000
16131012130719153928900
16131012130719153929800
16131012130719153930700
16131012130719153931600
16131012130719153932500
16131012130719153933400
16131012130719153934200
16131012130719153935100
16131012130719153936000
16131012130719153946700
16131012130719153947500
16131012130719153948300
16131012130719153949100
16131012130719153949900
16131012130719153950700
16131012130719153951400
16131012130719153952200
16131012130719153953000
16131012130719153953800
16131012130719153954600
16131012130719153955400
16131012130719153956100
16131012130719153956900
16131012130719153957700
16131012130719153958500
16131012130719153959300
16131012130719154000100
16131012130719154000800
16131012130719154001600
16131012130719154002400
16131012130719154003100
16131012130719154003900
16131012130719154004600
16131012130719154005400
16131012130719154006100
16131012130719154006900
16131012130719154007700
16131012130719154008500
16131012130719154009300
16131012130719154010000
16131012130719154010800
16131012130719154011600
16131012130719154012300
16131012130719154013100
16131012130719154013900
16131012130719154014600
16131012130719154015400
16131012130719154016200
16131012130719154016900
16131012130719154017700
16131012130719154018400
16131012130719154019200
16131012130719154020100
16131012130719154020900
16131012130719154021800
16131012130719154022600
16131012130719154023500
16131012130719154024400
16131012130719154025200
16131012130719154026100
16131012130719154026900
16131012130719154027800
16131012130719154028600
16131012130719154029500
16131012130719154030300
16131012130719154031100
16131012130719154031900
16131012130719154032800
16131012130719154033600
16131012130719154041700
16131012130719154042500
16131012130719154043300
16131012130719154044100
16131012130719154044900
16131012130719154045700
16131012130719154046500
16131012130719154047300
16131012130719154048100
16131012130719154048800
16131012130719154049600
16131012130719154050400
16131012130719154051200
16131012130719154052000
16131012130719154052800
16131012130719154053700
16131012130719154054500
16131012130719154055400
16131012130719154056300
16131012130719154057100
16131012130719154058000
16131012130719154058900
16131012130719154059700
16131012130719154100500
16131012130719154101300
16131012130719154102100
16131012130719154103000
16131012130719154103800
16131012130719154104600
16131012130719154105400
16131012130719154106200
16131012130719154107100
16131012130719154107900
16131012130719154108700
16131012130719154109400
16131012130719154110200
16131012130719154111000
16131012130719154111800
16131012130719154112600
16131012130719154113400
16131012130719154114200
16131012130719154115000
16131012130719154115800
16131012130719154116600
16131012130719154117400
16131012130719154118200
16131012130719154119000
16131012130719154119800
16131012130719154120500
16131012130719154121200
16131012130719154122000
16131012130719154122800
16131012130719154123600
16131012130719154124400
16131012130719154125200
16131012130719154126000
16131012130719154126800
16131012130719154127600
16131012130719154128400
16131012130719154129200
16131012130719154130000
16131012130719154130800
16131012130719154131600
16131012130719154132400
16131012130719154133200
16131012130719154134000
16131012130719154134900
16131012130719154135700
16131012130719154136500
16131012130719154137300
16131012130719154138200
16131012130719154139000
16131012130719154139900
16131012130719154140900
16131012130719154141700
16131012130719154142600
16131012130719154143400
16131012130719154144300
16131012130719154145100
16131012130719154145900
16131012130719154146700
16131012130719154147500
16131012130719154148400
16131012130719154149300
16131012130719154150300
16131012130719154151500
16131012130719154152800
16131012130719154154000
16131012130719154155000
16131012130719154156000
16131012130719154156900
16131012130719154157800
16131012130719154158700
16131012130719154159500
16131012130719154200400
16131012130719154201300
16131012130719154202200
16131012130719154203100
16131012130719154203900
16131012130719154204800
16131012130719154205600
16131012130719154206500
16131012130719154207400
16131012130719154208300
16131012130719154209200
16131012130719154210100
16131012130719154211000
16131012130719154211900
16131012130719154212800
16131012130719154213800
16131012130719154214900
16131012130719154215900
16131012130719154216900
16131012130719154218000
16131012130719154219100
16131012130719154220700
16131012130719154223400
16131012130719154255800
16131012130719154258000
16131012130719154259800
16131012130719154302400
16131012130719154343400
16131012130719154347700
16131012130720084936000
16131012130720084937000
16131012130720084938100
16131012130720084939300
16131012130720084940400
16131012130720084941400
16131012130720084942400
16131012130720084943400
16131012130720084944400
16131012130720084945400
16131012130720084946400
16131012130720084947300
16131012130720084948300
16131012130720084949300
16131012130720084950200
16131012130720084951200
16131012130720084952100
16131012130720084953000
16131012130720084953900
16131012130720084954800
16131012130720084955800
16131012130720084956700
16131012130720084957800
16131012130720084958900
16131012130720085000000
16131012130720085001200
16131012130720085002400
16131012130720085003500
16131012130720085004600
16131012130720085005600
16131012130720085006600
16131012130720085007500
16131012130720085008500
16131012130720085009400
16131012130720085010200
16131012130720085011100
16131012130720085011900
16131012130720085012800
16131012130720085013600
16131012130720085014400
16131012130720085015300
16131012130720085016100
16131012130720085016900
16131012130720085017700
16131012130720085018500
16131012130720085019300
16131012130720085020100
16131012130720085020900
16131012130720085021700
16131012130720085022500
16131012130720085023300
16131012130720085024100
16131012130720085024900
16131012130720085025700
16131012130720085026500
16131012130720085027400
16131012130720085028200
16131012130720085029000
16131012130720085029900
16131012130720085030800
16131012130720085031600
16131012130720085032500
16131012130720085033300
16131012130720085034100
16131012130720085034900
16131012130720085035800
16131012130720085036600
16131012130720085037500
16131012130720085038300
16131012130720085039200
16131012130720085040000
16131012130720085040800
16131012130720085041500
16131012130720085042300
16131012130720085043100
16131012130720085043900
16131012130720085044700
16131012130720085045500
16131012130720085046300
16131012130720085047100
16131012130720085047900
16131012130720085048800
16131012130720085049600
16131012130720085050400
16131012130720085051200
16131012130720085052000
16131012130720085052900
16131012130720085053700
16131012130720085054500
16131012130720085055300
16131012130720085056100
16131012130720085056900
16131012130720085057700
16131012130720085058500
16131012130720085059300
16131012130720085100100
16131012130720085100900
16131012130720085101700
16131012130720085102500
16131012130720085103300
16131012130720085104100
16131012130720085104900
16131012130720085105700
16131012130720085106400
16131012130720085107200
16131012130720085108000
16131012130720085108800
16131012130720085109700
16131012130720085110500
16131012130720085111300
16131012130720085112100
16131012130720085112900
16131012130720085113700
16131012130720085114500
16131012130720085115300
16131012130720085116100
16131012130720085116900
16131012130720085117700
16131012130720085118500
16131012130720085119300
16131012130720085120100
16131012130720085120900
16131012130720085121700
16131012130720085122400
16131012130720085123200
16131012130720085124000
16131012130720085124800
16131012130720085125600
16131012130720085126400
16131012130720085127200
16131012130720085128100
16131012130720085128900
16131012130720085129800
16131012130720085130700
16131012130720085131600
16131012130720085132500
16131012130720085133400
16131012130720085134200
16131012130720085135100
16131012130720085135900
16131012130720085136700
16131012130720085137500
16131012130720085138400
16131012130720085139200
16131012130720085140000
16131012130720085140800
16131012130720085141700
16131012130720085142500
16131012130720085143400
16131012130720085144400
16131012130720085145500
16131012130720085146900
16131012130720085148900
16131012130720085150400
16131012130720085151800
16131012130720085153100
16131012130720085154300
16131012130720085155600
16131012130720085156900
16131012130720085158200
16131012130720085159600
16131012130720085200900
16131012130720085202500
16131012130720085204800
16131012130720085207000
16131012130720085209100
16131012130720085211200
16131012130720085212700
16131012130720085214100
16131012130720085215300
16131012130720085216400
16131012130720085217600
16131012130720085218600
16131012130720085219700
16131012130720085220700
16131012130720085221800
16131012130720085222800
16131012130720085223900
16131012130720085225000
16131012130720085226100
16131012130720085227200
16131012130720085228300
16131012130720085229500
16131012130720085230800
16131012130720085232000
16131012130720085318600
16131012130720085319900
16131012130720085321100
16131012130720085322200
16131012130720085323300
16131012130720085324400
16131012130720085325400
16131012130720085326300
16131012130720085327300
16131012130720085328200
16131012130720085329100
16131012130720085329900
16131012130720085330800
16131012130720085331700
16131012130720085332700
16131012130720085333600
16131012130720085334600
16131012130720085335600
16131012130720085336500
16131012130720085337500
16131012130720085338400
16131012130720085339300
16131012130720085340300
16131012130720085341200
16131012130720085342100
16131012130720085343000
16131012130720085343900
16131012130720085344800
16131012130720085345700
16131012130720085346500
16131012130720085347400
16131012130720085348200
16131012130720085349100
16131012130720085350000
16131012130720085350800
16131012130720085351700
16131012130720085352600
16131012130720085353500
16131012130720085354500
16131012130720085355400
16131012130720085356300
16131012130720085357200
16131012130720085358100
16131012130720085359000
16131012130720085359900
16131012130720085400900
16131012130720085402100
16131012130720085403700
16131012130720085407000
16131012130720085408700
16131012130720085409900
16131012130720085411000
16131012130720085412000
16131012130720085412900
16131012130720085413800
16131012130720085414700
16131012130720085415500
16131012130720085416400
16131012130720085417200
16131012130720085418000
16131012130720085418800
16131012130720085419600
16131012130720085420400
16131012130720085421200
16131012130720085422000
16131012130720085422700
16131012130720085423600
16131012130720085424400
16131012130720085425200
16131012130720085426100
16131012130720085426900
16131012130720085427800
16131012130720085428600
16131012130720085429400
16131012130720085430200
16131012130720085430900
16131012130720085431700
16131012130720085432500
16131012130720085433300
16131012130720085434000
16131012130720085434800
16131012130720085435600
16131012130720085436400
16131012130720085437200
16131012130720085438000
16131012130720085438800
16131012130720085439500
16131012130720085440300
16131012130720085441100
16131012130720085441800
16131012130720085442600
16131012130720085443300
16131012130720085444100
16131012130720085444800
16131012130720085445600
16131012130720085446300
16131012130720085447100
16131012130720085447800
16131012130720085448600
16131012130720085449300
16131012130720085450000
16131012130720085450800
16131012130720085451500
16131012130720085452300
16131012130720085453000
16131012130720085453800
16131012130720085454600
16131012130720085455300
16131012130720085456100
16131012130720085456900
16131012130720085457700
16131012130720085458500
16131012130720085459300
16131012130720085500000
16131012130720085500800
16131012130720085501600
16131012130720085502400
16131012130720085503100
16131012130720085503900
16131012130720085504600
16131012130720085505400
16131012130720085506200
16131012130720085506900
16131012130720085507700
16131012130720085508400
16131012130720085509200
16131012130720085510000
16131012130720085510700
16131012130720085511500
16131012130720085512300
16131012130720085513100
16131012130720085513800
16131012130720085514600
16131012130720085515300
16131012130720085516100
16131012130720085516800
16131012130720085517500
16131012130720085518300
16131012130720085519000
16131012130720085519700
16131012130720085520500
16131012130720085521200
16131012130720085521900
16131012130720085522700
16131012130720085523400
16131012130720085524200
16131012130720085524900
16131012130720085525700
16131012130720085526500
16131012130720085527300
16131012130720085528100
16131012130720085528900
16131012130720085529700
16131012130720085530600
16131012130720085531500
16131012130720085532400
16131012130720085533300
16131012130720085534200
16131012130720085535100
16131012130720085536000
16131012130720085536800
16131012130720085537700
16131012130720085538500
16131012130720085539300
16131012130720085540200
16131012130720085541000
16131012130720085541800
16131012130720085542600
16131012130720085545800
16131012130720085546600
16131012130720085547300
16131012130720085548000
16131012130720085548800
16131012130720085549500
16131012130720085550300
16131012130720085551000
16131012130720085551800
16131012130720085552600
16131012130720085553300
16131012130720085554100
16131012130720085554900
16131012130720085555700
16131012130720085556500
16131012130720085557300
16131012130720085558000
16131012130720085558800
16131012130720085559600
16131012130720085600400
16131012130720085601300
16131012130720085602300
16131012130720085603600
16131012130720085605200
16131012130720085607300
16131012130720085611200
16131012130720085616700
16131012130720085621700
16131012130720085631500
16131012130720085639400
16131012130720085641400
16131012130720085642800
16131012130720085644100
16131012130720085645200
16131012130720085646300
16131012130720085647300
16131012130720085648400
16131012130720085649600
16131012130720085650900
16131012130720085652600
16131012130720085706700
16131012130720085709300
16131012130720085712200
16131012130720085718500
16131012130720085720600
16131012130720085722000
16131012130720085723300
16131012130720085724400
16131012130720085725400
16131012130720085726500
16131012130720085727400
16131012130720085728400
16131012130720085729300
16131012130720085730200
16131012130720085731100
16131012130720085732000
16131012130720085732900
16131012130720085733800
16131012130720085734700
16131012130720085735600
16131012130720085736500
16131012130720085737400
16131012130720085738200
16131012130720085739000
16131012130720085739900
16131012130720085740700
16131012130720085741500
16131012130720085742200
16131012130720085743000
16131012130720085743800
16131012130720085744600
16131012130720085745400
16131012130720085746200
16131012130720085747000
16131012130720085747800
16131012130720085748600
16131012130720085749400
16131012130720085750300
16131012130720085751400
16131012130720085752800
16131012130720085754200
16131012130720085755400
16131012130720085756500
16131012130720085757400
16131012130720085758400
16131012130720085759200
16131012130720085800100
16131012130720085801000
16131012130720085801800
16131012130720085802700
16131012130720085803600
16131012130720085804700
16131012130720085806100
16131012130720085808000
16131012130720085809800
16131012130720085811400
16131012130720085812700
16131012130720085813900
16131012130720085815200
16131012130720085816700
16131012130720085819000
16131012130720085821200
16131012130720085823100
16131012130720085825200
16131012130720085830500
16131012130720085832300
16131012130720085833700
16131012130720085834800
16131012130720085835900
16131012130720085836900
16131012130720085837900
16131012130720085838900
16131012130720085839900
16131012130720085840900
16131012130720085842000
16131012130720085843000
16131012130720085844100
16131012130720085845400
16131012130720085846800
16131012130720085848000
16131012130720085849100
16131012130720085850100
16131012130720085851100
16131012130720085852100
16131012130720085853100
16131012130720085854200
16131012130720085855300
16131012130720085856400
16131012130720085857500
16131012130720085858600
16131012130720085859600
16131012130720085900700
16131012130720085901900
16131012130720085903100
16131012130720085904200
16131012130720085905300
16131012130720085906500
16131012130720085907900
16131012130720085909400
16131012130720085910600
16131012130720085911700
16131012130720085912700
16131012130720085913600
16131012130720085914500
16131012130720085915400
16131012130720085916200
16131012130720085917100
16131012130720085917800
16131012130720085918600
16131012130720085919300
16131012130720085920100
16131012130720085920800
16131012130720085921600
16131012130720085922300
16131012130720085923100
16131012130720085923900
16131012130720085924700
16131012130720085925500
16131012130720085926300
16131012130720085927100
16131012130720085927800
16131012130720085928600
16131012130720085929400
16131012130720085930200
16131012130720085931000
16131012130720085931800
16131012130720085932600
16131012130720085933500
16131012130720085934300
16131012130720085935100
16131012130720085935900
16131012130720085936800
16131012130720085937700
16131012130720085938700
16131012130720085939700
16131012130720085940800
16131012130720085941800
16131012130720085942800
16131012130720085943800
16131012130720085944700
16131012130720085945600
16131012130720085946500
16131012130720085947400
16131012130720085948200
16131012130720085949000
16131012130720085949900
16131012130720085950700
16131012130720085951500
16131012130720085952300
16131012130720085953100
16131012130720085953900
16131012130720085954700
16131012130720085955500
16131012130720085956300
16131012130720085957100
16131012130720085957900
16131012130720085958800
16131012130720085959600
16131012130720090000400
16131012130720090001300
16131012130720090002100
16131012130720090002900
16131012130720090003800
16131012130720090004600
16131012130720090005500
16131012130720090006500
16131012130720090007400
16131012130720090008200
16131012130720090009100
16131012130720090010000
16131012130720090010800
16131012130720090011700
16131012130720090012600
16131012130720090013400
16131012130720090014300
16131012130720090015100
16131012130720090016000
16131012130720090016800
16131012130720090017600
16131012130720090018500
16131012130720090019200
16131012130720090020100
16131012130720090020900
16131012130720090021700
16131012130720090022400
16131012130720090023300
16131012130720090024100
16131012130720090025000
16131012130720090026000
16131012130720090026900
16131012130720090027900
16131012130720090028900
16131012130720090029900
16131012130720090030900
16131012130720090031800
16131012130720090032700
16131012130720090033400
16131012130720090034300
16131012130720090035200
16131012130720090036200
16131012130720090037400
16131012130720090038700
16131012130720090040200
16131012130720090041500
16131012130720090042800
16131012130720090044200
16131012130720090046800
16131012130720090048800
16131012130720090050100
16131012130720090051300
16131012130720090052400
16131012130720090053400
16131012130720090054400
16131012130720090055400
16131012130720090056400
16131012130720090057300
16131012130720090058200
16131012130720090059100
16131012130720090059900
16131012130720090100800
16131012130720090101600
16131012130720090102500
16131012130720090103300
16131012130720090104100
16131012130720090105000
16131012130720090105800
16131012130720090106700
16131012130720090107500
16131012130720090108300
16131012130720090109200
16131012130720090110100
16131012130720090111000
16131012130720090111900
16131012130720090112900
16131012130720090113900
16131012130720090114900
16131012130720090115800
16131012130720090116800
16131012130720090117800
16131012130720090118800
16131012130720090119900
16131012130720090121100
16131012130720090122300
16131012130720090123400
16131012130720090124500
16131012130720090125500
16131012130720090126500
16131012130720090127500
16131012130720090128500
16131012130720090129600
16131012130720090130600
16131012130720090131700
16131012130720090132700
16131012130720090133800
16131012130720090135300
16131012130720090137400
16131012130720090139200
16131012130720090140600
16131012130720090141800
16131012130720090143000
16131012130720090144000
16131012130720090145100
16131012130720090146000
16131012130720090147000
16131012130720090148000
16131012130720090149000
16131012130720090149900
16131012130720090150900
16131012130720090151800
16131012130720090152800
16131012130720090153700
16131012130720090154600
16131012130720090155600
16131012130720090156500
16131012130720090157500
16131012130720090158500
16131012130720090159600
16131012130720090200800
16131012130720090202000
16131012130720090203500
16131012130720090205000
16131012130720090206300
16131012130720090207600
16131012130720090208800
16131012130720090210600
16131012130720090213600
16131012130720090218600
16131012130720090221100
16131012130720090222800
16131012130720090224200
16131012130720090225500
16131012130720090226700
16131012130720090227900
16131012130720090229000
16131012130720090230200
16131012130720090231400
16131012130720090232600
16131012130720090233600
16131012130720090234700
16131012130720090235700
16131012130720090236600
16131012130720090237500
16131012130720090238500
16131012130720090239500
16131012130720090240400
16131012130720090241300
16131012130720090242300
16131012130720090243200
16131012130720090244100
16131012130720090245100
16131012130720090246000
16131012130720090246900
16131012130720090247800
16131012130720090248600
16131012130720090249500
16131012130720090250400
16131012130720090251200
16131012130720090252200
16131012130720090253100
16131012130720090254100
16131012130720090255200
16131012130720090256800
16131012130720090258800
16131012130720090300200
16131012130720090301500
16131012130720090302700
16131012130720090303800
16131012130720090304800
16131012130720090305800
16131012130720090306800
16131012130720090307700
16131012130720090308700
16131012130720090309800
16131012130720090311200
16131012130720090313200
16131012130720090314900
16131012130720090316200
16131012130720090317300
16131012130720090318400
16131012130720090319400
16131012130720090320300
16131012130720090321200
16131012130720090322100
16131012130720090322900
16131012130720090323800
16131012130720090324700
16131012130720090325500
16131012130720090326400
16131012130720090327200
16131012130720090328100
16131012130720090328900
16131012130720090329800
16131012130720090330600
16131012130720090331400
16131012130720090332200
16131012130720090333000
16131012130720090333800
16131012130720090334600
16131012130720090335400
16131012130720090336200
16131012130720090337000
16131012130720090337800
16131012130720090338500
16131012130720090339300
16131012130720090340100
16131012130720090340900
16131012130720090341800
16131012130720090342700
16131012130720090343600
16131012130720090344500
16131012130720090345300
16131012130720090346200
16131012130720090347000
16131012130720090347900
16131012130720090348700
16131012130720090349600
16131012130720090350400
16131012130720090351300
16131012130720090352200
16131012130720090353100
16131012130720090354000
16131012130720090354800
16131012130720090355700
16131012130720090356800
16131012130720090357800
16131012130720090358900
16131012130720090359900
16131012130720090400900
16131012130720090401900
16131012130720090402800
16131012130720090403800
16131012130720090404800
16131012130720090405800
16131012130720090406800
16131012130720090408000
16131012130720090410300
16131012130720090412400
16131012130720090811200
16131012130720090812700
16131012130720090813900
16131012130720090815000
16131012130720090816000
16131012130720090817000
16131012130720090817900
16131012130720090818900
16131012130720090819700
16131012130720090820600
16131012130720090821500
16131012130720090822300
16131012130720090823100
16131012130720090823900
16131012130720090824700
16131012130720090825500
16131012130720090826300
16131012130720090827000
16131012130720090827800
16131012130720090828500
16131012130720090829300
16131012130720090830000
16131012130720090830700
16131012130720090831500
16131012130720090832200
16131012130720090832900
16131012130720090833600
16131012130720090834400
16131012130720090835100
16131012130720090835800
16131012130720090836500
16131012130720090837200
16131012130720090838000
16131012130720090838900
16131012130720090839700
16131012130720090840600
16131012130720090841400
16131012130720090842300
16131012130720090843200
16131012130720090844100
16131012130720090845000
16131012130720090845900
16131012130720090846800
16131012130720090847700
16131012130720090848600
16131012130720090849500
16131012130720090850300
16131012130720090851200
16131012130720090852000
16131012130720090852800
16131012130720090853700
16131012130720090854500
16131012130720090855300
16131012130720090856100
16131012130720090856900
16131012130720090857700
16131012130720090858500
16131012130720090859300
16131012130720090900200
16131012130720090901000
16131012130720090901800
16131012130720090902600
16131012130720090903400
16131012130720090904200
16131012130720090905000
16131012130720090905800
16131012130720090906600
16131012130720090907500
16131012130720090908300
16131012130720090909200
16131012130720090910100
16131012130720090910900
16131012130720090911800
16131012130720090912600
16131012130720090913500
16131012130720090914400
16131012130720090915200
16131012130720090916000
16131012130720090916900
16131012130720090917700
16131012130720090918600
16131012130720090919500
16131012130720090920300
16131012130720090921300
16131012130720090922200
16131012130720090923200
16131012130720090924500
16131012130720090926000
16131012130720091006400
16131012130720091008500
16131012130720091009900
16131012130720091011100
16131012130720091012300
16131012130720091013300
16131012130720091014300
16131012130720091015300
16131012130720091016400
16131012130720091017400
16131012130720091018300
16131012130720091019300
16131012130720091020200
16131012130720091021200
16131012130720091022100
16131012130720091023100
16131012130720091024100
16131012130720091025200
16131012130720091026200
16131012130720091027400
16131012130720091028500
16131012130720091029700
16131012130720091030900
16131012130720091032500
16131012130720091035000
16131012130720091036700
16131012130720091038000
16131012130720091039100
16131012130720091040100
16131012130720091041100
16131012130720091042100
16131012130720091043000
16131012130720091043900
16131012130720091044800
16131012130720091045600
16131012130720091046500
16131012130720091047400
16131012130720091048300
16131012130720091049200
16131012130720091050000
16131012130720091050900
16131012130720091051700
16131012130720091052600
16131012130720091053500
16131012130720091054400
16131012130720091055200
16131012130720091056100
16131012130720091056900
16131012130720091057800
16131012130720091058600
16131012130720091059400
16131012130720091100200
16131012130720091101000
16131012130720091101900
16131012130720091102900
16131012130720091104000
16131012130720091105000
16131012130720091106000
16131012130720091106900
16131012130720091107800
16131012130720091108700
16131012130720091109600
16131012130720091110500
16131012130720091111300
16131012130720091112100
16131012130720091113000
16131012130720091113800
16131012130720091114600
16131012130720091115400
16131012130720091116200
16131012130720091117000
16131012130720091117800
16131012130720091118600
16131012130720091119400
16131012130720091120200
16131012130720091121000
16131012130720091121800
16131012130720091122600
16131012130720091123500
16131012130720091124300
16131012130720091125100
16131012130720091125900
16131012130720091126700
16131012130720091127600
16131012130720091128400
16131012130720091129400
16131012130720091130600
16131012130720091132600
16131012130720091133500
16131012130720091252700
16131012130720091255900
16131012130720091257500
16131012130720091259000
16131012130720091300300
16131012130720091302400
16131012130720091306400
16131012130720091308300
16131012130720091309700
16131012130720091310900
16131012130720091312000
16131012130720091313000
16131012130720091314000
16131012130720091314900
16131012130720091315700
16131012130720091316600
16131012130720091317400
16131012130720091318300
16131012130720091319100
16131012130720091320000
16131012130720091320800
16131012130720091321600
16131012130720091322400
16131012130720091323300
16131012130720091324100
16131012130720091324900
16131012130720091325700
16131012130720091326600
16131012130720091327400
16131012130720091328200
16131012130720091329100
16131012130720091329900
16131012130720091330700
16131012130720091331600
16131012130720091332400
16131012130720091333300
16131012130720091334100
16131012130720091335000
16131012130720091335900
16131012130720091336700
16131012130720091337600
16131012130720091338400
16131012130720091339300
16131012130720091340100
16131012130720091341000
16131012130720091341800
16131012130720091342700
16131012130720091343500
16131012130720091344300
16131012130720091345400
16131012130720091346700
16131012130720091348000
16131012130720091349100
16131012130720091350100
16131012130720091351100
16131012130720091352000
16131012130720091352800
16131012130720091353700
16131012130720091354500
16131012130720091355300
16131012130720091356100
16131012130720091356900
16131012130720091357700
16131012130720091358500
16131012130720091359200
16131012130720091400000
16131012130720091400800
16131012130720091401600
16131012130720091402400
16131012130720091403200
16131012130720091403900
16131012130720091404700
16131012130720091405500
16131012130720091406300
16131012130720091407100
16131012130720091407900
16131012130720091408700
16131012130720091409500
16131012130720091410400
16131012130720091411200
16131012130720091412100
16131012130720091413000
16131012130720091413900
16131012130720091414800
16131012130720091415700
16131012130720091416600
16131012130720091417500
16131012130720091418400
16131012130720091419300
16131012130720091420200
16131012130720091421100
16131012130720091421900
16131012130720091422800
16131012130720091423700
16131012130720091424600
16131012130720091425400
16131012130720091426300
16131012130720091427300
16131012130720091428200
16131012130720091429200
16131012130720091430200
16131012130720091431200
16131012130720091432300
16131012130720091433500
16131012130720091434700
16131012130720091436300
16131012130720091439900
16131012130720091442800
16131012130720091444300
16131012130720091445500
16131012130720091446600
16131012130720091447500
16131012130720091448500
16131012130720091449400
16131012130720091450400
16131012130720091451300
16131012130720091452300
16131012130720091453300
16131012130720091454400
16131012130720091455500
16131012130720091456500
16131012130720091457500
16131012130720091458400
16131012130720091459300
16131012130720091500200
16131012130720091501000
16131012130720091501800
16131012130720091502600
16131012130720091503400
16131012130720091504100
16131012130720091504900
16131012130720091505600
16131012130720091506300
16131012130720091507100
16131012130720091507800
16131012130720091508600
16131012130720091509300
16131012130720091510100
16131012130720091510800
16131012130720091511600
16131012130720091512300
16131012130720091513000
16131012130720091513800
16131012130720091514500
16131012130720091515300
16131012130720091516000
16131012130720091516800
16131012130720091517600
16131012130720091518300
16131012130720091519200
16131012130720091520000
16131012130720091520800
16131012130720091521600
16131012130720091522500
16131012130720091523200
16131012130720091524000
16131012130720091524800
16131012130720091525600
16131012130720091526400
16131012130720091527200
16131012130720091528000
16131012130720091528900
16131012130720091529800
16131012130720091530700
16131012130720091531500
16131012130720091532300
16131012130720091533100
16131012130720091533900
16131012130720091534600
16131012130720091535400
16131012130720091536100
16131012130720091536800
16131012130720091537600
16131012130720091538300
16131012130720091539000
16131012130720091539700
16131012130720091540500
16131012130720091541200
16131012130720091541900
16131012130720091542600
16131012130720091543300
16131012130720091544100
16131012130720091544800
16131012130720091545500
16131012130720091546300
16131012130720091547000
16131012130720091547800
16131012130720091548500
16131012130720091549300
16131012130720091550200
16131012130720091551100
16131012130720091552000
16131012130720091553100
16131012130720091554600
16131012130720091558900
16131012130720091601800
16131012130720091603200
16131012130720091604500
16131012130720091605700
16131012130720091606900
16131012130720091608000
16131012130720091608900
16131012130720091609900
16131012130720091610900
16131012130720091611800
16131012130720091612800
16131012130720091613700
16131012130720091614600
16131012130720091615400
16131012130720091616300
16131012130720091617200
16131012130720091618000
16131012130720091618900
16131012130720091619700
16131012130720091620600
16131012130720091621400
16131012130720091622300
16131012130720091623100
16131012130720091624000
16131012130720091624900
16131012130720091625700
16131012130720091626500
16131012130720091627400
16131012130720091628300
16131012130720091629200
16131012130720091630000
16131012130720091630900
16131012130720091631800
16131012130720091632700
16131012130720091633500
16131012130720091634400
16131012130720091635300
16131012130720091636100
16131012130720091637000
16131012130720091637900
16131012130720091638700
16131012130720091639600
16131012130720091640500
16131012130720091641300
16131012130720091642200
16131012130720091643100
16131012130720091643900
16131012130720091644800
16131012130720091645700
16131012130720091646500
16131012130720091647400
16131012130720091648200
16131012130720091649000
16131012130720091649900
16131012130720091650700
16131012130720091651500
16131012130720091652200
16131012130720091653000
16131012130720091653800
16131012130720091654500
16131012130720091655300
16131012130720091656000
16131012130720091656700
16131012130720091657400
16131012130720091658200
16131012130720091658900
16131012130720091659600
16131012130720091700300
16131012130720091701100
16131012130720091701900
16131012130720091702900
16131012130720091703800
16131012130720091704700
16131012130720091705700
16131012130720091706600
16131012130720091707500
16131012130720091708400
16131012130720091709300
16131012130720091710200
16131012130720091711100
16131012130720091712000
16131012130720091712800
16131012130720091713700
16131012130720091714600
16131012130720091715400
16131012130720091716300
16131012130720091717200
16131012130720091718000
16131012130720091718800
16131012130720091719700
16131012130720091720500
16131012130720091721300
16131012130720091722100
16131012130720091723000
16131012130720091723800
16131012130720091724700
16131012130720091725700
16131012130720091726800
16131012130720091728100
16131012130720091730700
16131012130720091734300
16131012130720091736000
16131012130720091737400
16131012130720091738800
16131012130720091740300
16131012130720091741800
16131012130720091743100
16131012130720091744200
16131012130720091745300
16131012130720091746300
16131012130720091747300
16131012130720091748200
16131012130720091749200
16131012130720091750100
16131012130720091751000
16131012130720091751900
16131012130720091752800
16131012130720091753700
16131012130720091754600
16131012130720091755600
16131012130720091756500
16131012130720091757400
16131012130720091758400
16131012130720091759300
16131012130720091800300
16131012130720091801200
16131012130720091802000
16131012130720091802900
16131012130720091803700
16131012130720091804400
16131012130720091805200
16131012130720091806000
16131012130720091806800
16131012130720091807500
16131012130720091808200
16131012130720091809000
16131012130720091809700
16131012130720091810500
16131012130720091811300
16131012130720091812100
16131012130720091813000
16131012130720091814000
16131012130720091815200
16131012130720091816100
16131012130720101915100
16131012130720101916900
16131012130720101918400
16131012130720101919700
16131012130720101920800
16131012130720101921800
16131012130720101922800
16131012130720101923900
16131012130720101925200
16131012130720101925900
16131012130720102132800
16131012130720102135800
16131012130720102138300
16131012130720102140300
16131012130720102142000
16131012130720102143600
16131012130720102145200
16131012130720102147000
16131012130720102148500
16131012130720102149900
16131012130720102151300
16131012130720102152500
16131012130720102153600
16131012130720102154600
16131012130720102155700
16131012130720102156900
16131012130720102159100
16131012130720102201500
16131012130720102203000
16131012130720102204200
16131012130720102205300
16131012130720102206300
16131012130720102207300
16131012130720102208300
16131012130720102209200
16131012130720102210100
16131012130720102211100
16131012130720102212600
16131012130720102214700
16131012130720102216200
16131012130720102217500
16131012130720102218500
16131012130720102219600
16131012130720102220700
16131012130720102221900
16131012130720102223200
16131012130720102224400
16131012130720102225600
16131012130720102226800
16131012130720102228000
16131012130720102229100
16131012130720102230200
16131012130720102231200
16131012130720102232300
16131012130720102233500
16131012130720102234800
16131012130720102236300
16131012130720102238300
16131012130720102238900
16131012130720102320900
16131012130720102322000
16131012130720102323100
16131012130720102324100
16131012130720102325100
16131012130720102326000
16131012130720102327000
16131012130720102328000
16131012130720102329000
16131012130720102330000
16131012130720102331000
16131012130720102332100
16131012130720102333500
16131012130720102336000
16131012130720103147600
16131012130720103152100
16131012130720103154200
16131012130720103156400
16131012130720103158600
16131012130720103200700
16131012130720103202700
16131012130720103204400
16131012130720103207400
16131012130720103209700
16131012130720103212000
16131012130720103214100
16131012130720103216100
16131012130720103217600
16131012130720103219200
16131012130720103220700
16131012130720103222400
16131012130720103224100
16131012130720103225900
16131012130720103227800
16131012130720103229600
16131012130720103231500
16131012130720103233600
16131012130720103235600
16131012130720103237500
16131012130720103239300
16131012130720103241100
16131012130720103243100
16131012130720103245200
16131012130720103247000
16131012130720103249000
16131012130720103250700
16131012130720103252500
16131012130720103254400
16131012130720103256100
16131012130720103257900
16131012130720103259800
16131012130720103301500
16131012130720103303300
16131012130720103305100
16131012130720103307000
16131012130720103308800
16131012130720103310700
16131012130720103312500
16131012130720103314200
16131012130720103315900
16131012130720103317600
16131012130720103319300
16131012130720103320800
16131012130720103322500
16131012130720103322900
16131012130720103444700
16131012130720103447500
16131012130720103449800
16131012130720103451700
16131012130720103453400
16131012130720103454900
16131012130720103456600
16131012130720103458200
16131012130720103459800
16131012130720103501400
16131012130720103503100
16131012130720103504600
16131012130720103506100
16131012130720103507700
16131012130720103509100
16131012130720103510800
16131012130720103513500
16131012130720103515500
16131012130720103517200
16131012130720103518700
16131012130720103520100
16131012130720103521500
16131012130720103523000
16131012130720103524500
16131012130720103526100
16131012130720103527700
16131012130720103529400
16131012130720103531200
16131012130720103533500
16131012130720103535900
16131012130720103538300
16131012130720103540300
16131012130720103542000
16131012130720103543800
16131012130720103545400
16131012130720103546800
16131012130720103548100
16131012130720103549500
16131012130720103550800
16131012130720103552200
16131012130720103553700
16131012130720103555400
16131012130720103557000
16131012130720103558600
16131012130720103600000
16131012130720103601500
16131012130720103603000
16131012130720103604300
16131012130720103605700
16131012130720103607200
16131012130720103608700
16131012130720103610600
16131012130720103612500
16131012130720103614200
16131012130720103615800
16131012130720103617300
16131012130720103618800
16131012130720103620300
16131012130720103621600
16131012130720103623000
16131012130720103624300
16131012130720103625600
16131012130720103627100
16131012130720103628600
16131012130720103630600
16131012130720103634400
16131012130720103909000
16131012130720103911100
16131012130720103913000
16131012130720103914900
16131012130720103916800
16131012130720103918700
16131012130720103920500
16131012130720103922400
16131012130720103924500
16131012130720103926800
16131012130720103928400
16131012130720103930100
16131012130720103931700
16131012130720103933200
16131012130720103934800
16131012130720103936400
16131012130720103937800
16131012130720103939200
16131012130720103940600
16131012130720103942000
16131012130720103943500
16131012130720103945100
16131012130720103946800
16131012130720103948500
16131012130720103950200
16131012130720103951800
16131012130720103953200
16131012130720103954600
16131012130720103956000
16131012130720103957300
16131012130720103958700
16131012130720104000200
16131012130720104001700
16131012130720104003200
16131012130720104004800
16131012130720104006300
16131012130720104007800
16131012130720104009300
16131012130720104010700
16131012130720104012000
16131012130720104013300
16131012130720104014600
16131012130720104015900
16131012130720104017200
16131012130720104018500
16131012130720104019800
16131012130720104021100
16131012130720104022500
16131012130720104023800
16131012130720104025300
16131012130720104026800
16131012130720104028300
16131012130720104029800
16131012130720104031300
16131012130720104047100
16131012130720104049100
16131012130720104050400
16131012130720104051600
16131012130720104052600
16131012130720104053600
16131012130720104054700
16131012130720104055700
16131012130720104056700
16131012130720104057600
16131012130720104058600
16131012130720104059600
16131012130720104100600
16131012130720104101600
16131012130720104102800
16131012130720104103900
16131012130720104105000
16131012130720104106100
16131012130720104107200
16131012130720104108300
16131012130720104109400
16131012130720104110500
16131012130720104111600
16131012130720104112700
16131012130720104113900
16131012130720104115100
16131012130720104116500
16131012130720104118500
16131012130720104119500
16131012130720104158600
16131012130720104201200
16131012130720104203000
16131012130720104204900
16131012130720104206900
16131012130720104208500
16131012130720104209800
16131012130720104211000
16131012130720104212100
16131012130720104213300
16131012130720104215200
16131012130720104216900
16131012130720104218300
16131012130720104219600
16131012130720104220900
16131012130720104222200
16131012130720104223500
16131012130720104224800
16131012130720104226000
16131012130720104227100
16131012130720104228100
16131012130720104229200
16131012130720104230300
16131012130720104231300
16131012130720104232300
16131012130720104233400
16131012130720104234500
16131012130720104235500
16131012130720104236500
16131012130720104237500
16131012130720104238600
16131012130720104239700
16131012130720104240700
16131012130720104241900
16131012130720104243100
16131012130720104244300
16131012130720104245500
16131012130720104247200
16131012130720104249300
16131012130720104250900
16131012130720104252200
16131012130720104253600
16131012130720104254800
16131012130720104255900
16131012130720104257000
16131012130720104258200
16131012130720104259500
16131012130720104300800
16131012130720104302400
16131012130720104303900
16131012130720104305000
16131012130720104306200
16131012130720104307200
16131012130720104308300
16131012130720104309300
16131012130720104310400
16131012130720104311500
16131012130720104312500
16131012130720104313500
16131012130720104314400
16131012130720104315300
16131012130720104316200
16131012130720104317100
16131012130720104318100
16131012130720104319100
16131012130720104320400
16131012130720104321800
16131012130720104323100
16131012130720104324500
16131012130720104326100
16131012130720104327800
16131012130720104722100
16131012130720104723700
16131012130720104725100
16131012130720104726500
16131012130720104727700
16131012130720104728900
16131012130720104730100
16131012130720104731200
16131012130720104732300
16131012130720104733400
16131012130720104734400
16131012130720104735500
16131012130720104736500
16131012130720104737600
16131012130720104738600
16131012130720104739600
16131012130720104740600
16131012130720104741600
16131012130720104742600
16131012130720104743600
16131012130720104744500
16131012130720104745500
16131012130720104746400
16131012130720104747400
16131012130720104748300
16131012130720104749200
16131012130720104750100
16131012130720104751000
16131012130720104751900
16131012130720104752800
16131012130720104753800
16131012130720104754700
16131012130720104755800
16131012130720104756900
16131012130720104758000
16131012130720104759100
16131012130720104800200
16131012130720104801200
16131012130720104802200
16131012130720104803100
16131012130720104804100
16131012130720104805200
16131012130720104806400
16131012130720104807600
16131012130720104808800
16131012130720104809900
16131012130720104810900
16131012130720104811900
16131012130720104813000
16131012130720104814000
16131012130720104815000
16131012130720104816000
16131012130720104817100
16131012130720104818200
16131012130720104819200
16131012130720104820200
16131012130720104821200
16131012130720104822100
16131012130720104823000
16131012130720104823900
16131012130720104824900
16131012130720104825800
16131012130720104826700
16131012130720104827600
16131012130720104828600
16131012130720104829600
16131012130720104830500
16131012130720104831500
16131012130720104832400
16131012130720104833300
16131012130720104834300
16131012130720104835300
16131012130720104836200
16131012130720104837100
16131012130720104838000
16131012130720104839000
16131012130720104839900
16131012130720104840900
16131012130720104841900
16131012130720104842900
16131012130720104843800
16131012130720104844800
16131012130720104845800
16131012130720104846800
16131012130720104848000
16131012130720104849200
16131012130720104850600
16131012130720104852200
16131012130720104854500
16131012130720104856900
16131012130720104859200
16131012130720105108800
16131012130720105113600
16131012130720105121000
16131012130720105127200
16131012130720105426900
16131012130720105427900
16131012130720105428800
16131012130720105429700
16131012130720105430600
16131012130720105431500
16131012130720105432400
16131012130720105433300
16131012130720105434200
16131012130720105435000
16131012130720105435900
16131012130720105436700
16131012130720105437500
16131012130720105438300
16131012130720105439100
16131012130720105439800
16131012130720105440600
16131012130720105441300
16131012130720105442000
16131012130720105442800
16131012130720105443500
16131012130720105444300
16131012130720105445100
16131012130720105445800
16131012130720105446600
16131012130720105447300
16131012130720105448100
16131012130720105448900
16131012130720105449600
16131012130720105450400
16131012130720105451100
16131012130720105451900
16131012130720105452700
16131012130720105453500
16131012130720105454300
16131012130720105455100
16131012130720105455900
16131012130720105456700
16131012130720105457500
16131012130720105458300
16131012130720105459100
16131012130720105459900
16131012130720105500700
16131012130720105501400
16131012130720105502200
16131012130720105503000
16131012130720105503800
16131012130720105504600
16131012130720105505300
16131012130720105506100
16131012130720105506800
16131012130720105507600
16131012130720105508300
16131012130720105509000
16131012130720105509800
16131012130720105510500
16131012130720105511300
16131012130720105511900
16131012130720105512700
16131012130720105513400
16131012130720105514200
16131012130720105514900
16131012130720105515600
16131012130720105516400
16131012130720105517100
16131012130720105517900
16131012130720105518700
16131012130720105519500
16131012130720105520300
16131012130720105521100
16131012130720105521900
16131012130720105522800
16131012130720105523600
16131012130720105524400
16131012130720105525300
16131012130720105526100
16131012130720105526900
16131012130720105527800
16131012130720105528600
16131012130720105529400
16131012130720105530200
16131012130720105531000
16131012130720105531800
16131012130720105532500
16131012130720105533300
16131012130720105534100
16131012130720105534900
16131012130720105535700
16131012130720105536400
16131012130720105537200
16131012130720105538000
16131012130720105538800
16131012130720105539500
16131012130720105540300
16131012130720105541000
16131012130720105541800
16131012130720105542600
16131012130720105543300
16131012130720105544100
16131012130720105544800
16131012130720105545600
16131012130720105546400
16131012130720105547100
16131012130720105547800
16131012130720105548600
16131012130720105549300
16131012130720105550100
16131012130720105550800
16131012130720105551600
16131012130720105552300
16131012130720105553100
16131012130720105553800
16131012130720105554600
16131012130720105555300
16131012130720105556100
16131012130720105556900
16131012130720105557700
16131012130720105558400
16131012130720105559200
16131012130720105600000
16131012130720105600800
16131012130720105601600
16131012130720105602400
16131012130720105603200
16131012130720105604100
16131012130720105604900
16131012130720105605700
16131012130720105606600
16131012130720105607400
16131012130720105608300
16131012130720105609100
16131012130720105610000
16131012130720105610800
16131012130720105611600
16131012130720105612400
16131012130720105613200
16131012130720105614000
16131012130720105614900
16131012130720105615700
16131012130720105616500
16131012130720105617200
16131012130720105618000
16131012130720105618800
16131012130720105619600
16131012130720105620400
16131012130720105621200
16131012130720105621900
16131012130720105622700
16131012130720105623500
16131012130720105624300
16131012130720105625100
16131012130720105625800
16131012130720105626600
16131012130720105627400
16131012130720105628200
16131012130720105629000
16131012130720105629700
16131012130720105630500
16131012130720105631200
16131012130720105632000
16131012130720105632700
16131012130720105633500
16131012130720105634300
16131012130720105635100
16131012130720105635900
16131012130720105636700
16131012130720105637500
16131012130720105638200
16131012130720105639000
16131012130720105639800
16131012130720105640500
16131012130720105641300
16131012130720105642100
16131012130720105642800
16131012130720105643600
16131012130720105644400
16131012130720105645200
16131012130720105646000
16131012130720105646800
16131012130720105647600
16131012130720105648400
16131012130720105649100
16131012130720105649900
16131012130720105650700
16131012130720105651400
16131012130720105652200
16131012130720105653000
16131012130720105653800
16131012130720105654500
16131012130720105655300
16131012130720105656000
16131012130720105656800
16131012130720105657500
16131012130720105658300
16131012130720105659000
16131012130720105659800
16131012130720105700500
16131012130720105701300
16131012130720105702000
16131012130720105702800
16131012130720105703500
16131012130720105704300
16131012130720105705100
16131012130720105705900
16131012130720105706700
16131012130720105707500
16131012130720105708300
16131012130720105709200
16131012130720105710000
16131012130720105710800
16131012130720105711600
16131012130720105712400
16131012130720105713200
16131012130720105714000
16131012130720105714800
16131012130720105715600
16131012130720105716400
16131012130720105717200
16131012130720105718000
16131012130720105718800
16131012130720105719600
16131012130720105720400
16131012130720105721200
16131012130720105722000
16131012130720105722900
16131012130720105723700
16131012130720105724600
16131012130720105725400
16131012130720105726300
16131012130720105727100
16131012130720105728000
16131012130720105728900
16131012130720105729800
16131012130720105730800
16131012130720105731900
16131012130720105733100
16131012130720105734300
16131012130720105735400
16131012130720105736400
16131012130720105737500
16131012130720105738500
16131012130720105739500
16131012130720105740400
16131012130720105741300
16131012130720105742300
16131012130720105743200
16131012130720105744100
16131012130720105745000
16131012130720105746000
16131012130720105746900
16131012130720105747800
16131012130720105748700
16131012130720105749600
16131012130720105750500
16131012130720105751300
16131012130720105752100
16131012130720105753000
16131012130720105753800
16131012130720105754600
16131012130720105755500
16131012130720105756300
16131012130720105757100
16131012130720105758000
16131012130720105758800
16131012130720105759600
16131012130720105800500
16131012130720105801400
16131012130720105802300
16131012130720105803200
16131012130720105804200
16131012130720105805200
16131012130720105806100
16131012130720105807200
16131012130720105808200
16131012130720105809200
16131012130720105810200
16131012130720105811200
16131012130720105812100
16131012130720105813100
16131012130720105814100
16131012130720105815000
16131012130720105815900
16131012130720105816900
16131012130720105817800
16131012130720105818700
16131012130720105819600
16131012130720105820400
16131012130720105821200
16131012130720105822000
16131012130720105822800
16131012130720105823600
16131012130720105824400
16131012130720105825200
16131012130720105826000
16131012130720105826800
16131012130720105827600
16131012130720105828400
16131012130720105829200
16131012130720105830000
16131012130720105830900
16131012130720105831700
16131012130720105832600
16131012130720105833400
16131012130720105834300
16131012130720105835200
16131012130720105836000
16131012130720105836900
16131012130720105837700
16131012130720105838600
16131012130720105839400
16131012130720105840300
16131012130720105841100
16131012130720105841900
16131012130720105842800
16131012130720105843600
16131012130720105844400
16131012130720105845200
16131012130720105846100
16131012130720105847000
16131012130720105847900
16131012130720105848900
16131012130720105850000
16131012130720105851000
16131012130720105851900
16131012130720105852800
16131012130720105853800
16131012130720105854600
16131012130720105855600
16131012130720105856500
16131012130720105857400
16131012130720105858300
16131012130720105859200
16131012130720105900000
16131012130720105900900
16131012130720105901700
16131012130720105902600
16131012130720105903500
16131012130720105904300
16131012130720105905100
16131012130720105905900
16131012130720105906800
16131012130720105907600
16131012130720105908400
16131012130720105909200
16131012130720105910000
16131012130720105910800
16131012130720105911600
16131012130720105912400
16131012130720105913200
16131012130720105914000
16131012130720105914800
16131012130720105915600
16131012130720105916400
16131012130720105917200
16131012130720105917900
16131012130720105918700
16131012130720105919400
16131012130720105920100
16131012130720105920900
16131012130720105921600
16131012130720105922400
16131012130720105923200
16131012130720105923900
16131012130720105924700
16131012130720105925400
16131012130720105926200
16131012130720105927000
16131012130720105927800
16131012130720105928600
16131012130720105929300
16131012130720105930100
16131012130720105930900
16131012130720105931700
16131012130720105932500
16131012130720105933300
16131012130720105934100
16131012130720105935000
16131012130720105936100
16131012130720105937200
16131012130720110403900
16131012130720110405600
16131012130720110407000
16131012130720110408100
16131012130720110409100
16131012130720110410100
16131012130720110410900
16131012130720110411800
16131012130720110412600
16131012130720110413400
16131012130720110414100
16131012130720110414900
16131012130720110415700
16131012130720110416500
16131012130720110417200
16131012130720110418000
16131012130720110418800
16131012130720110419600
16131012130720110420500
16131012130720110421300
16131012130720110422100
16131012130720110422900
16131012130720110423600
16131012130720110424400
16131012130720110425100
16131012130720110425800
16131012130720110426600
16131012130720110427300
16131012130720110428000
16131012130720110428700
16131012130720110429400
16131012130720110430100
16131012130720110430800
16131012130720110431600
16131012130720110432400
16131012130720110433200
16131012130720110434000
16131012130720110434700
16131012130720110435400
16131012130720110436200
16131012130720110436900
16131012130720110437600
16131012130720110438300
16131012130720110439000
16131012130720110439700
16131012130720110440400
16131012130720110441200
16131012130720110442000
16131012130720110442800
16131012130720110443700
16131012130720110444500
16131012130720110445300
16131012130720110446100
16131012130720110446900
16131012130720110447600
16131012130720110448400
16131012130720110449200
16131012130720110450000
16131012130720110450700
16131012130720110451500
16131012130720110452300
16131012130720110453100
16131012130720110453800
16131012130720110454500
16131012130720110455200
16131012130720110456000
16131012130720110456700
16131012130720110457400
16131012130720110458200
16131012130720110459100
16131012130720110500000
16131012130720110500900
16131012130720110501800
16131012130720110502700
16131012130720110503600
16131012130720110504400
16131012130720110505300
16131012130720110506200
16131012130720110507000
16131012130720110507900
16131012130720110508700
16131012130720110509500
16131012130720110510300
16131012130720110511000
16131012130720110511800
16131012130720110512600
16131012130720110513400
16131012130720110514200
16131012130720110515000
16131012130720110515800
16131012130720110516500
16131012130720110517300
16131012130720110518100
16131012130720110518800
16131012130720110519600
16131012130720110520300
16131012130720110521100
16131012130720110521800
16131012130720110522500
16131012130720110523300
16131012130720110524000
16131012130720110524700
16131012130720110525400
16131012130720110526200
16131012130720110526900
16131012130720110527700
16131012130720110528400
16131012130720110529100
16131012130720110529900
16131012130720110530600
16131012130720110531300
16131012130720110532100
16131012130720110532800
16131012130720110533600
16131012130720110534300
16131012130720110535100
16131012130720110535800
16131012130720110536600
16131012130720110537400
16131012130720110538100
16131012130720110538800
16131012130720110539600
16131012130720110540300
16131012130720110541100
16131012130720110541800
16131012130720110542600
16131012130720110543300
16131012130720110544100
16131012130720110544800
16131012130720110545500
16131012130720110546300
16131012130720110547000
16131012130720110547800
16131012130720110548600
16131012130720110549300
16131012130720110550100
16131012130720110550800
16131012130720110551600
16131012130720110552500
16131012130720110553400
16131012130720110554300
16131012130720110555200
16131012130720110556200
16131012130720110557100
16131012130720110558100
16131012130720110559000
16131012130720110559900
16131012130720110600700
16131012130720110601500
16131012130720110602300
16131012130720110603200
16131012130720110604000
16131012130720110604800
16131012130720110605500
16131012130720110606300
16131012130720110607100
16131012130720110607800
16131012130720110608600
16131012130720110609400
16131012130720110610200
16131012130720110611000
16131012130720110611800
16131012130720110612700
16131012130720110613500
16131012130720110614300
16131012130720110615000
16131012130720110615800
16131012130720110616600
16131012130720110617400
16131012130720110618200
16131012130720110619000
16131012130720110619800
16131012130720110620600
16131012130720110621400
16131012130720110622200
16131012130720110622900
16131012130720110623700
16131012130720110624400
16131012130720110625100
16131012130720110625800
16131012130720110626600
16131012130720110627300
16131012130720110628100
16131012130720110628800
16131012130720110629600
16131012130720110630300
16131012130720110631100
16131012130720110631900
16131012130720110632700
16131012130720110633400
16131012130720110634200
16131012130720110634900
16131012130720110635700
16131012130720110636400
16131012130720110637100
16131012130720110637900
16131012130720110638500
16131012130720110639300
16131012130720110640100
16131012130720110640900
16131012130720110641600
16131012130720110642400
16131012130720110643200
16131012130720110643900
16131012130720110644700
16131012130720110645500
16131012130720110646200
16131012130720110647000
16131012130720110647700
16131012130720110648500
16131012130720110649400
16131012130720110650200
16131012130720110651000
16131012130720110651900
16131012130720110652700
16131012130720110653500
16131012130720110654300
16131012130720110655100
16131012130720110655900
16131012130720110656700
16131012130720110657400
16131012130720110658200
16131012130720110658900
16131012130720110659700
16131012130720110700400
16131012130720110701100
16131012130720110701900
16131012130720110702600
16131012130720110703400
16131012130720110704100
16131012130720110704900
16131012130720110705700
16131012130720110706400
16131012130720110707200
16131012130720110708000
16131012130720110708800
16131012130720110709600
16131012130720110710300
16131012130720110711100
16131012130720110711900
16131012130720110712700
16131012130720110713600
16131012130720110714400
16131012130720110715300
16131012130720110716200
16131012130720110717000
16131012130720110717900
16131012130720110718700
16131012130720110719500
16131012130720110720400
16131012130720110721200
16131012130720110722000
16131012130720110722700
16131012130720110723500
16131012130720110724300
16131012130720110725000
16131012130720110725700
16131012130720110726500
16131012130720110727300
16131012130720110728200
16131012130720110729000
16131012130720110729800
16131012130720110730600
16131012130720110731400
16131012130720110732200
16131012130720110733100
16131012130720110733900
16131012130720110734700
16131012130720110735600
16131012130720110736400
16131012130720110737300
16131012130720110738100
16131012130720110738900
16131012130720110739800
16131012130720110740600
16131012130720110741400
16131012130720110742200
16131012130720110743100
16131012130720110743900
16131012130720110744700
16131012130720110745400
16131012130720110746200
16131012130720110747000
16131012130720110747800
16131012130720110748600
16131012130720110749300
16131012130720110750100
16131012130720110750900
16131012130720110751600
16131012130720110752400
16131012130720110753100
16131012130720110753900
16131012130720110754700
16131012130720110755400
16131012130720110756200
16131012130720110756900
16131012130720110757700
16131012130720110758400
16131012130720110759200
16131012130720110759900
16131012130720110800600
16131012130720110801400
16131012130720110802100
16131012130720110802900
16131012130720110803600
16131012130720110804400
16131012130720110805100
16131012130720110805900
16131012130720110806700
16131012130720110807500
16131012130720110808200
16131012130720110809000
16131012130720110809800
16131012130720110810600
16131012130720110811400
16131012130720110812200
16131012130720110813000
16131012130720110813700
16131012130720110814500
16131012130720110815200
16131012130720110816000
16131012130720110816800
16131012130720110817500
16131012130720110818300
16131012130720110819000
16131012130720110819800
16131012130720110820500
16131012130720110821300
16131012130720110822000
16131012130720110822800
16131012130720110823500
16131012130720110824300
16131012130720110825000
16131012130720110825800
16131012130720110826600
16131012130720110827400
16131012130720110828100
16131012130720110828900
16131012130720110829600
16131012130720110830300
16131012130720110831000
16131012130720110831800
16131012130720110832500
16131012130720110833300
16131012130720110834000
16131012130720110834800
16131012130720110835700
16131012130720110836600
16131012130720110837600
16131012130720110838500
16131012130720110839500
16131012130720110840400
16131012130720110841200
16131012130720110842100
16131012130720110842900
16131012130720110843700
16131012130720110844500
16131012130720110845300
16131012130720110846100
16131012130720110846800
16131012130720110847500
16131012130720110848300
16131012130720110849000
16131012130720110849800
16131012130720110850500
16131012130720110851300
16131012130720110852100
16131012130720110852900
16131012130720110853700
16131012130720110854500
16131012130720110855300
16131012130720110856100
16131012130720110856900
16131012130720110857700
16131012130720110858500
16131012130720110859400
16131012130720110900200
16131012130720110901100
16131012130720110902000
16131012130720110902800
16131012130720110903700
16131012130720110904500
16131012130720110905400
16131012130720110906200
16131012130720110907100
16131012130720110907900
16131012130720110908800
16131012130720110909700
16131012130720110910500
16131012130720110911300
16131012130720110912200
16131012130720110913000
16131012130720110913800
16131012130720110914600
16131012130720110915400
16131012130720110916200
16131012130720110917000
16131012130720110917800
16131012130720110918600
16131012130720110919400
16131012130720110920300
16131012130720110921100
16131012130720110921900
16131012130720110922600
16131012130720110923400
16131012130720110924200
16131012130720110925000
16131012130720110925800
16131012130720110926600
16131012130720110927400
16131012130720110928300
16131012130720110929100
16131012130720110929900
16131012130720110930600
16131012130720110931400
16131012130720110932100
16131012130720110932900
16131012130720110933800
16131012130720110934500
16131012130720110935300
16131012130720110936100
16131012130720110936900
16131012130720110937600
16131012130720110938400
16131012130720110939100
16131012130720110939900
16131012130720110940700
16131012130720110941500
16131012130720110942400
16131012130720110943200
16131012130720110944000
16131012130720110944800
16131012130720110945500
16131012130720110946300
16131012130720110947100
16131012130720110947900
16131012130720110948600
16131012130720110949400
16131012130720110950100
16131012130720110950900
16131012130720110951700
16131012130720110952500
16131012130720110953200
16131012130720110954000
16131012130720110954800
16131012130720110955500
16131012130720110956300
16131012130720110957100
16131012130720110957900
16131012130720110958700
16131012130720110959400
16131012130720111000200
16131012130720111001000
16131012130720111001800
16131012130720111002500
16131012130720111003300
16131012130720111004100
16131012130720111004900
16131012130720111005700
16131012130720111006500
16131012130720111007300
16131012130720111008100
16131012130720111008900
16131012130720111009700
16131012130720111010500
16131012130720111011300
16131012130720111012100
16131012130720111012900
16131012130720111013700
16131012130720111014500
16131012130720111015200
16131012130720111016000
16131012130720111016800
16131012130720111017600
16131012130720111018300
16131012130720111019100
16131012130720111019900
16131012130720111020700
16131012130720111021400
16131012130720111022200
16131012130720111022900
16131012130720111023700
16131012130720111024500
16131012130720111025300
16131012130720111026000
16131012130720111026800
16131012130720111027700
16131012130720111028500
16131012130720111029300
16131012130720111030000
16131012130720111030800
16131012130720111031600
16131012130720111032400
16131012130720111033200
16131012130720111034000
16131012130720111034700
16131012130720111035500
16131012130720111036300
16131012130720111037000
16131012130720111037800
16131012130720111038600
16131012130720111039400
16131012130720111040100
16131012130720111040900
16131012130720111041700
16131012130720111042400
16131012130720111043200
16131012130720111044000
16131012130720111044800
16131012130720111045600
16131012130720111046500
16131012130720111047300
16131012130720111048000
16131012130720111048800
16131012130720111049600
16131012130720111050400
16131012130720111051200
16131012130720111052000
16131012130720111052800
16131012130720111053500
16131012130720111054300
16131012130720111055100
16131012130720111055900
16131012130720111056700
16131012130720111057500
16131012130720111058300
16131012130720111059000
16131012130720111059800
16131012130720111100600
16131012130720111101400
16131012130720111102200
16131012130720111103000
16131012130720111103700
16131012130720111104500
16131012130720111105300
16131012130720111106100
16131012130720111106900
16131012130720111107700
16131012130720111108500
16131012130720111109300
16131012130720111110100
16131012130720111111000
16131012130720111111700
16131012130720111112600
16131012130720111113400
16131012130720111114200
16131012130720111115000
16131012130720111115800
16131012130720111116600
16131012130720111117400
16131012130720111118200
16131012130720111119000
16131012130720111119800
16131012130720111120500
16131012130720111121300
16131012130720111122200
16131012130720111123000
16131012130720111123700
16131012130720111124500
16131012130720111125300
16131012130720111126100
16131012130720111126900
16131012130720111127700
16131012130720111128500
16131012130720111129300
16131012130720111130100
16131012130720111130900
16131012130720111131700
16131012130720111132500
16131012130720111133300
16131012130720111134000
16131012130720111134800
16131012130720111135600
16131012130720111136400
16131012130720111137100
16131012130720111137900
16131012130720111138700
16131012130720111139500
16131012130720111140200
16131012130720111141000
16131012130720111141700
16131012130720111142400
16131012130720111143200
16131012130720111143900
16131012130720111144700
16131012130720111145500
16131012130720111146200
16131012130720111147000
16131012130720111147900
16131012130720111148700
16131012130720111149600
16131012130720111150400
16131012130720111151200
16131012130720111152100
16131012130720111152900
16131012130720111153700
16131012130720111154400
16131012130720111155200
16131012130720111156000
16131012130720111156800
16131012130720111157600
16131012130720111158400
16131012130720111159200
16131012130720111200000
16131012130720111200800
16131012130720111201600
16131012130720111202400
16131012130720111203100
16131012130720111204000
16131012130720111204800
16131012130720111205600
16131012130720111206300
16131012130720111207200
16131012130720111207900
16131012130720111208700
16131012130720111209500
16131012130720111210200
16131012130720111211000
16131012130720111211700
16131012130720111212500
16131012130720111213300
16131012130720111214100
16131012130720111214900
16131012130720111215700
16131012130720111216500
16131012130720111217300
16131012130720111218200
16131012130720111219000
16131012130720111219900
16131012130720111220700
16131012130720111221500
16131012130720111222300
16131012130720111223200
16131012130720111224000
16131012130720111224800
16131012130720111225600
16131012130720111226400
16131012130720111227200
16131012130720111228100
16131012130720111228900
16131012130720111229700
16131012130720111230500
16131012130720111231400
16131012130720111232200
16131012130720111233000
16131012130720111233800
16131012130720111234700
16131012130720111235500
16131012130720111236300
16131012130720111237200
16131012130720111238000
16131012130720111238800
16131012130720111239600
16131012130720111240500
16131012130720111241300
16131012130720111242100
16131012130720111243000
16131012130720111243800
16131012130720111244700
16131012130720111245500
16131012130720111246400
16131012130720111247300
16131012130720111248200
16131012130720111249100
16131012130720111250000
16131012130720111250900
16131012130720111251800
16131012130720111252800
16131012130720111253900
16131012130720111254900
16131012130720111256000
16131012130720111257300
16131012130720111300300
16131012130720111311200
16131012130720111312800
16131012130720111314100
16131012130720111315300
16131012130720111316400
16131012130720111317400
16131012130720111318300
16131012130720111319200
16131012130720111320100
16131012130720111321000
16131012130720111321800
16131012130720111322700
16131012130720111323500
16131012130720111324300
16131012130720111325200
16131012130720111326000
16131012130720111326800
16131012130720111327600
16131012130720111328400
16131012130720111329200
16131012130720111330000
16131012130720111330900
16131012130720111331700
16131012130720111332500
16131012130720111333200
16131012130720111334000
16131012130720111334700
16131012130720111335500
16131012130720111336200
16131012130720111337000
16131012130720111337700
16131012130720111338500
16131012130720111339300
16131012130720111340100
16131012130720111340900
16131012130720111341700
16131012130720111342500
16131012130720111343200
16131012130720111344000
16131012130720111344700
16131012130720111345500
16131012130720111346300
16131012130720111347000
16131012130720111347800
16131012130720111348500
16131012130720111349300
16131012130720111350100
16131012130720111350900
16131012130720111351600
16131012130720111352400
16131012130720111353200
16131012130720111353900
16131012130720111354700
16131012130720111355500
16131012130720111356300
16131012130720111357100
16131012130720111357900
16131012130720111358700
16131012130720111359500
16131012130720111400300
16131012130720111401100
16131012130720111401900
16131012130720111402700
16131012130720111403600
16131012130720111404400
16131012130720111405200
16131012130720111406000
16131012130720111406800
16131012130720111407700
16131012130720111408500
16131012130720111409300
16131012130720111410100
16131012130720111410900
16131012130720111411700
16131012130720111412400
16131012130720111413200
16131012130720111414000
16131012130720111414800
16131012130720111415500
16131012130720111416300
16131012130720111417100
16131012130720111417900
16131012130720111418700
16131012130720111419400
16131012130720111420200
16131012130720111421000
16131012130720111421800
16131012130720111422500
16131012130720111423200
16131012130720111424000
16131012130720111424800
16131012130720111425600
16131012130720111426400
16131012130720111427200
16131012130720111428100
16131012130720111428900
16131012130720111429800
16131012130720111430600
16131012130720111431400
16131012130720111432200
16131012130720111433000
16131012130720111433700
16131012130720111434500
16131012130720111435200
16131012130720111436000
16131012130720111436700
16131012130720111437500
16131012130720111438200
16131012130720111439000
16131012130720111439700
16131012130720111440500
16131012130720111441200
16131012130720111442000
16131012130720111442700
16131012130720111443400
16131012130720111444200
16131012130720111444900
16131012130720111445600
16131012130720111446300
16131012130720111447000
16131012130720111447700
16131012130720111448500
16131012130720111449400
16131012130720111450300
16131012130720111451100
16131012130720111452000
16131012130720111452800
16131012130720111453700
16131012130720111454500
16131012130720111455400
16131012130720111456200
16131012130720111457000
16131012130720111457900
16131012130720111458800
16131012130720111459700
16131012130720111500500
16131012130720111501300
16131012130720111502100
16131012130720111502900
16131012130720111503700
16131012130720111504600
16131012130720111505400
16131012130720111506200
16131012130720111506900
16131012130720111507700
16131012130720111508500
16131012130720111509300
16131012130720111510100
16131012130720111510900
16131012130720111511700
16131012130720111512600
16131012130720111513400
16131012130720111514200
16131012130720111515000
16131012130720111515900
16131012130720111516600
16131012130720111517400
16131012130720111518200
16131012130720111519000
16131012130720111519800
16131012130720111520600
16131012130720111521400
16131012130720111522200
16131012130720111523000
16131012130720111523800
16131012130720111524600
16131012130720111525400
16131012130720111526200
16131012130720111527000
16131012130720111527800
16131012130720111528600
16131012130720111529300
16131012130720111530100
16131012130720111530800
16131012130720111531600
16131012130720111532400
16131012130720111533100
16131012130720111533800
16131012130720111534500
16131012130720111535200
16131012130720111535900
16131012130720111536600
16131012130720111537500
16131012130720111538300
16131012130720111539100
16131012130720111540000
16131012130720111540800
16131012130720111541600
16131012130720111542400
16131012130720111543200
16131012130720111544000
16131012130720111544900
16131012130720111545700
16131012130720111546500
16131012130720111547400
16131012130720111548200
16131012130720111549100
16131012130720111549900
16131012130720111550700
16131012130720111551600
16131012130720111552400
16131012130720111553200
16131012130720111554000
16131012130720111554800
16131012130720111555600
16131012130720111556400
16131012130720111557200
16131012130720111558000
16131012130720111558700
16131012130720111559500
16131012130720111600300
16131012130720111601000
16131012130720111601800
16131012130720111602700
16131012130720111603500
16131012130720111604300
16131012130720111605200
16131012130720111606000
16131012130720111606800
16131012130720111607600
16131012130720111608400
16131012130720111609100
16131012130720111609900
16131012130720111610700
16131012130720111611400
16131012130720111612200
16131012130720111613000
16131012130720111613700
16131012130720111614500
16131012130720111615300
16131012130720111616100
16131012130720111616900
16131012130720111617600
16131012130720111618400
16131012130720111619200
16131012130720111620000
16131012130720111620700
16131012130720111621500
16131012130720111622300
16131012130720111623000
16131012130720111623800
16131012130720111624500
16131012130720111625300
16131012130720111626000
16131012130720111626800
16131012130720111627600
16131012130720111628400
16131012130720111629200
16131012130720111629900
16131012130720111630700
16131012130720111631500
16131012130720111632300
16131012130720111633000
16131012130720111633800
16131012130720111634500
16131012130720111635300
16131012130720111636100
16131012130720111636900
16131012130720111637700
16131012130720111638400
16131012130720111639200
16131012130720111640000
16131012130720111640700
16131012130720111641500
16131012130720111642300
16131012130720111643100
16131012130720111643800
16131012130720111644600
16131012130720111645300
16131012130720111646000
16131012130720111646800
16131012130720111647500
16131012130720111648300
16131012130720111649100
16131012130720111649800
16131012130720111650600
16131012130720111651400
16131012130720111652200
16131012130720111653100
16131012130720111653900
16131012130720111654700
16131012130720111655500
16131012130720111656300
16131012130720111657100
16131012130720111657900
16131012130720111658700
16131012130720111659400
16131012130720111700200
16131012130720111701000
16131012130720111701700
16131012130720111702500
16131012130720111703200
16131012130720111704000
16131012130720111704700
16131012130720111705500
16131012130720111706300
16131012130720111707000
16131012130720111707800
16131012130720111708500
16131012130720111709200
16131012130720111709900
16131012130720111710700
16131012130720111711500
16131012130720111712300
16131012130720111713200
16131012130720111714100
16131012130720111715000
16131012130720111715800
16131012130720111716700
16131012130720111717500
16131012130720111718400
16131012130720111719200
16131012130720111720000
16131012130720111720700
16131012130720111721500
16131012130720111722300
16131012130720111723100
16131012130720111723800
16131012130720111724600
16131012130720111725300
16131012130720111726000
16131012130720111726800
16131012130720111727500
16131012130720111728300
16131012130720111729100
16131012130720111729800
16131012130720111730600
16131012130720111731300
16131012130720111732100
16131012130720111732900
16131012130720111733600
16131012130720111734400
16131012130720111735100
16131012130720111735900
16131012130720111736700
16131012130720111737400
16131012130720111738200
16131012130720111738900
16131012130720111739700
16131012130720111740400
16131012130720111741200
16131012130720111742000
16131012130720111742800
16131012130720111743600
16131012130720111744500
16131012130720111745300
16131012130720111746100
16131012130720111747000
16131012130720111747800
16131012130720111748600
16131012130720111749400
16131012130720111750200
16131012130720111750900
16131012130720111751700
16131012130720111752600
16131012130720111753400
16131012130720111754200
16131012130720111755100
16131012130720111755900
16131012130720111756700
16131012130720111757500
16131012130720111758300
16131012130720111759000
16131012130720111759800
16131012130720111800600
16131012130720111801300
16131012130720111802100
16131012130720111802900
16131012130720111803700
16131012130720111804400
16131012130720111805200
16131012130720111805900
16131012130720111806700
16131012130720111807400
16131012130720111808200
16131012130720111808900
16131012130720111809700
16131012130720111810500
16131012130720111811300
16131012130720111812100
16131012130720111812900
16131012130720111813700
16131012130720111814500
16131012130720111815300
16131012130720111816000
16131012130720111816800
16131012130720111817500
16131012130720111818300
16131012130720111819000
16131012130720111819800
16131012130720111820600
16131012130720111821500
16131012130720111822300
16131012130720111823100
16131012130720111823900
16131012130720111824700
16131012130720111825500
16131012130720111827100
16131012130720111828000
16131012130720111828800
16131012130720111829700
16131012130720111830500
16131012130720111831300
16131012130720111832100
16131012130720111833700
16131012130720111834500
16131012130720111835300
16131012130720111836100
16131012130720111836900
16131012130720111837700
16131012130720111838500
16131012130720111839300
16131012130720111840100
16131012130720111841800
16131012130720111843300
16131012130720111844100
16131012130720111845900
16131012130720111848400
16131012130720111852900
16131012130720111855200
16131012130720111902400
16131012130720111904200
16131012130720111905800
16131012130720111907200
16131012130720111908600
16131012130720111910000
16131012130720111911300
16131012130720111912600
16131012130720111913800
16131012130720111915100
16131012130720111916300
16131012130720111917400
16131012130720111918500
16131012130720111919700
16131012130720111920800
16131012130720111921900
16131012130720111923000
16131012130720111924100
16131012130720111925200
16131012130720111926200
16131012130720111927300
16131012130720111928300
16131012130720111929400
16131012130720111930400
16131012130720111931500
16131012130720111932600
16131012130720111933700
16131012130720111934800
16131012130720111935800
16131012130720111936900
16131012130720111937900
16131012130720111939000
16131012130720111940000
16131012130720111941000
16131012130720111941900
16131012130720111942900
16131012130720111943800
16131012130720111944800
16131012130720111945800
16131012130720111946800
16131012130720111947800
16131012130720111948800
16131012130720111949800
16131012130720111950800
16131012130720111951800
16131012130720111952800
16131012130720111953800
16131012130720111954700
16131012130720111955700
16131012130720111956600
16131012130720111957600
16131012130720111958500
16131012130720111959500
16131012130720112000400
16131012130720112001400
16131012130720112002300
16131012130720112003200
16131012130720112004100
16131012130720112005000
16131012130720112005800
16131012130720112006700
16131012130720112007500
16131012130720112008300
16131012130720112009200
16131012130720112010000
16131012130720112010900
16131012130720112011700
16131012130720112012500
16131012130720112013300
16131012130720112014100
16131012130720112014900
16131012130720112015700
16131012130720112016600
16131012130720112017400
16131012130720112018200
16131012130720112019000
16131012130720112019800
16131012130720112020600
16131012130720112021300
16131012130720112022100
16131012130720112022900
16131012130720112023700
16131012130720112024600
16131012130720112025400
16131012130720112026200
16131012130720112027000
16131012130720112027800
16131012130720112028700
16131012130720112029500
16131012130720112030400
16131012130720112031300
16131012130720112032100
16131012130720112033000
16131012130720112034000
16131012130720112034900
16131012130720112035800
16131012130720112036700
16131012130720112037600
16131012130720112038500
16131012130720112039400
16131012130720112040300
16131012130720112041200
16131012130720112042000
16131012130720112042900
16131012130720112043800
16131012130720112044600
16131012130720112045500
16131012130720112046400
16131012130720112047200
16131012130720112048100
16131012130720112048900
16131012130720112049700
16131012130720112050600
16131012130720112051400
16131012130720112052300
16131012130720112053100
16131012130720112054000
16131012130720112054800
16131012130720112055700
16131012130720112056500
16131012130720112057300
16131012130720112058200
16131012130720112059000
16131012130720112059900
16131012130720112100700
16131012130720112101600
16131012130720112102400
16131012130720112103200
16131012130720112104000
16131012130720112104800
16131012130720112105600
16131012130720112106400
16131012130720112107200
16131012130720112108100
16131012130720112108900
16131012130720112109700
16131012130720112110600
16131012130720112111400
16131012130720112112200
16131012130720112113100
16131012130720112113900
16131012130720112114800
16131012130720112115700
16131012130720112116500
16131012130720112117400
16131012130720112118200
16131012130720112119100
16131012130720112120000
16131012130720112120800
16131012130720112121700
16131012130720112122500
16131012130720112123300
16131012130720112124200
16131012130720112125000
16131012130720112125900
16131012130720112126700
16131012130720112127500
16131012130720112128400
16131012130720112129300
16131012130720112130200
16131012130720112131100
16131012130720112132000
16131012130720112133100
16131012130720112134200
16131012130720112135400
16131012130720112136700
16131012130720112137900
16131012130720112331400
16131012130720112333700
16131012130720112335300
16131012130720112336600
16131012130720112337800
16131012130720112339000
16131012130720112340400
16131012130720112342400
16131012130720112344100
16131012130720112345500
16131012130720112346700
16131012130720112347900
16131012130720112349000
16131012130720112350000
16131012130720112351000
16131012130720112352000
16131012130720112353000
16131012130720112353900
16131012130720112354800
16131012130720112355700
16131012130720112356600
16131012130720112357500
16131012130720112358500
16131012130720112359500
16131012130720112400500
16131012130720112401600
16131012130720112402600
16131012130720112403700
16131012130720112404800
16131012130720112405800
16131012130720112406900
16131012130720112408100
16131012130720112409300
16131012130720112410600
16131012130720112411800
16131012130720112412900
16131012130720112414100
16131012130720112415500
16131012130720112417100
16131012130720112422300
16131012130720112424100
16131012130720112425800
16131012130720112427400
16131012130720112429000
16131012130720112430600
16131012130720112432200
16131012130720112433800
16131012130720112435300
16131012130720112436700
16131012130720112438200
16131012130720112439700
16131012130720112441100
16131012130720112442700
16131012130720112444200
16131012130720112445800
16131012130720112446600
16131012130720112505100
16131012130720112507800
16131012130720112509400
16131012130720112510700
16131012130720112512000
16131012130720112513200
16131012130720112514300
16131012130720112515500
16131012130720112516700
16131012130720112518400
16131012130720112521300
16131012130720112526000
16131012130720112529200
16131012130720112531300
16131012130720112533700
16131012130720112536600
16131012130720112546100
16131012130720112548500
16131012130720112550300
16131012130720112551900
16131012130720112553500
16131012130720112555200
16131012130720112557300
16131012130720112559400
16131012130720112601300
16131012130720112603000
16131012130720112604800
16131012130720112606400
16131012130720112607900
16131012130720112609500
16131012130720112611400
16131012130720112613800
16131012130720112614400
16131012130720112819800
16131012130720112821500
16131012130720112823100
16131012130720112824500
16131012130720112825900
16131012130720112827200
16131012130720112828300
16131012130720112829500
16131012130720112830800
16131012130720112832000
16131012130720112833100
16131012130720112834200
16131012130720112835600
16131012130720112836900
16131012130720112838100
16131012130720112839200
16131012130720112840300
16131012130720112841400
16131012130720112842500
16131012130720112843700
16131012130720112845100
16131012130720112849100
16131012130720112855100
16131012130720112859000
16131012130720112902100
16131012130720113128900
16131012130720113130800
16131012130720113132200
16131012130720113133500
16131012130720113134600
16131012130720113135800
16131012130720113137000
16131012130720113138300
16131012130720113139600
16131012130720113141100
16131012130720113142400
16131012130720113143700
16131012130720113144900
16131012130720113146000
16131012130720113147400
16131012130720113149000
16131012130720113151400
16131012130720113153700
16131012130720113155200
16131012130720113156500
16131012130720113157800
16131012130720113159000
16131012130720113200200
16131012130720113201500
16131012130720113202900
16131012130720113204200
16131012130720113205600
16131012130720113207400
16131012130720113209300
16131012130720113211000
16131012130720113212700
16131012130720113214700
16131012130720113217000
16131012130720113218900
16131012130720113220400
16131012130720113221600
16131012130720113222800
16131012130720113224000
16131012130720113225100
16131012130720113226400
16131012130720113227700
16131012130720113229100
16131012130720113232000
16131012130720113236600
16131012130720113238300
16131012130720113240000
16131012130720113241600
16131012130720113245400
16131012130720115031300
16131012130720115033600
16131012130720115035200
16131012130720115036400
16131012130720115037500
16131012130720115038600
16131012130720115039900
16131012130720115041300
16131012130720115043800
16131012130720115046700
16131012130720115049000
16131012130720115050500
16131012130720115051700
16131012130720115052900
16131012130720115054100
16131012130720115055400
16131012130720115056600
16131012130720115057700
16131012130720115058800
16131012130720115100000
16131012130720115101200
16131012130720115102400
16131012130720115103600
16131012130720115104700
16131012130720115105800
16131012130720115106800
16131012130720115107900
16131012130720115109000
16131012130720115110000
16131012130720115111100
16131012130720115112100
16131012130720115113200
16131012130720115114100
16131012130720115115200
16131012130720115116300
16131012130720115117400
16131012130720115118500
16131012130720115119700
16131012130720115121000
16131012130720115122200
16131012130720115123300
16131012130720115124400
16131012130720115125500
16131012130720115126600
16131012130720115127600
16131012130720115128600
16131012130720115129600
16131012130720115130500
16131012130720115131500
16131012130720115132500
16131012130720115133500
16131012130720115134600
16131012130720115135700
16131012130720115136800
16131012130720115137900
16131012130720115139100
16131012130720115140200
16131012130720115141300
16131012130720115142400
16131012130720115143500
16131012130720115144600
16131012130720115145700
16131012130720115146700
16131012130720115147900
16131012130720115149000
16131012130720115150200
16131012130720115151400
16131012130720115152400
16131012130720115153500
16131012130720115154500
16131012130720115155700
16131012130720115156900
16131012130720115158300
16131012130720115159700
16131012130720115201400
16131012130720115203500
16131012130720115205300
16131012130720115207400
16131012130720115209500
16131012130720115211700
16131012130720115213900
16131012130720115215500
16131012130720115216800
16131012130720115218200
16131012130720115219600
16131012130720115220900
16131012130720115222200
16131012130720115223400
16131012130720115224500
16131012130720115225600
16131012130720115226700
16131012130720115228000
16131012130720115229400
16131012130720115230700
16131012130720115231800
16131012130720115233000
16131012130720115234200
16131012130720115235400
16131012130720115236600
16131012130720115237600
16131012130720115238600
16131012130720115239600
16131012130720115240500
16131012130720115241500
16131012130720115242400
16131012130720115243300
16131012130720115244400
16131012130720115245500
16131012130720115247000
16131012130720115248900
16131012130720115250600
16131012130720115735900
16131012130720115738400
16131012130720115740400
16131012130720115742600
16131012130720115747100
16131012130720115753200
16131012130720115800800
16131012130720115810400
16131012130720115918700
16131012130720115921500
16131012130720115923600
16131012130720115925500
16131012130720115927800
16131012130720115930700
16131012130720115934600
16131012130720115937600
16131012130720120056800
16131012130720120058900
16131012130720120100500
16131012130720120101800
16131012130720120103300
16131012130720120105300
16131012130720120108700
16131012130720120112700
16131012130720120116900
16131012130720120122000
16131012130720120127800
16131012130720120335400
16131012130720120337500
16131012130720120339200
16131012130720120340600
16131012130720120341800
16131012130720120343000
16131012130720120344300
16131012130720120345700
16131012130720120347300
16131012130720120348800
16131012130720120350400
16131012130720120352200
16131012130720120354100
16131012130720120356300
16131012130720120358400
16131012130720120400500
16131012130720120402800
16131012130720120404900
16131012130720120437300
16131012130720120439900
16131012130720120442200
16131012130720120444500
16131012130720120447000
16131012130720120554700
16131012130720120556600
16131012130720120558200
16131012130720120559800
16131012130720120601600
16131012130720120603300
16131012130720120605000
16131012130720120606800
16131012130720120608500
16131012130720120610800
16131012130720120613300
16131012130720120615600
16131012130720120617700
16131012130720120619800
16131012130720120621600
16131012130720120623300
16131012130720120624800
16131012130720120626300
16131012130720120627800
16131012130720120629300
16131012130720120630800
16131012130720120632400
16131012130720120634000
16131012130720120635300
16131012130720120636700
16131012130720120638100
16131012130720120639600
16131012130720120641200
16131012130720120643200
16131012130720120645100
16131012130720120646800
16131012130720120648400
16131012130720120650000
16131012130720120652400
16131012130720120654700
16131012130720120657100
16131012130720120659600
16131012130720120701900
16131012130720120704800
16131012130720120707000
16131012130720120708900
16131012130720120710900
16131012130720120712800
16131012130720120714600
16131012130720120716900
16131012130720120719200
16131012130720120721600
16131012130720120723900
16131012130720120725800
16131012130720120727200
16131012130720120728600
16131012130720120729900
16131012130720120731200
16131012130720120732500
16131012130720120733900
16131012130720120735300
16131012130720120737100
16131012130720120738900
16131012130720120740500
16131012130720120742600
16131012130720120744800
16131012130720120747100
16131012130720120749200
16131012130720120751300
16131012130720120753200
16131012130720120754800
16131012130720120756100
16131012130720120757400
16131012130720120758600
16131012130720120759700
16131012130720120800900
16131012130720120802100
16131012130720120803200
16131012130720120804600
16131012130720120806300
16131012130720120808000
16131012130720120809400
16131012130720120810700
16131012130720120811900
16131012130720120813100
16131012130720120814600
16131012130720120817500
16131012130720120819500
16131012130720120821000
16131012130720120822500
16131012130720120823900
16131012130720120825400
16131012130720120827200
16131012130720120829100
16131012130720120831800
16131012130720120834900
16131012130720120837300
16131012130720120839200
16131012130720120841200
16131012130720120843300
16131012130720120845300
16131012130720120848100
16131012130720120850800
16131012130720120853500
16131012130720120855800
16131012130720120857500
16131012130720120859000
16131012130720120901000
16131012130720120904200
16131012130720120959800
16131012130720121001200
16131012130720121002400
16131012130720121003500
16131012130720121004600
16131012130720121005600
16131012130720121006500
16131012130720121007400
16131012130720121008400
16131012130720121009200
16131012130720121010100
16131012130720121010900
16131012130720121011700
16131012130720121012500
16131012130720121013300
16131012130720121014100
16131012130720121014900
16131012130720121015600
16131012130720121016300
16131012130720121017100
16131012130720121017800
16131012130720121018500
16131012130720121019300
16131012130720121020000
16131012130720121020700
16131012130720121021400
16131012130720121022100
16131012130720121022800
16131012130720121023600
16131012130720121024300
16131012130720121025000
16131012130720121025800
16131012130720121026500
16131012130720121027200
16131012130720121028000
16131012130720121028700
16131012130720121029400
16131012130720121030200
16131012130720121030900
16131012130720121031600
16131012130720121032300
16131012130720121033000
16131012130720121033700
16131012130720121034500
16131012130720121035300
16131012130720121036100
16131012130720121037000
16131012130720121037900
16131012130720121038800
16131012130720121039700
16131012130720121040500
16131012130720121041300
16131012130720121042200
16131012130720121043000
16131012130720121043800
16131012130720121044600
16131012130720121045400
16131012130720121046300
16131012130720121047100
16131012130720121047900
16131012130720121048700
16131012130720121049600
16131012130720121050400
16131012130720121051300
16131012130720121052100
16131012130720121052900
16131012130720121053800
16131012130720121054600
16131012130720121055400
16131012130720121056200
16131012130720121057000
16131012130720121057800
16131012130720121058600
16131012130720121059400
16131012130720121100200
16131012130720121101000
16131012130720121101800
16131012130720121102600
16131012130720121103400
16131012130720121104200
16131012130720121105000
16131012130720121105800
16131012130720121106700
16131012130720121107500
16131012130720121108300
16131012130720121109100
16131012130720121109900
16131012130720121110700
16131012130720121111500
16131012130720121112300
16131012130720121113100
16131012130720121113900
16131012130720121114600
16131012130720121115400
16131012130720121116200
16131012130720121117000
16131012130720121117700
16131012130720121118500
16131012130720121119300
16131012130720121120100
16131012130720121120900
16131012130720121121700
16131012130720121122400
16131012130720121123200
16131012130720121123900
16131012130720121124700
16131012130720121125500
16131012130720121126300
16131012130720121127100
16131012130720121127900
16131012130720121128700
16131012130720121129500
16131012130720121130300
16131012130720121131100
16131012130720121131900
16131012130720121132700
16131012130720121133600
16131012130720121134400
16131012130720121135100
16131012130720121135900
16131012130720121136700
16131012130720121137500
16131012130720121138300
16131012130720121139100
16131012130720121139900
16131012130720121140700
16131012130720121141500
16131012130720121142300
16131012130720121143100
16131012130720121143900
16131012130720121144700
16131012130720121145600
16131012130720121146500
16131012130720121147500
16131012130720121149100
16131012130720121151700
16131012130720121153800
16131012130720121155200
16131012130720121156500
16131012130720121157600
16131012130720121158600
16131012130720121159700
16131012130720121200700
16131012130720121201600
16131012130720121202600
16131012130720121203400
16131012130720121204400
16131012130720121205500
16131012130720121207000
16131012130720121209100
16131012130720121416300
16131012130720121418400
16131012130720121420000
16131012130720121421300
16131012130720121422600
16131012130720121423800
16131012130720121424900
16131012130720121426000
16131012130720121427100
16131012130720121428100
16131012130720121429200
16131012130720121430200
16131012130720121431200
16131012130720121432200
16131012130720121434200
16131012130720121435200
16131012130720121437100
16131012130720121439100
16131012130720121440200
16131012130720121442500
16131012130720121445000
16131012130720121447800
16131012130720121450600
16131012130720121452000
16131012130720121453500
16131012130720121454800
16131012130720121456000
16131012130720121457200
16131012130720121458500
16131012130720121459800
16131012130720121501300
16131012130720121502900
16131012130720121504700
16131012130720121506400
16131012130720121508200
16131012130720121509800
16131012130720121511300
16131012130720121512800
16131012130720121514300
16131012130720121516800
16131012130720121637800
16131012130720121640400
16131012130720121642000
16131012130720121643300
16131012130720121644400
16131012130720121645500
16131012130720121646600
16131012130720121647600
16131012130720121648600
16131012130720121649600
16131012130720121650600
16131012130720121651700
16131012130720121652800
16131012130720121653900
16131012130720121654900
16131012130720121656000
16131012130720121657100
16131012130720121658100
16131012130720121659100
16131012130720121700100
16131012130720121701100
16131012130720121702000
16131012130720121703100
16131012130720121704300
16131012130720121706000
16131012130720121707700
16131012130720121709100
16131012130720121710300
16131012130720121711400
16131012130720121712400
16131012130720121713500
16131012130720121714900
16131012130720121718000
16131012130720121720500
16131012130720121722000
16131012130720121723600
16131012130720121725500
16131012130720121727600
16131012130720121729400
16131012130720121731300
16131012130720121733200
16131012130720121735000
16131012130720121736900
16131012130720121738800
16131012130720121741000
16131012130720121743200
16131012130720121746900
16131012130720121749900
16131012130720121752000
16131012130720121754100
16131012130720121756200
16131012130720121758600
16131012130720121800700
16131012130720121940000
16131012130720121941500
16131012130720121942700
16131012130720121943900
16131012130720121945100
16131012130720121946200
16131012130720121947200
16131012130720121948200
16131012130720121949200
16131012130720121950200
16131012130720121951200
16131012130720121952100
16131012130720121953100
16131012130720121954200
16131012130720121955300
16131012130720121956500
16131012130720121957700
16131012130720121958900
16131012130720122000000
16131012130720122001100
16131012130720122002200
16131012130720122003200
16131012130720122004300
16131012130720122005300
16131012130720122006300
16131012130720122007400
16131012130720122008400
16131012130720122009400
16131012130720122010400
16131012130720122011300
16131012130720122012300
16131012130720122013200
16131012130720122014100
16131012130720122015100
16131012130720122016100
16131012130720122017100
16131012130720122018100
16131012130720122019100
16131012130720122020200
16131012130720122021500
16131012130720122022800
16131012130720122024200
16131012130720122025300
16131012130720122026200
16131012130720122053900
16131012130720122056200
16131012130720122058200
16131012130720122059700
16131012130720122101000
16131012130720122102200
16131012130720122103200
16131012130720122104300
16131012130720122105300
16131012130720122106300
16131012130720122107300
16131012130720122108200
16131012130720122109200
16131012130720122110100
16131012130720122111000
16131012130720122111900
16131012130720122112800
16131012130720122113700
16131012130720122114600
16131012130720122115500
16131012130720122116400
16131012130720122117400
16131012130720122118300
16131012130720122119200
16131012130720122120100
16131012130720122121000
16131012130720122122000
16131012130720122123000
16131012130720122123900
16131012130720122124800
16131012130720122125700
16131012130720122126600
16131012130720122127400
16131012130720122128300
16131012130720122129200
16131012130720122130200
16131012130720122131600
16131012130720122133900
16131012130720122135600
16131012130720122137000
16131012130720122138300
16131012130720122139500
16131012130720122140800
16131012130720122142200
16131012130720122143500
16131012130720122144700
16131012130720122145800
16131012130720122147000
16131012130720122148100
16131012130720122149300
16131012130720122150700
16131012130720122152200
16131012130720122153700
16131012130720122155100
16131012130720122156300
16131012130720122157600
16131012130720122159000
16131012130720122200300
16131012130720122201600
16131012130720122203100
16131012130720122204500
16131012130720122205800
16131012130720122207200
16131012130720122208500
16131012130720122209700
16131012130720122210700
16131012130720122211800
16131012130720122212900
16131012130720122214000
16131012130720122215100
16131012130720122216300
16131012130720122217700
16131012130720122219300
16131012130720122220800
16131012130720122222100
16131012130720122223300
16131012130720122224300
16131012130720122225300
16131012130720122226300
16131012130720122227300
16131012130720122228200
16131012130720122229200
16131012130720122230100
16131012130720122231100
16131012130720122232100
16131012130720122233100
16131012130720122234100
16131012130720122235200
16131012130720122236500
16131012130720122237700
16131012130720122238800
16131012130720122239900
16131012130720122240900
16131012130720122242000
16131012130720122243000
16131012130720122244100
16131012130720122245200
16131012130720122246400
16131012130720122247800
16131012130720122249100
16131012130720122250800
16131012130720122252400
16131012130720122253700
16131012130720122254800
16131012130720122255800
16131012130720122256900
16131012130720122257900
16131012130720122258900
16131012130720122259900
16131012130720122300800
16131012130720122301800
16131012130720122302700
16131012130720122303600
16131012130720122304600
16131012130720122305600
16131012130720122306600
16131012130720122307700
16131012130720122308700
16131012130720122309700
16131012130720122310700
16131012130720122311700
16131012130720122312800
16131012130720122313900
16131012130720122314900
16131012130720122315900
16131012130720122317000
16131012130720122318000
16131012130720122319000
16131012130720122320000
16131012130720122321000
16131012130720122322200
16131012130720122323300
16131012130720122324500
16131012130720122325600
16131012130720122326600
16131012130720122327600
16131012130720122328600
16131012130720122329600
16131012130720122330700
16131012130720122331800
16131012130720122332900
16131012130720122334000
16131012130720122335100
16131012130720122336100
16131012130720122337100
16131012130720122338000
16131012130720122339000
16131012130720122340000
16131012130720122340900
16131012130720122341800
16131012130720122342700
16131012130720122343600
16131012130720122344600
16131012130720122345700
16131012130720122346800
16131012130720122348200
16131012130720122349700
16131012130720122351600
16131012130720122504000
16131012130720122505600
16131012130720122507100
16131012130720122508500
16131012130720122509900
16131012130720122511400
16131012130720122512800
16131012130720122514100
16131012130720122515300
16131012130720122516500
16131012130720122517700
16131012130720122518900
16131012130720122520100
16131012130720122521300
16131012130720122522700
16131012130720122524000
16131012130720122525200
16131012130720122526500
16131012130720122527700
16131012130720122528900
16131012130720122530200
16131012130720122531700
16131012130720122535200
16131012130720122536600
16131012130720122537900
16131012130720122539100
16131012130720122541500
16131012130720122543500
16131012130720122545400
16131012130720122547400
16131012130720122548400
16131012130720122549500
16131012130720122550500
16131012130720122551600
16131012130720122553900
16131012130720122556100
16131012130720122558300
16131012130720122559500
16131012130720122602000
16131012130720122605300
16131012130720122814800
16131012130720122816500
16131012130720122818000
16131012130720122819300
16131012130720122820500
16131012130720122821600
16131012130720122822600
16131012130720122823600
16131012130720122824600
16131012130720122825600
16131012130720122826600
16131012130720122827500
16131012130720122828400
16131012130720122829300
16131012130720122830200
16131012130720122831100
16131012130720122832000
16131012130720122832900
16131012130720122833800
16131012130720122834700
16131012130720122835600
16131012130720122836400
16131012130720122837300
16131012130720122838200
16131012130720122839100
16131012130720122840100
16131012130720122841000
16131012130720122842200
16131012130720122843800
16131012130720122848900
16131012130720122851200
16131012130720122852900
16131012130720122854700
16131012130720122856400
16131012130720122858300
16131012130720122859700
16131012130720122901100
16131012130720122902400
16131012130720122903600
16131012130720122904700
16131012130720122905900
16131012130720122907200
16131012130720122908500
16131012130720122909900
16131012130720122911600
16131012130720122913500
16131012130720122915600
16131012130720122917600
16131012130720122919200
16131012130720122920700
16131012130720122922400
16131012130720122923900
16131012130720122925200
16131012130720122926500
16131012130720122927800
16131012130720122930200
16131012130720123006000
16131012130720123008100
16131012130720123009500
16131012130720123010700
16131012130720123011900
16131012130720123013100
16131012130720123014400
16131012130720123016500
16131012130720123018300
16131012130720123019600
16131012130720123020800
16131012130720123021800
16131012130720123022800
16131012130720123023800
16131012130720123024800
16131012130720123025900
16131012130720123026900
16131012130720123027900
16131012130720123028800
16131012130720123029800
16131012130720123030800
16131012130720123031800
16131012130720123032900
16131012130720123033900
16131012130720123035000
16131012130720123036600
16131012130720123120500
16131012130720123121900
16131012130720123123100
16131012130720123124200
16131012130720123125300
16131012130720123126300
16131012130720123127300
16131012130720123128400
16131012130720123129600
16131012130720123131200
16131012130720123132000
16131012130720123234400
16131012130720123235500
16131012130720123236600
16131012130720123237600
16131012130720123238700
16131012130720123239700
16131012130720123240700
16131012130720123241700
16131012130720123242700
16131012130720123243700
16131012130720123244600
16131012130720123245600
16131012130720123246500
16131012130720123247500
16131012130720123248400
16131012130720123249400
16131012130720123250400
16131012130720123252500
16131012130720123254400
16131012130720123255400
16131012130720123257600
16131012130720123258700
16131012130720123259900
16131012130720123304000
16131012130720123309000
16131012130720123311700
16131012130720123314800
16131012130720123319100
16131012130720123323500
16131012130720123326400
16131012130720153645400
16131012130720153735300
16131012130720153737400
16131012130720153739200
16131012130720153740700
16131012130720153742100
16131012130720153743600
16131012130720153745200
16131012130720153747000
16131012130720153748900
16131012130720153751000
16131012130720153753300
16131012130720153758700
16131012130720153802900
16131012130720153806000
16131012130720153810300
16131012130720153812900
16131012130720153815300
16131012130720153817800
16131012130720153820200
16131012130720153822900
16131012130720153825600
16131012130720153828300
16131012130720153832500
16131012130720153836200
16131012130720153839000
16131012130720153842400
16131012130720153846100
16131012130720153914400
16131012130720153919100
16131012130720153922100
16131012130720153924300
16131012130720153926300
16131012130720153928100
16131012130720153929600
16131012130720153931100
16131012130720153932400
16131012130720153933800
16131012130720153935100
16131012130720153936500
16131012130720153938000
16131012130720153939500
16131012130720153940900
16131012130720153942500
16131012130720153944000
16131012130720153945400
16131012130720153946900
16131012130720153948400
16131012130720153949800
16131012130720153951300
16131012130720153952600
16131012130720153953900
16131012130720153955200
16131012130720153956500
16131012130720153957700
16131012130720153959000
16131012130720154000300
16131012130720154001700
16131012130720154003000
16131012130720154004200
16131012130720154005400
16131012130720154006700
16131012130720154007900
16131012130720154009100
16131012130720154010300
16131012130720154011500
16131012130720154012700
16131012130720154013900
16131012130720154015200
16131012130720154016600
16131012130720154018100
16131012130720154019400
16131012130720154020600
16131012130720154021900
16131012130720154023100
16131012130720154024400
16131012130720154025700
16131012130720154027100
16131012130720154028700
16131012130720154030800
16131012130720154033200
16131012130720154035400
16131012130720154037600
16131012130720154039600
16131012130720154041200
16131012130720154042700
16131012130720154044400
16131012130720154046500
16131012130720154048900
16131012130720154051200
16131012130720154053700
16131012130720154056700
16131012130720154057300
16131012130720154320200
16131012130720154324700
16131012130720154327100
16131012130720154329400
16131012130720154332200
16131012130720154338900
16131012130720154348100
16131012130720154350800
16131012130720154352500
16131012130720154354500
16131012130720154356600
16131012130720154358600
16131012130720154400600
16131012130720154402300
16131012130720154403800
16131012130720154405200
16131012130720154406400
16131012130720154407700
16131012130720154408900
16131012130720154410000
16131012130720154411200
16131012130720154412500
16131012130720154413900
16131012130720154415500
16131012130720154418400
16131012130720154420900
16131012130720154422700
16131012130720154424900
16131012130720154427200
16131012130720154429600
16131012130720154431700
16131012130720154433200
16131012130720154434500
16131012130720154435600
16131012130720154436600
16131012130720154437600
16131012130720154438600
16131012130720154439500
16131012130720154440400
16131012130720154441400
16131012130720154442300
16131012130720154443300
16131012130720154444500
16131012130720154445800
16131012130720154521000
16131012130720154522600
16131012130720154524000
16131012130720154525200
16131012130720154526400
16131012130720154527600
16131012130720154528700
16131012130720154529800
16131012130720154530900
16131012130720154531900
16131012130720154532900
16131012130720154533900
16131012130720154534900
16131012130720154535900
16131012130720154536800
16131012130720154537800
16131012130720154538700
16131012130720154539600
16131012130720154540500
16131012130720154541400
16131012130720154542300
16131012130720154543200
16131012130720154544100
16131012130720154545000
16131012130720154545900
16131012130720154546700
16131012130720154547600
16131012130720154548400
16131012130720154549300
16131012130720154550200
16131012130720154551100
16131012130720154552000
16131012130720154552900
16131012130720154553800
16131012130720154554700
16131012130720154555500
16131012130720154556400
16131012130720154557200
16131012130720154558000
16131012130720154558900
16131012130720154559700
16131012130720154600600
16131012130720154601400
16131012130720154602200
16131012130720154603100
16131012130720154603900
16131012130720154604700
16131012130720154605600
16131012130720154606400
16131012130720154607300
16131012130720154608200
16131012130720154609100
16131012130720154610000
16131012130720154610900
16131012130720154611800
16131012130720154612800
16131012130720154613900
16131012130720154615200
16131012130720154616800
16131012130720154618200
16131012130720154619400
16131012130720154620600
16131012130720154621800
16131012130720154622900
16131012130720154624000
16131012130720154625200
16131012130720154626300
16131012130720154627400
16131012130720154628800
16131012130720154630800
16131012130720154632200
16131012130720154906400
16131012130720154907800
16131012130720154909900
16131012130720154912600
16131012130720154915800
16131012130720154919800
16131012130720154922700
16131012130720155824100
16131012130720155826600
16131012130720155829300
16131012130720155835600
16131012130720155839700
16131012130720155841600
16131012130720155843600
16131012130720155845800
16131012130720155847700
16131012130720155849500
16131012130720155851100
16131012130720155852600
16131012130720155854300
16131012130720155856400
16131012130720155859000
16131012130720155902500
16131012130720155915000
16131012130720160730200
16131012130720160732400
16131012130720160734500
16131012130720160736700
16131012130720160738600
16131012130720160740300
16131012130720160742100
16131012130720160743900
16131012130720160746100
16131012130720160749600
16131012130720160751300
16131012130720160752800
16131012130720160754400
16131012130720160756400
16131012130720160758400
16131012130720160813300
16131012130720160827900
16131012130720160829700
16131012130720160831300
16131012130720160832800
16131012130720160834500
16131012130720160836400
16131012130720160838500
16131012130720160840400
16131012130720160841900
16131012130720160843600
16131012130720160846500
16131012130720160851200
16131012130720160854500
16131012130720160857700
16131012130720160901300
16131012130720160908800
16131012130720160911400
16131012130720160914900
16131012130720160917600
16131012130720160919500
16131012130720160921200
16131012130720160922800
16131012130720160924400
16131012130720160925800
16131012130720160927200
16131012130720160928600
16131012130720160929900
16131012130720160931300
16131012130720160932700
16131012130720160934100
16131012130720160935400
16131012130720160936600
16131012130720160937800
16131012130720160939200
16131012130720160940500
16131012130720160941800
16131012130720160943000
16131012130720160944300
16131012130720160945600
16131012130720160947000
16131012130720160948600
16131012130720160950500
16131012130720160952700
16131012130720160954600
16131012130720160956400
16131012130720160957900
16131012130720160959500
16131012130720161001200
16131012130720161002900
16131012130720161005400
16131012130720161008400
16131012130720161011300
16131012130720161013800
16131012130720161016200
16131012130720161018600
16131012130720161021000
16131012130720161023500
16131012130720161026700
16131012130720161029700
16131012130720161032200
16131012130720161034500
16131012130720161036500
16131012130720161038300
16131012130720161040200
16131012130720161042100
16131012130720161045000
16131012130720161048700
16131012130720161052700
16131012130720161055500
16131012130720161058000
16131012130720161100200
16131012130720161102700
16131012130720161105000
16131012130720161107200
16131012130720161109400
16131012130720161111500
16131012130720161114100
16131012130720161117400
16131012130720161122800
16131012130720161125000
16131012130720161126900
16131012130720161128800
16131012130720161130600
16131012130720161132400
16131012130720161134900
16131012130720161137500
16131012130720161140100
16131012130720161142600
16131012130720161146300
16131012130720161149200
16131012130720161151200
16131012130720161153100
16131012130720161155000
16131012130720161156700
16131012130720161158600
16131012130720161200600
16131012130720161202900
16131012130720161205800
16131012130720161210700
16131012130720161213900
16131012130720161216300
16131012130720161219700
16131012130720161223700
16131012130720161228100
16131012130720161232900
16131012130720161235700
16131012130720161238200
16131012130720161240800
16131012130720161243500
16131012130720161245500
16131012130720161414500
16131012130720161416300
16131012130720161417900
16131012130720161419400
16131012130720161420700
16131012130720161422100
16131012130720161423900
16131012130720161426200
16131012130720161428200
16131012130720161429800
16131012130720161431500
16131012130720161433500
16131012130720161435800
16131012130720161438300
16131012130720161440500
16131012130720161442500
16131012130720161444400
16131012130720161446500
16131012130720161448500
16131012130720161450300
16131012130720161452200
16131012130720161454800
16131012130720161456900
16131012130720161458700
16131012130720161500500
16131012130720161502900
16131012130720161505700
16131012130720161857000
16131012130720161858700
16131012130720161900400
16131012130720161902200
16131012130720161903900
16131012130720161905500
16131012130720161907100
16131012130720161908700
16131012130720161911000
16131012130720161918600
16131012130720161922100
16131012130720161924300
16131012130720161926500
16131012130720161928600
16131012130720161934000
16131012130720161937500
16131012130720161944200
16131012130720161947600
16131012130720161952400
16131012130720161954900
16131012130720161958000
16131012130720162002000
16131012130720162005100
16131012130720162009600
16131012130720162014000
16131012130720162131300
16131012130720162133800
16131012130720162136800
16131012130720162141000
16131012130720162144700
16131012130720162147500
16131012130720162150600
16131012130720162155800
16131012130720162201600
16131012130720162206000
16131012130720162209600
16131012130720162211700
16131012130720162213400
16131012130720162215000
16131012130720162216500
16131012130720162218300
16131012130720162220500
16131012130720162222500
16131012130720162224300
16131012130720162225800
16131012130720162227300
16131012130720162228800
16131012130720162230500
16131012130720162232200
16131012130720162233100
16131012130720162524700
16131012130720162527200
16131012130720162528800
16131012130720162530200
16131012130720162531500
16131012130720162533300
16131012130720162536200
16131012130725082148500
16131012130725082325400
16131012130725082329100
16131012130725082331600
16131012130725082333800
16131012130725082336000
16131012130725082338000
16131012130725082340000
16131012130725082341900
16131012130725082343700
16131012130725082345600
16131012130725082347300
16131012130725082349100
16131012130725082351000
16131012130725082353600
16131012130725082355900
16131012130725082358100
16131012130725082401900
16131012130725082404800
16131012130725082425000
16131012130725082427500
16131012130725082429400
16131012130725082431100
16131012130725082432700
16131012130725082434300
16131012130725082435900
16131012130725082437400
16131012130725082438900
16131012130725082440300
16131012130725082441800
16131012130725082443100
16131012130725082444500
16131012130725082445800
16131012130725082447200
16131012130725082448600
16131012130725082450100
16131012130725082451600
16131012130725082453000
16131012130725082454600
16131012130725082456300
16131012130725082458000
16131012130725082459600
16131012130725082501200
16131012130725082502700
16131012130725082504300
16131012130725082505900
16131012130725082507900
16131012130725082510400
16131012130725082512700
16131012130725082514700
16131012130725082516400
16131012130725082518100
16131012130725082519600
16131012130725082521100
16131012130725082522600
16131012130725082524000
16131012130725082525500
16131012130725082526900
16131012130725082528300
16131012130725082529800
16131012130725082531300
16131012130725082533100
16131012130725082535900
16131012130725082538900
16131012130725082541400
16131012130725082543400
16131012130725082545100
16131012130725082546800
16131012130725082548400
16131012130725082550000
16131012130725082551600
16131012130725082553200
16131012130725082554900
16131012130725082556700
16131012130725082558300
16131012130725082600000
16131012130725082601600
16131012130725082603200
16131012130725082604700
16131012130725082606300
16131012130725082607900
16131012130725082609400
16131012130725082610900
16131012130725082612300
16131012130725082613800
16131012130725082615300
16131012130725082616700
16131012130725082618200
16131012130725082619700
16131012130725082621100
16131012130725082622500
16131012130725082623900
16131012130725082625400
16131012130725082626900
16131012130725082628400
16131012130725082629800
16131012130725082631300
16131012130725082632700
16131012130725082634100
16131012130725082635500
16131012130725082636900
16131012130725082638300
16131012130725082639700
16131012130725082641000
16131012130725082642300
16131012130725082643700
16131012130725082645100
16131012130725082646500
16131012130725082647800
16131012130725082649400
16131012130725082651400
16131012130725082653600
16131012130725082655500
16131012130725082657400
16131012130725082659100
16131012130725082700900
16131012130725082702800
16131012130725082705000
16131012130725082709100
16131012130725082712300
16131012130725082715700
16131012130725082718400
16131012130725082720600
16131012130725082722600
16131012130725082724400
16131012130725082726100
16131012130725082727800
16131012130725082729700
16131012130725082731600
16131012130725082733500
16131012130725082735200
16131012130725082736800
16131012130725082738400
16131012130725082740000
16131012130725082741500
16131012130725082743200
16131012130725082745600
16131012130725082750000
16131012130725082752800
16131012130725082756900
16131012130725082759600
16131012130725082801800
16131012130725082803800
16131012130725082805800
16131012130725082807800
16131012130725082809800
16131012130725082811900
16131012130725082813800
16131012130725082815400
16131012130725082817100
16131012130725082818700
16131012130725082820500
16131012130725082822200
16131012130725082823800
16131012130725082825500
16131012130725082827300
16131012130725082829900
16131012130725082834000
16131012130725082836900
16131012130725082840500
16131012130725082845200
16131012130725082850400
16131012130725082853100
16131012130725082855500
16131012130725082858000
16131012130725082900200
16131012130725082902100
16131012130725082903900
16131012130725082905700
16131012130725082907500
16131012130725082909200
16131012130725082911000
16131012130725082913000
16131012130725082914800
16131012130725082916500
16131012130725082918100
16131012130725082919700
16131012130725082921200
16131012130725082922700
16131012130725082924600
16131012130725082928200
16131012130725082930700
16131012130725082932800
16131012130725082934700
16131012130725082937100
16131012130725082939700
16131012130725082942300
16131012130725082945300
16131012130725082948000
16131012130725082950100
16131012130725082952000
16131012130725082953800
16131012130725082955800
16131012130725082958200
16131012130725084106700
16131012130725084109800
16131012130725084130700
16131012130725084134700
16131012130725084137700
16131012130725084140300
16131012130725084142600
16131012130725084144800
16131012130725084146900
16131012130725084149000
16131012130725084151200
16131012130725084153400
16131012130725084155600
16131012130725084157500
16131012130725084159400
16131012130725084201400
16131012130725084203500
16131012130725084205700
16131012130725084207700
16131012130725084209600
16131012130725084211500
16131012130725084213300
16131012130725084215100
16131012130725084216900
16131012130725084218700
16131012130725084220700
16131012130725084222600
16131012130725084224400
16131012130725084226100
16131012130725084227700
16131012130725084229400
16131012130725084231100
16131012130725084232700
16131012130725084234300
16131012130725084235800
16131012130725084237500
16131012130725084239400
16131012130725084241300
16131012130725084243200
16131012130725084245000
16131012130725084246800
16131012130725084248600
16131012130725084250300
16131012130725084252000
16131012130725084254300
16131012130725084256100
16131012130725084335600
16131012130725084341500
16131012130725084344300
16131012130725084346500
16131012130725084349000
16131012130725084351300
16131012130725084353700
16131012130725084356300
16131012130725084358500
16131012130725084400400
16131012130725084402100
16131012130725084403700
16131012130725084405400
16131012130725084407100
16131012130725084408800
16131012130725084410400
16131012130725084411900
16131012130725084413500
16131012130725084415100
16131012130725084416700
16131012130725084418400
16131012130725084420300
16131012130725084422000
16131012130725084423700
16131012130725084425400
16131012130725084427100
16131012130725084428700
16131012130725084430300
16131012130725084431900
16131012130725084433400
16131012130725084435300
16131012130725084437700
16131012130725084439700
16131012130725084441700
16131012130725084444200
16131012130725084446600
16131012130725084448600
16131012130725084450500
16131012130725084452400
16131012130725084454100
16131012130725084456000
16131012130725084458000
16131012130725084459900
16131012130725084501800
16131012130725084503800
16131012130725084505800
16131012130725084507600
16131012130725084509300
16131012130725084510900
16131012130725084512400
16131012130725084514000
16131012130725084515500
16131012130725084517000
16131012130725084518500
16131012130725084520000
16131012130725084521500
16131012130725084523000
16131012130725084524800
16131012130725084526800
16131012130725084528600
16131012130725084530300
16131012130725084532100
16131012130725084534000
16131012130725084535800
16131012130725084537600
16131012130725084539200
16131012130725084540900
16131012130725084542500
16131012130725084544100
16131012130725084545600
16131012130725084547100
16131012130725084548700
16131012130725084552400
16131012130725084555700
16131012130725084558000
16131012130725084600300
16131012130725084604100
16131012130725084607700
16131012130725084611000
16131012130725084613600
16131012130725084615900
16131012130725084618200
16131012130725084621000
16131012130725084624400
16131012130725084627300
16131012130725084631700
16131012130725084634200
16131012130725084636400
16131012130725084638800
16131012130725084641300
16131012130725084644100
16131012130725084647800
16131012130725084650400
16131012130725084653000
16131012130725084656000
16131012130725084658300
16131012130725084700500
16131012130725084702900
16131012130725084705000
16131012130725084706900
16131012130725084708900
16131012130725084711100
16131012130725084713300
16131012130725084715400
16131012130725084717600
16131012130725084719700
16131012130725084721800
16131012130725084723900
16131012130725084726500
16131012130725084729500
16131012130725084732500
16131012130725084735100
16131012130725084737500
16131012130725084739700
16131012130725084741700
16131012130725084743900
16131012130725084747300
16131012130725084750400
16131012130725084753000
16131012130725084755300
16131012130725084757600
16131012130725084800400
16131012130725084803300
16131012130725084806200
16131012130725084809600
16131012130725084812400
16131012130725084815100
16131012130725084817500
16131012130725084819600
16131012130725084821500
16131012130725084823500
16131012130725084826400
16131012130725084829500
16131012130725084831700
16131012130725084833700
16131012130725084836400
16131012130725084838700
16131012130725084840700
16131012130725084842800
16131012130725084845000
16131012130725084847600
16131012130725084849900
16131012130725084851900
16131012130725084854000
16131012130725084856100
16131012130725084858100
16131012130725084900200
16131012130725084902100
16131012130725084904000
16131012130725084906500
16131012130725084909100
16131012130725084911200
16131012130725084913000
16131012130725084914700
16131012130725084916300
16131012130725084918500
16131012130725084920900
16131012130725084924000
16131012130725084926300
16131012130725084928300
16131012130725084930200
16131012130725084932200
16131012130725084934000
16131012130725084935600
16131012130725084937200
16131012130725084938800
16131012130725084940300
16131012130725084941900
16131012130725084943400
16131012130725084944900
16131012130725084946600
16131012130725084948600
16131012130725084952900
16131012130725084955800
16131012130725084957900
16131012130725084959800
16131012130725085001600
16131012130725085003500
16131012130725085005500
16131012130725085007300
16131012130725085009200
16131012130725085011400
16131012130725085013300
16131012130725085015300
16131012130725085017500
16131012130725085019500
16131012130725085021300
16131012130725085023100
16131012130725085025000
16131012130725085026800
16131012130725085028500
16131012130725085030300
16131012130725085032100
16131012130725085034100
16131012130725085036100
16131012130725085038000
16131012130725085039900
16131012130725085041800
16131012130725085043800
16131012130725085045700
16131012130725085047400
16131012130725085049100
16131012130725085050900
16131012130725085052600
16131012130725085054400
16131012130725085056400
16131012130725085058200
16131012130725085100000
16131012130725085101700
16131012130725085103500
16131012130725085105300
16131012130725085107100
16131012130725085108800
16131012130725085110400
16131012130725085112000
16131012130725085113600
16131012130725085115400
16131012130725085117700
16131012130725085120500
16131012130725085122600
16131012130725085124800
16131012130725085127500
16131012130725085129600
16131012130725085131700
16131012130725085133800
16131012130725085135600
16131012130725085137300
16131012130725085138900
16131012130725085140500
16131012130725085142100
16131012130725085143800
16131012130725085145500
16131012130725085147300
16131012130725085149100
16131012130725085151200
16131012130725085153200
16131012130725085154900
16131012130725085156700
16131012130725085158400
16131012130725085200100
16131012130725085201800
16131012130725085203400
16131012130725085205000
16131012130725085206800
16131012130725085208600
16131012130725085210900
16131012130725085214900
16131012130725085217500
16131012130725085219500
16131012130725085221300
16131012130725085222900
16131012130725085224500
16131012130725085226300
16131012130725085228200
16131012130725085230900
16131012130725085236200
16131012130725085238900
16131012130725085241000
16131012130725085242900
16131012130725085244800
16131012130725085246800
16131012130725085248600
16131012130725085250300
16131012130725085252000
16131012130725085253800
16131012130725085255600
16131012130725085257400
16131012130725085259200
16131012130725085301000
16131012130725085302800
16131012130725085304700
16131012130725085306500
16131012130725085308600
16131012130725085310600
16131012130725085312700
16131012130725085314800
16131012130725085316800
16131012130725085318900
16131012130725085321000
16131012130725085322900
16131012130725085324800
16131012130725085326500
16131012130725085328400
16131012130725085330400
16131012130725085332500
16131012130725085334500
16131012130725085336300
16131012130725085338300
16131012130725085340400
16131012130725085342300
16131012130725085344300
16131012130725085346400
16131012130725085348400
16131012130725085350400
16131012130725085352400
16131012130725085354300
16131012130725085356300
16131012130725085358100
16131012130725085400000
16131012130725085401900
16131012130725085405100
16131012130725085407900
16131012130725085410000
16131012130725085411900
16131012130725085413600
16131012130725085415300
16131012130725085416900
16131012130725085418500
16131012130725085420100
16131012130725085421800
16131012130725085423400
16131012130725085425200
16131012130725085427400
16131012130725085429600
16131012130725085431600
16131012130725085434300
16131012130725085437200
16131012130725085439400
16131012130725085441200
16131012130725085443000
16131012130725085444700
16131012130725085446600
16131012130725085448400
16131012130725085450800
16131012130725085453900
16131012130725085456300
16131012130725085458300
16131012130725085500200
16131012130725085502000
16131012130725085503700
16131012130725085505400
16131012130725085507000
16131012130725085508500
16131012130725085510000
16131012130725085511500
16131012130725085513000
16131012130725085514600
16131012130725085516300
16131012130725085518300
16131012130725085520700
16131012130725085522800
16131012130725085526200
16131012130725085528900
16131012130725085531000
16131012130725085533000
16131012130725085535300
16131012130725085539500
16131012130725085543100
16131012130725085703800
16131012130725085708600
16131012130725085712500
16131012130725085720900
16131012130725085724500
16131012130725085727200
16131012130725085729700
16131012130725085732000
16131012130725085734200
16131012130725085736300
16131012130725085738400
16131012130725085740800
16131012130725085743300
16131012130725085745500
16131012130725085748200
16131012130725085750700
16131012130725085752900
16131012130725085754800
16131012130725085756800
16131012130725085758800
16131012130725085800600
16131012130725085802500
16131012130725085804300
16131012130725085806100
16131012130725085808100
16131012130725085810000
16131012130725085812000
16131012130725085813800
16131012130725085815700
16131012130725085817600
16131012130725085819500
16131012130725085821300
16131012130725085823100
16131012130725085824800
16131012130725085826600
16131012130725085828200
16131012130725085829900
16131012130725085831500
16131012130725085833100
16131012130725085834800
16131012130725085836500
16131012130725085838300
16131012130725085840100
16131012130725085841800
16131012130725085843700
16131012130725085845500
16131012130725085847300
16131012130725085849000
16131012130725085851000
16131012130725085853500
16131012130725085856000
16131012130725085858300
16131012130725085900500
16131012130725085902500
16131012130725085904500
16131012130725085906700
16131012130725085908700
16131012130725085910800
16131012130725085912700
16131012130725085914700
16131012130725085917000
16131012130725085919200
16131012130725085921700
16131012130725085924200
16131012130725085927100
16131012130725085930200
16131012130725085932900
16131012130725085935600
16131012130725085938100
16131012130725085940300
16131012130725085942500
16131012130725085944600
16131012130725085946500
16131012130725085948400
16131012130725085950300
16131012130725085952200
16131012130725085954100
16131012130725085956000
16131012130725085957900
16131012130725085959700
16131012130725090001500
16131012130725090003600
16131012130725090005500
16131012130725090007400
16131012130725090009400
16131012130725090011300
16131012130725090013200
16131012130725090015200
16131012130725090017300
16131012130725090019200
16131012130725090021000
16131012130725090022800
16131012130725090024700
16131012130725090026400
16131012130725090028200
16131012130725090030200
16131012130725090032200
16131012130725090034100
16131012130725090036200
16131012130725090038200
16131012130725090040200
16131012130725090042200
16131012130725090044300
16131012130725090046400
16131012130725090048600
16131012130725090050600
16131012130725090052800
16131012130725090056100
16131012130725090100700
16131012130725090109700
16131012130725090114100
16131012130725090118600
16131012130725090122800
16131012130725090126600
16131012130725090131000
16131012130725090134400
16131012130725090136900
16131012130725090139800
16131012130725090143700
16131012130725090150000
16131012130725090153500
16131012130725090156500
16131012130725090159600
16131012130725090203400
16131012130725090207100
16131012130725090211700
16131012130725090215100
16131012130725090218000
16131012130725090220900
16131012130725090223200
16131012130725090225500
16131012130725090227500
16131012130725090229600
16131012130725090231600
16131012130725090233700
16131012130725090235700
16131012130725090237700
16131012130725090239700
16131012130725090241600
16131012130725090243600
16131012130725090245400
16131012130725090247300
16131012130725090249100
16131012130725090251100
16131012130725090252900
16131012130725090255000
16131012130725090257400
16131012130725090300500
16131012130725090304500
16131012130725090307800
16131012130725090311600
16131012130725090317300
16131012130725090321500
16131012130725090325000
16131012130725090330400
16131012130725090337000
16131012130725090340600
16131012130725090343600
16131012130725090346700
16131012130725090349600
16131012130725090352400
16131012130725090354900
16131012130725090357100
16131012130725090359200
16131012130725090401300
16131012130725090403500
16131012130725090405600
16131012130725090407600
16131012130725090409600
16131012130725090411500
16131012130725090413500
16131012130725090415500
16131012130725090417500
16131012130725090419400
16131012130725090421400
16131012130725090423400
16131012130725090425500
16131012130725090427600
16131012130725090429800
16131012130725090431900
16131012130725090434000
16131012130725090436200
16131012130725090438600
16131012130725090440800
16131012130725090443000
16131012130725090445300
16131012130725090447700
16131012130725090451300
16131012130725090454000
16131012130725090456300
16131012130725090458800
16131012130725090501000
16131012130725090503300
16131012130725090505400
16131012130725090507500
16131012130725090509500
16131012130725090511600
16131012130725090513600
16131012130725090515500
16131012130725090517600
16131012130725090519800
16131012130725090521900
16131012130725090524300
16131012130725090527100
16131012130725090530600
16131012130725090533200
16131012130725090535400
16131012130725090537500
16131012130725090539300
16131012130725090541100
16131012130725090543000
16131012130725090545100
16131012130725090547100
16131012130725090549100
16131012130725090551200
16131012130725090553400
16131012130725090555500
16131012130725090557500
16131012130725090559400
16131012130725090601200
16131012130725090602900
16131012130725090604500
16131012130725090606200
16131012130725090607900
16131012130725090609600
16131012130725090611300
16131012130725090613000
16131012130725090614900
16131012130725090616800
16131012130725090618700
16131012130725090620500
16131012130725090622400
16131012130725090624200
16131012130725090626000
16131012130725090627700
16131012130725090629300
16131012130725090631300
16131012130725090634200
16131012130725090636500
16131012130725090638700
16131012130725090640900
16131012130725090643000
16131012130725090645000
16131012130725090646800
16131012130725090649000
16131012130725090653200
16131012130725090656800
16131012130725090659300
16131012130725090702200
16131012130725090704800
16131012130725090707600
16131012130725090710500
16131012130725090713000
16131012130725090716000
16131012130725090719000
16131012130725090722000
16131012130725090724500
16131012130725090727200
16131012130725090730300
16131012130725090733200
16131012130725090736100
16131012130725090739400
16131012130725090741800
16131012130725090743900
16131012130725090746500
16131012130725090749500
16131012130725090751800
16131012130725090753800
16131012130725090755600
16131012130725090757200
16131012130725090759100
16131012130725090801300
16131012130725090803300
16131012130725090805200
16131012130725090807000
16131012130725090808900
16131012130725090810800
16131012130725090812700
16131012130725090814900
16131012130725090817500
16131012130725090820200
16131012130725090823400
16131012130725090826300
16131012130725090828900
16131012130725090831500
16131012130725090833800
16131012130725090836200
16131012130725090838500
16131012130725090841000
16131012130725090845000
16131012130725090847600
16131012130725090850100
16131012130725090852800
16131012130725090855500
16131012130725090857800
16131012130725090900100
16131012130725090902300
16131012130725090904300
16131012130725090906500
16131012130725090908700
16131012130725090911300
16131012130725090914900
16131012130725090917700
16131012130725090920500
16131012130725090923100
16131012130725090925900
16131012130725090928500
16131012130725090931000
16131012130725090933600
16131012130725090936400
16131012130725090939200
16131012130725090941700
16131012130725090944100
16131012130725090946400
16131012130725090948700
16131012130725090951000
16131012130725090953700
16131012130725090956300
16131012130725090958700
16131012130725091000900
16131012130725091003100
16131012130725091005300
16131012130725091008500
16131012130725091011200
16131012130725091013500
16131012130725091015500
16131012130725091017600
16131012130725091019700
16131012130725091021900
16131012130725091024000
16131012130725091026100
16131012130725091028200
16131012130725091030700
16131012130725091035800
16131012130725091039000
16131012130725091041800
16131012130725091044600
16131012130725091047100
16131012130725091049400
16131012130725091051700
16131012130725091054500
16131012130725091057000
16131012130725091059300
16131012130725091101700
16131012130725091104300
16131012130725091107500
16131012130725091111300
16131012130725091114000
16131012130725091116700
16131012130725091119100
16131012130725091121300
16131012130725091123400
16131012130725091125500
16131012130725091127300
16131012130725091129300
16131012130725091131300
16131012130725091133500
16131012130725091135500
16131012130725091137500
16131012130725091139600
16131012130725091141900
16131012130725091144300
16131012130725091148400
16131012130725091152800
16131012130725091155300
16131012130725091157600
16131012130725091159900
16131012130725091202900
16131012130725091208000
16131012130725091211100
16131012130725091214100
16131012130725091216800
16131012130725091219200
16131012130725091221500
16131012130725091223800
16131012130725091227900
16131012130725091232300
16131012130725091235900
16131012130725091238800
16131012130725091241500
16131012130725091244200
16131012130725091247100
16131012130725091250100
16131012130725091252700
16131012130725091255500
16131012130725091258100
16131012130725091300600
16131012130725091303100
16131012130725091305600
16131012130725091308200
16131012130725091310600
16131012130725091312800
16131012130725091315000
16131012130725091317200
16131012130725091319400
16131012130725091321600
16131012130725091323600
16131012130725091325700
16131012130725091327800
16131012130725091330000
16131012130725091332300
16131012130725091334400
16131012130725091336500
16131012130725091338500
16131012130725091340500
16131012130725091342700
16131012130725091345100
16131012130725091347500
16131012130725091349800
16131012130725091351900
16131012130725091353800
16131012130725091355800
16131012130725091358500
16131012130725091404000
16131012130725091406800
16131012130725091409200
16131012130725091411500
16131012130725091413800
16131012130725091416000
16131012130725091418200
16131012130725091420500
16131012130725091422700
16131012130725091424800
16131012130725091427100
16131012130725091429500
16131012130725091431900
16131012130725091434200
16131012130725091436300
16131012130725091438500
16131012130725091440600
16131012130725091442700
16131012130725091444800
16131012130725091446900
16131012130725091448900
16131012130725091450900
16131012130725091452800
16131012130725091454800
16131012130725091457500
16131012130725091501200
16131012130725091504500
16131012130725091508200
16131012130725091511300
16131012130725091514500
16131012130725091517500
16131012130725091520500
16131012130725091522700
16131012130725091524600
16131012130725091526400
16131012130725091528400
16131012130725091530600
16131012130725091532500
16131012130725091534500
16131012130725091536500
16131012130725091538600
16131012130725091541100
16131012130725091545500
16131012130725091548200
16131012130725091550700
16131012130725091553300
16131012130725091556000
16131012130725091558500
16131012130725091600800
16131012130725091603100
16131012130725091605300
16131012130725091607500
16131012130725091609700
16131012130725091612000
16131012130725091614200
16131012130725091616700
16131012130725091619100
16131012130725091621400
16131012130725091623500
16131012130725091625400
16131012130725091627500
16131012130725091629400
16131012130725091631400
16131012130725091633400
16131012130725091635400
16131012130725091637400
16131012130725091639400
16131012130725091641400
16131012130725091643300
16131012130725091645200
16131012130725091647100
16131012130725091649100
16131012130725091651100
16131012130725091653000
16131012130725091655000
16131012130725091657000
16131012130725091658900
16131012130725091700900
16131012130725091703100
16131012130725091705300
16131012130725091707300
16131012130725091709300
16131012130725091711100
16131012130725091712900
16131012130725091714700
16131012130725091716600
16131012130725091718700
16131012130725091720700
16131012130725091722700
16131012130725091724900
16131012130725091727000
16131012130725091729100
16131012130725091731000
16131012130725091733000
16131012130725091735000
16131012130725091736800
16131012130725091738700
16131012130725091740400
16131012130725091742100
16131012130725091743900
16131012130725091745800
16131012130725091748000
16131012130725091750500
16131012130725091752700
16131012130725091754700
16131012130725091756600
16131012130725091758400
16131012130725091800200
16131012130725091802100
16131012130725091803900
16131012130725091805700
16131012130725091807600
16131012130725091809500
16131012130725091811400
16131012130725091813400
16131012130725091815400
16131012130725091817400
16131012130725091819300
16131012130725091821100
16131012130725091823100
16131012130725091825000
16131012130725091826900
16131012130725091829200
16131012130725091831200
16131012130725091833100
16131012130725091835000
16131012130725091836900
16131012130725091838800
16131012130725091840800
16131012130725091842800
16131012130725091845000
16131012130725091847200
16131012130725091849200
16131012130725091851400
16131012130725091853500
16131012130725091855400
16131012130725091857300
16131012130725091859000
16131012130725091900800
16131012130725091902600
16131012130725091904400
16131012130725091906200
16131012130725091908000
16131012130725091909800
16131012130725091911900
16131012130725091914300
16131012130725091917100
16131012130725091919300
16131012130725091921400
16131012130725091923400
16131012130725091925900
16131012130725091928300
16131012130725091930700
16131012130725091933400
16131012130725091935600
16131012130725091937800
16131012130725091940300
16131012130725091943100
16131012130725091945400
16131012130725091947600
16131012130725091949900
16131012130725091952200
16131012130725091954600
16131012130725091956700
16131012130725091958700
16131012130725092001100
16131012130725092003800
16131012130725092006800
16131012130725092010900
16131012130725092013700
16131012130725092016300
16131012130725092018700
16131012130725092020900
16131012130725092023200
16131012130725092025500
16131012130725092027800
16131012130725092030300
16131012130725092033000
16131012130725092035900
16131012130725092038500
16131012130725092040800
16131012130725092043100
16131012130725092045300
16131012130725092047400
16131012130725092049500
16131012130725092051500
16131012130725092053400
16131012130725092055300
16131012130725092057100
16131012130725092059000
16131012130725092101200
16131012130725092104200
16131012130725092106600
16131012130725092108900
16131012130725092111500
16131012130725092113900
16131012130725092116500
16131012130725092118900
16131012130725092121000
16131012130725092123100
16131012130725092125300
16131012130725092127300
16131012130725092129300
16131012130725092131200
16131012130725092133000
16131012130725092134800
16131012130725092136800
16131012130725092139200
16131012130725092142200
16131012130725092146300
16131012130725092148700
16131012130725092151000
16131012130725092153100
16131012130725092155200
16131012130725092157200
16131012130725092159200
16131012130725092201200
16131012130725092203500
16131012130725092205700
16131012130725092207800
16131012130725092209700
16131012130725092211500
16131012130725092213300
16131012130725092215000
16131012130725092216700
16131012130725092218500
16131012130725092220300
16131012130725092222200
16131012130725092224100
16131012130725092225900
16131012130725092227600
16131012130725092229400
16131012130725092231300
16131012130725092233200
16131012130725092235000
16131012130725092236800
16131012130725092238500
16131012130725092240300
16131012130725092242100
16131012130725092243800
16131012130725092245600
16131012130725092247400
16131012130725092249600
16131012130725092251600
16131012130725092253800
16131012130725092256700
16131012130725092300900
16131012130725092306100
16131012130725092314200
16131012130725092318200
16131012130725092321500
16131012130725092325300
16131012130725092328600
16131012130725092331700
16131012130725092335200
16131012130725092338600
16131012130725092341800
16131012130725092344600
16131012130725092347200
16131012130725092349900
16131012130725092352900
16131012130725092355300
16131012130725092358200
16131012130725092400900
16131012130725092403600
16131012130725092406400
16131012130725092408900
16131012130725092411800
16131012130725092414400
16131012130725092416900
16131012130725092419200
16131012130725092421600
16131012130725092423700
16131012130725092425800
16131012130725092428100
16131012130725092430400
16131012130725092432600
16131012130725092435000
16131012130725092437100
16131012130725092439500
16131012130725092443000
16131012130725092445900
16131012130725092448700
16131012130725092451200
16131012130725092453700
16131012130725092459600
16131012130725092502600
16131012130725092504900
16131012130725092506900
16131012130725092509000
16131012130725092511100
16131012130725092513500
16131012130725092517500
16131012130725092520300
16131012130725092523000
16131012130725092525500
16131012130725092527700
16131012130725092530100
16131012130725092532800
16131012130725092538800
16131012130725092542400
16131012130725092545200
16131012130725092547700
16131012130725092550000
16131012130725092552100
16131012130725092554100
16131012130725092556100
16131012130725092558000
16131012130725092600000
16131012130725092602100
16131012130725092604000
16131012130725092606000
16131012130725092607900
16131012130725092609800
16131012130725092611700
16131012130725092613700
16131012130725092615600
16131012130725092617400
16131012130725092619400
16131012130725092621500
16131012130725092623500
16131012130725092625400
16131012130725092627300
16131012130725092629500
16131012130725092632600
16131012130725092636600
16131012130725092716200
16131012130725092832600
16131012130725092837100
16131012130725092840100
16131012130725092843000
16131012130725092845500
16131012130725092847900
16131012130725092850200
16131012130725092852300
16131012130725092854400
16131012130725092856500
16131012130725092858800
16131012130725092901500
16131012130725092904100
16131012130725092907100
16131012130725092909600
16131012130725092912200
16131012130725092915000
16131012130725092918900
16131012130725092924000
16131012130725092928200
16131012130725092932500
16131012130725092937000
16131012130725092943200
16131012130725092948200
16131012130725092953500
16131012130725092958300
16131012130725093002800
16131012130725093011200
16131012130725093018400
16131012130725093024800
16131012130725093030200
16131012130725093037000
16131012130725093046200
16131012130725093052300
16131012130725093100700
16131012130725093105900
16131012130725093111200
16131012130725093115000
16131012130725093118000
16131012130725093120900
16131012130725093123600
16131012130725093126100
16131012130725093128700
16131012130725093131200
16131012130725093134100
16131012130725093136900
16131012130725093139500
16131012130725093142000
16131012130725093144400
16131012130725093146800
16131012130725093149400
16131012130725093151900
16131012130725093154300
16131012130725093156700
16131012130725093158800
16131012130725093201000
16131012130725093203600
16131012130725093207300
16131012130725093210900
16131012130725093213400
16131012130725093215800
16131012130725093218200
16131012130725093220900
16131012130725093223600
16131012130725093226300
16131012130725093229700
16131012130725093233300
16131012130725093236400
16131012130725093239400
16131012130725093241900
16131012130725093244900
16131012130725093247300
16131012130725093249900
16131012130725093252200
16131012130725093254500
16131012130725093256600
16131012130725093258600
16131012130725093300700
16131012130725093303300
16131012130725093306000
16131012130725093309100
16131012130725093312400
16131012130725093315500
16131012130725093321300
16131012130725093326500
16131012130725093333800
16131012130725093337200
16131012130725093341500
16131012130725093345600
16131012130725093348700
16131012130725093351500
16131012130725093402200
16131012130725093406100
16131012130725093412500
16131012130725093416900
16131012130725093422000
16131012130725093427000
16131012130725093435800
16131012130725093505700
16131012130725093910000
16131012130725094144400
16131012130725094237300
16131012130725094326800
16131012130725094348200
16131012130725094357600
16131012130725094401900
16131012130725094406000
16131012130725094411300
16131012130725094415200
16131012130725094418900
16131012130725094423100
16131012130725094427600
16131012130725094431700
16131012130725094435900
16131012130725094440000
16131012130725094443400
16131012130725094446200
16131012130725094448900
16131012130725094451500
16131012130725094454100
16131012130725094456600
16131012130725094459100
16131012130725094501400
16131012130725094503700
16131012130725094505900
16131012130725094508400
16131012130725094512000
16131012130725094518900
16131012130725094938000
16131012130725103137500
16131012130725103139500
16131012130725103141300
16131012130725103143100
16131012130725103144700
16131012130725103146300
16131012130725103147800
16131012130725103149400
16131012130725103150900
16131012130725103152600
16131012130725103154300
16131012130725103155900
16131012130725103157600
16131012130725103159400
16131012130725103201600
16131012130725103203600
16131012130725103205900
16131012130725103208400
16131012130725103210700
16131012130725103213100
16131012130725103215200
16131012130725103217300
16131012130725103219900
16131012130725103222300
16131012130725103226100
16131012130725103228500
16131012130725103230500
16131012130725103232300
16131012130725103234100
16131012130725103236000
16131012130725103237800
16131012130725103239600
16131012130725103241200
16131012130725103242600
16131012130725103244100
16131012130725103245700
16131012130725103247200
16131012130725103248900
16131012130725103250600
16131012130725103252200
16131012130725103253700
16131012130725103255100
16131012130725103256400
16131012130725103257800
16131012130725103259300
16131012130725103300900
16131012130725103303200
16131012130725103305400
16131012130725103307500
16131012130725103309600
16131012130725103311500
16131012130725103313400
16131012130725103315400
16131012130725103317900
16131012130725103334800
16131012130725103338100
16131012130725103340600
16131012130725103342900
16131012130725103345000
16131012130725103347200
16131012130725103349300
16131012130725103351300
16131012130725103353200
16131012130725103355100
16131012130725103357300
16131012130725103400000
16131012130725103402600
16131012130725103406200
16131012130725103409400
16131012130725103411900
16131012130725103414200
16131012130725103416300
16131012130725103419100
16131012130725103422000
16131012130725103424300
16131012130725103426600
16131012130725103428900
16131012130725103431000
16131012130725103432900
16131012130725103435200
16131012130725103437500
16131012130725103440000
16131012130725103442400
16131012130725103444600
16131012130725103446700
16131012130725103449800
16131012130725103452500
16131012130725103455000
16131012130725103458100
16131012130725103501100
16131012130725103503800
16131012130725103506000
16131012130725103508000
16131012130725103510000
16131012130725103511900
16131012130725103514000
16131012130725103516900
16131012130725103519400
16131012130725103521600
16131012130725103524000
16131012130725103526100
16131012130725103528100
16131012130725103530000
16131012130725103531800
16131012130725103533600
16131012130725103535300
16131012130725103537000
16131012130725103538900
16131012130725103540800
16131012130725103542600
16131012130725103544500
16131012130725103546800
16131012130725103549000
16131012130725103551900
16131012130725103554900
16131012130725103557200
16131012130725103559500
16131012130725103602400
16131012130725103604800
16131012130725103606900
16131012130725103608900
16131012130725103610700
16131012130725103612600
16131012130725103614400
16131012130725103616100
16131012130725103617700
16131012130725103619300
16131012130725103621000
16131012130725103622600
16131012130725103624200
16131012130725103625800
16131012130725103627300
16131012130725103629100
16131012130725103631200
16131012130725103633300
16131012130725103635100
16131012130725103637000
16131012130725103638900
16131012130725103640700
16131012130725103642700
16131012130725103644600
16131012130725103646600
16131012130725103648400
16131012130725103650100
16131012130725103651900
16131012130725103653700
16131012130725103655400
16131012130725103657000
16131012130725103658600
16131012130725103700100
16131012130725103701600
16131012130725103703100
16131012130725103704600
16131012130725103706100
16131012130725103707600
16131012130725103709200
16131012130725103710900
16131012130725103712600
16131012130725103714300
16131012130725103715900
16131012130725103717500
16131012130725103719200
16131012130725103720700
16131012130725103722300
16131012130725103723800
16131012130725103725300
16131012130725103726700
16131012130725103728100
16131012130725103729500
16131012130725103730900
16131012130725103732200
16131012130725103733500
16131012130725103734900
16131012130725103736300
16131012130725103736600
16131012130725103854100
16131012130725103901300
16131012130725103903700
16131012130725103905800
16131012130725103907700
16131012130725103909800
16131012130725103911800
16131012130725103913800
16131012130725103915600
16131012130725103917500
16131012130725103919500
16131012130725103921500
16131012130725103923500
16131012130725103925300
16131012130725103927000
16131012130725103928600
16131012130725103930200
16131012130725103931800
16131012130725103933300
16131012130725103934800
16131012130725103936300
16131012130725103937700
16131012130725103939200
16131012130725103940700
16131012130725103942300
16131012130725103943900
16131012130725103945400
16131012130725103946900
16131012130725103948300
16131012130725103949700
16131012130725103951200
16131012130725103952600
16131012130725103953900
16131012130725103955300
16131012130725103956700
16131012130725103958200
16131012130725103959700
16131012130725104001200
16131012130725104002600
16131012130725104004000
16131012130725104005300
16131012130725104006800
16131012130725104008500
16131012130725104010200
16131012130725104012200
16131012130725104014300
16131012130725104016400
16131012130725104018400
16131012130725104020300
16131012130725104022200
16131012130725104024200
16131012130725104026200
16131012130725104028300
16131012130725104031500
16131012130725104034400
16131012130725104037300
16131012130725104040000
16131012130725104042600
16131012130725104044800
16131012130725104047000
16131012130725104049100
16131012130725104051300
16131012130725104053600
16131012130725104055800
16131012130725104057800
16131012130725104059900
16131012130725104102900
16131012130725104107100
16131012130725104109700
16131012130725104112300
16131012130725104114900
16131012130725104117300
16131012130725104119600
16131012130725104121800
16131012130725104123800
16131012130725104125800
16131012130725104128300
16131012130725104131700
16131012130725104134200
16131012130725104136500
16131012130725104138700
16131012130725104140900
16131012130725104142900
16131012130725104145000
16131012130725104146900
16131012130725104148700
16131012130725104150500
16131012130725104152300
16131012130725104154200
16131012130725104156100
16131012130725104157900
16131012130725104200000
16131012130725104202000
16131012130725104204200
16131012130725104206200
16131012130725104208300
16131012130725104210500
16131012130725104212600
16131012130725104214700
16131012130725104216700
16131012130725104218700
16131012130725104220600
16131012130725104222500
16131012130725104224200
16131012130725104226900
16131012130725104230300
16131012130725104232900
16131012130725104235800
16131012130725104238300
16131012130725104241300
16131012130725104249700
16131012130725104252800
16131012130725104255600
16131012130725104259500
16131012130725104305300
16131012130725104308200
16131012130725104310600
16131012130725104313400
16131012130725104316200
16131012130725104318800
16131012130725104321300
16131012130725104323600
16131012130725104325800
16131012130725104327800
16131012130725104329700
16131012130725104331500
16131012130725104333300
16131012130725104335100
16131012130725104336800
16131012130725104338400
16131012130725104340000
16131012130725104341800
16131012130725104343600
16131012130725104345300
16131012130725104347000
16131012130725104348800
16131012130725104350500
16131012130725104352300
16131012130725104354500
16131012130725104356700
16131012130725104358600
16131012130725104400400
16131012130725104402200
16131012130725104404000
16131012130725104405700
16131012130725104407300
16131012130725104408800
16131012130725104410300
16131012130725104411800
16131012130725104413300
16131012130725104414800
16131012130725104416400
16131012130725104418100
16131012130725104419700
16131012130725104421300
16131012130725104422900
16131012130725104424400
16131012130725104425900
16131012130725104427500
16131012130725104429100
16131012130725104430700
16131012130725104432400
16131012130725104434300
16131012130725104436400
16131012130725104438500
16131012130725104440600
16131012130725104442800
16131012130725104445300
16131012130725104447400
16131012130725104449300
16131012130725104451100
16131012130725104452800
16131012130725104454600
16131012130725104456300
16131012130725104458000
16131012130725104459600
16131012130725104501200
16131012130725104502800
16131012130725104504300
16131012130725104505900
16131012130725104507400
16131012130725104509200
16131012130725104511600
16131012130725104514000
16131012130725104516400
16131012130725104518600
16131012130725104521900
16131012130725104526200
16131012130725104529000
16131012130725104531300
16131012130725104534000
16131012130725104536400
16131012130725104538700
16131012130725104543200
16131012130725104557600
16131012130725104600600
16131012130725104603200
16131012130725104605500
16131012130725104607900
16131012130725104610200
16131012130725104613800
16131012130725104618100
16131012130725104621800
16131012130725104624600
16131012130725104627400
16131012130725104632000
16131012130725104634600
16131012130725104636800
16131012130725104638800
16131012130725104640700
16131012130725104642400
16131012130725104644200
16131012130725104645900
16131012130725104647600
16131012130725104649400
16131012130725104651300
16131012130725104653200
16131012130725104655200
16131012130725104657500
16131012130725104700200
16131012130725104702500
16131012130725104704600
16131012130725104706500
16131012130725104708300
16131012130725104710100
16131012130725104711900
16131012130725104713900
16131012130725104716000
16131012130725104718000
16131012130725104719900
16131012130725104721800
16131012130725104723500
16131012130725104725100
16131012130725104726800
16131012130725104728600
16131012130725104730400
16131012130725104732700
16131012130725104735700
16131012130725104739700
16131012130725104742100
16131012130725104744100
16131012130725104746000
16131012130725104748200
16131012130725104750800
16131012130725104753400
16131012130725104755500
16131012130725104757500
16131012130725104759400
16131012130725104801300
16131012130725104803600
16131012130725104806400
16131012130725104809200
16131012130725104811600
16131012130725104817800
16131012130725104821200
16131012130725104823700
16131012130725104827000
16131012130725104829700
16131012130725104832000
16131012130725104834200
16131012130725104836600
16131012130725104838700
16131012130725104840900
16131012130725104843400
16131012130725104846000
16131012130725104848200
16131012130725104850100
16131012130725104852100
16131012130725104854200
16131012130725104856300
16131012130725104859900
16131012130725104902600
16131012130725104904800
16131012130725104907300
16131012130725104910400
16131012130725104912800
16131012130725104914800
16131012130725104916800
16131012130725104918800
16131012130725104921500
16131012130725104924200
16131012130725104926800
16131012130725104930100
16131012130725104933200
16131012130725104935600
16131012130725104937900
16131012130725104940400
16131012130725104943000
16131012130725104945400
16131012130725104948300
16131012130725104950900
16131012130725104953300
16131012130725104955600
16131012130725104957700
16131012130725104959600
16131012130725105001800
16131012130725105004800
16131012130725105007300
16131012130725105009900
16131012130725105012500
16131012130725105015000
16131012130725105017400
16131012130725105020000
16131012130725105022700
16131012130725105025100
16131012130725105027900
16131012130725105030400
16131012130725105034400
16131012130725105037100
16131012130725105039500
16131012130725105042000
16131012130725105047100
16131012130725105050600
16131012130725105053600
16131012130725105056300
16131012130725105059000
16131012130725105101500
16131012130725105103700
16131012130725105105800
16131012130725105109000
16131012130725105111800
16131012130725105114800
16131012130725105117600
16131012130725105120000
16131012130725105122100
16131012130725105124100
16131012130725105126100
16131012130725105127900
16131012130725105129800
16131012130725105131700
16131012130725105133600
16131012130725105135400
16131012130725105137200
16131012130725105139000
16131012130725105140900
16131012130725105142800
16131012130725105144500
16131012130725105146300
16131012130725105148000
16131012130725105150100
16131012130725105152200
16131012130725105154100
16131012130725105156200
16131012130725105158200
16131012130725105200200
16131012130725105202100
16131012130725105203900
16131012130725105205700
16131012130725105207500
16131012130725105209500
16131012130725105211500
16131012130725105213600
16131012130725105215900
16131012130725105218300
16131012130725105220400
16131012130725105222500
16131012130725105224400
16131012130725105226300
16131012130725105228100
16131012130725105229900
16131012130725105231800
16131012130725105233600
16131012130725105235300
16131012130725105237100
16131012130725105238900
16131012130725105240600
16131012130725105242300
16131012130725105244100
16131012130725105246000
16131012130725105248100
16131012130725105250100
16131012130725105252200
16131012130725105255000
16131012130725105257200
16131012130725105259300
16131012130725105302400
16131012130725105305300
16131012130725105307700
16131012130725105310000
16131012130725105312400
16131012130725105315000
16131012130725105317700
16131012130725105320200
16131012130725105322300
16131012130725105324300
16131012130725105326300
16131012130725105328300
16131012130725105330200
16131012130725105332100
16131012130725105334000
16131012130725105336300
16131012130725105338500
16131012130725105340400
16131012130725105342100
16131012130725105343700
16131012130725105345400
16131012130725105347200
16131012130725105349000
16131012130725105350600
16131012130725105352400
16131012130725105354600
16131012130725105357400
16131012130725105359600
16131012130725105401400
16131012130725105403000
16131012130725105404500
16131012130725105406000
16131012130725105407500
16131012130725105409100
16131012130725105410600
16131012130725105412200
16131012130725105414000
16131012130725105415800
16131012130725105417500
16131012130725105419100
16131012130725105420700
16131012130725105422200
16131012130725105423600
16131012130725105425100
16131012130725105426500
16131012130725105428200
16131012130725105430200
16131012130725105431900
16131012130725105433500
16131012130725105435000
16131012130725105436400
16131012130725105437800
16131012130725105439100
16131012130725105440600
16131012130725105442100
16131012130725105443700
16131012130725105445400
16131012130725105446900
16131012130725105448400
16131012130725105449900
16131012130725105451200
16131012130725105452500
16131012130725105453800
16131012130725105455200
16131012130725105456700
16131012130725105458200
16131012130725105459700
16131012130725105501100
16131012130725105502600
16131012130725105504100
16131012130725105505500
16131012130725105506900
16131012130725105508400
16131012130725105509900
16131012130725105511400
16131012130725105512800
16131012130725105514200
16131012130725105515800
16131012130725105517400
16131012130725105519000
16131012130725105520800
16131012130725105522400
16131012130725105523900
16131012130725105525400
16131012130725105526900
16131012130725105528200
16131012130725105529600
16131012130725105530800
16131012130725105532200
16131012130725105533800
16131012130725105535400
16131012130725105537300
16131012130725105539000
16131012130725105540500
16131012130725105541900
16131012130725105543300
16131012130725105544900
16131012130725105546800
16131012130725105548500
16131012130725105550000
16131012130725105551500
16131012130725105552900
16131012130725105554200
16131012130725105555700
16131012130725105557200
16131012130725105558600
16131012130725105600000
16131012130725105601500
16131012130725105602800
16131012130725105604300
16131012130725105605900
16131012130725105607600
16131012130725105609200
16131012130725105610800
16131012130725105612300
16131012130725105613900
16131012130725105615300
16131012130725105616700
16131012130725105618100
16131012130725105619500
16131012130725105621000
16131012130725105622500
16131012130725105623900
16131012130725105625300
16131012130725105626600
16131012130725105628100
16131012130725105630000
16131012130725105631700
16131012130725105633300
16131012130725105635200
16131012130725105637200
16131012130725105639300
16131012130725105641400
16131012130725105643500
16131012130725105645700
16131012130725105647500
16131012130725105649000
16131012130725105650600
16131012130725105652200
16131012130725105653800
16131012130725105655600
16131012130725105657300
16131012130725105658900
16131012130725105700400
16131012130725105701900
16131012130725105703600
16131012130725105705600
16131012130725105707600
16131012130725105709500
16131012130725105711900
16131012130725105713900
16131012130725105716000
16131012130725105718400
16131012130725105720700
16131012130725105722800
16131012130725105724600
16131012130725105726600
16131012130725105729000
16131012130725105731100
16131012130725105733000
16131012130725105734700
16131012130725105736400
16131012130725105738400
16131012130725105740200
16131012130725105742000
16131012130725105743700
16131012130725105745400
16131012130725105747000
16131012130725105748500
16131012130725105749900
16131012130725105751300
16131012130725105752800
16131012130725105754300
16131012130725105756000
16131012130725105800000
16131012130725105809200
16131012130725105811600
16131012130725105813500
16131012130725105815300
16131012130725105817000
16131012130725105818700
16131012130725105820300
16131012130725105822100
16131012130725105824100
16131012130725105826400
16131012130725105828700
16131012130725105831100
16131012130725105833200
16131012130725105835100
16131012130725105837000
16131012130725105839000
16131012130725105842900
16131012130725105845700
16131012130725105848200
16131012130725105850500
16131012130725105853000
16131012130725105855700
16131012130725105857900
16131012130725105859800
16131012130725105901700
16131012130725105903500
16131012130725105905200
16131012130725105906900
16131012130725105908800
16131012130725105910900
16131012130725105912800
16131012130725105914900
16131012130725105917300
16131012130725105919400
16131012130725105921500
16131012130725105923600
16131012130725105925500
16131012130725105927300
16131012130725105929100
16131012130725105930700
16131012130725105932300
16131012130725105934000
16131012130725105936000
16131012130725105938300
16131012130725105940900
16131012130725105943100
16131012130725105945100
16131012130725105947600
16131012130725105949900
16131012130725105951800
16131012130725105953400
16131012130725105955000
16131012130725105956700
16131012130725105958300
16131012130725110000000
16131012130725110001700
16131012130725110003300
16131012130725110005100
16131012130725110007400
16131012130725110012500
16131012130725110015600
16131012130725110017900
16131012130725110020000
16131012130725110022100
16131012130725110024200
16131012130725110026900
16131012130725110032300
16131012130725110035200
16131012130725110037400
16131012130725110039700
16131012130725110043600
16131012130725110046000
16131012130725110048000
16131012130725110050000
16131012130725110051700
16131012130725110053400
16131012130725110055100
16131012130725110057300
16131012130725110100900
16131012130725110103600
16131012130725110105600
16131012130725110107400
16131012130725110109200
16131012130725110111200
16131012130725110113000
16131012130725110114700
16131012130725110116400
16131012130725110117900
16131012130725110119400
16131012130725110121000
16131012130725110122500
16131012130725110124300
16131012130725110126400
16131012130725110128500
16131012130725110130500
16131012130725110132700
16131012130725110135300
16131012130725110137400
16131012130725110140000
16131012130725110142200
16131012130725110144200
16131012130725110146000
16131012130725110147700
16131012130725110149300
16131012130725110150900
16131012130725110152400
16131012130725110153900
16131012130725110155300
16131012130725110156700
16131012130725110158100
16131012130725110159400
16131012130725110200800
16131012130725110202300
16131012130725110204000
16131012130725110205900
16131012130725110208000
16131012130725110210100
16131012130725110212000
16131012130725110213800
16131012130725110215600
16131012130725110217700
16131012130725110219900
16131012130725110221200
16131012130725110256300
16131012130726123605300
16131012130726123607300
16131012130726123608700
16131012130726123609900
16131012130726123611000
16131012130726123612100
16131012130726123613100
16131012130726123614100
16131012130726123614900
16131012130726123615800
16131012130726123616600
16131012130726123617400
16131012130726123618200
16131012130726123619000
16131012130726123619800
16131012130726123620500
16131012130726123621300
16131012130726123622100
16131012130726123622800
16131012130726123623600
16131012130726123624400
16131012130726123625200
16131012130726123626000
16131012130726123626800
16131012130726123627600
16131012130726123628400
16131012130726123629100
16131012130726123629900
16131012130726123630600
16131012130726123631300
16131012130726123632100
16131012130726123632900
16131012130726123633600
16131012130726123634400
16131012130726123635200
16131012130726123636000
16131012130726123636700
16131012130726123637500
16131012130726123638300
16131012130726123639100
16131012130726123639900
16131012130726123640600
16131012130726123641400
16131012130726123642100
16131012130726123642900
16131012130726123643600
16131012130726123644400
16131012130726123645100
16131012130726123645900
16131012130726123646700
16131012130726123647500
16131012130726123648200
16131012130726123649000
16131012130726123649700
16131012130726123650500
16131012130726123651200
16131012130726123651900
16131012130726123652700
16131012130726123653400
16131012130726123654200
16131012130726123654900
16131012130726123655700
16131012130726123656400
16131012130726123657200
16131012130726123658000
16131012130726123658700
16131012130726123659400
16131012130726123700200
16131012130726123701000
16131012130726123701700
16131012130726123702400
16131012130726123703200
16131012130726123703900
16131012130726123704600
16131012130726123705400
16131012130726123706100
16131012130726123706800
16131012130726123707500
16131012130726123708200
16131012130726123709000
16131012130726123709800
16131012130726123710600
16131012130726123711400
16131012130726123712200
16131012130726123713000
16131012130726123713800
16131012130726123714500
16131012130726123715300
16131012130726123716100
16131012130726123716900
16131012130726123717700
16131012130726123718500
16131012130726123719300
16131012130726123720000
16131012130726123720800
16131012130726123721600
16131012130726123722400
16131012130726123723200
16131012130726123724000
16131012130726123724800
16131012130726123725600
16131012130726123726300
16131012130726123727100
16131012130726123727900
16131012130726123728700
16131012130726123729500
16131012130726123730400
16131012130726123731200
16131012130726123732000
16131012130726123732800
16131012130726123733600
16131012130726123734400
16131012130726123735200
16131012130726123736000
16131012130726123736800
16131012130726123737600
16131012130726123738400
16131012130726123739200
16131012130726123740000
16131012130726123740800
16131012130726123741600
16131012130726123742400
16131012130726123743200
16131012130726123743900
16131012130726123744700
16131012130726123745400
16131012130726123746200
16131012130726123746900
16131012130726123747700
16131012130726123748500
16131012130726123749300
16131012130726123750100
16131012130726123750900
16131012130726123751600
16131012130726123752400
16131012130726123753200
16131012130726123754000
16131012130726123754700
16131012130726123755500
16131012130726123756300
16131012130726123757100
16131012130726123757900
16131012130726123758600
16131012130726123759400
16131012130726123800200
16131012130726123801000
16131012130726123801800
16131012130726123802600
16131012130726123803400
16131012130726123804200
16131012130726123804900
16131012130726123805700
16131012130726123806500
16131012130726123807300
16131012130726123808000
16131012130726123808800
16131012130726123809500
16131012130726123810200
16131012130726123811000
16131012130726123811700
16131012130726123812500
16131012130726123813200
16131012130726123813900
16131012130726123814600
16131012130726123815300
16131012130726123816000
16131012130726123816800
16131012130726123817500
16131012130726123818200
16131012130726123819000
16131012130726123819900
16131012130726123820700
16131012130726123821600
16131012130726123822500
16131012130726123823300
16131012130726123824200
16131012130726123825000
16131012130726123825800
16131012130726123826600
16131012130726123827400
16131012130726123828200
16131012130726123829100
16131012130726123829900
16131012130726123830700
16131012130726123831500
16131012130726123832300
16131012130726123833100
16131012130726123833900
16131012130726123834700
16131012130726123835400
16131012130726123836200
16131012130726123837000
16131012130726123837800
16131012130726123838600
16131012130726123839400
16131012130726123840200
16131012130726123841000
16131012130726123841800
16131012130726123842500
16131012130726123843300
16131012130726123844200
16131012130726123845000
16131012130726123845800
16131012130726123846600
16131012130726123847400
16131012130726123848200
16131012130726123849100
16131012130726123849900
16131012130726123850700
16131012130726123851500
16131012130726123852300
16131012130726123853100
16131012130726123853900
16131012130726123854700
16131012130726123855500
16131012130726123856300
16131012130726123857100
16131012130726123857900
16131012130726123858700
16131012130726123859500
16131012130726123900400
16131012130726123901200
16131012130726123902000
16131012130726123902800
16131012130726123903600
16131012130726123904500
16131012130726123905300
16131012130726123906100
16131012130726123906900
16131012130726123907700
16131012130726123908600
16131012130726123909400
16131012130726123910200
16131012130726123911000
16131012130726123911800
16131012130726123912700
16131012130726123913500
16131012130726123914400
16131012130726123915200
16131012130726123916000
16131012130726123916800
16131012130726123917600
16131012130726123918400
16131012130726123919200
16131012130726123920100
16131012130726123920900
16131012130726123921700
16131012130726123922500
16131012130726123923300
16131012130726123924200
16131012130726123925000
16131012130726123925800
16131012130726123926600
16131012130726123927500
16131012130726123928400
16131012130726123929300
16131012130726123930200
16131012130726123931000
16131012130726123931900
16131012130726123932700
16131012130726123933400
16131012130726123934200
16131012130726123935000
16131012130726123935800
16131012130726123936600
16131012130726123937400
16131012130726123938200
16131012130726123939000
16131012130726123939800
16131012130726123940600
16131012130726123941400
16131012130726123942200
16131012130726123943100
16131012130726123943900
16131012130726123944700
16131012130726123945500
16131012130726123946400
16131012130726123947200
16131012130726123948000
16131012130726123948800
16131012130726123949700
16131012130726123950500
16131012130726123951300
16131012130726123952100
16131012130726123952900
16131012130726123953700
16131012130726123954500
16131012130726123955400
16131012130726123956200
16131012130726123957100
16131012130726123957900
16131012130726123958700
16131012130726123959500
16131012130726124000300
16131012130726124001100
16131012130726124002000
16131012130726124002800
16131012130726124003600
16131012130726124004500
16131012130726124005500
16131012130726124006600
16131012130726124007700
16131012130726124008800
16131012130726124009800
16131012130726124010900
16131012130726124012300
16131012130726124013800
16131012130726124015200
16131012130726124016800
16131012130726124018200
16131012130727122647800
16131012130727122651000
16131012130727122653200
16131012130727122654900
16131012130727122656400
16131012130727122657800
16131012130727122659200
16131012130727122700500
16131012130727122701800
16131012130727122702900
16131012130727122704100
16131012130727122705300
16131012130727122706600
16131012130727122707800
16131012130727122708900
16131012130727122710100
16131012130727122711200
16131012130727122712300
16131012130727122713300
16131012130727122714400
16131012130727122715400
16131012130727122716400
16131012130727122717300
16131012130727122718300
16131012130727122719300
16131012130727122720300
16131012130727122721300
16131012130727122722300
16131012130727122723300
16131012130727122724200
16131012130727122725200
16131012130727122726300
16131012130727122727300
16131012130727122728400
16131012130727122729500
16131012130727122730600
16131012130727122731700
16131012130727122732800
16131012130727122734000
16131012130727122735000
16131012130727122736100
16131012130727122737100
16131012130727122738300
16131012130727122739400
16131012130727122740400
16131012130727122741500
16131012130727122742500
16131012130727122743400
16131012130727122744300
16131012130727122745200
16131012130727122746100
16131012130727122746900
16131012130727122747700
16131012130727122748600
16131012130727122749500
16131012130727122750400
16131012130727122751300
16131012130727122752200
16131012130727122753000
16131012130727122753900
16131012130727122754700
16131012130727122755500
16131012130727122756400
16131012130727122757300
16131012130727122758200
16131012130727122759200
16131012130727122800200
16131012130727122801300
16131012130727122802300
16131012130727122803200
16131012130727122804200
16131012130727122805100
16131012130727122806100
16131012130727122806900
16131012130727122807800
16131012130727122808700
16131012130727122809500
16131012130727122810400
16131012130727122811300
16131012130727122812200
16131012130727122813100
16131012130727122814100
16131012130727122815100
16131012130727122816000
16131012130727122816900
16131012130727122817900
16131012130727122818800
16131012130727122819800
16131012130727122820900
16131012130727122822000
16131012130727122823200
16131012130727122824300
16131012130727122825300
16131012130727122826400
16131012130727122827400
16131012130727122828500
16131012130727122829500
16131012130727122830600
16131012130727122831600
16131012130727122832600
16131012130727122833700
16131012130727122834800
16131012130727122836000
16131012130727122853000
16131012130727122855900
16131012130727122859200
16131012130727122906300
16131012130727122908700
16131012130727122911300
16131012130727122913800
16131012130727122915400
16131012130727122917200
16131012130727122919700
16131012130727142615600
16131012130727142620100
16131012130727142622700
16131012130727142624600
16131012130727142626700
16131012130727142629400
16131012130727142633300
16131012130727142639100
16131012130730094542800
16131012130730094548900
16131012130730094550600
16131012130730094552100
16131012130730094553600
16131012130730094555000
16131012130730094556300
16131012130730094557600
16131012130730094558900
16131012130730094600800
16131012130730094603400
16131012130730094606200
16131012130730094609100
16131012130730094611900
16131012130730094615000
16131012130730094617400
16131012130730094619500
16131012130730094623100
16131012130730102009800
16131012130730102011200
16131012130730102012400
16131012130730102013600
16131012130730102014700
16131012130730102015800
16131012130730102016900
16131012130730102018000
16131012130730102019100
16131012130730102020200
16131012130730102021300
16131012130730102022300
16131012130730102023300
16131012130730102024300
16131012130730102025200
16131012130730102026200
16131012130730102027100
16131012130730102028000
16131012130730102028800
16131012130730102029700
16131012130730102030500
16131012130730102031400
16131012130730102032200
16131012130730102033000
16131012130730102033900
16131012130730102034700
16131012130730102035500
16131012130730102036300
16131012130730102037200
16131012130730102038000
16131012130730102038900
16131012130730102039700
16131012130730102040600
16131012130730102041400
16131012130730102042200
16131012130730102043000
16131012130730102043800
16131012130730102044600
16131012130730102045400
16131012130730102046200
16131012130730102047000
16131012130730102047700
16131012130730110356800
16131012130730110359000
16131012130730110401100
16131012130730110403200
16131012130730110407300
16131012130730135332700
16131012130730135335100
16131012130730135337200
16131012130730135338800
16131012130730135340000
16131012130730135341100
16131012130730135342100
16131012130730135343100
16131012130730135344000
16131012130730135345000
16131012130730135346000
16131012130730135347100
16131012130730135348400
16131012130730135350000
16131012130730135351500
16131012130730135353000
16131012130730135354600
16131012130730135356400
16131012130730135358200
16131012130730135729700
16131012130730135739400
16131012130730135744000
16131012130730135746600
16131012130730135749400
16131012130730135754900
16131012130730135801200
16131012130730135808700
16131012130730135817100
16131012130730135821000
16131012130730135823200
16131012130730135827500
16131012130730141520500
16131012130730141527000
16131012130730141529800
16131012130730141532100
16131012130730141533900
16131012130730141535400
16131012130730141536800
16131012130730141538100
16131012130730141539400
16131012130730141540700
16131012130730141542000
16131012130730141543300
16131012130730141544500
16131012130730141545800
16131012130730141547000
16131012130730141550400
16131012130730145715300
16131012130730145727100
16131012130730145732200
16131012130730145736400
16131012130730145738400
16131012130730145739900
16131012130730145741300
16131012130730145742600
16131012130730145743800
16131012130730145744900
16131012130730145746100
16131012130730145747300
16131012130730145748600
16131012130730145749800
16131012130730145751100
16131012130730145752300
16131012130730145753700
16131012130730145755200
16131012130730145756500
16131012130730145757700
16131012130730145758800
16131012130730145759800
16131012130730145800700
16131012130730145801700
16131012130730145802500
16131012130730145803400
16131012130730145804200
16131012130730145805000
16131012130730145805800
16131012130730145806600
16131012130730145807400
16131012130730145808200
16131012130730145809100
16131012130730145809900
16131012130730145810800
16131012130730145811600
16131012130730145812400
16131012130730145813200
16131012130730145813900
16131012130730145814700
16131012130730145815500
16131012130730145816200
16131012130730145816900
16131012130730145817700
16131012130730145818400
16131012130730145819300
16131012130730145820200
16131012130730145821100
16131012130730145822000
16131012130730145822800
16131012130730145823700
16131012130730145824600
16131012130730145825500
16131012130730145826600
16131012130730145828000
16131012130730145829900
16131012130730145857600
16131012130730145949700
16131012130730145952100
16131012130730145953800
16131012130730145955000
16131012130730145956200
16131012130730145957200
16131012130730145958200
16131012130730145959200
16131012130730150000100
16131012130730150001000
16131012130730150001900
16131012130730150002700
16131012130730150003600
16131012130730150004400
16131012130730150005200
16131012130730150006000
16131012130730150006800
16131012130730150007500
16131012130730150008200
16131012130730150009000
16131012130730150009700
16131012130730150010400
16131012130730150011100
16131012130730150011800
16131012130730150012500
16131012130730150013300
16131012130730150014100
16131012130730150015000
16131012130730150015900
16131012130730150016800
16131012130730150017600
16131012130730150018500
16131012130730150019400
16131012130730150020200
16131012130730150021100
16131012130730150022000
16131012130730150022800
16131012130730150023700
16131012130730150024500
16131012130730150025300
16131012130730150026100
16131012130730150026900
16131012130730150027700
16131012130730150028500
16131012130730150029300
16131012130730150030000
16131012130730150030800
16131012130730150031700
16131012130730150032500
16131012130730150033300
16131012130730150034000
16131012130730150034800
16131012130730150035600
16131012130730150036400
16131012130730150037200
16131012130730150038000
16131012130730150038800
16131012130730150039700
16131012130730150040500
16131012130730150041300
16131012130730150042100
16131012130730150042900
16131012130730150043700
16131012130730150044500
16131012130730150045200
16131012130730150046000
16131012130730150046700
16131012130730150047500
16131012130730150048300
16131012130730150049100
16131012130730150049800
16131012130730150050600
16131012130730150051300
16131012130730150052100
16131012130730150052800
16131012130730150053600
16131012130730150054300
16131012130730150055100
16131012130730150055900
16131012130730150056700
16131012130730150057400
16131012130730150058200
16131012130730150059000
16131012130730150059800
16131012130730150100600
16131012130730150101400
16131012130730150102200
16131012130730150103000
16131012130730150103800
16131012130730150104500
16131012130730150105300
16131012130730150106000
16131012130730150106800
16131012130730150107600
16131012130730150108400
16131012130730150109200
16131012130730150109900
16131012130730150110700
16131012130730150111500
16131012130730150112300
16131012130730150113100
16131012130730150113900
16131012130730150114600
16131012130730150115300
16131012130730150116000
16131012130730150116800
16131012130730150117500
16131012130730150118300
16131012130730150119100
16131012130730150120000
16131012130730150120900
16131012130730150121800
16131012130730150122700
16131012130730150123500
16131012130730150124400
16131012130730150125200
16131012130730150126000
16131012130730150126900
16131012130730150127600
16131012130730150128400
16131012130730150129200
16131012130730150130000
16131012130730150130700
16131012130730150131500
16131012130730150132300
16131012130730150133100
16131012130730150133900
16131012130730150134800
16131012130730150135700
16131012130730150136500
16131012130730150137400
16131012130730150138200
16131012130730150139000
16131012130730150139800
16131012130730150140600
16131012130730150141400
16131012130730150142300
16131012130730150143100
16131012130730150143900
16131012130730150144800
16131012130730150145600
16131012130730150146500
16131012130730150147300
16131012130730150148100
16131012130730150148800
16131012130730150149600
16131012130730150150400
16131012130730150151200
16131012130730150152000
16131012130730150152700
16131012130730150153500
16131012130730150154300
16131012130730150155100
16131012130730150155900
16131012130730150156700
16131012130730150157500
16131012130730150158300
16131012130730150159200
16131012130730150200000
16131012130730150200800
16131012130730150201600
16131012130730150202400
16131012130730150203100
16131012130730150203900
16131012130730150204600
16131012130730150205400
16131012130730150206200
16131012130730150206900
16131012130730150207600
16131012130730150208400
16131012130730150209100
16131012130730150209900
16131012130730150210600
16131012130730150211300
16131012130730150212100
16131012130730150212800
16131012130730150213500
16131012130730150214200
16131012130730150214900
16131012130730150215700
16131012130730150216400
16131012130730150217100
16131012130730150217800
16131012130730150218700
16131012130730150219500
16131012130730150220300
16131012130730150221200
16131012130730150222100
16131012130730150223000
16131012130730150223900
16131012130730150224800
16131012130730150225700
16131012130730150226600
16131012130730150227500
16131012130730150228300
16131012130730150229200
16131012130730150230000
16131012130730150230900
16131012130730150231700
16131012130730150232500
16131012130730150233300
16131012130730150234100
16131012130730150234900
16131012130730150235800
16131012130730150236600
16131012130730150237500
16131012130730150238500
16131012130730150239400
16131012130730150240400
16131012130730150241400
16131012130730150242300
16131012130730150243200
16131012130730150244000
16131012130730150244900
16131012130730150245700
16131012130730150246500
16131012130730150247300
16131012130730150248100
16131012130730150248800
16131012130730150249600
16131012130730150250400
16131012130730150251100
16131012130730150251900
16131012130730150252800
16131012130730150253600
16131012130730150254500
16131012130730150255300
16131012130730150256200
16131012130730150257000
16131012130730150257900
16131012130730150258700
16131012130730150259600
16131012130730150300500
16131012130730150301400
16131012130730150302300
16131012130730150303200
16131012130730150304100
16131012130730150305000
16131012130730150305900
16131012130730150306800
16131012130730150307700
16131012130730150308600
16131012130730150309600
16131012130730150310500
16131012130730150311500
16131012130730150312500
16131012130730150313500
16131012130730150314500
16131012130730150315500
16131012130730150316500
16131012130730150317500
16131012130730150318400
16131012130730150319400
16131012130730150320300
16131012130730150321200
16131012130730150322000
16131012130730150322900
16131012130730150323700
16131012130730150324500
16131012130730150325200
16131012130730150326000
16131012130730150326900
16131012130730150327700
16131012130730150328500
16131012130730150329200
16131012130730150330000
16131012130730150330800
16131012130730150331600
16131012130730150332500
16131012130730150333300
16131012130730150334100
16131012130730150334800
16131012130730150335600
16131012130730150336400
16131012130730150337200
16131012130730150338000
16131012130730150338800
16131012130730150339600
16131012130730150340400
16131012130730150341200
16131012130730150342000
16131012130730150342800
16131012130730150343600
16131012130730150344400
16131012130730150345100
16131012130730150345900
16131012130730150346700
16131012130730150347500
16131012130730150348300
16131012130730150349100
16131012130730150349900
16131012130730150350700
16131012130730150351500
16131012130730150352300
16131012130730150353000
16131012130730150353800
16131012130730150354600
16131012130730150355400
16131012130730150356200
16131012130730150357000
16131012130730150357800
16131012130730150358500
16131012130730150359300
16131012130730150400100
16131012130730150400900
16131012130730150401700
16131012130730150402500
16131012130730150403300
16131012130730150404000
16131012130730150404800
16131012130730150405600
16131012130730150406300
16131012130730150407100
16131012130730150407900
16131012130730150408700
16131012130730150409400
16131012130730150410300
16131012130730150411100
16131012130730150412000
16131012130730150412800
16131012130730150413700
16131012130730150414600
16131012130730150415500
16131012130730150416300
16131012130730150417200
16131012130730150418100
16131012130730150418900
16131012130730150419800
16131012130730150420600
16131012130730150421400
16131012130730150422200
16131012130730150423000
16131012130730150423800
16131012130730150424500
16131012130730150425300
16131012130730150426100
16131012130730150426900
16131012130730150427700
16131012130730150428500
16131012130730150429300
16131012130730150430100
16131012130730150430900
16131012130730150431700
16131012130730150432600
16131012130730150433400
16131012130730150434200
16131012130730150435100
16131012130730150435900
16131012130730150436700
16131012130730150437500
16131012130730150438300
16131012130730150439100
16131012130730150440000
16131012130730150440800
16131012130730150441600
16131012130730150442500
16131012130730150443300
16131012130730150444200
16131012130730150445100
16131012130730150446000
16131012130730150446900
16131012130730150447900
16131012130730150448800
16131012130730150449800
16131012130730150450700
16131012130730150451700
16131012130730150452600
16131012130730150453500
16131012130730150454400
16131012130730150455300
16131012130730150456200
16131012130730150457100
16131012130730150457900
16131012130730150458700
16131012130730150459600
16131012130730150500400
16131012130730150501200
16131012130730150501900
16131012130730150502700
16131012130730150503400
16131012130730150504200
16131012130730150505000
16131012130730150505900
16131012130730150506700
16131012130730150507500
16131012130730150508200
16131012130730150509100
16131012130730150509900
16131012130730150510700
16131012130730150511600
16131012130730150512400
16131012130730150513200
16131012130730150514000
16131012130730150514700
16131012130730150515500
16131012130730150516300
16131012130730150517100
16131012130730150517900
16131012130730150518700
16131012130730150519500
16131012130730150520300
16131012130730150521100
16131012130730150521900
16131012130730150522700
16131012130730150523500
16131012130730150524200
16131012130730150525000
16131012130730150525800
16131012130730150526600
16131012130730150527300
16131012130730150528100
16131012130730150528900
16131012130730150529700
16131012130730150530400
16131012130730150531200
16131012130730150532000
16131012130730150532700
16131012130730150533500
16131012130730150534200
16131012130730150535000
16131012130730150535700
16131012130730150536500
16131012130730150537200
16131012130730150538000
16131012130730150538700
16131012130730150539500
16131012130730150540200
16131012130730150541000
16131012130730150541800
16131012130730150542500
16131012130730150543300
16131012130730150544000
16131012130730150544800
16131012130730150545500
16131012130730150546300
16131012130730150547000
16131012130730150547800
16131012130730150548500
16131012130730150549200
16131012130730150550000
16131012130730150550700
16131012130730150551400
16131012130730150552100
16131012130730150552800
16131012130730150553500
16131012130730150554300
16131012130730150555100
16131012130730150555900
16131012130730150556700
16131012130730150557500
16131012130730150558300
16131012130730150559100
16131012130730150600000
16131012130730150600800
16131012130730150601600
16131012130730150602400
16131012130730150603200
16131012130730150604000
16131012130730150604800
16131012130730150605600
16131012130730150606400
16131012130730150607200
16131012130730150608000
16131012130730150608700
16131012130730150609500
16131012130730150610200
16131012130730150610900
16131012130730150611700
16131012130730150612500
16131012130730150613200
16131012130730150614000
16131012130730150614800
16131012130730150615500
16131012130730150616300
16131012130730150617100
16131012130730150617900
16131012130730150618700
16131012130730150619500
16131012130730150620300
16131012130730150621200
16131012130730150622000
16131012130730150622800
16131012130730150623600
16131012130730150624400
16131012130730150625100
16131012130730150625900
16131012130730150626600
16131012130730150627400
16131012130730150628100
16131012130730150628800
16131012130730150629500
16131012130730150630200
16131012130730150631000
16131012130730150631900
16131012130730150632700
16131012130730150633500
16131012130730150634300
16131012130730150635100
16131012130730150635900
16131012130730150636700
16131012130730150637600
16131012130730150638400
16131012130730150639200
16131012130730150640000
16131012130730150640800
16131012130730150641700
16131012130730150642500
16131012130730150643300
16131012130730150644100
16131012130730150644900
16131012130730150645700
16131012130730150646400
16131012130730150647200
16131012130730150647900
16131012130730150648700
16131012130730150649500
16131012130730150650300
16131012130730150651100
16131012130730150651900
16131012130730150652600
16131012130730150653400
16131012130730150654100
16131012130730150654900
16131012130730150655600
16131012130730150656400
16131012130730150657100
16131012130730150657900
16131012130730150658600
16131012130730150659400
16131012130730150700100
16131012130730150700900
16131012130730150701700
16131012130730150702400
16131012130730150703200
16131012130730150703900
16131012130730150704600
16131012130730150705400
16131012130730150706200
16131012130730150707000
16131012130730150707800
16131012130730150708500
16131012130730150709200
16131012130730150710000
16131012130730150710800
16131012130730150711600
16131012130730150712300
16131012130730150713200
16131012130730150714000
16131012130730150714800
16131012130730150715700
16131012130730150716500
16131012130730150717300
16131012130730150718200
16131012130730150719000
16131012130730150719800
16131012130730150720600
16131012130730150721400
16131012130730150722200
16131012130730150723000
16131012130730150723900
16131012130730150724700
16131012130730150725600
16131012130730150726500
16131012130730150727300
16131012130730150728200
16131012130730150729000
16131012130730150729800
16131012130730150730600
16131012130730150731400
16131012130730150732200
16131012130730150733000
16131012130730150733800
16131012130730150734500
16131012130730150735300
16131012130730150736100
16131012130730150736800
16131012130730150737600
16131012130730150738300
16131012130730150739100
16131012130730150739800
16131012130730150740600
16131012130730150741300
16131012130730150742100
16131012130730150742900
16131012130730150743700
16131012130730150744500
16131012130730150745300
16131012130730150746100
16131012130730150746800
16131012130730150747600
16131012130730150748300
16131012130730150749100
16131012130730150749900
16131012130730150750700
16131012130730150751400
16131012130730150752200
16131012130730150753000
16131012130730150753700
16131012130730150754500
16131012130730150755200
16131012130730150756000
16131012130730150756800
16131012130730150757500
16131012130730150758300
16131012130730150759000
16131012130730150759800
16131012130730150800500
16131012130730150801300
16131012130730150802000
16131012130730150802800
16131012130730150803500
16131012130730150804300
16131012130730150805000
16131012130730150805700
16131012130730150806500
16131012130730150807200
16131012130730150807900
16131012130730150808600
16131012130730150809400
16131012130730150810100
16131012130730150810900
16131012130730150811600
16131012130730150812300
16131012130730150813000
16131012130730150813700
16131012130730150814500
16131012130730150815200
16131012130730150815900
16131012130730150816800
16131012130730150817600
16131012130730150818400
16131012130730150819200
16131012130730150820000
16131012130730150820800
16131012130730150821600
16131012130730150822400
16131012130730150823200
16131012130730150824000
16131012130730150824800
16131012130730150825600
16131012130730150826400
16131012130730150827200
16131012130730150828000
16131012130730150828800
16131012130730150829600
16131012130730150830400
16131012130730150831200
16131012130730150832000
16131012130730150832700
16131012130730150833500
16131012130730150834300
16131012130730150835100
16131012130730150835900
16131012130730150836700
16131012130730150837500
16131012130730150838400
16131012130730150839100
16131012130730150839900
16131012130730150840700
16131012130730150841500
16131012130730150842200
16131012130730150843000
16131012130730150843800
16131012130730150844600
16131012130730150845300
16131012130730150846100
16131012130730150846900
16131012130730150847600
16131012130730150848400
16131012130730150849200
16131012130730150850000
16131012130730150850800
16131012130730150851700
16131012130730150852500
16131012130730150853300
16131012130730150854100
16131012130730150854900
16131012130730150855700
16131012130730150856400
16131012130730150857200
16131012130730150857900
16131012130730150858700
16131012130730150859400
16131012130730150900200
16131012130730150901000
16131012130730150901800
16131012130730150902600
16131012130730150903400
16131012130730150904200
16131012130730150904900
16131012130730150905700
16131012130730150906500
16131012130730150907300
16131012130730150908000
16131012130730150908800
16131012130730150909500
16131012130730150910300
16131012130730150911000
16131012130730150911800
16131012130730150912500
16131012130730150913200
16131012130730150914000
16131012130730150914900
16131012130730150915700
16131012130730150916600
16131012130730150917400
16131012130730150918300
16131012130730150919200
16131012130730150920100
16131012130730150921000
16131012130730150921900
16131012130730150922600
16131012130730150923400
16131012130730150924300
16131012130730150925100
16131012130730150925900
16131012130730150926600
16131012130730150927400
16131012130730150928200
16131012130730150929000
16131012130730150929800
16131012130730150930600
16131012130730150931500
16131012130730150932300
16131012130730150933100
16131012130730150933900
16131012130730150934800
16131012130730150935600
16131012130730150936600
16131012130730150937800
16131012130730150939000
16131012130730150940200
16131012130730150941400
16131012130730150942500
16131012130730150943600
16131012130730150944500
16131012130730150945500
16131012130730150946400
16131012130730150947200
16131012130730150948100
16131012130730150948900
16131012130730150949700
16131012130730150950500
16131012130730150951300
16131012130730150952100
16131012130730150952900
16131012130730150953800
16131012130730150954700
16131012130730150955700
16131012130730150956600
16131012130730150957600
16131012130730150958600
16131012130730150959500
16131012130730151000500
16131012130730151001400
16131012130730151002400
16131012130730151003300
16131012130730151004300
16131012130730151005200
16131012130730151006100
16131012130730151007000
16131012130730151008000
16131012130730151009000
16131012130730151009900
16131012130730151010900
16131012130730151011900
16131012130730151012900
16131012130730151013900
16131012130730151014900
16131012130730151016000
16131012130730151017000
16131012130730151018100
16131012130730151019100
16131012130730151020100
16131012130730151021100
16131012130730151022000
16131012130730151022900
16131012130730151023800
16131012130730151024700
16131012130730151025500
16131012130730151026400
16131012130730151027200
16131012130730151028000
16131012130730151028900
16131012130730151029700
16131012130730151030500
16131012130730151031300
16131012130730151032100
16131012130730151032900
16131012130730151033700
16131012130730151034500
16131012130730151035200
16131012130730151036000
16131012130730151036800
16131012130730151037600
16131012130730151038400
16131012130730151039200
16131012130730151040000
16131012130730151040800
16131012130730151041600
16131012130730151042400
16131012130730151043200
16131012130730151044000
16131012130730151044800
16131012130730151045600
16131012130730151046400
16131012130730151047200
16131012130730151048000
16131012130730151048700
16131012130730151049500
16131012130730151050300
16131012130730151051000
16131012130730151051800
16131012130730151052500
16131012130730151053300
16131012130730151054000
16131012130730151054800
16131012130730151055500
16131012130730151056300
16131012130730151057000
16131012130730151057800
16131012130730151058600
16131012130730151059300
16131012130730151100100
16131012130730151100800
16131012130730151101600
16131012130730151102400
16131012130730151103100
16131012130730151103800
16131012130730151104600
16131012130730151105400
16131012130730151106100
16131012130730151107000
16131012130730151107800
16131012130730151108700
16131012130730151109600
16131012130730151110600
16131012130730151111500
16131012130730151112400
16131012130730151113300
16131012130730151114200
16131012130730151115100
16131012130730151116000
16131012130730151116900
16131012130730151117700
16131012130730151118500
16131012130730151119400
16131012130730151120200
16131012130730151121100
16131012130730151121900
16131012130730151122800
16131012130730151123600
16131012130730151124500
16131012130730151125300
16131012130730151126100
16131012130730151127000
16131012130730151127800
16131012130730151128600
16131012130730151129400
16131012130730151130200
16131012130730151131000
16131012130730151131800
16131012130730151132600
16131012130730151133300
16131012130730151134100
16131012130730151134800
16131012130730151135500
16131012130730151136300
16131012130730151137000
16131012130730151137700
16131012130730151138400
16131012130730151139200
16131012130730151140000
16131012130730151140900
16131012130730151141800
16131012130730151142600
16131012130730151143500
16131012130730151144400
16131012130730151145200
16131012130730151146100
16131012130730151147000
16131012130730151147900
16131012130730151148700
16131012130730151149600
16131012130730151150500
16131012130730151151400
16131012130730151152300
16131012130730151153200
16131012130730151154100
16131012130730151155000
16131012130730151155900
16131012130730151156700
16131012130730151157600
16131012130730151158500
16131012130730151159300
16131012130730151200300
16131012130730151201400
16131012130730151202600
16131012130730151203900
16131012130730151205300
16131012130730151207500
16131012130730151209700
16131012130730151211400
16131012130730151212900
16131012130730151214300
16131012130730151216000
16131012130730151217900
16131012130730151220400
16131012130730151223200
16131012130730151225300
16131012130730151227000
16131012130730151229100
16131012130730151230900
16131012130730151232300
16131012130730151233500
16131012130730151234700
16131012130730151235800
16131012130730151236800
16131012130730151237900
16131012130730151239000
16131012130730151240100
16131012130730151241300
16131012130730151242300
16131012130730151243400
16131012130730151244300
16131012130730151245300
16131012130730151246300
16131012130730151247200
16131012130730151248100
16131012130730151249000
16131012130730151249800
16131012130730151250700
16131012130730151251500
16131012130730151252200
16131012130730151253000
16131012130730151253800
16131012130730151254600
16131012130730151255400
16131012130730151256300
16131012130730151257200
16131012130730151258000
16131012130730151258900
16131012130730151259600
16131012130730151300400
16131012130730151301100
16131012130730151301800
16131012130730151302600
16131012130730151303300
16131012130730151304000
16131012130730151304700
16131012130730151305500
16131012130730151306400
16131012130730151307300
16131012130730151308200
16131012130730151309100
16131012130730151310000
16131012130730151311000
16131012130730151311900
16131012130730151312800
16131012130730151313800
16131012130730151314700
16131012130730151315700
16131012130730151316600
16131012130730151317500
16131012130730151318500
16131012130730151319400
16131012130730151320300
16131012130730151321200
16131012130730151322000
16131012130730151322900
16131012130730151323700
16131012130730151324500
16131012130730151325300
16131012130730151326200
16131012130730151327000
16131012130730151327900
16131012130730151328700
16131012130730151329600
16131012130730151330400
16131012130730151331200
16131012130730151332100
16131012130730151332900
16131012130730151333700
16131012130730151334600
16131012130730151335400
16131012130730151336200
16131012130730151337000
16131012130730151338100
16131012130730151339500
16131012130730151340900
16131012130730151342100
16131012130730151343200
16131012130730151344100
16131012130730151345000
16131012130730151345800
16131012130730151346600
16131012130730151347400
16131012130730151348100
16131012130730151348800
16131012130730151349600
16131012130730151350300
16131012130730151351100
16131012130730151351900
16131012130730151352800
16131012130730151353500
16131012130730151354300
16131012130730151355000
16131012130730151355800
16131012130730151356600
16131012130730151357400
16131012130730151358200
16131012130730151359000
16131012130730151359800
16131012130730151400600
16131012130730151401400
16131012130730151402200
16131012130730151403000
16131012130730151403800
16131012130730151404500
16131012130730151405300
16131012130730151406000
16131012130730151406700
16131012130730151407500
16131012130730151408200
16131012130730151408900
16131012130730151409600
16131012130730151410400
16131012130730151411100
16131012130730151411800
16131012130730151412600
16131012130730151413500
16131012130730151414400
16131012130730151415200
16131012130730151416100
16131012130730151416900
16131012130730151417700
16131012130730151418500
16131012130730151419200
16131012130730151420000
16131012130730151420700
16131012130730151421500
16131012130730151422200
16131012130730151422900
16131012130730151423700
16131012130730151424400
16131012130730151425100
16131012130730151426000
16131012130730151426800
16131012130730151427700
16131012130730151428600
16131012130730151429500
16131012130730151430400
16131012130730151431300
16131012130730151432200
16131012130730151433100
16131012130730151434000
16131012130730151434900
16131012130730151435700
16131012130730151436600
16131012130730151437600
16131012130730151438500
16131012130730151439500
16131012130730151440400
16131012130730151441400
16131012130730151442300
16131012130730151443200
16131012130730151444100
16131012130730151445000
16131012130730151445900
16131012130730151446900
16131012130730151447800
16131012130730151448700
16131012130730151449600
16131012130730151450500
16131012130730151451400
16131012130730151452200
16131012130730151453100
16131012130730151454000
16131012130730151454900
16131012130730151455700
16131012130730151456500
16131012130730151457300
16131012130730151458100
16131012130730151458900
16131012130730151459700
16131012130730151500500
16131012130730151501500
16131012130730151502600
16131012130730151503800
16131012130730151505100
16131012130730151506600
16131012130730151508200
16131012130730151509600
16131012130730151510900
16131012130730151512100
16131012130730151513400
16131012130730151514600
16131012130730151515800
16131012130730151517100
16131012130730151518400
16131012130730151519700
16131012130730151521000
16131012130730151522300
16131012130730151523600
16131012130730151524800
16131012130730151526100
16131012130730151527300
16131012130730151528500
16131012130730151529700
16131012130730151530800
16131012130730151531900
16131012130730151533000
16131012130730151534100
16131012130730151535100
16131012130730151536200
16131012130730151537300
16131012130730151538300
16131012130730151539300
16131012130730151540400
16131012130730151541400
16131012130730151542400
16131012130730151543500
16131012130730151544700
16131012130730151545800
16131012130730151547000
16131012130730151548200
16131012130730151549600
16131012130730151550900
16131012130730151552200
16131012130730151553400
16131012130730151554500
16131012130730151555800
16131012130730151557300
16131012130730151559100
16131012130730151600700
16131012130730151602300
16131012130730151603900
16131012130730151605500
16131012130730151607600
16131012130730151611100
16131012130730151620300
16131012130730151623800
16131012130730151626600
16131012130730151630000
16131012130730151633400
16131012130730151636500
16131012130730151638700
16131012130730151641500
16131012130730151645200
16131012130730151653200
16131012130730153550200
16131012130730153556200
16131012130730153559900
16131012130730153602800
16131012130730153605700
16131012130730153609300
16131012130730153612700
16131012130730153615700
16131012130730153619000
16131012130730153621800
16131012130730153624800
16131012130730153629500
16131012130730153634200
16131012130730153640000
16131012130730153645600
16131012130730153650800
16131012130730153655100
16131012130730153659200
16131012130730153703700
16131012130730153707500
16131012130730153711900
16131012130730153715900
16131012130730153719100
16131012130730153722000
16131012130730153725500
16131012130730153729100
16131012130730153735600
16131012130730153739500
16131012130730153742200
16131012130730153745500
16131012130730153751700
16131012130730153804200
16131012130730153810500
16131012130730153814800
16131012130730153817700
16131012130730153820800
16131012130730153824600
16131012130730153905000
16131012130730153910700
16131012130730153915800
16131012130730153921200
16131012130730153926000
16131012130730153931600
16131012130731094519700
16131012130731094525700
16131012130731094527600
16131012130731094529100
16131012130731094530600
16131012130731094531900
16131012130731094533200
16131012130731094534600
16131012130731094535900
16131012130731094537100
16131012130731094538100
16131012130731094539100
16131012130731094540200
16131012130731094541200
16131012130731094542200
16131012130731094543200
16131012130731094544100
16131012130731094545100
16131012130731094546000
16131012130731094546900
16131012130731094547800
16131012130731094548600
16131012130731094549500
16131012130731094550300
16131012130731094551200
16131012130731094552200
16131012130731094553700
16131012130731094556100
16131012130731094557800
16131012130731094559100
16131012130731094600200
16131012130731094601300
16131012130731094602200
16131012130731094603200
16131012130731094604000
16131012130731094604900
16131012130731094605800
16131012130731094606800
16131012130731094607700
16131012130731094608700
16131012130731094609700
16131012130731094610700
16131012130731094611700
16131012130731094612800
16131012130731094614000
16131012130731094615400
16131012130731094617100
16131012130731094619800
16131012130731094622100
16131012130731094624400
16131012130731094626900
16131012130731095703400
16131012130731095705600
16131012130731095707100
16131012130731095708300
16131012130731095709400
16131012130731095710400
16131012130731095711400
16131012130731095712400
16131012130731095955000
16131012130731095959300
16131012130731100001500
16131012130731100003200
16131012130731100004700
16131012130731100006300
16131012130731100007800
16131012130731100010700
16131012130731100012600
16131012130731100014200
16131012130731100015600
16131012130731100016800
16131012130731100018000
16131012130731100019200
16131012130731100020900
16131012130731100023800
16131012130731100025600
16131012130731100027000
16131012130731100028300
16131012130731100029600
16131012130731100031000
16131012130731100032700
16131012130731100039300
16131012130731100042100
16131012130731100043700
16131012130731100045300
16131012130731100047000
16131012130731100051000
16131012130731100329800
16131012130731100332000
16131012130731100334600
16131012130731100350800
16131012130731100354100
16131012130731100355900
16131012130731100357400
16131012130731100358700
16131012130731100400000
16131012130731100401600
16131012130731100403400
16131012130731100407300
16131012130731100410800
16131012130717095902000
16131012130717095908600
16131012130717095910100
16131012130717095911700
16131012130717095913300
16131012130717095915100
16131012130717095916800
16131012130717095918200
16131012130717095919600
16131012130717095921200
16131012130717095922900
16131012130717095924400
16131012130717095925900
16131012130717095927200
16131012130717095928400
16131012130717095929700
16131012130717095930900
16131012130717095932100
16131012130717095933400
16131012130717095934700
16131012130717095936100
16131012130717095937600
16131012130717095939100
16131012130717095940500
16131012130717095941800
16131012130717095943100
16131012130717095944400
16131012130717095945800
16131012130717095947200
16131012130717095948800
16131012130717095950800
16131012130717095954000
16131012130717095956200
16131012130717095957700
16131012130717095959000
16131012130717100000200
16131012130717100001500
16131012130717100002700
16131012130717100004100
16131012130717100005400
16131012130717100006800
16131012130717100008100
16131012130717100009300
16131012130717100010600
16131012130717100012000
16131012130717100013300
16131012130717100014700
16131012130717100016100
16131012130717100017500
16131012130717100018900
16131012130717100020300
16131012130717100021500
16131012130717100022700
16131012130717100023900
16131012130717100025000
16131012130717100026000
16131012130717100027100
16131012130717100028200
16131012130717100029300
16131012130717100030300
16131012130717100031400
16131012130717100032500
16131012130717100033600
16131012130717100034700
16131012130717100035800
16131012130717100036900
16131012130717100038100
16131012130717100039200
16131012130717100040400
16131012130717100041500
16131012130717100042700
16131012130717100043900
16131012130717100045200
16131012130717100046700
16131012130717100051300
16131012130717100054400
16131012130717100056100
16131012130717100057600
16131012130717100058900
16131012130717100100000
16131012130717100101000
16131012130717100102000
16131012130717100103000
16131012130717100103900
16131012130717100104800
16131012130717100105700
16131012130717100106600
16131012130717100107600
16131012130717100108700
16131012130717100109800
16131012130717100111000
16131012130717100112100
16131012130717100113200
16131012130717100114400
16131012130717100115600
16131012130717100116900
16131012130717100118300
16131012130717100119800
16131012130717100121300
16131012130717100122700
16131012130717100123800
16131012130717100124900
16131012130717100125900
16131012130717100127000
16131012130717100133700
16131012130717100134700
16131012130717100135700
16131012130717100136600
16131012130717100137600
16131012130717100138500
16131012130717100139500
16131012130717100140400
16131012130717100143900
16131012130717100146500
16131012130717100350600
16131012130717100352400
16131012130717100357700
16131012130717100359100
16131012130717100400700
16131012130717100402000
16131012130717100403300
16131012130717100404600
16131012130717100405700
16131012130717100415200
16131012130717100416500
16131012130717100417800
16131012130717100419600
16131012130717100422400
16131012130717100424400
16131012130717100426100
16131012130717100427900
16131012130717100429400
16131012130717100431100
16131012130717100433200
16131012130717100436000
16131012130717100439300
16131012130717100441600
16131012130717100443300
16131012130717100444700
16131012130717100445900
16131012130717100447000
16131012130717100448100
16131012130717100449100
16131012130717100450100
16131012130717100451200
16131012130717100452700
16131012130717100454700
16131012130717100516900
16131012130717100518800
16131012130717100520400
16131012130717100521900
16131012130717100523200
16131012130717100524600
16131012130717100525800
16131012130717100527000
16131012130717100528200
16131012130717100529300
16131012130717100530600
16131012130717100531900
16131012130717100533400
16131012130717100535300
16131012130717100537100
16131012130717100539000
16131012130717100541000
16131012130717100542800
16131012130717100544200
16131012130717100545400
16131012130717100546500
16131012130717100547600
16131012130717100548700
16131012130717100550000
16131012130717100551800
16131012130717100555200
16131012130717100557400
16131012130717100558800
16131012130717100600000
16131012130717100601300
16131012130717100602400
16131012130717100603600
16131012130717100604700
16131012130717100605900
16131012130717100607000
16131012130717100608200
16131012130717100609600
16131012130717100611000
16131012130717100612300
16131012130717100613700
16131012130717100615400
16131012130717100617400
16131012130717100619700
16131012130717100621700
16131012130717100624100
16131012130717100626100
16131012130717100628300
16131012130717100630500
16131012130717100632700
16131012130717100634800
16131012130717100636300
16131012130717100637500
16131012130717100638600
16131012130717100639600
16131012130717100640500
16131012130717100641400
16131012130717100642200
16131012130717100643100
16131012130717100643900
16131012130717100644700
16131012130717100645600
16131012130717100646500
16131012130717100647500
16131012130717100648400
16131012130717100649400
16131012130717100650300
16131012130717100651400
16131012130717100652600
16131012130717100653900
16131012130717100655200
16131012130717100656500
16131012130717100657600
16131012130717100658600
16131012130717100659600
16131012130717100700400
16131012130717100701300
16131012130717100702100
16131012130717100702800
16131012130717100703600
16131012130717100706000
16131012130717100707000
16131012130731110033800
16131012130731110035800
16131012130731110037500
16131012130731110039300
16131012130731110040900
16131012130731110042500
16131012130731110044000
16131012130731110045400
16131012130731110046800
16131012130731110048100
16131012130731110049500
16131012130731110051000
16131012130731110052700
16131012130731110054900
16131012130731110058100
16131012130731110101000
16131012130731110107000
16131012130731110111800
16131012130731110114000
16131012130731110116000
16131012130731110118000
16131012130731110119900
16131012130731110121900
16131012130731110124300
16131012130731110132000
16131012130717101855700
16131012130717101858700
16131012130717101901500
16131012130717101904200
16131012130717101906600
16131012130717101908800
16131012130717101911200
16131012130717101914100
16131012130717101917100
16131012130717101920600
16131012130717101923600
16131012130717101925600
16131012130717101927800
16131012130717101929800
16131012130717101932200
16131012130717101934700
16131012130717101937400
16131012130717101939700
16131012130717101942400
16131012130717101945600
16131012130717101949500
16131012130717101954500
16131012130717101957000
16131012130717101959200
16131012130717102001000
16131012130717102002500
16131012130717102003800
16131012130717102005000
16131012130717102006300
16131012130717102008000
16131012130717102010700
16131012130717102015100
16131012130717102016800
16131012130717102018300
16131012130717102019500
16131012130717102020700
16131012130717102021800
16131012130717102022900
16131012130717102024200
16131012130717102026000
16131012130717102027700
16131012130717102029400
16131012130717102031400
16131012130717102033700
16131012130717102036000
16131012130717102038400
16131012130717102040900
16131012130717102043200
16131012130717102045100
16131012130717102046900
16131012130717102048500
16131012130717102049900
16131012130717102051100
16131012130717102052200
16131012130717102053300
16131012130717102054400
16131012130717102055600
16131012130717102056900
16131012130717102058200
16131012130717102059500
16131012130717102100800
16131012130717102102200
16131012130717102103500
16131012130717102105200
16131012130717102107800
16131012130717102111400
16131012130717102113200
16131012130717102114800
16131012130717102116000
16131012130717102117100
16131012130717102118200
16131012130717102119300
16131012130717102120300
16131012130717102121200
16131012130717102122200
16131012130717102123100
16131012130717102123900
16131012130717102124800
16131012130717102125700
16131012130717102126500
16131012130717102127400
16131012130717102128300
16131012130717102129500
16131012130717102130700
16131012130717102132000
16131012130717102133200
16131012130717102134400
16131012130717102135800
16131012130717102138500
16131012130719095656500
16131012130719095658900
16131012130719095700900
16131012130719095702500
16131012130719095704000
16131012130719095705300
16131012130719095706600
16131012130719095707800
16131012130719095709000
16131012130719095710300
16131012130719095711500
16131012130719095712700
16131012130719095713900
16131012130719095715100
16131012130719095716200
16131012130719095717300
16131012130719095718400
16131012130719095719600
16131012130719095720800
16131012130719095722000
16131012130719095723300
16131012130719095724600
16131012130719095725800
16131012130719095727000
16131012130719095728100
16131012130719095729100
16131012130719095730100
16131012130719095731000
16131012130719095732000
16131012130719095732900
16131012130719095733900
16131012130719095734800
16131012130719095735700
16131012130719095736700
16131012130719095737600
16131012130719095738500
16131012130719095739500
16131012130719095740400
16131012130719095741400
16131012130719095742300
16131012130719095743200
16131012130719095744200
16131012130719095745200
16131012130719095746200
16131012130719095747200
16131012130719095748400
16131012130719095749800
16131012130719095752500
16131012130719095756600
16131012130719095804700
16131012130719095807400
16131012130719095809000
16131012130719095810400
16131012130719095811600
16131012130719095812700
16131012130719095813700
16131012130719095814800
16131012130719095815800
16131012130719095816800
16131012130719095817800
16131012130719095818800
16131012130719095819800
16131012130719095820900
16131012130719095821900
16131012130719095823000
16131012130719095824200
16131012130719095825300
16131012130719095826400
16131012130719095827500
16131012130719095828500
16131012130719095829500
16131012130719095830600
16131012130719095831600
16131012130719095832500
16131012130719095833500
16131012130719095834500
16131012130719095835500
16131012130719095836400
16131012130719095837400
16131012130719095838600
16131012130719095840100
16131012130719095841500
16131012130731094629500
16131012130731094631500
16131012130731094634100
16131012130731094636100
16131012130731094637500
16131012130731094638600
16131012130731094639600
16131012130731094640400
16131012130731094641300
16131012130731094642000
16131012130731094642800
16131012130731094643700
16131012130731094644500
16131012130731094645300
16131012130731094646000
16131012130731094646700
16131012130731094647500
16131012130731094648200
16131012130731094649000
16131012130731094649700
16131012130731094650400
16131012130731094651200
16131012130731094651900
16131012130731094652600
16131012130731094653300
16131012130731094654000
16131012130731094654800
16131012130731094655600
16131012130731094656400
16131012130731094657200
16131012130731094658000
16131012130731094658800
16131012130731094659700
16131012130731094700500
16131012130731094701500
16131012130731094702600
16131012130731094703700
16131012130731094704800
16131012130731094705700
16131012130731094706600
16131012130731094707500
16131012130731094708400
16131012130731094709300
16131012130731094710100
16131012130731094711000
16131012130731094711800
16131012130731094712600
16131012130731094713500
16131012130731094714300
16131012130731094715100
16131012130731094715900
16131012130731094716700
16131012130731094717600
16131012130731094718400
16131012130731094719300
16131012130731094720100
16131012130731094721000
16131012130731094721800
16131012130731094722700
16131012130731094723600
16131012130731094724500
16131012130731094725400
16131012130731094726300
16131012130731094727200
16131012130731094728100
16131012130731094728900
16131012130731094729800
16131012130731094730600
16131012130731094731400
16131012130731094732300
16131012130731094733100
16131012130731094733900
16131012130731094734800
16131012130731094735700
16131012130731094736500
16131012130731094737400
16131012130731094738200
16131012130731094739100
16131012130731094740000
16131012130731094740800
16131012130731094741700
16131012130731094742500
16131012130731094743400
16131012130731094744400
16131012130731094745600
16131012130731094747000
16131012130731094748500
16131012130731094749700
16131012130731094750900
16131012130731094752100
16131012130731094753100
16131012130731094754100
16131012130731094755100
16131012130731094756000
16131012130731094757000
16131012130731094757900
16131012130731094759000
16131012130731094800000
16131012130731094801400
16131012130731094802800
16131012130731094804100
16131012130731094805400
16131012130731094806500
16131012130731094807500
16131012130731094808400
16131012130731094809300
16131012130731094810200
16131012130731094811100
16131012130731094811900
16131012130731094812800
16131012130731094813600
16131012130731094814500
16131012130731094815300
16131012130731094816200
16131012130731094817100
16131012130731094818100
16131012130731094819100
16131012130731094820000
16131012130731094820900
16131012130731094821800
16131012130731094822800
16131012130731094823800
16131012130731094824800
16131012130731094825800
16131012130731094826800
16131012130731094827700
16131012130731094828600
16131012130731094829500
16131012130731094830400
16131012130731094831300
16131012130731094832300
16131012130731094833200
16131012130731094834200
16131012130731094835100
16131012130731094836000
16131012130731094837000
16131012130731094838100
16131012130731094839100
16131012130731094840100
16131012130731094841000
16131012130731094842000
16131012130731094843100
16131012130731094844200
16131012130731094845200
16131012130731094846400
16131012130731094847600
16131012130731094848900
16131012130731094850100
16131012130731094851500
16131012130731094852800
16131012130731094854000
16131012130731094855100
16131012130731094856500
16131012130731094858000
16131012130731094859500
16131012130731094901000
16131012130731094902400
16131012130731094904000
16131012130731094905600
16131012130731094907200
16131012130731094908900
16131012130731094910600
16131012130731094912400
16131012130731094914300
16131012130731094916100
16131012130731094918200
16131012130731094920100
16131012130731094922000
16131012130731094923700
16131012130731094925200
16131012130731094926900
16131012130731094928500
16131012130731094930200
16131012130731094932700
16131012130731094937400
16131012130717092150300
16131012130717092152700
16131012130717092154200
16131012130717092155400
16131012130717092156500
16131012130717092157500
16131012130717092158600
16131012130717092159600
16131012130717092200600
16131012130717092201600
16131012130717092202600
16131012130717092203700
16131012130717092205700
16131012130717092208200
16131012130717092209800
16131012130717092211100
16131012130717092212300
16131012130717092213300
16131012130717092214300
16131012130717092215400
16131012130717092216400
16131012130717092217500
16131012130717092219100
16131012130717092221000
16131012130717092222600
16131012130717092223900
16131012130717092225100
16131012130717092226200
16131012130717092227300
16131012130717092228300
16131012130717092229400
16131012130717092230700
16131012130717092231900
16131012130717092233000
16131012130717092234100
16131012130717092235100
16131012130717092236100
16131012130717092237100
16131012130717092238100
16131012130717092239000
16131012130717092240000
16131012130717092240900
16131012130717092241900
16131012130717092242800
16131012130717092243700
16131012130717092244700
16131012130717092245600
16131012130717092246500
16131012130717092247500
16131012130717092248500
16131012130717092249600
16131012130717092250700
16131012130717092251700
16131012130717092253000
16131012130717092254300
16131012130717092255700
16131012130717092257100
16131012130717092300200
16131012130717092305100
16131012130717092308000
16131012130717092311500
16131012130717092314500
16131012130717092318300
16131012130717092322400
16131012130717092324500
16131012130717092326600
16131012130717092329100
16131012130717092331800
16131012130717092334100
16131012130717092337000
16131012130717092339700
16131012130717092342800
16131012130717092345700
16131012130717092348600
16131012130717092353100
16131012130717092355500
16131012130717092358400
16131012130717092403100
16131012130717092406700
16131012130717092410900
16131012130717092418800
16131012130717092429200
16131012130717092434400
16131012130717092437500
16131012130717092439800
16131012130717092442800
16131012130717092445700
16131012130717092447400
16131012130717092448900
16131012130717092451000
16131012130717092454200
16131012130717092500400
16131012130717093029700
16131012130717093032900
16131012130717093034800
16131012130717093036400
16131012130717093037900
16131012130717093039100
16131012130717093040400
16131012130717093041600
16131012130717093042700
16131012130717093043800
16131012130717093044900
16131012130717093046100
16131012130717093047300
16131012130717093047600
16131012130717093049000
16131012130717093050400
16131012130717093051600
16131012130717093052900
16131012130717093054200
16131012130717093055400
16131012130717093056600
16131012130717093057800
16131012130717093059000
16131012130717093100100
16131012130717093101200
16131012130717093102300
16131012130717093103400
16131012130717093104700
16131012130717093106300
16131012130717093108100
16131012130717093109600
16131012130717093111200
16131012130717093113900
16131012130717093116100
16131012130717093117700
16131012130717093119600
16131012130717093122500
16131012130717093129900
16131012130717093132300
16131012130717093133800
16131012130717093135100
16131012130717093136400
16131012130717093138000
16131012130717093139400
16131012130717093140800
16131012130717093142300
16131012130717093143600
16131012130717093145600
16131012130717093147500
16131012130717093148900
16131012130717093150300
16131012130717093152000
16131012130717093154200
16131012130717093156000
16131012130717093157400
16131012130717093158800
16131012130717093200000
16131012130717093201200
16131012130717093202700
16131012130717093204300
16131012130717093205700
16131012130717093207700
16131012130717093209900
16131012130717093211300
16131012130717093212600
16131012130717093213900
16131012130717093215300
16131012130717093216700
16131012130717093219100
16131012130720102419900
16131012130720102422000
16131012130720102423500
16131012130720102424700
16131012130720102425900
16131012130720102426900
16131012130720102428000
16131012130720102429000
16131012130720102430100
16131012130720102431000
16131012130720102432000
16131012130720102433000
16131012130720102434000
16131012130720102435000
16131012130720102436000
16131012130720102437000
16131012130720102438100
16131012130720102439200
16131012130720102440200
16131012130720102441200
16131012130720102442200
16131012130720102443200
16131012130720102444300
16131012130720102445500
16131012130720102446800
16131012130720102448200
16131012130720102450000
16131012130720102451900
16131012130720102453500
16131012130720102455000
16131012130720102456500
16131012130720102459100
16131012130720102501600
16131012130720102503100
16131012130720102504400
16131012130720102505500
16131012130720102506500
16131012130720102507500
16131012130720102508400
16131012130720102509300
16131012130720102510200
16131012130720102511100
16131012130720102511900
16131012130720102512800
16131012130720102513600
16131012130720102514500
16131012130720102515300
16131012130720102516200
16131012130720102517100
16131012130720102518000
16131012130720102519200
16131012130720102520600
16131012130720102522200
16131012130720102523500
16131012130720102524800
16131012130720102526000
16131012130720102527300
16131012130720102528500
16131012130720102529800
16131012130720102531100
16131012130720102532200
16131012130720102533300
16131012130720102534500
16131012130720102535600
16131012130720102536700
16131012130720102537800
16131012130720102538900
16131012130720102539900
16131012130720102540900
16131012130720102541900
16131012130720102542900
16131012130720102544000
16131012130720102545000
16131012130720102546100
16131012130720102547300
16131012130720102548600
16131012130720102550100
16131012130720102551600
16131012130720102553100
16131012130720102554500
16131012130720102555900
16131012130720102557100
16131012130720102558400
16131012130720102559600
16131012130720102600900
16131012130720102602800
16131012130720102605200
16131012130720102607200
16131012130720102608600
16131012130720102609900
16131012130720102611400
16131012130720102613100
16131012130720102614500
16131012130720102615800
16131012130720102617200
16131012130720102618400
16131012130719095842800
16131012130719095844000
16131012130719095845100
16131012130719095846200
16131012130719095847200
16131012130719095848100
16131012130719095849100
16131012130719095850100
16131012130719095851000
16131012130719095852000
16131012130719095853000
16131012130719095854100
16131012130719095855300
16131012130719095856500
16131012130719095857800
16131012130719095858900
16131012130719095900100
16131012130719095901300
16131012130719095902500
16131012130719095903700
16131012130719095904900
16131012130719095906000
16131012130719095907000
16131012130719095908100
16131012130719095909300
16131012130719095910300
16131012130719095911400
16131012130719095912500
16131012130719095913700
16131012130719095914800
16131012130719095916200
16131012130719095917700
16131012130719095919500
16131012130719095921600
16131012130719095923200
16131012130719095924600
16131012130719095925800
16131012130719095926900
16131012130719095928000
16131012130719095929100
16131012130719095930200
16131012130719095931300
16131012130719095932300
16131012130719095933400
16131012130719095934700
16131012130719095936200
16131012130719095937600
16131012130719095938900
16131012130719095940500
16131012130719095942200
16131012130719095943600
16131012130719095945000
16131012130719095946300
16131012130719095947400
16131012130719095948600
16131012130719095949700
16131012130719095950800
16131012130719095951800
16131012130719095952900
16131012130719095953800
16131012130719095954800
16131012130719095955800
16131012130719095956800
16131012130719095957800
16131012130719095958800
16131012130719095959900
16131012130719100001200
16131012130719100002900
16131012130719100019400
16131012130719100022200
16131012130719100024500
16131012130719094743300
16131012130719094745200
16131012130719094746700
16131012130719094748100
16131012130719094749300
16131012130719094750500
16131012130719094751600
16131012130719094752600
16131012130719094753600
16131012130719094754600
16131012130719094755600
16131012130719094756600
16131012130719094757600
16131012130719094758600
16131012130719094759500
16131012130719094800500
16131012130719094801400
16131012130719094802300
16131012130719094803200
16131012130719094804000
16131012130719094804900
16131012130719094805700
16131012130719094806500
16131012130719094807400
16131012130719094808300
16131012130719094809200
16131012130719094810000
16131012130719094810900
16131012130719094811800
16131012130719094812700
16131012130719094816900
16131012130719094817800
16131012130719094818600
16131012130719094819600
16131012130719094820500
16131012130719094821800
16131012130719094825300
16131012130719094831800
16131012130731100915700
16131012130731100920100
16131012130731100922700
16131012130731100925100
16131012130731100927300
16131012130731100929300
16131012130731100931300
16131012130731100932900
16131012130731100935400
16131012130731100937400
16131012130731100938900
16131012130731100940300
16131012130731100941800
16131012130731100943200
16131012130731100945300
16131012130731100947000
16131012130731100948300
16131012130731100949500
16131012130731100950500
16131012130731100951500
16131012130731100952500
16131012130731100953600
16131012130731100954600
16131012130731100955500
16131012130731100956500
16131012130731100957500
16131012130731100958500
16131012130731100959500
16131012130731101000900
16131012130731101002900
16131012130717101218300
16131012130717101220000
16131012130717101221500
16131012130717101222800
16131012130717101224100
16131012130717101226100
16131012130717101229000
16131012130717101231300
16131012130717101233100
16131012130717101235100
16131012130717101236900
16131012130717101238900
16131012130717101241200
16131012130717101243400
16131012130717101245400
16131012130717101247000
16131012130717101248800
16131012130717101250600
16131012130717101252600
16131012130717101254600
16131012130717101257800
16131012130717101301000
16131012130717101303000
16131012130717101305000
16131012130717101307000
16131012130717101309200
16131012130717101311700
16131012130717101314700
16131012130717101317700
16131012130717101320500
16131012130717101323800
16131012130717101326200
16131012130717101331500
16131012130717101334300
16131012130717101335900
16131012130717101337300
16131012130717101338500
16131012130717101339600
16131012130717101340700
16131012130717101342100
16131012130717101343900
16131012130717101345600
16131012130717101346800
16131012130717101347900
16131012130717101349000
16131012130717101350100
16131012130717101351100
16131012130717101352100
16131012130717101353100
16131012130717101354100
16131012130717101355000
16131012130717101356000
16131012130717101357000
16131012130717101358200
16131012130717101359900
16131012130717101401900
16131012130717101403400
16131012130717101404600
16131012130717101405700
16131012130717101406700
16131012130717101407700
16131012130717101408600
16131012130717101409600
16131012130717101410700
16131012130717101412600
16131012130717095552200
16131012130717095554900
16131012130717095556600
16131012130717095558100
16131012130717095559500
16131012130717095601000
16131012130717095602400
16131012130717095603700
16131012130717095604900
16131012130717095606000
16131012130717095607100
16131012130717095608200
16131012130717095609200
16131012130717095610200
16131012130717095611200
16131012130717095612200
16131012130717095613200
16131012130717095614200
16131012130717095615100
16131012130717095616100
16131012130717095617000
16131012130717095618000
16131012130717095619000
16131012130717095620000
16131012130717095621000
16131012130717095622100
16131012130717095623300
16131012130717095624500
16131012130717095625600
16131012130717095626800
16131012130717095627900
16131012130717095629100
16131012130717095630300
16131012130717095631500
16131012130717095632700
16131012130717095634100
16131012130717095635600
16131012130717095643700
16131012130717095651000
16131012130717095700500
16131012130717095703300
16131012130717095705500
16131012130717095707200
16131012130717095708600
16131012130717095710100
16131012130717095711400
16131012130717095712600
16131012130717095713900
16131012130717095715100
16131012130717095716400
16131012130717095717700
16131012130717095719100
16131012130717095720600
16131012130717095722000
16131012130717095723200
16131012130717095724400
16131012130717095725600
16131012130717095726900
16131012130717095728300
16131012130717095729800
16131012130717095731300
16131012130717095732700
16131012130717095734100
16131012130717095735400
16131012130717095736600
16131012130717095737800
16131012130717095739000
16131012130717095740400
16131012130717095742300
16131012130717095744600
16131012130717095748500
16131012130717095750900
16131012130719154034300
16131012130719154035100
16131012130719154035900
16131012130719154036700
16131012130719154037500
16131012130719154038300
16131012130719154039200
16131012130719154040000
16131012130719154040900
16131012130719153936800
16131012130719153937700
16131012130719153938600
16131012130719153939400
16131012130719153940300
16131012130719153941100
16131012130719153941900
16131012130719153942700
16131012130719153943500
16131012130719153944300
16131012130719153945100
16131012130719153945900
16131012130731100525900
16131012130731100527500
16131012130731100529100
16131012130731100530400
16131012130731100531600
16131012130731100532700
16131012130731100533800
16131012130731100535000
16131012130731100536100
16131012130731100537100
16131012130731100538100
16131012130731100539200
16131012130731100540300
16131012130731100541600
16131012130731100542900
16131012130731100544100
16131012130731100545400
16131012130731100546500
16131012130731100547600
16131012130731100548700
16131012130731100549800
16131012130731100550900
16131012130731100551900
16131012130731100552900
16131012130731100553800
16131012130731100554700
16131012130731100555600
16131012130731100556600
16131012130731100557700
16131012130731100559300
16131012130731100602100
16131012130717100907500
16131012130717100908700
16131012130717100909800
16131012130717100910700
16131012130717100911600
16131012130717100912400
16131012130717100913200
16131012130717100914000
16131012130717100914800
16131012130717100915700
16131012130717100916500
16131012130717100917400
16131012130717100918400
16131012130717100919600
16131012130717100920800
16131012130717100921800
16131012130717100922800
16131012130717100923700
16131012130717100924600
16131012130717100925400
16131012130717100926300
16131012130717100931100
16131012130717100932700
16131012130717100934500
16131012130717100936100
16131012130717100938100
16131012130717100940400
16131012130717100943300
16131012130717100945500
16131012130717100947200
16131012130717100949000
16131012130717100950700
16131012130717100952400
16131012130717100954500
16131012130717100956300
16131012130717100958100
16131012130717101000500
16131012130717101003200
16131012130717101005900
16131012130717101010100
16131012130717101013400
16131012130717101018400
16131012130717101022600
16131012130717101024800
16131012130717101026300
16131012130717101027700
16131012130717101029200
16131012130717101031100
16131012130717101032500
16131012130717101034100
16131012130717101036900
16131012130717101039900
16131012130717101042300
16131012130717101044100
16131012130717101045500
16131012130717101046900
16131012130717101048300
16131012130717101049600
16131012130717101050800
16131012130717101052200
16131012130717101053800
16131012130717101055400
16131012130717101057300
16131012130717101058700
16131012130717101059900
16131012130717101101100
16131012130717101102600
16131012130717101105100
16131012130717101107000
16131012130717101108400
16131012130717101109800
16131012130717101112200
16131012130717101114100
16131012130717090221300
16131012130717090225000
16131012130717090228000
16131012130717090229400
16131012130717090336400
16131012130717090342500
16131012130717090344300
16131012130717090345700
16131012130717090346900
16131012130717090348000
16131012130717090349100
16131012130717090350200
16131012130717090351300
16131012130717090352400
16131012130717090353500
16131012130717090354700
16131012130717090355900
16131012130717090357300
16131012130717090358700
16131012130717090400000
16131012130717090401200
16131012130717090402300
16131012130717090403300
16131012130717090404300
16131012130717090405300
16131012130717090406200
16131012130717090407200
16131012130717090408100
16131012130717090409100
16131012130717090410100
16131012130717090411000
16131012130717090411900
16131012130717090412900
16131012130717090413800
16131012130717090414700
16131012130717090415600
16131012130717090416500
16131012130717090417500
16131012130717090418400
16131012130717090419500
16131012130717090420500
16131012130717090421400
16131012130717090422400
16131012130717090423400
16131012130717090424300
16131012130717090425200
16131012130717090426200
16131012130717090427200
16131012130717090428100
16131012130717090429200
16131012130717090430300
16131012130717090432200
16131012130717090434600
16131012130717090436200
16131012130717090437600
16131012130717090438800
16131012130717090440000
16131012130717090441100
16131012130717090442300
16131012130717090443400
16131012130717090444500
16131012130717090445700
16131012130717090446800
16131012130717090447800
16131012130717090448900
16131012130717090450000
16131012130717090451100
16131012130717090452300
16131012130717090453500
16131012130717090454800
16131012130717090456000
16131012130717090457200
16131012130717090458400
16131012130717090459600
16131012130717090501100
16131012130717090503500
16131012130717090507600
16131012130717090510000
16131012130717090511900
16131012130717090513700
16131012130717090515300
16131012130717090516700
16131012130717090518000
16131012130717090519200
16131012130717090520400
16131012130717090521600
16131012130717090522700
16131012130717090523700
16131012130717090524800
16131012130717090525800
16131012130717090526800
16131012130717090527800
16131012130717090528900
16131012130717090530100
16131012130717090531400
16131012130717090533000
16131012130717090535300
16131012130717090537500
16131012130717090539200
16131012130717090540600
16131012130717090541900
16131012130717090543100
16131012130717090544200
16131012130717090545300
16131012130717090546400
16131012130717090547600
16131012130717090548700
16131012130717090549900
16131012130717090551300
16131012130717090552600
16131012130717090553700
16131012130717090554800
16131012130717090555900
16131012130717090557000
16131012130717090558100
16131012130717090559100
16131012130717090600200
16131012130717090601200
16131012130717090602200
16131012130717090603200
16131012130717090604300
16131012130717090605500
16131012130717090606700
16131012130717090608400
16131012130717090610600
16131012130717090613300
16131012130717090628700
16131012130717090630400
16131012130717090632000
16131012130717090633500
16131012130717090634800
16131012130717090636000
16131012130717090637200
16131012130717090638200
16131012130717090639300
16131012130717090640300
16131012130717090641300
16131012130717090642400
16131012130717090643500
16131012130717090644600
16131012130717090645700
16131012130717090646800
16131012130717090647900
16131012130717090649200
16131012130717090652600
16131012130717090656000
16131012130717090657700
16131012130717090659100
16131012130717090700300
16131012130717090701500
16131012130717090702500
16131012130717090703600
16131012130717090704600
16131012130717090705600
16131012130717090706600
16131012130717090707600
16131012130717090708500
16131012130717090709500
16131012130717090710500
16131012130717090711500
16131012130717090712600
16131012130717090714100
16131012130717090716700
16131012130717090719000
16131012130717090720700
16131012130717090722300
16131012130717090723700
16131012130717090725100
16131012130717090726500
16131012130717090728000
16131012130717090729600
16131012130717090731200
16131012130717090732700
16131012130717090734200
16131012130717090735600
16131012130717090737100
16131012130717090738500
16131012130717090739900
16131012130717090741300
16131012130717090742600
16131012130717090744200
16131012130717090746200
16131012130717090749000
16131012130717090751000
16131012130717090752600
16131012130717090754000
16131012130717090755500
16131012130717090757100
16131012130717090759000
16131012130717090801400
16131012130717090813100
16131012130717090824400
16131012130717090826600
16131012130717090827500
16131012130717094202300
16131012130717094204500
16131012130717094205900
16131012130717094207100
16131012130717094208300
16131012130717094209400
16131012130717094210500
16131012130717094211500
16131012130717094212500
16131012130717094213400
16131012130717094214400
16131012130717094215300
16131012130717094216300
16131012130717094217300
16131012130717094218300
16131012130717094219300
16131012130717094220300
16131012130717094221300
16131012130717094222300
16131012130717094223300
16131012130717094224200
16131012130717094225200
16131012130717094226200
16131012130717094227300
16131012130717094228300
16131012130717094229300
16131012130717094230400
16131012130717094231600
16131012130717094232800
16131012130717094234500
16131012130717094236100
16131012130717094237400
16131012130717094238600
16131012130717094239600
16131012130717094240600
16131012130717094241600
16131012130717094242500
16131012130717094243500
16131012130717094244400
16131012130717094245300
16131012130717094246300
16131012130717094247200
16131012130717094248100
16131012130717094249000
16131012130717094249900
16131012130717094250700
16131012130717094251600
16131012130717094252500
16131012130717094253300
16131012130717094254100
16131012130717094255000
16131012130717094255900
16131012130717094256800
16131012130717094257700
16131012130717094258600
16131012130717094259400
16131012130717094300300
16131012130717094301200
16131012130717094302100
16131012130717094303100
16131012130717094304100
16131012130717094305200
16131012130717094306300
16131012130717094307600
16131012130717094308800
16131012130717094310000
16131012130717094311200
16131012130717094312500
16131012130717094313900
16131012130717094315200
16131012130717094316600
16131012130717094317900
16131012130717094319200
16131012130717094320700
16131012130717094322000
16131012130717094323300
16131012130717094324400
16131012130717094325500
16131012130717094326500
16131012130717094327600
16131012130717094329000
16131012130717094330700
16131012130717094332400
16131012130717094333900
16131012130717094335100
16131012130717094336200
16131012130717094337100
16131012130717094338100
16131012130717094339100
16131012130717094340000
16131012130717094340900
16131012130717094341900
16131012130717094342900
16131012130717094343900
16131012130717094345200
16131012130717094346900
16131012130717094348500
16131012130717094349800
16131012130717094350900
16131012130717094351900
16131012130717094352800
16131012130717094353700
16131012130717094354600
16131012130717094355500
16131012130717094356300
16131012130717094357200
16131012130717094358000
16131012130717094358900
16131012130717094359800
16131012130717094400700
16131012130717094401600
16131012130717094402400
16131012130717094403300
16131012130717094404200
16131012130717094405000
16131012130717094405900
16131012130717094406800
16131012130717094407600
16131012130717094408500
16131012130717094409500
16131012130717094410400
16131012130717094411300
16131012130717094412200
16131012130717094413100
16131012130717094414000
16131012130717094414900
16131012130717094415800
16131012130717094416700
16131012130717094417600
16131012130717094418600
16131012130717094419500
16131012130717094420500
16131012130717094421500
16131012130717094422500
16131012130717094423400
16131012130717094424400
16131012130717094425400
16131012130717094426500
16131012130717094427600
16131012130717094429200
16131012130720102302500
16131012130720102305800
16131012130720102307700
16131012130720102309300
16131012130720102310800
16131012130720102312200
16131012130720102313500
16131012130720102314700
16131012130720102315800
16131012130720102317000
16131012130720102318300
16131012130720102319600
16131012130717102847300
16131012130717102852200
16131012130717102856200
16131012130717102859200
16131012130717102901700
16131012130717102904000
16131012130717102906700
16131012130717102910700
16131012130717102919100
16131012130717102922500
16131012130717102924600
16131012130717102926600
16131012130717102928300
16131012130717102930100
16131012130717102932000
16131012130717102934500
16131012130717102936200
16131012130717102938000
16131012130717102940200
16131012130717102943300
16131012130717102946200
16131012130717102952800
16131012130731110141000
16131012130731110143600
16131012130731110145700
16131012130731110147500
16131012130731110149200
16131012130731110151100
16131012130731110152800
16131012130731110154500
16131012130731110156400
16131012130717092503500
16131012130717092505700
16131012130717092507500
16131012130717092510000
16131012130717092512100
16131012130717092515700
16131012130717092518800
16131012130717092520800
16131012130717092522800
16131012130717092525200
16131012130717092529600
16131012130717092531800
16131012130717092534300
16131012130717092537000
16131012130717092539200
16131012130717092541700
16131012130717092543900
16131012130717092550400
16131012130717092554600
16131012130717092556800
16131012130717092559400
16131012130717092604400
16131012130717092609000
16131012130717092612600
16131012130717092620800
16131012130717092625100
16131012130717092627700
16131012130717092631700
16131012130717092636500
16131012130717092639200
16131012130717092643800
16131012130717092652800
16131012130717092659500
16131012130717092703400
16131012130717092706200
16131012130717092708300
16131012130717092710300
16131012130717092712300
16131012130717092714000
16131012130717092715800
16131012130717092717600
16131012130717092719400
16131012130717092722500
16131012130717092725300
16131012130717092728100
16131012130717092730800
16131012130717092733500
16131012130717092736000
16131012130717092738500
16131012130717092740500
16131012130717092742900
16131012130717092745800
16131012130717092749800
16131012130717092756800
16131012130717092805600
16131012130717092819100
16131012130717092826400
16131012130717092829700
16131012130717092833100
16131012130731100148100
16131012130731100150600
16131012130731100152300
16131012130731100153900
16131012130731100155400
16131012130731100157000
16131012130731100158700
16131012130731100200400
16131012130731100202200
16131012130731100204100
16131012130731100207400
16131012130731100210200
16131012130731100211900
16131012130731100213200
16131012130731100214500
16131012130731100215800
16131012130731100217500
16131012130731100219900
16131012130731100221800
16131012130731100223300
16131012130731100224800
16131012130731100226600
16131012130731100228500
16131012130731100230900
16131012130731100234600
16131012130731100238000
16131012130731100247300
16131012130731100310700
16131012130731100311600
16131012130731100312600
16131012130731100313500
16131012130731100314400
16131012130731100315300
16131012130731100316200
16131012130731100317000
16131012130731100318000
16131012130731100318900
16131012130731100319800
16131012130731100320800
16131012130731100321900
16131012130731100323200
16131012130731100324600
16131012130731100326700
16131012130726090737800
16131012130726090741300
16131012130726090743600
16131012130726090745600
16131012130726090747600
16131012130726090749700
16131012130726090751800
16131012130726090753700
16131012130726090755400
16131012130726090756900
16131012130726090758300
16131012130726090759700
16131012130726090801000
16131012130726090802200
16131012130726090803500
16131012130726090804700
16131012130726090805900
16131012130726090807100
16131012130726090808200
16131012130726090809300
16131012130726090810400
16131012130726090811600
16131012130726090812900
16131012130726090814400
16131012130726090815800
16131012130726090817400
16131012130726090819600
16131012130726090822400
16131012130726090824500
16131012130726090826400
16131012130726090828100
16131012130726090829900
16131012130726090831500
16131012130726090833000
16131012130726090834400
16131012130726090835800
16131012130726090837000
16131012130726090838200
16131012130726090839400
16131012130726090840500
16131012130726090841700
16131012130726090842800
16131012130726090843900
16131012130726090845000
16131012130726090846100
16131012130726090847200
16131012130726090848300
16131012130726090849400
16131012130726090850500
16131012130726090851600
16131012130726090852700
16131012130726090853800
16131012130726090854900
16131012130726090855900
16131012130726090857000
16131012130726090858000
16131012130726090859100
16131012130726090900100
16131012130726090901000
16131012130726090902000
16131012130726090903000
16131012130726090903900
16131012130726090904900
16131012130726090906000
16131012130726090907300
16131012130726090908800
16131012130726090910200
16131012130726090911500
16131012130726090912800
16131012130726090913900
16131012130726090915000
16131012130726090916100
16131012130726090917300
16131012130726090918600
16131012130726090919900
16131012130726090921200
16131012130726090922400
16131012130726090923600
16131012130726090924700
16131012130726090925700
16131012130726090926700
16131012130726090927700
16131012130726090928700
16131012130726090929600
16131012130726090930600
16131012130726090931500
16131012130726090932400
16131012130726090933200
16131012130726090934100
16131012130726090935000
16131012130726090935900
16131012130726090936900
16131012130726090937800
16131012130726090938800
16131012130726090939900
16131012130726090941100
16131012130726090942300
16131012130726090943400
16131012130726090944600
16131012130726090946000
16131012130726090947700
16131012130726090949600
16131012130727122209000
16131012130727122210400
16131012130727122211600
16131012130727122212700
16131012130727122213600
16131012130727122214500
16131012130727122215300
16131012130727122216200
16131012130727122217000
16131012130727122217800
16131012130727122218600
16131012130727122219400
16131012130727122220100
16131012130727122220900
16131012130727122221700
16131012130727122222500
16131012130727122223300
16131012130727122224100
16131012130727122224800
16131012130727122225600
16131012130727122226400
16131012130727122227100
16131012130727122227900
16131012130727122228700
16131012130727122229400
16131012130727122230200
16131012130727122231000
16131012130727122231900
16131012130727122232700
16131012130727122233500
16131012130727122234300
16131012130727122235100
16131012130727122235900
16131012130727122236700
16131012130727122237500
16131012130727122238400
16131012130727122239200
16131012130727122240000
16131012130727122240800
16131012130727122241600
16131012130727122242400
16131012130727122243200
16131012130727122244000
16131012130727122244800
16131012130727122245600
16131012130727122246400
16131012130727122247200
16131012130727122248100
16131012130727122248900
16131012130727122249700
16131012130727122250500
16131012130727122251300
16131012130727122252100
16131012130727122253000
16131012130727122253700
16131012130727122254500
16131012130727122255300
16131012130727122256100
16131012130727122256900
16131012130727122257700
16131012130727122258400
16131012130727122259200
16131012130727122300000
16131012130727122300800
16131012130727122301500
16131012130727122302300
16131012130727122303100
16131012130727122303900
16131012130727122304700
16131012130727122305500
16131012130727122306300
16131012130727122307100
16131012130727122307900
16131012130727122308700
16131012130727122309600
16131012130727122310500
16131012130727122311300
16131012130727122312100
16131012130727122313000
16131012130727122313800
16131012130727122314500
16131012130727122315300
16131012130727122316100
16131012130727122316800
16131012130727122317600
16131012130727122318400
16131012130727122319200
16131012130727122320000
16131012130727122320700
16131012130727122321500
16131012130727122322200
16131012130727122323000
16131012130727122323800
16131012130727122324500
16131012130727122325300
16131012130727122326000
16131012130727122326800
16131012130727122327500
16131012130727122328200
16131012130727122329000
16131012130727122329800
16131012130727122330600
16131012130727122331400
16131012130727122332200
16131012130727122333100
16131012130727122333900
16131012130727122334700
16131012130727122335500
16131012130727122336200
16131012130727122337000
16131012130727122337800
16131012130727122338600
16131012130727122339400
16131012130727122340200
16131012130727122341000
16131012130727122341900
16131012130727122342700
16131012130727122343500
16131012130727122344300
16131012130727122345000
16131012130727122345800
16131012130727122346600
16131012130727122347400
16131012130727122348200
16131012130727122349000
16131012130727122349800
16131012130727122350600
16131012130727122351400
16131012130727122352200
16131012130727122353000
16131012130727122353800
16131012130727122354600
16131012130727122355300
16131012130727122356100
16131012130727122356900
16131012130727122357700
16131012130727122358400
16131012130727122359200
16131012130727122400000
16131012130727122400800
16131012130727122401700
16131012130727122402600
16131012130727122403400
16131012130727122404400
16131012130727122405300
16131012130727122406300
16131012130727122407500
16131012130727122409100
16131012130727122412600
16131012130727122422600
16131012130727122424200
16131012130727122425400
16131012130727122426500
16131012130727122427500
16131012130727122428500
16131012130727122429500
16131012130727122430400
16131012130727122431300
16131012130727122432100
16131012130727122432900
16131012130727122433800
16131012130727122434600
16131012130727122435500
16131012130727122436300
16131012130727122437200
16131012130727122438000
16131012130727122438800
16131012130727122439600
16131012130727122440400
16131012130727122441300
16131012130727122442200
16131012130727122443100
16131012130727122444100
16131012130727122445200
16131012130727122446300
16131012130727122447300
16131012130727122448400
16131012130727122449300
16131012130727122450300
16131012130727122451300
16131012130727122452200
16131012130727122453100
16131012130727122453900
16131012130727122454800
16131012130727122455600
16131012130727122456500
16131012130727122457400
16131012130727122458300
16131012130727122459300
16131012130727122500800
16131012130727122502400
16131012130727122503700
16131012130727122505000
16131012130727122506300
16131012130727122507600
16131012130727122508800
16131012130727122510300
16131012130727122512000
16131012130727122513300
16131012130727122514500
16131012130727122515500
16131012130727122516500
16131012130727122517400
16131012130727122518300
16131012130727122519200
16131012130727122520200
16131012130727122521200
16131012130727122522200
16131012130727122523200
16131012130727122524200
16131012130727122525100
16131012130727122526100
16131012130727122527100
16131012130727122528100
16131012130727122529100
16131012130727122530000
16131012130727122531000
16131012130727122532100
16131012130727122533200
16131012130727122534300
16131012130726090951200
16131012130726090952600
16131012130726090954000
16131012130726090955200
16131012130726090956400
16131012130726090957500
16131012130726090958500
16131012130726090959600
16131012130726091000600
16131012130726091001600
16131012130726091002500
16131012130726091003500
16131012130726091004400
16131012130726091005300
16131012130726091006200
16131012130726091007200
16131012130726091008100
16131012130726091009100
16131012130726091010000
16131012130726091010900
16131012130726091011800
16131012130726091012700
16131012130726091013600
16131012130726091014500
16131012130726091015400
16131012130726091016300
16131012130726091017200
16131012130726091018100
16131012130726091019000
16131012130726091019900
16131012130726091020800
16131012130726091021700
16131012130726091022600
16131012130726091023400
16131012130726091024300
16131012130726091025200
16131012130726091026000
16131012130726091026900
16131012130726091027800
16131012130726091028700
16131012130726091029600
16131012130726091030500
16131012130726091031300
16131012130726091032200
16131012130726091033100
16131012130726091033900
16131012130726091034800
16131012130726091035700
16131012130726091036500
16131012130726091037400
16131012130726091038200
16131012130726091039100
16131012130726091040000
16131012130726091040900
16131012130726091041800
16131012130726091042700
16131012130726091043600
16131012130726091044500
16131012130726091045300
16131012130726091046200
16131012130726091047000
16131012130726091047900
16131012130726091048700
16131012130726091049500
16131012130726091050300
16131012130726091051100
16131012130726091051900
16131012130726091052700
16131012130726091053500
16131012130726091054300
16131012130726091055100
16131012130726091055800
16131012130726091056600
16131012130726091057400
16131012130726091058200
16131012130726091058900
16131012130726091059700
16131012130726091100400
16131012130726091101200
16131012130726091101900
16131012130726091102700
16131012130726091103500
16131012130726091104400
16131012130726091105200
16131012130726091106200
16131012130726091107200
16131012130726091108200
16131012130726091109200
16131012130726091110200
16131012130726091111200
16131012130726091112100
16131012130726091113000
16131012130726091113900
16131012130726091114800
16131012130726091115600
16131012130726091116500
16131012130726091117300
16131012130726091118100
16131012130726091118900
16131012130726091119800
16131012130726091120600
16131012130726091121500
16131012130726091122400
16131012130726091123300
16131012130726091124200
16131012130726091125100
16131012130726091126000
16131012130726091127000
16131012130726091127900
16131012130726091128900
16131012130726091129900
16131012130726091130900
16131012130726091131900
16131012130726091133000
16131012130726091134300
16131012130726091135700
16131012130726091137100
16131012130726091138700
16131012130726091140600
16131012130726091142600
16131012130726091144400
16131012130726091146200
16131012130726091148200
16131012130726091150000
16131012130726091151500
16131012130726091153000
16131012130726091154300
16131012130726091155600
16131012130726091156800
16131012130726091157900
16131012130726091159100
16131012130726091200100
16131012130726091201200
16131012130726091202200
16131012130726091203200
16131012130726091204200
16131012130726091205200
16131012130726091206200
16131012130726091207200
16131012130726091208100
16131012130726091209100
16131012130726091210100
16131012130726091211000
16131012130726091212000
16131012130726091213000
16131012130726091213900
16131012130726091214900
16131012130726091215900
16131012130726091216800
16131012130726091217800
16131012130726091218700
16131012130726091219700
16131012130726091220600
16131012130726091221500
16131012130726091222500
16131012130726091223400
16131012130726091224300
16131012130726091225300
16131012130726091226200
16131012130726091227100
16131012130726091228000
16131012130726091229000
16131012130726091229900
16131012130726091230800
16131012130726091231600
16131012130726091232500
16131012130726091233400
16131012130726091234300
16131012130726091235200
16131012130726091236000
16131012130726091236900
16131012130726091237700
16131012130726091238600
16131012130726091239500
16131012130726091240300
16131012130726091241200
16131012130726091242100
16131012130726091243000
16131012130726091244000
16131012130726091245000
16131012130726091246100
16131012130726091247100
16131012130726091248100
16131012130726091249000
16131012130726091250000
16131012130726091250900
16131012130726091251800
16131012130726091252800
16131012130726091253700
16131012130726091254600
16131012130726091255500
16131012130726091256400
16131012130726091257300
16131012130726091258200
16131012130726091259100
16131012130726091300000
16131012130726091300900
16131012130726091301700
16131012130726091302600
16131012130726091303500
16131012130726091304300
16131012130726091305200
16131012130726091306000
16131012130726091306900
16131012130726091307700
16131012130726091308600
16131012130726091309400
16131012130726091310200
16131012130726091311100
16131012130726091311900
16131012130726091312800
16131012130726091313600
16131012130726091314500
16131012130726091315300
16131012130726091316200
16131012130726091317000
16131012130726091317800
16131012130726091318700
16131012130726091319500
16131012130726091320300
16131012130726091321200
16131012130726091322000
16131012130726091322800
16131012130726091323600
16131012130726091324500
16131012130726091325300
16131012130726091326100
16131012130726091326900
16131012130726091327700
16131012130726091328500
16131012130726091329400
16131012130726091330200
16131012130726091331000
16131012130726091331800
16131012130726091332600
16131012130726091333500
16131012130726091334300
16131012130726091335100
16131012130726091336000
16131012130726091336800
16131012130726091337700
16131012130726091338500
16131012130726091339500
16131012130726091340400
16131012130726091341300
16131012130726091342300
16131012130726091343200
16131012130726091344100
16131012130726091345000
16131012130726091345900
16131012130726091346900
16131012130726091347800
16131012130726091348700
16131012130726091349600
16131012130726091350500
16131012130726091351400
16131012130726091352400
16131012130726091353300
16131012130726091354300
16131012130726091355200
16131012130726091356100
16131012130726091357100
16131012130726091358000
16131012130726091358900
16131012130726091359800
16131012130726091400700
16131012130726091401700
16131012130726091402600
16131012130726091403500
16131012130726091404300
16131012130726091405300
16131012130726091406100
16131012130726091407000
16131012130726091407900
16131012130726091408800
16131012130726091409600
16131012130726091410500
16131012130726091411300
16131012130726091412200
16131012130726091413100
16131012130726091414100
16131012130726091415100
16131012130726091416100
16131012130726091417200
16131012130726091418500
16131012130726091420000
16131012130726091421500
16131012130726091423000
16131012130726091424300
16131012130726091425500
16131012130726091426700
16131012130726091427800
16131012130726091428800
16131012130726091429900
16131012130726091430900
16131012130726091431900
16131012130726091432900
16131012130726091434000
16131012130726091435000
16131012130726091436100
16131012130726091437100
16131012130726091438100
16131012130726091439100
16131012130726091440100
16131012130726091441100
16131012130726091442100
16131012130726091443000
16131012130726091444000
16131012130726091444900
16131012130726091445800
16131012130726091446800
16131012130726091447700
16131012130726091448600
16131012130726091449600
16131012130726091450500
16131012130726091451400
16131012130726091452300
16131012130726091453200
16131012130726091454200
16131012130726091455100
16131012130726091456000
16131012130726091456900
16131012130726091457800
16131012130726091458700
16131012130726091459500
16131012130726091500400
16131012130726091501300
16131012130726091502200
16131012130726091503100
16131012130726091504000
16131012130726091504900
16131012130726091505800
16131012130726091506700
16131012130726091507700
16131012130726091508800
16131012130726091509900
16131012130726091511000
16131012130726091512100
16131012130726091513100
16131012130726091514100
16131012130726091515100
16131012130726091516100
16131012130726091517100
16131012130726091518000
16131012130726091518900
16131012130726091519800
16131012130726091520700
16131012130726091521600
16131012130726091522500
16131012130726091523300
16131012130726091524200
16131012130726091525000
16131012130726091525800
16131012130726091526700
16131012130726091527500
16131012130726091528300
16131012130726091529200
16131012130726091530000
16131012130726091530800
16131012130726091531700
16131012130726091532500
16131012130726091533300
16131012130726091534200
16131012130726091535000
16131012130726091535800
16131012130726091536600
16131012130726091537400
16131012130726091538300
16131012130726091539100
16131012130726091539900
16131012130726091540700
16131012130726091541600
16131012130726091542400
16131012130726091543200
16131012130726091544000
16131012130726091544900
16131012130726091545700
16131012130726091546600
16131012130726091547400
16131012130726091548200
16131012130726091549000
16131012130726091549900
16131012130726091550700
16131012130726091551600
16131012130726091552400
16131012130726091553200
16131012130726091554000
16131012130726091554900
16131012130726091555700
16131012130726091556500
16131012130726091557400
16131012130726091558200
16131012130726091559000
16131012130726091559800
16131012130726091600700
16131012130726091601500
16131012130726091602300
16131012130726091603100
16131012130726091603900
16131012130726091604700
16131012130726091605500
16131012130726091606300
16131012130726091607200
16131012130726091608000
16131012130726091608900
16131012130726091610000
16131012130726091611200
16131012130726091612600
16131012130726091614000
16131012130726091615200
16131012130726091616500
16131012130726091617700
16131012130726091618900
16131012130726091620000
16131012130726091621200
16131012130726091622300
16131012130726091623400
16131012130726091624600
16131012130726091625700
16131012130726091626700
16131012130726091627800
16131012130726091628900
16131012130726091629900
16131012130726091631000
16131012130726091632000
16131012130726091633000
16131012130726091634000
16131012130726091635000
16131012130726091636100
16131012130726091637100
16131012130726091638100
16131012130726091639000
16131012130726091640000
16131012130726091641000
16131012130726091641900
16131012130726091642900
16131012130726091643800
16131012130726091644800
16131012130726091645800
16131012130726091646800
16131012130726091647700
16131012130726091648700
16131012130726091649700
16131012130726091650700
16131012130726091651700
16131012130726091652700
16131012130726091653600
16131012130726091654600
16131012130726091655500
16131012130726091656500
16131012130726091657400
16131012130726091658300
16131012130726091659300
16131012130726091700200
16131012130726091701100
16131012130726091702000
16131012130726091702900
16131012130726091703900
16131012130726091704800
16131012130726091705700
16131012130726091706700
16131012130726091707600
16131012130726091708600
16131012130726091709600
16131012130726091710800
16131012130726091711900
16131012130726091713100
16131012130726091714200
16131012130726091715300
16131012130726091716400
16131012130726091717500
16131012130726091718500
16131012130726091719500
16131012130726091720500
16131012130726091721500
16131012130726091722500
16131012130726091723500
16131012130726091724400
16131012130726091725400
16131012130726091726400
16131012130726091727400
16131012130726091728400
16131012130726091729300
16131012130726091730300
16131012130726091731300
16131012130726091732200
16131012130726091733200
16131012130726091734100
16131012130726091735100
16131012130726091736000
16131012130726091736900
16131012130726091737900
16131012130726091738800
16131012130726091739700
16131012130726091740700
16131012130726091741600
16131012130726091742500
16131012130726091743400
16131012130726091744400
16131012130726091745300
16131012130726091746200
16131012130726091747100
16131012130726091748000
16131012130726091748900
16131012130726091749900
16131012130726091750800
16131012130726091751700
16131012130726091752800
16131012130726091753900
16131012130726091755000
16131012130726091756100
16131012130726091757200
16131012130726091758400
16131012130726091759500
16131012130726091800600
16131012130726091801700
16131012130726091802800
16131012130726091803900
16131012130726091805100
16131012130726091806300
16131012130726091807500
16131012130726091808800
16131012130726091810000
16131012130726091811100
16131012130726091812300
16131012130726091813400
16131012130726091814500
16131012130726091815700
16131012130726091816800
16131012130726091817900
16131012130726091819000
16131012130726091820100
16131012130726091821200
16131012130726091822200
16131012130726091823300
16131012130726091824300
16131012130726091825400
16131012130726091826500
16131012130726091827500
16131012130726091828500
16131012130726091829600
16131012130726091830600
16131012130726091831600
16131012130726091832600
16131012130726091833600
16131012130726091834600
16131012130726091835600
16131012130726091836600
16131012130726091837600
16131012130726091838600
16131012130726091839400
16131012130726091840400
16131012130726091841400
16131012130726091842300
16131012130726091843300
16131012130726091844200
16131012130726091845200
16131012130726091846200
16131012130726091847100
16131012130726091848100
16131012130726091849100
16131012130726091850000
16131012130726091851000
16131012130726091852000
16131012130726091853000
16131012130726091854000
16131012130726091855200
16131012130726091856500
16131012130726091857900
16131012130726091859200
16131012130726091900400
16131012130726091901700
16131012130726091902900
16131012130726091904100
16131012130726091905200
16131012130726091906400
16131012130726091907500
16131012130726091908700
16131012130726091909800
16131012130726091910900
16131012130726091912000
16131012130726091913000
16131012130726091914100
16131012130726091915100
16131012130726091916100
16131012130726091917100
16131012130726091918100
16131012130726091919000
16131012130726091920000
16131012130726091920900
16131012130726091921800
16131012130726091922700
16131012130726091923600
16131012130726091924500
16131012130726091925400
16131012130726091926300
16131012130726091927100
16131012130726091928000
16131012130726091928900
16131012130726091929700
16131012130726091930600
16131012130726091931500
16131012130726091932300
16131012130726091933200
16131012130726091934000
16131012130726091934900
16131012130726091935700
16131012130726091936600
16131012130726091937400
16131012130726091938300
16131012130726091939300
16131012130726091940400
16131012130726091941700
16131012130726091943000
16131012130726091944400
16131012130726091945700
16131012130726091946900
16131012130726091948100
16131012130726091949300
16131012130726091950400
16131012130726091951500
16131012130726091952600
16131012130726091953600
16131012130726091954600
16131012130726091955500
16131012130726091956500
16131012130726091957400
16131012130726091958300
16131012130726091959200
16131012130726092000100
16131012130726092001000
16131012130726092001900
16131012130726092002800
16131012130726092003600
16131012130726092004500
16131012130726092005300
16131012130726092006100
16131012130726092007000
16131012130726092007800
16131012130726092008600
16131012130726092009400
16131012130726092010200
16131012130726092011000
16131012130726092011900
16131012130726092012700
16131012130726092013500
16131012130726092014400
16131012130726092015200
16131012130726092016100
16131012130726092016900
16131012130726092017700
16131012130726092018600
16131012130726092019400
16131012130726092020200
16131012130726092021100
16131012130726092021900
16131012130726092022700
16131012130726092023600
16131012130726092024400
16131012130726092025300
16131012130726092026200
16131012130726092027000
16131012130726092027900
16131012130726092028700
16131012130726092029600
16131012130726092030400
16131012130726092031300
16131012130726092032200
16131012130726092033000
16131012130726092033900
16131012130726092034700
16131012130726092035600
16131012130726092036500
16131012130726092037300
16131012130726092038100
16131012130726092039000
16131012130726092039800
16131012130726092040600
16131012130726092041500
16131012130726092042300
16131012130726092043100
16131012130726092044000
16131012130726092044800
16131012130726092045600
16131012130726092046500
16131012130726092047300
16131012130726092048100
16131012130726092049000
16131012130726092049800
16131012130726092050700
16131012130726092051500
16131012130726092052300
16131012130726092053100
16131012130726092054000
16131012130726092054800
16131012130726092055600
16131012130726092056400
16131012130726092057200
16131012130726092058100
16131012130726092059000
16131012130726092059900
16131012130726092100800
16131012130726092101700
16131012130726092102600
16131012130726092103500
16131012130726092104400
16131012130726092105300
16131012130726092106300
16131012130726092107200
16131012130726092108200
16131012130726092109100
16131012130726092110100
16131012130726092111100
16131012130726092112100
16131012130726092113100
16131012130726092114000
16131012130726092115000
16131012130726092116000
16131012130726092117000
16131012130726092118200
16131012130726092119600
16131012130726092121100
16131012130726092122600
16131012130726092124100
16131012130726092125500
16131012130726092126800
16131012130726092128100
16131012130726092129300
16131012130726092130600
16131012130726092131800
16131012130726092132900
16131012130726092134100
16131012130726092135200
16131012130726092136400
16131012130726092137500
16131012130726092138500
16131012130726092139600
16131012130726092140700
16131012130726092141700
16131012130726092142700
16131012130726092143700
16131012130726092144700
16131012130726092145600
16131012130726092146600
16131012130726092147500
16131012130726092148500
16131012130726092149400
16131012130726092150300
16131012130726092151200
16131012130726092152100
16131012130726092153000
16131012130726092153900
16131012130726092154800
16131012130726092155700
16131012130726092156600
16131012130726092157500
16131012130726092158500
16131012130726092159400
16131012130726092200500
16131012130726092201900
16131012130726092203500
16131012130726092205000
16131012130726092206500
16131012130726092207900
16131012130726092209200
16131012130726092210400
16131012130726092211700
16131012130726092212900
16131012130726092214100
16131012130726092215300
16131012130726092216500
16131012130726092217700
16131012130726092218800
16131012130726092220000
16131012130726092221100
16131012130726092222200
16131012130726092223300
16131012130726092224400
16131012130726092225500
16131012130726092226600
16131012130726092227600
16131012130726092228700
16131012130726092229700
16131012130726092230800
16131012130726092231900
16131012130726092232900
16131012130726092233900
16131012130726092235000
16131012130726092236000
16131012130726092237000
16131012130726092238000
16131012130726092239100
16131012130726092240100
16131012130726092241200
16131012130726092242300
16131012130726092243400
16131012130726092244400
16131012130726092245500
16131012130726092246600
16131012130726092247600
16131012130726092248700
16131012130726092249700
16131012130726092250800
16131012130726092251800
16131012130726092252800
16131012130726092253800
16131012130726092254900
16131012130726092255900
16131012130726092256900
16131012130726092257900
16131012130726092259000
16131012130726092300000
16131012130726092301000
16131012130726092302000
16131012130726092303000
16131012130726092304000
16131012130726092305000
16131012130726092306000
16131012130726092307000
16131012130726092307900
16131012130726092308900
16131012130726092309800
16131012130726092310800
16131012130726092311700
16131012130726092312600
16131012130726092313600
16131012130726092314500
16131012130726092315400
16131012130726092316400
16131012130726092317400
16131012130726092318300
16131012130726092319300
16131012130726092320300
16131012130726092321300
16131012130726092322300
16131012130726092323300
16131012130726092324300
16131012130726092325200
16131012130726092326200
16131012130726092327200
16131012130726092328100
16131012130726092329100
16131012130726092330100
16131012130726092331100
16131012130726092332000
16131012130726092333000
16131012130726092333900
16131012130726092334800
16131012130726092335800
16131012130726092336700
16131012130726092337600
16131012130726092338600
16131012130726092339500
16131012130726092340400
16131012130726092341400
16131012130726092342300
16131012130726092343200
16131012130726092344200
16131012130726092345100
16131012130726092346100
16131012130726092347000
16131012130726092347900
16131012130726092348800
16131012130726092349800
16131012130726092350700
16131012130726092351600
16131012130726092352500
16131012130726092353400
16131012130726092354300
16131012130726092355200
16131012130726092356100
16131012130726092356900
16131012130726092357800
16131012130726092358700
16131012130726092359600
16131012130726092400500
16131012130726092401300
16131012130726092402200
16131012130726092403100
16131012130726092403900
16131012130726092404800
16131012130726092405600
16131012130726092406500
16131012130726092407300
16131012130726092408100
16131012130726092409000
16131012130726092409800
16131012130726092410600
16131012130726092411500
16131012130726092412300
16131012130726092413200
16131012130726092414000
16131012130726092414800
16131012130726092415700
16131012130726092416600
16131012130726092417500
16131012130726092418300
16131012130726092419300
16131012130726092420200
16131012130726092421100
16131012130726092422000
16131012130726092422900
16131012130726092423800
16131012130726092424600
16131012130726092425500
16131012130726092426400
16131012130726092427300
16131012130726092428200
16131012130726092429000
16131012130726092429900
16131012130726092430800
16131012130726092431600
16131012130726092432500
16131012130726092433300
16131012130726092434200
16131012130726092435200
16131012130726092436400
16131012130726092437900
16131012130726092439600
16131012130726092441300
16131012130726092442800
16131012130726092444200
16131012130726092445500
16131012130726092446800
16131012130726092448000
16131012130726092449200
16131012130726092450400
16131012130726092451500
16131012130726092452700
16131012130726092453700
16131012130726092454800
16131012130726092455900
16131012130726092456900
16131012130726092458000
16131012130726092459000
16131012130726092500100
16131012130726092501100
16131012130726092502100
16131012130726092503200
16131012130726092504200
16131012130726092505200
16131012130726092506200
16131012130726092507300
16131012130726092508400
16131012130726092509400
16131012130726092510500
16131012130726092511500
16131012130726092512600
16131012130726092513600
16131012130726092514600
16131012130726092515600
16131012130726092516600
16131012130726092517500
16131012130726092518500
16131012130726092519500
16131012130726092520400
16131012130726092521300
16131012130726092522300
16131012130726092523200
16131012130726092524100
16131012130726092525100
16131012130726092526100
16131012130726092526900
16131012130726092527900
16131012130726092528800
16131012130726092529800
16131012130726092530700
16131012130726092531600
16131012130726092532600
16131012130726092533500
16131012130726092534400
16131012130726092535400
16131012130726092536300
16131012130726092537200
16131012130726092538200
16131012130726092539100
16131012130726092540100
16131012130726092541100
16131012130726092542100
16131012130726092543300
16131012130726092544400
16131012130726092545700
16131012130726092546900
16131012130726092548000
16131012130726092549200
16131012130726092550300
16131012130726092551400
16131012130726092552400
16131012130726092553400
16131012130726092554400
16131012130726092555400
16131012130726092556400
16131012130726092557400
16131012130726092558400
16131012130726092559300
16131012130726092600300
16131012130726092601300
16131012130726092602300
16131012130726092603300
16131012130726092604300
16131012130726092605300
16131012130726092606300
16131012130726092607300
16131012130726092608300
16131012130726092609300
16131012130726092610300
16131012130726092611300
16131012130726092612300
16131012130726092613300
16131012130726092614400
16131012130726092615500
16131012130726092616600
16131012130726092617700
16131012130726092618800
16131012130726092619800
16131012130726092620800
16131012130726092621900
16131012130726092622900
16131012130726092623900
16131012130726092624900
16131012130726092625900
16131012130726092626900
16131012130726092627900
16131012130726092628900
16131012130726092629900
16131012130726092630900
16131012130726092631900
16131012130726092632900
16131012130726092633900
16131012130726092634900
16131012130726092635900
16131012130726092636900
16131012130726092637900
16131012130726092638800
16131012130726092639800
16131012130726092640800
16131012130726092641800
16131012130726092642800
16131012130726092643800
16131012130726092644800
16131012130726092645800
16131012130726092646800
16131012130726092647800
16131012130726092648700
16131012130726092649700
16131012130726092650700
16131012130726092651600
16131012130726092652500
16131012130726092653500
16131012130726092654400
16131012130726092655300
16131012130726092656300
16131012130726092657200
16131012130726092658100
16131012130726092659000
16131012130726092659900
16131012130726092700800
16131012130726092701700
16131012130726092702500
16131012130726092703400
16131012130726092704300
16131012130726092705200
16131012130726092706100
16131012130726092707000
16131012130726092707900
16131012130726092708800
16131012130726092709600
16131012130726092710500
16131012130726092711400
16131012130726092712300
16131012130726092713200
16131012130726092714200
16131012130726092715300
16131012130726092716700
16131012130726092718700
16131012130726092720700
16131012130726092722300
16131012130726092723800
16131012130726092725200
16131012130726092726400
16131012130726092727600
16131012130726092728700
16131012130726092729800
16131012130726092730900
16131012130726092732000
16131012130726092733000
16131012130726092734100
16131012130726092735100
16131012130726092736100
16131012130726092737100
16131012130726092738100
16131012130726092739100
16131012130726092740200
16131012130726092741700
16131012130726092746900
16131012130726092750600
16131012130726092752900
16131012130726092754600
16131012130726092756200
16131012130726092757600
16131012130726092758900
16131012130726092800200
16131012130726092801400
16131012130726092802600
16131012130726092803700
16131012130726092804900
16131012130726092806000
16131012130726092807100
16131012130726092808200
16131012130726092809400
16131012130726092810500
16131012130726092811600
16131012130726092812800
16131012130726092813900
16131012130726092815100
16131012130726092816200
16131012130726092817400
16131012130726092818500
16131012130726092819600
16131012130726092820800
16131012130726092821900
16131012130726092823000
16131012130726092824000
16131012130726092825100
16131012130726092826100
16131012130726092827100
16131012130726092828200
16131012130726092829300
16131012130726092830400
16131012130726092831500
16131012130726092832700
16131012130726092834000
16131012130726092835800
16131012130726092838100
16131012130726092840100
16131012130726092841800
16131012130726092843400
16131012130726092844800
16131012130726092846100
16131012130726092847300
16131012130726092848500
16131012130726092849500
16131012130726092850700
16131012130726092851800
16131012130726092852800
16131012130726092853900
16131012130726092854900
16131012130726092855900
16131012130726092856900
16131012130726092857900
16131012130726092858900
16131012130726092900200
16131012130726092901400
16131012130726092902800
16131012130726092904400
16131012130726092906500
16131012130726092908500
16131012130726092910300
16131012130726092912000
16131012130726092913700
16131012130726092915600
16131012130726092918300
16131012130726092921200
16131012130726092923400
16131012130726092925200
16131012130726092926900
16131012130726092928400
16131012130726092929900
16131012130726092931300
16131012130726092932800
16131012130726092934300
16131012130726092935700
16131012130726092937400
16131012130726092939200
16131012130726092940800
16131012130726092942300
16131012130726092943700
16131012130726092945000
16131012130726092946300
16131012130726092947500
16131012130726092948800
16131012130726092950100
16131012130726092951400
16131012130726092952600
16131012130726092953900
16131012130726092955100
16131012130726092956300
16131012130726092957400
16131012130726092958600
16131012130726092959700
16131012130726093000900
16131012130726093002000
16131012130726093003200
16131012130726093004600
16131012130726093006000
16131012130726093007600
16131012130726093009200
16131012130726093010800
16131012130726093012300
16131012130726093013800
16131012130726093015200
16131012130726093016500
16131012130726093017800
16131012130726093019100
16131012130726093020300
16131012130726093021400
16131012130726093022600
16131012130726093023700
16131012130726093024800
16131012130726093025900
16131012130726093027000
16131012130726093028100
16131012130726093029200
16131012130726093030300
16131012130726093031400
16131012130726093032500
16131012130726093033600
16131012130726093034600
16131012130726093035700
16131012130726093036800
16131012130726093037800
16131012130726093039000
16131012130726093040000
16131012130726093041100
16131012130726093042300
16131012130726093043400
16131012130726093044400
16131012130726093045500
16131012130726093046600
16131012130726093047700
16131012130726093048800
16131012130726093049900
16131012130726093050900
16131012130726093052000
16131012130726093053200
16131012130726093054400
16131012130726093055700
16131012130726093056900
16131012130726093058200
16131012130726093059400
16131012130726093100600
16131012130726093101800
16131012130726093103000
16131012130726093104200
16131012130726093105300
16131012130726093106500
16131012130726093107600
16131012130726093108700
16131012130726093109800
16131012130726093110800
16131012130726093111900
16131012130726093112900
16131012130726093113800
16131012130726093114800
16131012130726093115800
16131012130726093116800
16131012130726093117700
16131012130726093118600
16131012130726093119600
16131012130726093120500
16131012130726093121400
16131012130726093122400
16131012130726093123500
16131012130726093124600
16131012130726093125800
16131012130726093127100
16131012130726093128400
16131012130726093129700
16131012130726093130900
16131012130726093132200
16131012130726093133500
16131012130726093134800
16131012130726093136100
16131012130726093137400
16131012130726093138600
16131012130726093139800
16131012130726093141000
16131012130726093142200
16131012130726093143300
16131012130726093144400
16131012130726093145500
16131012130726093146500
16131012130726093147600
16131012130726093148800
16131012130726093150100
16131012130726093151300
16131012130726093152400
16131012130726093153500
16131012130726093154600
16131012130726093155700
16131012130726093156700
16131012130726093157800
16131012130726093158800
16131012130726093159800
16131012130726093200900
16131012130726093201900
16131012130726093203000
16131012130726093204100
16131012130726093205200
16131012130726093206200
16131012130726093207300
16131012130726093208300
16131012130726093209300
16131012130726093210300
16131012130726093211200
16131012130726093212200
16131012130726093213200
16131012130726093214200
16131012130726093215200
16131012130726093216200
16131012130726093217200
16131012130726093218200
16131012130726093219200
16131012130726093220200
16131012130726093221100
16131012130726093222100
16131012130726093223100
16131012130726093224100
16131012130726093225100
16131012130726093226100
16131012130726093227100
16131012130726093228100
16131012130726093229100
16131012130726093230100
16131012130726093231100
16131012130726093232100
16131012130726093233100
16131012130726093234000
16131012130726093235000
16131012130726093236000
16131012130726093236900
16131012130726093237800
16131012130726093238800
16131012130726093239700
16131012130726093240700
16131012130726093241600
16131012130726093242500
16131012130726093243500
16131012130726093244400
16131012130726093245300
16131012130726093246300
16131012130726093247200
16131012130726093248100
16131012130726093249000
16131012130726093249900
16131012130726093250800
16131012130726093251700
16131012130726093252700
16131012130726093253600
16131012130726093254500
16131012130726093255400
16131012130726093256300
16131012130726093257200
16131012130726093258100
16131012130726093259000
16131012130726093259900
16131012130726093300800
16131012130726093301700
16131012130726093302600
16131012130726093303500
16131012130726093304300
16131012130726093305200
16131012130726093306100
16131012130726093307000
16131012130726093307800
16131012130726093308700
16131012130726093309600
16131012130726093310500
16131012130726093311300
16131012130726093312300
16131012130726093313200
16131012130726093314100
16131012130726093315100
16131012130726093316000
16131012130726093316900
16131012130726093317800
16131012130726093318800
16131012130726093319700
16131012130726093320700
16131012130726093321600
16131012130726093322500
16131012130726093323500
16131012130726093324500
16131012130726093325400
16131012130726093326400
16131012130726093327300
16131012130726093328300
16131012130726093329200
16131012130726093330200
16131012130726093331100
16131012130726093332000
16131012130726093332900
16131012130726093333900
16131012130726093334800
16131012130726093335700
16131012130726093336600
16131012130726093337500
16131012130726093338400
16131012130726093339300
16131012130726093340300
16131012130726093341200
16131012130726093342100
16131012130726093343100
16131012130726093344000
16131012130726093345000
16131012130726093345900
16131012130726093346900
16131012130726093347800
16131012130726093348800
16131012130726093349800
16131012130726093350800
16131012130726093351800
16131012130726093352700
16131012130726093353700
16131012130726093354700
16131012130726093355600
16131012130726093356600
16131012130726093357600
16131012130726093358500
16131012130726093359600
16131012130726093400700
16131012130726093401800
16131012130726093402800
16131012130726093403800
16131012130726093404800
16131012130726093405800
16131012130726093406700
16131012130726093407600
16131012130726093408500
16131012130726093409400
16131012130726093410300
16131012130726093411200
16131012130726093412000
16131012130726093412800
16131012130726093413700
16131012130726093414500
16131012130726093415300
16131012130726093416200
16131012130726093417000
16131012130726093417800
16131012130726093418700
16131012130726093419500
16131012130726093420500
16131012130726093421400
16131012130726093422400
16131012130726093423400
16131012130726093424400
16131012130726093425400
16131012130726093426300
16131012130726093427200
16131012130726093428200
16131012130726093429100
16131012130726093430000
16131012130726093430900
16131012130726093431900
16131012130726093432800
16131012130726093433700
16131012130726093434600
16131012130726093435500
16131012130726093436500
16131012130726093437400
16131012130726093438300
16131012130726093439300
16131012130726093440200
16131012130726093441200
16131012130726093442200
16131012130726093443100
16131012130726093444100
16131012130726093445100
16131012130726093446100
16131012130726093447000
16131012130726093448000
16131012130726093448900
16131012130726093449900
16131012130726093450800
16131012130726093451700
16131012130726093452700
16131012130726093453800
16131012130726093454900
16131012130726093456100
16131012130726093457100
16131012130726093458200
16131012130726093459200
16131012130726093500300
16131012130726093501300
16131012130726093502300
16131012130726093503400
16131012130726093504300
16131012130726093505300
16131012130726093506300
16131012130726093507300
16131012130726093508300
16131012130726093509200
16131012130726093510200
16131012130726093511100
16131012130726093512100
16131012130726093513000
16131012130726093514000
16131012130726093514900
16131012130726093515900
16131012130726093516800
16131012130726093517800
16131012130726093518700
16131012130726093519600
16131012130726093520600
16131012130726093521600
16131012130726093522600
16131012130726093523500
16131012130726093524500
16131012130726093525500
16131012130726093526500
16131012130726093527500
16131012130726093528500
16131012130726093529400
16131012130726093530200
16131012130726093531200
16131012130726093532100
16131012130726093533000
16131012130726093534000
16131012130726093534900
16131012130726093535900
16131012130726093536900
16131012130726093538000
16131012130726093539100
16131012130726093540600
16131012130726093542600
16131012130726093544800
16131012130726093546600
16131012130726093548100
16131012130726093549500
16131012130726093550800
16131012130726093552000
16131012130726093553100
16131012130726093554300
16131012130726093555400
16131012130726093556600
16131012130726093557700
16131012130726093558900
16131012130726093600000
16131012130726093601100
16131012130726093602300
16131012130726093603400
16131012130726093604500
16131012130726093605600
16131012130726093606700
16131012130726093607800
16131012130726093608900
16131012130726093609900
16131012130726093611000
16131012130726093612100
16131012130726093613200
16131012130726093614300
16131012130726093615300
16131012130726093616400
16131012130726093617500
16131012130726093618600
16131012130726093619700
16131012130726093620800
16131012130726093621900
16131012130726093623000
16131012130726093624100
16131012130726093624400
16131012130719094137400
16131012130719094140600
16131012130719094142300
16131012130719094143800
16131012130719094145200
16131012130719094146600
16131012130719094148000
16131012130719094149500
16131012130719094151000
16131012130719094152500
16131012130719094154100
16131012130719094155700
16131012130719094157300
16131012130719094158800
16131012130719094200900
16131012130719094203100
16131012130719094205300
16131012130719094207000
16131012130719094208600
16131012130719094210200
16131012130719094211800
16131012130719094213400
16131012130719094215000
16131012130719094216400
16131012130719094217600
16131012130719094218800
16131012130719094220000
16131012130719094221300
16131012130719094222500
16131012130719094223700
16131012130719094225000
16131012130719094226200
16131012130719094227400
16131012130719094228600
16131012130719094229700
16131012130719094231000
16131012130719094232200
16131012130719094233500
16131012130719094234800
16131012130719094236100
16131012130719094237600
16131012130719094239500
16131012130719094241700
16131012130719094243300
16131012130719094244800
16131012130719094246700
16131012130719094248700
16131012130719094250400
16131012130719094251900
16131012130719094253300
16131012130719094254600
16131012130719094256200
16131012130719094258000
16131012130719094300400
16131012130719094304100
16131012130719094305600
16131012130719094306900
16131012130719094307900
16131012130719094308900
16131012130719094309800
16131012130719094310700
16131012130719094311600
16131012130719094312400
16131012130719094313200
16131012130719094314100
16131012130719094314900
16131012130719094315700
16131012130719094316600
16131012130719094317400
16131012130719094318300
16131012130719094319100
16131012130719094320100
16131012130719094321000
16131012130719094322000
16131012130719094323300
16131012130719094325300
16131012130719094326900
16131012130719094328200
16131012130719094329400
16131012130719094330500
16131012130719094331500
16131012130719094332400
16131012130719094333400
16131012130719094334300
16131012130719094335200
16131012130719094336200
16131012130719094337100
16131012130719094338000
16131012130719094338900
16131012130719094339800
16131012130719094340600
16131012130719094341500
16131012130719094342400
16131012130719094343400
16131012130719094344600
16131012130719094346400
16131012130719094348500
16131012130719094350600
16131012130719094352100
16131012130719094353300
16131012130719094354400
16131012130719094355300
16131012130719094356200
16131012130719094357100
16131012130719094357900
16131012130719094358700
16131012130719094359500
16131012130719094400400
16131012130719094401200
16131012130719094402000
16131012130719094402800
16131012130719094403600
16131012130719094404400
16131012130719094405200
16131012130719094406000
16131012130719094406900
16131012130719094407800
16131012130719094409000
16131012130719094413500
16131012130719094416000
16131012130719094417500
16131012130719094418700
16131012130719094419800
16131012130719094420900
16131012130719094422000
16131012130719094423100
16131012130719094424200
16131012130719094425200
16131012130719094426200
16131012130719094427200
16131012130719094428100
16131012130719094429100
16131012130719094430000
16131012130719094430900
16131012130719094431800
16131012130719094432700
16131012130719094433600
16131012130719094434600
16131012130719094435700
16131012130719094437000
16131012130719094440800
16131012130719094444700
16131012130719094446400
16131012130719094447700
16131012130719094448800
16131012130719094449900
16131012130719094451000
16131012130719094452300
16131012130719094454200
16131012130719094455900
16131012130719094457600
16131012130719094459200
16131012130719094500600
16131012130719094502000
16131012130719094503300
16131012130719094504600
16131012130719094506000
16131012130719094507300
16131012130719094508400
16131012130719094509400
16131012130719094510400
16131012130719094511500
16131012130719094512800
16131012130719094514300
16131012130719094516600
16131012130719094519500
16131012130719094521100
16131012130719094522400
16131012130719094523600
16131012130719094524800
16131012130719094526000
16131012130719094527200
16131012130719094528400
16131012130719094529600
16131012130719094531000
16131012130719094532100
16131012130719094533300
16131012130719094534600
16131012130719094535800
16131012130719094537300
16131012130719094540500
16131012130719094552300
16131012130719094555200
16131012130717094953200
16131012130717094956900
16131012130717094958600
16131012130717095000100
16131012130717095001500
16131012130717095002800
16131012130717095004200
16131012130717095005700
16131012130717095007400
16131012130717095008900
16131012130717095010400
16131012130717095011700
16131012130717095013000
16131012130717095014200
16131012130717095015300
16131012130717095016500
16131012130717095017600
16131012130717095018600
16131012130717095019700
16131012130717095020800
16131012130717095021900
16131012130717095023100
16131012130717095024300
16131012130717095025500
16131012130717095026900
16131012130717095028300
16131012130717095029900
16131012130717095031400
16131012130717095032900
16131012130717095034500
16131012130717095036500
16131012130717095038400
16131012130717100824000
16131012130717100825900
16131012130717100827300
16131012130717100828700
16131012130717100830500
16131012130717100832700
16131012130717100834200
16131012130717100835400
16131012130717100836500
16131012130717100837600
16131012130717100838600
16131012130717100839700
16131012130717100840800
16131012130717100841900
16131012130717100843000
16131012130717100844100
16131012130717100845100
16131012130717100846100
16131012130717100847100
16131012130717100848100
16131012130717100849100
16131012130717100850200
16131012130717100851200
16131012130717100852200
16131012130717100853300
16131012130717100854600
16131012130719095225600
16131012130719095228300
16131012130719095230300
16131012130719095232200
16131012130719095233900
16131012130719095235700
16131012130719095238000
16131012130719095240800
16131012130719095243600
16131012130719095246000
16131012130719095248600
16131012130719095251500
16131012130719095253600
16131012130719095255400
16131012130719095257300
16131012130719095259100
16131012130719095300900
16131012130719095302700
16131012130719095304600
16131012130719095308000
16131012130719095313400
16131012130719095316500
16131012130731095341800
16131012130731095344300
16131012130731095346000
16131012130731095347400
16131012130731095348700
16131012130731095349900
16131012130731095351100
16131012130731095352200
16131012130731095353400
16131012130731095354700
16131012130731095355900
16131012130731095357000
16131012130731095358100
16131012130731095359100
16131012130731095400100
16131012130731095401100
16131012130731095402100
16131012130731095403200
16131012130731095404300
16131012130731095405500
16131012130731095406800
16131012130731095408700
16131012130731100634400
16131012130731100636600
16131012130731100638000
16131012130731100639200
16131012130731100640400
16131012130731100641400
16131012130731100642300
16131012130731100643300
16131012130731100644200
16131012130731100645200
16131012130731100646100
16131012130731100647200
16131012130731100648600
16131012130731100649800
16131012130731100650900
16131012130731100651900
16131012130731100653000
16131012130731100654100
16131012130731100655400
16131012130731100656500
16131012130731100657600
16131012130731100658600
16131012130731100659500
16131012130731100700300
16131012130731100701200
16131012130731100702100
16131012130731100703000
16131012130731100703800
16131012130731100704700
16131012130731100705600
16131012130731100706700
16131012130731100707800
16131012130731100708900
16131012130731100709900
16131012130731100711000
16131012130731100712100
16131012130731100713400
16131012130731100714900
16131012130731100716300
16131012130731100717500
16131012130731100718600
16131012130731100719900
16131012130731100722700
16131012130731100728700
16131012130731100730700
16131012130731100732200
16131012130731100733500
16131012130731100734700
16131012130731100736000
16131012130731100737400
16131012130731100739000
16131012130731100740300
16131012130731100741700
16131012130731100742900
16131012130731100744000
16131012130731100745400
16131012130731100747000
16131012130731100748600
16131012130731100749900
16131012130731100751000
16131012130731100752100
16131012130731100753200
16131012130731100754400
16131012130731100755500
16131012130731100756500
16131012130731100757500
16131012130731100758600
16131012130731100800000
16131012130731100802700
16131012130717101724200
16131012130717101727500
16131012130717101732300
16131012130717101735800
16131012130717101738700
16131012130717101742300
16131012130717101746300
16131012130717101750400
16131012130717101753900
16131012130717101757700
16131012130717101801200
16131012130717101803400
16131012130717101806000
16131012130717101809100
16131012130717101812100
16131012130717101814400
16131012130717101816600
16131012130717101818700
16131012130717101820800
16131012130717101822600
16131012130717101824500
16131012130717101829200
16131012130717093634600
16131012130717093636900
16131012130717093639100
16131012130717093641000
16131012130717093642900
16131012130717093644400
16131012130717093645900
16131012130717093647400
16131012130717093648800
16131012130717093650300
16131012130717093652300
16131012130717093655700
16131012130717093658700
16131012130717093701900
16131012130717093704100
16131012130717093705800
16131012130717093707500
16131012130717093709200
16131012130717093710700
16131012130717093712000
16131012130717093713200
16131012130717093714300
16131012130717093715300
16131012130717093716300
16131012130717093717200
16131012130717093718100
16131012130717093719100
16131012130717093720400
16131012130717093722200
16131012130717093724000
16131012130717093725800
16131012130717093728000
16131012130717093729800
16131012130717093731400
16131012130717093733100
16131012130717093735900
16131012130717093738900
16131012130717093740500
16131012130717093741800
16131012130717093743000
16131012130717093744000
16131012130717093745000
16131012130717093746100
16131012130717093747100
16131012130717093748100
16131012130717093749100
16131012130717093750100
16131012130717093751100
16131012130717093752100
16131012130717093753200
16131012130717093754200
16131012130717093755100
16131012130717093756200
16131012130717093757200
16131012130717093758200
16131012130717093759300
16131012130717093800400
16131012130717093801500
16131012130717093802700
16131012130717093804600
16131012130717093806300
16131012130717093807700
16131012130717093809000
16131012130717093810200
16131012130717093811400
16131012130717093812700
16131012130717093814200
16131012130717093816300
16131012130717093817500
16131012130717091335900
16131012130717091337900
16131012130717091339600
16131012130717091341100
16131012130717091342300
16131012130717091343500
16131012130717091344800
16131012130717091346100
16131012130717091347300
16131012130717091348500
16131012130717091349700
16131012130717091351100
16131012130717091353000
16131012130717091358400
16131012130717091359800
16131012130717091401100
16131012130717091402400
16131012130717091404100
16131012130717091406700
16131012130717091409900
16131012130717091412100
16131012130717091413800
16131012130717091415200
16131012130717091416500
16131012130717091417800
16131012130717091419100
16131012130717091420300
16131012130717091421600
16131012130717091423000
16131012130717091424600
16131012130717091429900
16131012130717091433300
16131012130717091436200
16131012130717091438000
16131012130717091439500
16131012130717091440900
16131012130717091442300
16131012130717091443600
16131012130717091444900
16131012130717091446100
16131012130717091447300
16131012130717091448500
16131012130717091449700
16131012130717091450800
16131012130717091452000
16131012130717091453100
16131012130717091454300
16131012130717091455400
16131012130717091456500
16131012130717091457600
16131012130717091458700
16131012130717091459700
16131012130717091500800
16131012130717091502000
16131012130717091503100
16131012130717091504200
16131012130717091505300
16131012130717091506400
16131012130717091507500
16131012130717091508600
16131012130717091509600
16131012130717091510600
16131012130717091511700
16131012130717091512700
16131012130717091513600
16131012130717091514600
16131012130717091515600
16131012130717091516700
16131012130717091517800
16131012130717091518800
16131012130717091519900
16131012130717091521000
16131012130717091522100
16131012130717091523100
16131012130717091524300
16131012130717091525600
16131012130717091527600
16131012130720102924200
16131012130720102926900
16131012130720102928600
16131012130720102930000
16131012130720102931300
16131012130720102932600
16131012130720102933900
16131012130720102935100
16131012130720102936300
16131012130720102937400
16131012130720102938600
16131012130720102939700
16131012130720102940800
16131012130720102941800
16131012130720102942900
16131012130720102943900
16131012130720102945000
16131012130720102946200
16131012130720102947600
16131012130720102948900
16131012130720102950000
16131012130720102951200
16131012130720102952300
16131012130720102953400
16131012130720102954500
16131012130720102955600
16131012130720102956800
16131012130720102958000
16131012130720102959300
16131012130720103000400
16131012130720103001600
16131012130720103002800
16131012130720103004000
16131012130720103005300
16131012130720103006600
16131012130720103007700
16131012130720103008800
16131012130720103009800
16131012130720103010900
16131012130720103012000
16131012130720103013100
16131012130720103014200
16131012130720103015500
16131012130720103016900
16131012130720103018200
16131012130720103019500
16131012130720103020700
16131012130720103021900
16131012130720103023300
16131012130720103024700
16131012130720103025900
16131012130720103026900
16131012130720103027900
16131012130720103028900
16131012130720103029800
16131012130720103030700
16131012130720103031700
16131012130720103032600
16131012130720103033500
16131012130720103034400
16131012130720103035400
16131012130720103036300
16131012130720103037200
16131012130720103038200
16131012130720103039200
16131012130720103040200
16131012130720103041400
16131012130720103043000
16131012130720103044900
16131012130720104452000
16131012130720104454500
16131012130720104456400
16131012130720104458900
16131012130720104502800
16131012130720104504900
16131012130720104506500
16131012130720104508100
16131012130720104509800
16131012130720104511300
16131012130720104512800
16131012130720104514400
16131012130720104515800
16131012130720104517200
16131012130720104518500
16131012130720104519800
16131012130720104521100
16131012130720104522300
16131012130720104523500
16131012130720104524800
16131012130720104526200
16131012130720104527500
16131012130720104528600
16131012130720104529800
16131012130720104531100
16131012130720104532200
16131012130720104533500
16131012130720104534800
16131012130720104536200
16131012130720104537500
16131012130720104538700
16131012130720104539900
16131012130720104541300
16131012130720104542600
16131012130720104543800
16131012130720104545100
16131012130720104546300
16131012130720104547500
16131012130720104548700
16131012130720104549900
16131012130720104551300
16131012130720104552600
16131012130720104554000
16131012130720104555600
16131012130720104557400
16131012130720104559000
16131012130720104600500
16131012130720104602000
16131012130720104603300
16131012130720104604400
16131012130720104605500
16131012130720104606700
16131012130720104608000
16131012130720104609300
16131012130720104610500
16131012130720104611700
16131012130720104612800
16131012130720104614000
16131012130720104615100
16131012130720104616200
16131012130720104617300
16131012130720104618500
16131012130720104619500
16131012130720104620600
16131012130720104621700
16131012130720104622800
16131012130720104623800
16131012130720104624900
16131012130720104625900
16131012130720104627000
16131012130720104628000
16131012130720104629100
16131012130720104630200
16131012130720104631300
16131012130720104632600
16131012130720104633900
16131012130720104635300
16131012130720104636500
16131012130720104637600
16131012130720104638600
16131012130720104639600
16131012130720104640700
16131012130720104641800
16131012130720104642800
16131012130720104643900
16131012130720104645000
16131012130720104646000
16131012130720104647100
16131012130720104648200
16131012130720104651700
16131012130720104655300
16131012130720104657100
16131012130720104658500
16131012130720104700300
16131012130720104702300
16131012130720104703800
16131012130720104705600
16131012130720104707500
16131012130720104709000
16131012130720104710500
16131012130720104712000
16131012130720104713400
16131012130720104715000
16131012130720104717500
16131012130720104720100
16131012130717090902100
16131012130717090905800
16131012130717090908200
16131012130717090911500
16131012130717090914800
16131012130717090917100
16131012130717090919200
16131012130717090921700
16131012130717090924800
16131012130717090929300
16131012130717091159800
16131012130717091202800
16131012130717091204900
16131012130717091207000
16131012130717091208600
16131012130717091210300
16131012130717091212100
16131012130717091213800
16131012130717091215600
16131012130717091217400
16131012130717091219300
16131012130717091221700
16131012130717091224600
16131012130717091227100
16131012130717091229300
16131012130717091231200
16131012130717091233100
16131012130717091235000
16131012130717091238700
16131012130717091241300
16131012130717091243000
16131012130717091244600
16131012130717091246300
16131012130717091247900
16131012130717091249500
16131012130717091251300
16131012130717091253300
16131012130717091255300
16131012130717091258400
16131012130717091304800
16131012130717091306800
16131012130717091308600
16131012130717091310200
16131012130717091312100
16131012130717091313800
16131012130717091315500
16131012130717091317100
16131012130717091318700
16131012130717091320200
16131012130717091321800
16131012130717091323400
16131012130717091324900
16131012130717091326900
16131012130717091330500
16131012130718101928300
16131012130718101931000
16131012130718101932900
16131012130718101934500
16131012130718101936200
16131012130718101938100
16131012130718101939800
16131012130718101941700
16131012130718101943500
16131012130718101945200
16131012130718101947200
16131012130718101949100
16131012130718101950800
16131012130718101952400
16131012130718101954000
16131012130718101955600
16131012130718101957200
16131012130718101958800
16131012130718102000400
16131012130718102002200
16131012130718102003900
16131012130718102005600
16131012130718102007100
16131012130718102008600
16131012130718102010100
16131012130718102011600
16131012130718102013300
16131012130718102015300
16131012130718102017500
16131012130718102019600
16131012130718102021400
16131012130718102023100
16131012130718102024800
16131012130718102026500
16131012130718102028200
16131012130718102030200
16131012130718102032300
16131012130718102034400
16131012130718102036500
16131012130718102038600
16131012130718102040400
16131012130718102042200
16131012130718102044200
16131012130718102046200
16131012130718102048200
16131012130718102050300
16131012130718102052400
16131012130718102054600
16131012130718102056800
16131012130718102059000
16131012130718102101200
16131012130718102103300
16131012130718102105500
16131012130718102107800
16131012130718102110000
16131012130718102112100
16131012130718102114000
16131012130718102116000
16131012130718102118000
16131012130718102119900
16131012130718102121700
16131012130718102123500
16131012130718102125200
16131012130718102126900
16131012130718102128500
16131012130718102130200
16131012130718102131900
16131012130718102133700
16131012130718102135300
16131012130718102136900
16131012130718102138500
16131012130718102140200
16131012130718102142000
16131012130725082408300
16131012130725082410600
16131012130725082412500
16131012130725082414400
16131012130725082416200
16131012130725082418000
16131012130725082419900
16131012130725082422100
16131012130717093228800
16131012130717093231600
16131012130717093236000
16131012130717093242500
16131012130717093244200
16131012130717093245700
16131012130717093247200
16131012130717093248700
16131012130717093250000
16131012130717093251100
16131012130717093252200
16131012130717093253400
16131012130717093254800
16131012130717093257200
16131012130717093259100
16131012130717093300500
16131012130717093301800
16131012130717093303200
16131012130717093304600
16131012130717093306000
16131012130717093307300
16131012130717093308500
16131012130717093309900
16131012130717093311300
16131012130717093312700
16131012130717093314100
16131012130717093315300
16131012130717093316600
16131012130717093318000
16131012130717093319700
16131012130717093324700
16131012130717093328000
16131012130717093428400
16131012130717093432200
16131012130717093434200
16131012130717093436100
16131012130717093438300
16131012130717093441600
16131012130717093444600
16131012130717093446700
16131012130717093448800
16131012130717093450900
16131012130717093453900
16131012130717093457400
16131012130717093459800
16131012130717093502000
16131012130717093504100
16131012130717093507000
16131012130717093512800
16131012130717093517100
16131012130717093520000
16131012130717093521900
16131012130717093523700
16131012130717093525400
16131012130717093527100
16131012130717093529300
16131012130717093532000
16131012130717093535100
16131012130717093537800
16131012130717093540600
16131012130717093542400
16131012130717093543900
16131012130717093545400
16131012130717093546800
16131012130717093548100
16131012130717093549400
16131012130717093550500
16131012130717093551700
16131012130717093552900
16131012130717093554100
16131012130717093555500
16131012130717093558600
16131012130717093600100
16131012130727131750500
16131012130727131751700
16131012130727131752800
16131012130727131753800
16131012130727131754800
16131012130727131755700
16131012130727131756600
16131012130727131757400
16131012130727131758300
16131012130727131759100
16131012130727131759900
16131012130727131800700
16131012130727131801500
16131012130727131802300
16131012130727131803100
16131012130727131803900
16131012130727131804700
16131012130727131805500
16131012130727131806200
16131012130727131806900
16131012130727131807700
16131012130727131808500
16131012130727131809300
16131012130727131810100
16131012130727131810900
16131012130727131811700
16131012130727131812600
16131012130727131813300
16131012130727131814100
16131012130727131814900
16131012130727131815700
16131012130727131816500
16131012130727131817200
16131012130727131818000
16131012130727131818800
16131012130727131819500
16131012130727131820300
16131012130727131821000
16131012130727131821800
16131012130727131822500
16131012130727131823200
16131012130727131823900
16131012130727131824600
16131012130727131825400
16131012130727131826100
16131012130727131826800
16131012130727131827600
16131012130727131828400
16131012130727131829200
16131012130727131830100
16131012130727131831000
16131012130727131831900
16131012130727131832700
16131012130727131833600
16131012130727131834500
16131012130727131835300
16131012130727131836100
16131012130727131837000
16131012130727131837800
16131012130727131838700
16131012130727131839500
16131012130727131840300
16131012130727131841100
16131012130727131842000
16131012130727131842800
16131012130727131843600
16131012130727131844400
16131012130727131845200
16131012130727131846000
16131012130727131846800
16131012130727131847500
16131012130727131848300
16131012130727131849100
16131012130727131849900
16131012130727131850700
16131012130727131851400
16131012130727131852300
16131012130727131853200
16131012130727131854200
16131012130727131855200
16131012130727131856100
16131012130727131857100
16131012130727131858000
16131012130727131858900
16131012130727131859800
16131012130727131900700
16131012130727131901600
16131012130727131902500
16131012130727131903300
16131012130727131904200
16131012130727131905000
16131012130727131905800
16131012130727131906600
16131012130727131907500
16131012130727131908500
16131012130727131909600
16131012130727131910700
16131012130727131911700
16131012130727131912700
16131012130727131913700
16131012130727131914700
16131012130727131915600
16131012130727131916500
16131012130727131917300
16131012130727131918200
16131012130727131919000
16131012130727131919800
16131012130727131920700
16131012130727131921500
16131012130727131922300
16131012130727131923200
16131012130727131924000
16131012130727131924800
16131012130727131925600
16131012130727131926400
16131012130727131927100
16131012130727131927900
16131012130727131928600
16131012130727131929300
16131012130727131930000
16131012130727131930800
16131012130727131931500
16131012130727131932300
16131012130727131933000
16131012130727131933700
16131012130727131934500
16131012130727131935300
16131012130727131936000
16131012130727131936900
16131012130727131937700
16131012130727131938400
16131012130727131939200
16131012130727131940000
16131012130727131940800
16131012130727131941600
16131012130727131942300
16131012130727131943100
16131012130727131943900
16131012130727131944700
16131012130727131945500
16131012130727131946300
16131012130727131947100
16131012130727131948000
16131012130727131948800
16131012130727131949600
16131012130727131950400
16131012130727131951200
16131012130727131952000
16131012130727131952800
16131012130727131953600
16131012130727131954400
16131012130727131955200
16131012130727131956000
16131012130727131956700
16131012130727131957500
16131012130727131958300
16131012130727131959100
16131012130727131959900
16131012130727132000700
16131012130727132001600
16131012130727132002500
16131012130727132003400
16131012130727132004400
16131012130727132005400
16131012130727132006700
16131012130727132008500
16131012130717104841900
16131012130717104843400
16131012130717104844800
16131012130717104846100
16131012130717104847200
16131012130717104848200
16131012130717104849100
16131012130717104850100
16131012130717104850900
16131012130717104851800
16131012130717104852600
16131012130717104853500
16131012130717104854400
16131012130717104855200
16131012130717104856000
16131012130717104856900
16131012130717104857700
16131012130717104858600
16131012130717104859400
16131012130717104900300
16131012130717104901100
16131012130717104902000
16131012130717104902800
16131012130717104903700
16131012130717104904500
16131012130717104905300
16131012130717104906100
16131012130717104906900
16131012130717104907700
16131012130717104908500
16131012130717104909300
16131012130717104910000
16131012130717104910800
16131012130717104911600
16131012130717104912400
16131012130717104913200
16131012130717104914000
16131012130717104914800
16131012130717104915500
16131012130717104916300
16131012130717104917100
16131012130717104917900
16131012130717104918600
16131012130717104919400
16131012130717104920100
16131012130717104920900
16131012130717104921700
16131012130717104922500
16131012130717104923300
16131012130717104924100
16131012130717104924900
16131012130717104925700
16131012130717104926500
16131012130717104927300
16131012130717104928100
16131012130717104928900
16131012130717104929700
16131012130717104930400
16131012130717104931200
16131012130717104932000
16131012130717104932700
16131012130717104933500
16131012130717104934200
16131012130717104935000
16131012130717104935700
16131012130717104936500
16131012130717104937300
16131012130717104938000
16131012130717104938800
16131012130717104939500
16131012130717104940300
16131012130717104941100
16131012130717104941900
16131012130717104942600
16131012130717104943400
16131012130717104944200
16131012130717104945000
16131012130717104945800
16131012130717104946600
16131012130717104947300
16131012130717104948100
16131012130717104948900
16131012130717104949700
16131012130717104950400
16131012130717104951200
16131012130717104952000
16131012130717104952800
16131012130717104953600
16131012130717104954400
16131012130717104955200
16131012130717104955900
16131012130717104956800
16131012130717104957600
16131012130717104958400
16131012130717104959200
16131012130717104959900
16131012130717105000700
16131012130717105001400
16131012130717105002200
16131012130717105003000
16131012130717105003700
16131012130717105004400
16131012130717105005100
16131012130717105005900
16131012130717105006600
16131012130717105007300
16131012130717105008000
16131012130717105008900
16131012130717105009700
16131012130717105010600
16131012130717105011500
16131012130717105012400
16131012130717105013300
16131012130717105014200
16131012130717105015100
16131012130717105015900
16131012130717105016800
16131012130717105017700
16131012130717105018600
16131012130717105019400
16131012130717105020300
16131012130717105021100
16131012130717105022000
16131012130717105022800
16131012130717105023600
16131012130717105024500
16131012130717105025300
16131012130717105026100
16131012130717105027000
16131012130717105027800
16131012130717105028600
16131012130717105029400
16131012130717105030300
16131012130717105031000
16131012130717105031800
16131012130717105032600
16131012130717105033400
16131012130717105034200
16131012130717105035000
16131012130717105035800
16131012130717105036600
16131012130717105037300
16131012130717105038100
16131012130717105038900
16131012130717105039700
16131012130717105040500
16131012130717105041300
16131012130717105042000
16131012130717105042800
16131012130717105043600
16131012130717105044300
16131012130717105045100
16131012130717105045900
16131012130717105046700
16131012130717105047500
16131012130717105048300
16131012130717105049100
16131012130717105049800
16131012130717105050600
16131012130717105051300
16131012130717105052100
16131012130717105052800
16131012130717105053600
16131012130717105054300
16131012130717105055100
16131012130717105055800
16131012130717105056600
16131012130717105057300
16131012130717105058100
16131012130717105058800
16131012130717105059600
16131012130717105100300
16131012130717105101100
16131012130717105101900
16131012130717105102700
16131012130717105103600
16131012130717105104400
16131012130717105105200
16131012130717105106000
16131012130717105106800
16131012130717105107700
16131012130717105108500
16131012130717105109400
16131012130717105110200
16131012130717105111100
16131012130717105112000
16131012130717105112800
16131012130717105113700
16131012130717105114500
16131012130717105115400
16131012130717105116200
16131012130717105117100
16131012130717105117900
16131012130717105118800
16131012130717105119600
16131012130717105120400
16131012130717105121300
16131012130717105122100
16131012130717105122900
16131012130717105123700
16131012130717105124500
16131012130717105125300
16131012130717105126100
16131012130717105126900
16131012130717105127700
16131012130717105128500
16131012130717105129300
16131012130717105130100
16131012130717105130900
16131012130717105131700
16131012130717105132500
16131012130717105133300
16131012130717105134100
16131012130717105134900
16131012130717105135700
16131012130717105136500
16131012130717105137400
16131012130717105138200
16131012130717105139000
16131012130717105139800
16131012130717105140600
16131012130717105141400
16131012130717105142300
16131012130717105143100
16131012130717105143900
16131012130717105144700
16131012130717105145500
16131012130717105146300
16131012130717105147100
16131012130717105148000
16131012130717105148800
16131012130717105149600
16131012130717105150400
16131012130717105151200
16131012130717105152000
16131012130717105152800
16131012130717105153700
16131012130717105154500
16131012130717105155300
16131012130717105156200
16131012130717105157000
16131012130717105157800
16131012130717105158600
16131012130717105159400
16131012130717105200200
16131012130717105201000
16131012130717105201700
16131012130717105202500
16131012130717105203300
16131012130717105204100
16131012130717105204900
16131012130717105205700
16131012130717105206500
16131012130717105207300
16131012130717105208100
16131012130717105208900
16131012130717105209700
16131012130717105210500
16131012130717105211400
16131012130717105212200
16131012130717105213000
16131012130717105213800
16131012130717105214600
16131012130717105215400
16131012130717105216200
16131012130717105217000
16131012130717105217800
16131012130717105218600
16131012130717105219300
16131012130717105220100
16131012130717105220800
16131012130717105221600
16131012130717105222300
16131012130717105223100
16131012130717105223900
16131012130717105224800
16131012130717105225600
16131012130717105226400
16131012130717105227200
16131012130717105228100
16131012130717105228900
16131012130717105229700
16131012130717105230500
16131012130717105231300
16131012130717105232100
16131012130717105233000
16131012130717105233800
16131012130717105234500
16131012130717105235300
16131012130717105236100
16131012130717105236900
16131012130717105237700
16131012130717105238500
16131012130717105239200
16131012130717105240000
16131012130717105240800
16131012130717105241600
16131012130717105242400
16131012130717105243200
16131012130717105244000
16131012130717105244800
16131012130717105245600
16131012130717105246300
16131012130717105247100
16131012130717105247900
16131012130717105248600
16131012130717105249400
16131012130717105250100
16131012130717105250900
16131012130717105251700
16131012130717105252600
16131012130717105253400
16131012130717105254200
16131012130717105255000
16131012130717105255900
16131012130717105256700
16131012130717105257500
16131012130717105258300
16131012130717105259200
16131012130717105300000
16131012130717105300800
16131012130717105301600
16131012130717105302400
16131012130717105303200
16131012130717105304100
16131012130717105304900
16131012130717105305700
16131012130717105306400
16131012130717105307200
16131012130717105308000
16131012130717105308700
16131012130717105309500
16131012130717105310200
16131012130717105310900
16131012130717105311600
16131012130717105312300
16131012130717105313100
16131012130717105313900
16131012130717105314800
16131012130717105315600
16131012130717105316500
16131012130717105317300
16131012130717105318200
16131012130717105319000
16131012130717105319900
16131012130717105320800
16131012130717105321600
16131012130717105322500
16131012130717105323300
16131012130717105324200
16131012130717105325000
16131012130717105325800
16131012130717105326700
16131012130717105327600
16131012130717105328300
16131012130717105329200
16131012130717105330200
16131012130717105331100
16131012130717105332000
16131012130717105333000
16131012130717105334000
16131012130717105334900
16131012130717105335800
16131012130717105336700
16131012130717105337600
16131012130717105338500
16131012130717105339400
16131012130717105340300
16131012130717105341200
16131012130717105342100
16131012130717105343000
16131012130717105343900
16131012130717105344800
16131012130717105345600
16131012130717105346500
16131012130717105347300
16131012130717105348200
16131012130717105349000
16131012130717105349800
16131012130717105350600
16131012130717105351500
16131012130717105352300
16131012130717105353200
16131012130717105354000
16131012130717105354800
16131012130717105355700
16131012130717105356500
16131012130717105357400
16131012130717105358300
16131012130717105359200
16131012130717105400100
16131012130717105401100
16131012130717105402000
16131012130717105402900
16131012130717105403800
16131012130717105404700
16131012130717105405600
16131012130717105406600
16131012130717105407600
16131012130717105408500
16131012130717105409500
16131012130717105410500
16131012130717105411500
16131012130717105412600
16131012130717105413600
16131012130717105414600
16131012130717105415700
16131012130717105416700
16131012130717105417800
16131012130717105418900
16131012130717105419900
16131012130717105421000
16131012130717105422100
16131012130717105423200
16131012130717105424300
16131012130717105425300
16131012130717105426400
16131012130717105427300
16131012130717105428300
16131012130717105429300
16131012130717105430300
16131012130717105431200
16131012130717105432100
16131012130717105433100
16131012130717105434000
16131012130717105434900
16131012130717105435900
16131012130717105436800
16131012130717105437700
16131012130717105438700
16131012130717105439600
16131012130717105440500
16131012130717105441400
16131012130717105442300
16131012130717105443200
16131012130717105444100
16131012130717105444900
16131012130717105445800
16131012130717105446700
16131012130717105447600
16131012130717105448500
16131012130717105449400
16131012130717105450300
16131012130717105451100
16131012130717105452000
16131012130717105452800
16131012130717105453700
16131012130717105454500
16131012130717105455400
16131012130717105456200
16131012130717105457100
16131012130717105457900
16131012130717105458800
16131012130717105459600
16131012130717105500500
16131012130717105501300
16131012130717105502200
16131012130717105503000
16131012130717105504000
16131012130717105505000
16131012130717105506200
16131012130717105507400
16131012130717105508700
16131012130717105510000
16131012130717105511600
16131012130717105627800
16131012130717105630500
16131012130717105632200
16131012130717105633800
16131012130717105635100
16131012130717105636300
16131012130717105637500
16131012130717105638600
16131012130717105639600
16131012130717105640600
16131012130717105641600
16131012130717105642500
16131012130717105643500
16131012130717105644400
16131012130717105645400
16131012130717105646300
16131012130717105647200
16131012130717105648200
16131012130717105649200
16131012130717105650100
16131012130717105651100
16131012130717105652100
16131012130717105653100
16131012130717105654200
16131012130717105655200
16131012130717105656400
16131012130717105657500
16131012130717105658800
16131012130717105700200
16131012130717105701600
16131012130717110259300
16131012130717110301100
16131012130717110302500
16131012130717110303700
16131012130717110304700
16131012130717110305800
16131012130717110306800
16131012130717110307800
16131012130717110308700
16131012130717110309700
16131012130717110310600
16131012130717110311500
16131012130717110312400
16131012130717110313300
16131012130717110314100
16131012130717110315000
16131012130717110315800
16131012130717110316600
16131012130717110317400
16131012130717110318200
16131012130717110318900
16131012130717110319700
16131012130717110320500
16131012130717110321400
16131012130717110322200
16131012130717110323000
16131012130717110323800
16131012130717110324500
16131012130717110325300
16131012130717110326000
16131012130717110326800
16131012130717110327500
16131012130717110328300
16131012130717110329100
16131012130717110329900
16131012130717110330600
16131012130717110331400
16131012130717110332100
16131012130717110332900
16131012130717110333600
16131012130717110334400
16131012130717110335100
16131012130717110335800
16131012130717110336600
16131012130717110337300
16131012130717110338000
16131012130717110338700
16131012130717110339500
16131012130717110340200
16131012130717110341000
16131012130717110341700
16131012130717110342500
16131012130717110343200
16131012130717110344000
16131012130717110344700
16131012130717110345500
16131012130717110346200
16131012130717110347000
16131012130717110347700
16131012130717110348500
16131012130717110349200
16131012130717110349900
16131012130717110350600
16131012130717110351400
16131012130717110352200
16131012130717110353100
16131012130717110353900
16131012130717110354700
16131012130717110355500
16131012130717110356400
16131012130717110357200
16131012130717110358000
16131012130717110358800
16131012130717110359600
16131012130717110400300
16131012130717110401100
16131012130717110401900
16131012130717110402700
16131012130717110403400
16131012130717110404200
16131012130717110405000
16131012130717110405800
16131012130717110406600
16131012130717110407300
16131012130717110408100
16131012130717110408900
16131012130717110409700
16131012130717110410400
16131012130717110411200
16131012130717110411900
16131012130717110412700
16131012130717110413500
16131012130717110414200
16131012130717110415000
16131012130717110415800
16131012130717110416600
16131012130717110417400
16131012130717110418200
16131012130717110418900
16131012130717110419700
16131012130717110420500
16131012130717110421300
16131012130717110422000
16131012130717110422800
16131012130717110423500
16131012130717110424200
16131012130717110424900
16131012130717110425700
16131012130717110426400
16131012130717110427200
16131012130717110428000
16131012130717110428800
16131012130717110429600
16131012130717110430300
16131012130717110431100
16131012130717110431900
16131012130717110432600
16131012130717110433400
16131012130717110434100
16131012130717110434800
16131012130717110435600
16131012130717110436400
16131012130717110437100
16131012130717110437900
16131012130717110438700
16131012130717110439500
16131012130717110440300
16131012130717110441100
16131012130717110441900
16131012130717110442700
16131012130717110443500
16131012130717110444300
16131012130717110445100
16131012130717110445800
16131012130717110446600
16131012130717110447400
16131012130717110448100
16131012130717110448900
16131012130717110449600
16131012130717110450400
16131012130717110451100
16131012130717110451800
16131012130717110452600
16131012130717110453400
16131012130717110454100
16131012130717110454900
16131012130717110455700
16131012130717110456500
16131012130717110457300
16131012130717110458100
16131012130717110458900
16131012130717110459700
16131012130717110500500
16131012130717110501300
16131012130717110502000
16131012130717110502800
16131012130717110503600
16131012130717110504400
16131012130717110505200
16131012130717110505900
16131012130717110506700
16131012130717110507500
16131012130717110508400
16131012130717110509200
16131012130717110509900
16131012130717110510700
16131012130717110511500
16131012130717110512300
16131012130717110513000
16131012130717110513800
16131012130717110514600
16131012130717110515400
16131012130717110516200
16131012130717110517000
16131012130717110517800
16131012130717110518600
16131012130717110519400
16131012130717110520200
16131012130717110521000
16131012130717110521900
16131012130717110522700
16131012130717110523500
16131012130717110524300
16131012130717110525100
16131012130717110525900
16131012130717110526700
16131012130717110527500
16131012130717110528200
16131012130717110529000
16131012130717110529800
16131012130717110530500
16131012130717110531300
16131012130717110532000
16131012130717110532800
16131012130717110533600
16131012130717110534300
16131012130717110535100
16131012130717110535900
16131012130717110536700
16131012130717110537500
16131012130717110538300
16131012130717110539100
16131012130717110539900
16131012130717110540700
16131012130717110541400
16131012130717110542200
16131012130717110542900
16131012130717110543700
16131012130717110544500
16131012130717110545200
16131012130717110546000
16131012130717110546700
16131012130717110547500
16131012130717110548200
16131012130717110549000
16131012130717110549800
16131012130717110550600
16131012130717110551300
16131012130717110552100
16131012130717110552900
16131012130717110553600
16131012130717110554400
16131012130717110555100
16131012130717110555900
16131012130717110556700
16131012130717110557400
16131012130717110558200
16131012130717110559000
16131012130717110559700
16131012130717110600500
16131012130717110601300
16131012130717110602000
16131012130717110602800
16131012130717110603500
16131012130717110604300
16131012130717110605100
16131012130717110605900
16131012130717110606600
16131012130717110607400
16131012130717110608200
16131012130717110608900
16131012130717110609700
16131012130717110610500
16131012130717110611200
16131012130717110612000
16131012130717110612800
16131012130717110613500
16131012130717110614300
16131012130717110615000
16131012130717110615800
16131012130717110616600
16131012130717110617300
16131012130717110618100
16131012130717110618800
16131012130717110619500
16131012130717110620300
16131012130717110621000
16131012130717110621700
16131012130717110622500
16131012130717110623200
16131012130717110623900
16131012130717110624700
16131012130717110625400
16131012130717110626200
16131012130717110626900
16131012130717110627700
16131012130717110628400
16131012130717110629200
16131012130717110630000
16131012130717110630800
16131012130717110631500
16131012130717110632300
16131012130717110633100
16131012130717110633800
16131012130717110634600
16131012130717110635300
16131012130717110636100
16131012130717110636800
16131012130717110637500
16131012130717110638300
16131012130717110639000
16131012130717110639700
16131012130717110640500
16131012130717110641200
16131012130717110642000
16131012130717110642700
16131012130717110643500
16131012130717110644300
16131012130717110645000
16131012130717110645800
16131012130717110646600
16131012130717110647400
16131012130717110648100
16131012130717110648900
16131012130717110649700
16131012130717110650500
16131012130717110651300
16131012130717110652000
16131012130717110652800
16131012130717110653500
16131012130717110654200
16131012130717110654900
16131012130717110655700
16131012130717110656400
16131012130717110657200
16131012130717110657900
16131012130717110658700
16131012130717110659400
16131012130717110700200
16131012130717110701000
16131012130717110701700
16131012130717110702500
16131012130717110703300
16131012130717110704000
16131012130717110704800
16131012130717110705600
16131012130717110706400
16131012130717110707100
16131012130717110707900
16131012130717110708700
16131012130717110709500
16131012130717110710300
16131012130717110711100
16131012130717110711900
16131012130717110712700
16131012130717110713500
16131012130717110714300
16131012130717110715100
16131012130717110715900
16131012130717110716700
16131012130717110717500
16131012130717110718300
16131012130717110719100
16131012130717110719800
16131012130717110720600
16131012130717110721300
16131012130717110722000
16131012130717110722800
16131012130717110723500
16131012130717110724300
16131012130717110725000
16131012130717110725700
16131012130717110726500
16131012130717110727200
16131012130717110727900
16131012130717110728600
16131012130717110729300
16131012130717110730100
16131012130717110730900
16131012130717110731600
16131012130717110732400
16131012130717110733100
16131012130717110733900
16131012130717110734600
16131012130717110735400
16131012130717110736100
16131012130717110736800
16131012130717110737600
16131012130717110738300
16131012130717110739100
16131012130717110739800
16131012130717110740600
16131012130717110741400
16131012130717110742100
16131012130717110742900
16131012130717110743700
16131012130717110744500
16131012130717110745300
16131012130717110746100
16131012130717110746900
16131012130717110747700
16131012130717110748500
16131012130717110749300
16131012130717110750100
16131012130717110750800
16131012130717110751600
16131012130717110752400
16131012130717110753200
16131012130717110754000
16131012130717110754700
16131012130717110755500
16131012130717110756300
16131012130717110757000
16131012130717110757800
16131012130717110758500
16131012130717110759300
16131012130717110800000
16131012130717110800700
16131012130717110801500
16131012130717110802300
16131012130717110803100
16131012130717110803900
16131012130717110804800
16131012130717110805600
16131012130717110806500
16131012130717110807400
16131012130717110808200
16131012130717110809000
16131012130717110809800
16131012130717110810700
16131012130717110811500
16131012130717110812300
16131012130717110813200
16131012130717110814000
16131012130717110814800
16131012130717110815600
16131012130717110816400
16131012130717110817300
16131012130717110818100
16131012130717110818900
16131012130717110819700
16131012130717110820500
16131012130717110821300
16131012130717110822100
16131012130717110822800
16131012130717110823600
16131012130717110824300
16131012130717110825100
16131012130717110826000
16131012130717110826800
16131012130717110827500
16131012130717110828300
16131012130717110829100
16131012130717110829800
16131012130717110830600
16131012130717110831400
16131012130717110832200
16131012130717110833000
16131012130717110833800
16131012130717110834600
16131012130717110835400
16131012130717110836200
16131012130717110837000
16131012130717110837800
16131012130717110838600
16131012130717110839300
16131012130717110840100
16131012130717110840900
16131012130717110841700
16131012130717110842500
16131012130717110843300
16131012130717110844100
16131012130717110844900
16131012130717110845700
16131012130717110846500
16131012130717110847300
16131012130717110848100
16131012130717110848900
16131012130717110849600
16131012130717110850400
16131012130717110851200
16131012130717110852000
16131012130717110852800
16131012130717110853500
16131012130717110854300
16131012130717110855100
16131012130717110855900
16131012130717110856700
16131012130717110857500
16131012130717110858300
16131012130717110859100
16131012130717110859800
16131012130717110900600
16131012130717110901400
16131012130717110902200
16131012130717110903000
16131012130717110903800
16131012130717110904500
16131012130717110905300
16131012130717110906100
16131012130717110906900
16131012130717110907700
16131012130717110908500
16131012130717110909300
16131012130717110910100
16131012130717110910900
16131012130717110911700
16131012130717110912500
16131012130717110913300
16131012130717110914100
16131012130717110914900
16131012130717110915700
16131012130717110916500
16131012130717110917300
16131012130717110918100
16131012130717110918900
16131012130717110919800
16131012130717110920600
16131012130717110921500
16131012130717110922500
16131012130717110923500
16131012130717110924500
16131012130717110925700
16131012130717110927000
16131012130717110929000
16131012130717110932000
16131012130717110933800
16131012130717110935300
16131012130717110937200
16131012130717111107500
16131012130717111114000
16131012130717111116700
16131012130717111118900
16131012130717111120900
16131012130717111122600
16131012130717111124300
16131012130717111126000
16131012130717111127500
16131012130717111129100
16131012130717111130600
16131012130717111132100
16131012130717111133600
16131012130717111135200
16131012130717111136700
16131012130717111138300
16131012130717111139700
16131012130717111141300
16131012130717111142900
16131012130717111144400
16131012130717111146000
16131012130717111147500
16131012130717111149000
16131012130717111150500
16131012130717111151800
16131012130717111153100
16131012130717111154300
16131012130717111155500
16131012130717111156600
16131012130717111157600
16131012130717111158700
16131012130717111159700
16131012130717111200700
16131012130717111201700
16131012130717111202700
16131012130717111203700
16131012130717111204700
16131012130717111205700
16131012130717111206600
16131012130717111207600
16131012130717111208600
16131012130717111209500
16131012130717111210500
16131012130717111211400
16131012130717111212400
16131012130717111213400
16131012130717111214400
16131012130717111215400
16131012130717111216400
16131012130717111217500
16131012130717111218500
16131012130717111219500
16131012130717111220600
16131012130717111221600
16131012130717111222600
16131012130717111223600
16131012130717111224700
16131012130717111225700
16131012130717111226700
16131012130717111227700
16131012130717111228700
16131012130717111229700
16131012130717111230700
16131012130717111231700
16131012130717111232700
16131012130717111233700
16131012130717111234700
16131012130717111235700
16131012130717111236700
16131012130717111237700
16131012130717111238600
16131012130717111239600
16131012130717111240700
16131012130717111241700
16131012130717111242700
16131012130717111243700
16131012130717111244700
16131012130717111245700
16131012130717111246700
16131012130717111247700
16131012130717111248700
16131012130717111249700
16131012130717111250700
16131012130717111251700
16131012130717111252800
16131012130717111253800
16131012130717111254900
16131012130717111256000
16131012130717111257000
16131012130717111258200
16131012130717111259300
16131012130717111300400
16131012130717111301600
16131012130717111302700
16131012130717111303800
16131012130717111304900
16131012130717111306000
16131012130717111307000
16131012130717111308100
16131012130717111309200
16131012130717111310200
16131012130717111311200
16131012130717111312300
16131012130717111313300
16131012130717111314400
16131012130717111315400
16131012130717111316500
16131012130717111317500
16131012130717111318600
16131012130717111319600
16131012130717111320600
16131012130717111321700
16131012130717111322700
16131012130717111323700
16131012130717111324800
16131012130717111325800
16131012130717111326900
16131012130717111328000
16131012130717111329100
16131012130717111330200
16131012130717111331300
16131012130717111332400
16131012130717111333400
16131012130717111334500
16131012130717111335600
16131012130717111336700
16131012130717111337700
16131012130717111338800
16131012130717111339900
16131012130717111341000
16131012130717111342100
16131012130717111343100
16131012130717111344200
16131012130717111345300
16131012130717111346300
16131012130717111347400
16131012130717111348500
16131012130717111349500
16131012130717111350600
16131012130717111351700
16131012130717111352700
16131012130717111353700
16131012130717111354800
16131012130717111355800
16131012130717111356900
16131012130717111357900
16131012130717111358900
16131012130717111400000
16131012130717111401100
16131012130717111402200
16131012130717111403300
16131012130717111404600
16131012130717111406100
16131012130717111408000
16131012130717111409900
16131012130717111411800
16131012130717111413500
16131012130717111415000
16131012130717111416500
16131012130717111417800
16131012130717111419200
16131012130717111420400
16131012130717111421700
16131012130717111422900
16131012130717111424200
16131012130717111425400
16131012130717111426500
16131012130717111427700
16131012130717111428800
16131012130717111430000
16131012130717111431100
16131012130717111432200
16131012130717111433300
16131012130717111434400
16131012130717111435500
16131012130717111436600
16131012130717111437700
16131012130717111438700
16131012130717111439800
16131012130717111440900
16131012130717111441900
16131012130717111443000
16131012130717111444100
16131012130717111445200
16131012130717111446300
16131012130717111447400
16131012130717111448500
16131012130717111449600
16131012130717111450700
16131012130717111451800
16131012130717111452800
16131012130717111453900
16131012130717111455000
16131012130717111456100
16131012130717111457200
16131012130717111458300
16131012130717111459400
16131012130717111500500
16131012130717111501600
16131012130717111502700
16131012130717111503800
16131012130717111504900
16131012130717111506000
16131012130717111507000
16131012130717111508100
16131012130717111509200
16131012130717111510300
16131012130717111511300
16131012130717111512400
16131012130717111513500
16131012130717111514500
16131012130717111515500
16131012130717111516600
16131012130717111517700
16131012130717111518800
16131012130717111519800
16131012130717111520800
16131012130717111521900
16131012130717111523000
16131012130717111524100
16131012130717111525200
16131012130717111526300
16131012130717111527400
16131012130717111528600
16131012130717111529700
16131012130717111530800
16131012130717111531900
16131012130717111533000
16131012130717111534200
16131012130717111535300
16131012130717111536500
16131012130717111537700
16131012130717111538900
16131012130717111540100
16131012130717111541300
16131012130717111542500
16131012130717111543700
16131012130717111544900
16131012130717111546100
16131012130717111547400
16131012130717111548600
16131012130717111549900
16131012130717111551200
16131012130717111552500
16131012130717111553800
16131012130717111555100
16131012130717111556400
16131012130717111557600
16131012130717111558900
16131012130717111600200
16131012130717111601600
16131012130717111602900
16131012130717111604200
16131012130717111605500
16131012130717111606800
16131012130717111608100
16131012130717111609300
16131012130717111610500
16131012130717111611700
16131012130717111612900
16131012130717111614100
16131012130717111615300
16131012130717111616400
16131012130717111617600
16131012130717111618700
16131012130717111619900
16131012130717111621000
16131012130717111622100
16131012130717111623300
16131012130717111624400
16131012130717111625600
16131012130717111626800
16131012130717111628000
16131012130717111629200
16131012130717111630400
16131012130717111631600
16131012130717111632700
16131012130717111633900
16131012130717111635000
16131012130717111636200
16131012130717111637400
16131012130717111638500
16131012130717111639700
16131012130717111640800
16131012130717111642000
16131012130717111643200
16131012130717111644400
16131012130717111645600
16131012130717111646800
16131012130717111648000
16131012130717111649300
16131012130717111650500
16131012130717111651800
16131012130717111653000
16131012130717111654300
16131012130717111655500
16131012130717111656700
16131012130717111658000
16131012130717111659200
16131012130717111700400
16131012130717111701600
16131012130717111702800
16131012130717111704000
16131012130717111705200
16131012130717111706400
16131012130717111707600
16131012130717111708800
16131012130717111710000
16131012130717111711300
16131012130717111712500
16131012130717111713800
16131012130717111715000
16131012130717111716200
16131012130717111717500
16131012130717111718700
16131012130717111719900
16131012130717111721100
16131012130717111722300
16131012130717111723500
16131012130717111724600
16131012130717111725900
16131012130717111727100
16131012130717111728400
16131012130717111729600
16131012130717111730900
16131012130717111732100
16131012130717111733300
16131012130717111734500
16131012130717111735700
16131012130717111736900
16131012130717111738100
16131012130717111739200
16131012130717111740400
16131012130717111741600
16131012130717111742700
16131012130717111743800
16131012130717111745000
16131012130717111746100
16131012130717111747200
16131012130717111748400
16131012130717111749500
16131012130717111750600
16131012130717111751700
16131012130717111752800
16131012130717111753900
16131012130717111755000
16131012130717111756100
16131012130717111757200
16131012130717111758300
16131012130717111759400
16131012130717111800400
16131012130717111801500
16131012130717111802500
16131012130717111803600
16131012130717111804700
16131012130717111805800
16131012130717111807000
16131012130717111808100
16131012130717111809300
16131012130717111810500
16131012130717111811700
16131012130717111812900
16131012130717111814100
16131012130717111815200
16131012130717111816400
16131012130717111817600
16131012130717111818700
16131012130717111819800
16131012130717111821000
16131012130717111822100
16131012130717111823200
16131012130717111824400
16131012130717111825500
16131012130717111826600
16131012130717111827700
16131012130717111828800
16131012130717111829900
16131012130717111831100
16131012130717111832200
16131012130717111833300
16131012130717111834500
16131012130717111835600
16131012130717111836800
16131012130717111837900
16131012130717111839100
16131012130717111840200
16131012130717111841300
16131012130717111842500
16131012130717111843600
16131012130717111844700
16131012130717111845900
16131012130717111847000
16131012130717111848100
16131012130717111849200
16131012130717111850300
16131012130717111851500
16131012130717111852600
16131012130717111853700
16131012130717111854800
16131012130717111855900
16131012130717111857000
16131012130717111858100
16131012130717111859200
16131012130717111900300
16131012130717111901400
16131012130717111902500
16131012130717111903600
16131012130717111904600
16131012130717111905700
16131012130717111906800
16131012130717111907800
16131012130717111908900
16131012130717111909900
16131012130717111911000
16131012130717111912100
16131012130717111913200
16131012130717111914200
16131012130717111915300
16131012130717111916400
16131012130717111917400
16131012130717111918500
16131012130717111919600
16131012130717111920600
16131012130717111921700
16131012130717111922700
16131012130717111923800
16131012130717111924900
16131012130717111925900
16131012130717111927000
16131012130717111928100
16131012130717111929100
16131012130717111930200
16131012130717111931200
16131012130717111932300
16131012130717111933400
16131012130717111934400
16131012130717111935500
16131012130717111936600
16131012130717111937700
16131012130717111938800
16131012130717111939900
16131012130717111941000
16131012130717111942100
16131012130717111943200
16131012130717111944300
16131012130717111945400
16131012130717111946500
16131012130717111947600
16131012130717111948700
16131012130717111949800
16131012130717111950900
16131012130717111952000
16131012130717111953100
16131012130717111954200
16131012130717111955300
16131012130717111956400
16131012130717111957500
16131012130717111958500
16131012130717111959600
16131012130717112000700
16131012130717112001800
16131012130717112002800
16131012130717112003900
16131012130717112004900
16131012130717112006000
16131012130717112007100
16131012130717112008100
16131012130717112009200
16131012130717112010300
16131012130717112011400
16131012130717112012500
16131012130717112013600
16131012130717112014700
16131012130717112015800
16131012130717112017000
16131012130717112018200
16131012130717112019400
16131012130717112020600
16131012130717112021800
16131012130717112023000
16131012130717112024200
16131012130717112025400
16131012130717112026600
16131012130717112027800
16131012130717112029100
16131012130717112030300
16131012130717112031500
16131012130717112032700
16131012130717112033900
16131012130717112035100
16131012130717112036200
16131012130717112037400
16131012130717112038600
16131012130717112039700
16131012130717112040900
16131012130717112042000
16131012130717112043100
16131012130717112044100
16131012130717112045200
16131012130717112046300
16131012130717112047400
16131012130717112048500
16131012130717112049600
16131012130717112050700
16131012130717112051800
16131012130717112052800
16131012130717112053900
16131012130717112055000
16131012130717112056000
16131012130717112057100
16131012130717112058100
16131012130717112059200
16131012130717112100200
16131012130717112101300
16131012130717112102300
16131012130717112103400
16131012130717112104400
16131012130717112105400
16131012130717112106500
16131012130717112107500
16131012130717112108500
16131012130717112109400
16131012130717112110400
16131012130717112111400
16131012130717112112400
16131012130717112113500
16131012130717112114400
16131012130717112115400
16131012130717112116400
16131012130717112117400
16131012130717112118300
16131012130717112119300
16131012130717112120200
16131012130717112121200
16131012130717112122100
16131012130717112123100
16131012130717112124100
16131012130717112125000
16131012130717112126000
16131012130717112127000
16131012130717112128000
16131012130717112129000
16131012130717112130100
16131012130717112131100
16131012130717112132100
16131012130717112133100
16131012130717112134100
16131012130717112135100
16131012130717112136100
16131012130717112137100
16131012130717112138200
16131012130717112139200
16131012130717112140300
16131012130717112141300
16131012130717112142400
16131012130717112143500
16131012130717112144500
16131012130717112145600
16131012130717112146700
16131012130717112147800
16131012130717112148900
16131012130717112149900
16131012130717112151000
16131012130717112152100
16131012130717112153200
16131012130717112154300
16131012130717112155400
16131012130717112156600
16131012130717112157700
16131012130717112158800
16131012130717112159900
16131012130717112201000
16131012130717112202200
16131012130717112203300
16131012130717112204400
16131012130717112205500
16131012130717112206600
16131012130717112207700
16131012130717112208800
16131012130717112209800
16131012130717112210900
16131012130717112212000
16131012130717112213100
16131012130717112214200
16131012130717112215300
16131012130717112216400
16131012130717112217500
16131012130717112218600
16131012130717112219700
16131012130717112220800
16131012130717112221800
16131012130717112222900
16131012130717112224000
16131012130717112225000
16131012130717112226100
16131012130717112227200
16131012130717112228300
16131012130717112229400
16131012130717112230400
16131012130717112231500
16131012130717112232500
16131012130717112233600
16131012130717112234700
16131012130717112235800
16131012130717112236900
16131012130717112238000
16131012130717112239000
16131012130717112240100
16131012130717112241100
16131012130717112242100
16131012130717112243200
16131012130717112244200
16131012130717112245200
16131012130717112246200
16131012130717112247300
16131012130717112248300
16131012130717112249300
16131012130717112250400
16131012130717112251400
16131012130717112252500
16131012130717112253600
16131012130717112254700
16131012130717112255700
16131012130717112256800
16131012130717112257900
16131012130717112258900
16131012130717112300000
16131012130717112301000
16131012130717112302100
16131012130717112303100
16131012130717112304200
16131012130717112305300
16131012130717112306400
16131012130717112307600
16131012130717112308700
16131012130717112309800
16131012130717112311000
16131012130717112312200
16131012130717112313400
16131012130717112314500
16131012130717112315700
16131012130717112317000
16131012130717112318200
16131012130717112319400
16131012130717112320700
16131012130717112322000
16131012130717112323300
16131012130717112324600
16131012130717112325900
16131012130717112327100
16131012130717112328400
16131012130717112329700
16131012130717112331000
16131012130717112332300
16131012130717112333600
16131012130717112334900
16131012130717112336200
16131012130717112337400
16131012130717112338700
16131012130717112339900
16131012130717112341100
16131012130717112342300
16131012130717112343400
16131012130717112344600
16131012130717112345700
16131012130717112346800
16131012130717112347900
16131012130717112348900
16131012130717112350000
16131012130717112351000
16131012130717112352000
16131012130717112353100
16131012130717112354100
16131012130717112355400
16131012130717112357200
16131012130717112548000
16131012130717112550700
16131012130717112552800
16131012130717112554600
16131012130717112556200
16131012130717112557700
16131012130717112559100
16131012130717112600400
16131012130717112601700
16131012130717112603000
16131012130717112604200
16131012130717112605400
16131012130717112606700
16131012130717112607800
16131012130717112609000
16131012130717112610000
16131012130717112611100
16131012130717112612200
16131012130717112613300
16131012130717112614300
16131012130717112615400
16131012130717112616400
16131012130717112617500
16131012130717112618500
16131012130717112619500
16131012130717112620500
16131012130717112621500
16131012130717112622500
16131012130717112623500
16131012130717112624400
16131012130717112625400
16131012130717112626300
16131012130717112627300
16131012130717112628200
16131012130717112629200
16131012130717112630200
16131012130717112631200
16131012130717112632200
16131012130717112633100
16131012130717112634100
16131012130717112635100
16131012130717112636000
16131012130717112637000
16131012130717112637900
16131012130717112638800
16131012130717112639700
16131012130717112640700
16131012130717112641600
16131012130717112642500
16131012130717112643400
16131012130717112644300
16131012130717112645200
16131012130717112646200
16131012130717112647100
16131012130717112648000
16131012130717112648900
16131012130717112649800
16131012130717112650700
16131012130717112651600
16131012130717112652500
16131012130717112653400
16131012130717112654200
16131012130717112655100
16131012130717112656000
16131012130717112656800
16131012130717112657700
16131012130717112658600
16131012130717112659500
16131012130717112700400
16131012130717112701300
16131012130717112702200
16131012130717112703100
16131012130717112704000
16131012130717112704900
16131012130717112705800
16131012130717112706700
16131012130717112707600
16131012130717112708500
16131012130717112709300
16131012130717112710200
16131012130717112711100
16131012130717112711900
16131012130717112712800
16131012130717112713700
16131012130717112714600
16131012130717112715500
16131012130717112716300
16131012130717112717200
16131012130717112718100
16131012130717112719100
16131012130717112720000
16131012130717112720900
16131012130717112721900
16131012130717112722800
16131012130717112723800
16131012130717112724700
16131012130717112725600
16131012130717112726500
16131012130717112727500
16131012130717112728400
16131012130717112729300
16131012130717112730200
16131012130717112731100
16131012130717112732000
16131012130717112732900
16131012130717112733700
16131012130717112734600
16131012130717112735500
16131012130717112736400
16131012130717112737200
16131012130717112738100
16131012130717112738900
16131012130717112739800
16131012130717112740700
16131012130717112741600
16131012130717112742500
16131012130717112743300
16131012130717112744200
16131012130717112745100
16131012130717112745900
16131012130717112746800
16131012130717112747600
16131012130717112748500
16131012130717112749300
16131012130717112750200
16131012130717112751100
16131012130717112751900
16131012130717112752800
16131012130717112753600
16131012130717112754500
16131012130717112755300
16131012130717112756200
16131012130717112757000
16131012130717112757900
16131012130717112758700
16131012130717112759600
16131012130717112800400
16131012130717112801300
16131012130717112802100
16131012130717112802900
16131012130717112803800
16131012130717112804600
16131012130717112805400
16131012130717112806200
16131012130717112807000
16131012130717112807800
16131012130717112808600
16131012130717112809400
16131012130717112810200
16131012130717112811000
16131012130717112811800
16131012130717112812600
16131012130717112813400
16131012130717112814200
16131012130717112815100
16131012130717112815900
16131012130717112816800
16131012130717112817700
16131012130717112818700
16131012130717112819600
16131012130717112820500
16131012130717112821400
16131012130717112822400
16131012130717112823300
16131012130717112824100
16131012130717112825000
16131012130717112825900
16131012130717112826800
16131012130717112827700
16131012130717112828500
16131012130717112829400
16131012130717112830200
16131012130717112831100
16131012130717112831900
16131012130717112832800
16131012130717112833700
16131012130717112834600
16131012130717112835400
16131012130717112836300
16131012130717112837200
16131012130717112838100
16131012130717112839100
16131012130717112840000
16131012130717112840900
16131012130717112841800
16131012130717112842700
16131012130717112843600
16131012130717112844500
16131012130717112845500
16131012130717112846400
16131012130717112847300
16131012130717112848300
16131012130717112849300
16131012130717112850200
16131012130717112851200
16131012130717112852100
16131012130717112853000
16131012130717112853900
16131012130717112854800
16131012130717112855700
16131012130717112856500
16131012130717112857400
16131012130717112858300
16131012130717112859100
16131012130717112900000
16131012130717112900800
16131012130717112901700
16131012130717112902500
16131012130717112903400
16131012130717112904300
16131012130717112905200
16131012130717112906100
16131012130717112907000
16131012130717112907800
16131012130717112908700
16131012130717112909600
16131012130717112910400
16131012130717112911300
16131012130717112912200
16131012130717112913100
16131012130717112914000
16131012130717112914900
16131012130717112915800
16131012130717112916700
16131012130717112917600
16131012130717112918500
16131012130717112919400
16131012130717112920300
16131012130717112921200
16131012130717112922100
16131012130717112923000
16131012130717112923800
16131012130717112924700
16131012130717112925600
16131012130717112926500
16131012130717112927400
16131012130717112928300
16131012130717112929200
16131012130717112930100
16131012130717112931000
16131012130717112932000
16131012130717112933000
16131012130717112934000
16131012130717112935000
16131012130717112936000
16131012130717112937000
16131012130717112938000
16131012130717112938900
16131012130717112939900
16131012130717112940900
16131012130717112941900
16131012130717112942800
16131012130717112943800
16131012130717112944700
16131012130717112945700
16131012130717112946600
16131012130717112947600
16131012130717112948500
16131012130717112949400
16131012130717112950400
16131012130717112951300
16131012130717112952200
16131012130717112953200
16131012130717112954100
16131012130717112955000
16131012130717112955900
16131012130717112956800
16131012130717112957800
16131012130717112958700
16131012130717112959700
16131012130717113000600
16131012130717113001600
16131012130717113002500
16131012130717113003400
16131012130717113004400
16131012130717113005300
16131012130717113006200
16131012130717113007100
16131012130717113008000
16131012130717113009000
16131012130717113010000
16131012130717113011000
16131012130717113012000
16131012130717113013100
16131012130717113014400
16131012130717113015700
16131012130717113016900
16131012130717113018100
16131012130717113019300
16131012130717113020400
16131012130717113021500
16131012130717113022500
16131012130717113023500
16131012130717113024500
16131012130717113025500
16131012130717113026500
16131012130717113027400
16131012130717113028400
16131012130717113029300
16131012130717113030300
16131012130717113031200
16131012130717113032200
16131012130717113033100
16131012130717113034000
16131012130717113034900
16131012130717113035800
16131012130717113036800
16131012130717113037700
16131012130717113038600
16131012130717113039600
16131012130717113040500
16131012130717113041600
16131012130717113042700
16131012130717113043900
16131012130717113045000
16131012130717113046300
16131012130717113047900
16131012130717113050400
16131012130717113203700
16131012130717113310700
16131012130717113315700
16131012130717113318000
16131012130717113319800
16131012130717113321400
16131012130717113322900
16131012130717113324200
16131012130717113325500
16131012130717113326800
16131012130717113327900
16131012130717113329100
16131012130717113330200
16131012130717113331300
16131012130717113332300
16131012130717113333400
16131012130717113334400
16131012130717113335400
16131012130717113336500
16131012130717113337500
16131012130717113338500
16131012130717113339600
16131012130717113340600
16131012130717113341600
16131012130717113342600
16131012130717113343700
16131012130717113344700
16131012130717113345700
16131012130717113346700
16131012130717113347700
16131012130717113348600
16131012130717113349600
16131012130717113350600
16131012130717113351500
16131012130717113352500
16131012130717113353400
16131012130717113354300
16131012130717113355300
16131012130717113356200
16131012130717113357100
16131012130717113358000
16131012130717113358900
16131012130717113359900
16131012130717113400800
16131012130717113401700
16131012130717113402600
16131012130717113403500
16131012130717113404400
16131012130717113405200
16131012130717113406100
16131012130717113407000
16131012130717113407900
16131012130717113408800
16131012130717113409700
16131012130717113410600
16131012130717113411500
16131012130717113412400
16131012130717113413300
16131012130717113414300
16131012130717113415200
16131012130717113416100
16131012130717113417000
16131012130717113418000
16131012130717113419000
16131012130717113420100
16131012130717113421100
16131012130717113422100
16131012130717113423200
16131012130717113424200
16131012130717113425200
16131012130717113426100
16131012130717113427100
16131012130717113428100
16131012130717113429000
16131012130717113430000
16131012130717113430900
16131012130717113431900
16131012130717113432800
16131012130717113433700
16131012130717113434600
16131012130717113435500
16131012130717113436400
16131012130717113437300
16131012130717113438100
16131012130717113439000
16131012130717113439900
16131012130717113440800
16131012130717113441700
16131012130717113442500
16131012130717113443400
16131012130717113444200
16131012130717113445100
16131012130717113446100
16131012130717113447100
16131012130717113448000
16131012130717113449000
16131012130717113450000
16131012130717113451000
16131012130717113452000
16131012130717113453000
16131012130717113453900
16131012130717113454900
16131012130717113455800
16131012130717113456800
16131012130717113457700
16131012130717113458700
16131012130717113459600
16131012130717113500500
16131012130717113501500
16131012130717113502400
16131012130717113503300
16131012130717113504300
16131012130717113505200
16131012130717113506100
16131012130717113507100
16131012130717113508000
16131012130717113508900
16131012130717113509800
16131012130717113510800
16131012130717113511700
16131012130717113512600
16131012130717113513500
16131012130717113514500
16131012130717113515400
16131012130717113516300
16131012130717113517200
16131012130717113518100
16131012130717113519000
16131012130717113519900
16131012130717113520800
16131012130717113521800
16131012130717113522700
16131012130717113523600
16131012130717113524500
16131012130717113525400
16131012130717113526300
16131012130717113527200
16131012130717113528100
16131012130717113529000
16131012130717113529900
16131012130717113530800
16131012130717113531700
16131012130717113532600
16131012130717113533500
16131012130717113534400
16131012130717113535300
16131012130717113536200
16131012130717113537200
16131012130717113538100
16131012130717113539000
16131012130717113539900
16131012130717113540800
16131012130717113541800
16131012130717113542700
16131012130717113543600
16131012130717113544600
16131012130717113545500
16131012130717113546500
16131012130717113547500
16131012130717113548500
16131012130717113549500
16131012130717113550500
16131012130717113551600
16131012130717113552700
16131012130717113553700
16131012130717113554900
16131012130717113556000
16131012130717113557100
16131012130717113558300
16131012130717113559500
16131012130717113600600
16131012130717113601800
16131012130717113603100
16131012130717113604300
16131012130717113605500
16131012130717113606700
16131012130717113607900
16131012130717113609200
16131012130717113610400
16131012130717113611600
16131012130717113612800
16131012130717113613900
16131012130717113615000
16131012130717113616100
16131012130717113617100
16131012130717113618100
16131012130717113619200
16131012130717113620100
16131012130717113621100
16131012130717113622100
16131012130717113623100
16131012130717113624100
16131012130717113625000
16131012130717113626000
16131012130717113626900
16131012130717113627900
16131012130717113628800
16131012130717113629700
16131012130717113630600
16131012130717113631600
16131012130717113632500
16131012130717113633400
16131012130717113634300
16131012130717113635200
16131012130717113636100
16131012130717113637000
16131012130717113638000
16131012130717113638800
16131012130717113639700
16131012130717113640600
16131012130717113641500
16131012130717113642400
16131012130717113643300
16131012130717113644200
16131012130717113645100
16131012130717113646000
16131012130717113646900
16131012130717113647800
16131012130717113648700
16131012130717113649600
16131012130717113650500
16131012130717113651400
16131012130717113652300
16131012130717113653200
16131012130717113654100
16131012130717113655000
16131012130717113656000
16131012130717113656900
16131012130717113657800
16131012130717113658700
16131012130717113659700
16131012130717113700600
16131012130717113701500
16131012130717113702500
16131012130717113703500
16131012130717113704400
16131012130717113705300
16131012130717113706300
16131012130717113707200
16131012130717113708200
16131012130717113709100
16131012130717113710100
16131012130717113711000
16131012130717113711900
16131012130717113712900
16131012130717113713800
16131012130717113714800
16131012130717113715700
16131012130717113716600
16131012130717113717600
16131012130717113718500
16131012130717113719400
16131012130717113720300
16131012130717113721200
16131012130717113722100
16131012130717113723000
16131012130717113723900
16131012130717113724800
16131012130717113725700
16131012130717113726600
16131012130717113727400
16131012130717113728200
16131012130717113729100
16131012130717113730000
16131012130717113730900
16131012130717113731800
16131012130717113732700
16131012130717113733600
16131012130717113734500
16131012130717113735400
16131012130717113736300
16131012130717113737300
16131012130717113738200
16131012130717113739100
16131012130717113740000
16131012130717113740900
16131012130717113741900
16131012130717113742800
16131012130717113743700
16131012130717113744600
16131012130717113745500
16131012130717113746400
16131012130717113747400
16131012130717113748300
16131012130717113749200
16131012130717113750100
16131012130717113751000
16131012130717113751900
16131012130717113752800
16131012130717113753800
16131012130717113754700
16131012130717113755600
16131012130717113756500
16131012130717113757500
16131012130717113758400
16131012130717113759300
16131012130717113800200
16131012130717113801200
16131012130717113802100
16131012130717113803100
16131012130717113804000
16131012130717113805000
16131012130717113806000
16131012130717113806900
16131012130717113807900
16131012130717113808900
16131012130717113809800
16131012130717113810800
16131012130717113811700
16131012130717113812600
16131012130717113813600
16131012130717113814500
16131012130717113815500
16131012130717113816400
16131012130717113817300
16131012130717113818200
16131012130717113819100
16131012130717113820000
16131012130717113820900
16131012130717113821800
16131012130717113822800
16131012130717113823700
16131012130717113824600
16131012130717113825500
16131012130717113826500
16131012130717113827400
16131012130717113828300
16131012130717113829200
16131012130717113830200
16131012130717113831100
16131012130717113832100
16131012130717113833000
16131012130717113834000
16131012130717113835000
16131012130717113835900
16131012130717113836900
16131012130717113837800
16131012130717113838800
16131012130717113839700
16131012130717113840700
16131012130717113841600
16131012130717113842600
16131012130717113843500
16131012130717113844500
16131012130717113845400
16131012130717113846400
16131012130717113847300
16131012130717113848300
16131012130717113849200
16131012130717113850200
16131012130717113851100
16131012130717113852000
16131012130717113852900
16131012130717113853800
16131012130717113854700
16131012130717113855600
16131012130717113856500
16131012130717113857400
16131012130717113858200
16131012130717113859100
16131012130717113900000
16131012130717113900800
16131012130717113901700
16131012130717113902600
16131012130717113903400
16131012130717113904300
16131012130717113905100
16131012130717113906000
16131012130717113906800
16131012130717113907700
16131012130717113908500
16131012130717113909400
16131012130717113910200
16131012130717113911100
16131012130717113911900
16131012130717113912800
16131012130717113913700
16131012130717113914600
16131012130717113915400
16131012130717113916300
16131012130717113917100
16131012130717113918000
16131012130717113918800
16131012130717113919700
16131012130717113920600
16131012130717113921400
16131012130717113922300
16131012130717113923100
16131012130717113924000
16131012130717113924800
16131012130717113925700
16131012130717113926500
16131012130717113927400
16131012130717113928300
16131012130717113929100
16131012130717113930000
16131012130717113930900
16131012130717113931700
16131012130717113932600
16131012130717113933500
16131012130717113934300
16131012130717113935200
16131012130717113936000
16131012130717113936900
16131012130717113937700
16131012130717113938600
16131012130717113939400
16131012130717113940300
16131012130717113941100
16131012130717113942000
16131012130717113942900
16131012130717113943700
16131012130717113944600
16131012130717113945500
16131012130717113946400
16131012130717113947200
16131012130717113948100
16131012130717113949000
16131012130717113949900
16131012130717113950800
16131012130717113951600
16131012130717113952500
16131012130717113953400
16131012130717113954300
16131012130717113955300
16131012130717113956300
16131012130717113957400
16131012130717113958400
16131012130717113959500
16131012130717114000600
16131012130717114001600
16131012130717114002700
16131012130717114003800
16131012130717114004800
16131012130717114005900
16131012130717114006900
16131012130717114008000
16131012130717114009000
16131012130717114010100
16131012130717114011200
16131012130717114012200
16131012130717114013200
16131012130717114014200
16131012130717114015300
16131012130717114016300
16131012130717114017400
16131012130717114018400
16131012130717114019400
16131012130717114020500
16131012130717114021500
16131012130717114022500
16131012130717114023500
16131012130717114024500
16131012130717114025500
16131012130717114026500
16131012130717114027500
16131012130717114028500
16131012130717114029400
16131012130717114030400
16131012130717114031300
16131012130717114032300
16131012130717114033200
16131012130717114034200
16131012130717114035100
16131012130717114036100
16131012130717114037000
16131012130717114037900
16131012130717114038800
16131012130717114039700
16131012130717114040600
16131012130717114041500
16131012130717114042400
16131012130717114043300
16131012130717114044200
16131012130717114045100
16131012130717114046000
16131012130717114046900
16131012130717114047700
16131012130717114048600
16131012130717114049500
16131012130717114050400
16131012130717114051300
16131012130717114052200
16131012130717114053200
16131012130717114054100
16131012130717114055000
16131012130717114055900
16131012130717114056800
16131012130717114057700
16131012130717114058700
16131012130717114059600
16131012130717114100600
16131012130717114101500
16131012130717114102500
16131012130717114103400
16131012130717114104400
16131012130717114105400
16131012130717114106300
16131012130717114107300
16131012130717114108200
16131012130717114109200
16131012130717114110200
16131012130717114111200
16131012130717114112100
16131012130717114113100
16131012130717114114100
16131012130717114115000
16131012130717114116000
16131012130717114117000
16131012130717114118000
16131012130717114119000
16131012130717114120000
16131012130717114121000
16131012130717114122100
16131012130717114123200
16131012130717114124200
16131012130717114125300
16131012130717114126300
16131012130717114127300
16131012130717114128300
16131012130717114129300
16131012130717114130300
16131012130717114131300
16131012130717114132300
16131012130717114133300
16131012130717114134200
16131012130717114135200
16131012130717114136200
16131012130717114137200
16131012130717114138200
16131012130717114139100
16131012130717114140100
16131012130717114141100
16131012130717114142000
16131012130717114143000
16131012130717114144000
16131012130717114144900
16131012130717114145900
16131012130717114146800
16131012130717114147800
16131012130717114148700
16131012130717114149600
16131012130717114150600
16131012130717114151500
16131012130717114152500
16131012130717114153400
16131012130717114154400
16131012130717114155400
16131012130717114156300
16131012130717114157300
16131012130717114158300
16131012130717114159300
16131012130717114200300
16131012130717114201300
16131012130717114202300
16131012130717114203300
16131012130717114204300
16131012130717114205300
16131012130717114206300
16131012130717114207300
16131012130717114208300
16131012130717114209300
16131012130717114210300
16131012130717114211200
16131012130717114212200
16131012130717114213200
16131012130717114214100
16131012130717114215100
16131012130717114216000
16131012130717114216900
16131012130717114217900
16131012130717114218800
16131012130717114219800
16131012130717114220700
16131012130717114221600
16131012130717114222600
16131012130717114223500
16131012130717114224500
16131012130717114225400
16131012130717114226400
16131012130717114227300
16131012130717114228300
16131012130717114229200
16131012130717114230300
16131012130717114231300
16131012130717114232300
16131012130717114233400
16131012130717114234400
16131012130717114235500
16131012130717114236500
16131012130717114237600
16131012130717114238600
16131012130717114239700
16131012130717114240800
16131012130717114241800
16131012130717114242900
16131012130717114243900
16131012130717114245000
16131012130717114246000
16131012130717114247000
16131012130717114248100
16131012130717114249100
16131012130717114250100
16131012130717114251100
16131012130717114252200
16131012130717114253200
16131012130717114254200
16131012130717114255200
16131012130717114256200
16131012130717114257100
16131012130717114258100
16131012130717114259100
16131012130717114300100
16131012130717114301200
16131012130717114302200
16131012130717114303100
16131012130717114304100
16131012130717114305100
16131012130717114306100
16131012130717114307000
16131012130717114308000
16131012130717114308900
16131012130717114309900
16131012130717114310800
16131012130717114311800
16131012130717114312700
16131012130717114313700
16131012130717114314600
16131012130717114315600
16131012130717114316600
16131012130717114317600
16131012130717114318600
16131012130717114319600
16131012130717114320600
16131012130717114321600
16131012130717114322600
16131012130717114323600
16131012130717114324600
16131012130717114325600
16131012130717114326600
16131012130717114327600
16131012130717114328600
16131012130717114329600
16131012130717114330700
16131012130717114331700
16131012130717114332700
16131012130717114333800
16131012130717114335800
16131012130717114336800
16131012130717114337800
16131012130717114338900
16131012130717114339900
16131012130717114340900
16131012130717114341800
16131012130717114342800
16131012130717114343800
16131012130717114344800
16131012130717114345700
16131012130717114346700
16131012130717114347600
16131012130717114348600
16131012130717114349500
16131012130717114350500
16131012130717114351400
16131012130717114352400
16131012130717114353300
16131012130717114354300
16131012130717114355200
16131012130717114356100
16131012130717114357100
16131012130717114358000
16131012130717114359000
16131012130717114400000
16131012130717114401000
16131012130717114402000
16131012130717114403000
16131012130717114404000
16131012130717114405100
16131012130717114406100
16131012130717114407000
16131012130717114408000
16131012130717114409000
16131012130717114409900
16131012130717114410900
16131012130717114411800
16131012130717114412700
16131012130717114413600
16131012130717114414600
16131012130717114415500
16131012130717114416400
16131012130717114417300
16131012130717114418300
16131012130717114419200
16131012130717114420100
16131012130717114420900
16131012130717114421800
16131012130717114422700
16131012130717114423600
16131012130717114424400
16131012130717114425300
16131012130717114426200
16131012130717114427100
16131012130717114428000
16131012130717114428800
16131012130717114429700
16131012130717114430500
16131012130717114431400
16131012130717114432200
16131012130717114433100
16131012130717114434000
16131012130717114434900
16131012130717114435800
16131012130717114436700
16131012130717114437500
16131012130717114438400
16131012130717114439300
16131012130717114440200
16131012130717114441100
16131012130717114442000
16131012130717114442800
16131012130717114443700
16131012130717114444600
16131012130717114445500
16131012130717114446300
16131012130717114447200
16131012130717114448100
16131012130717114449000
16131012130717114449900
16131012130717114450700
16131012130717114451600
16131012130717114452500
16131012130717114453400
16131012130717114454300
16131012130717114455200
16131012130717114456100
16131012130717114457100
16131012130717114458000
16131012130717114458900
16131012130717114459900
16131012130717114500800
16131012130717114501800
16131012130717114502900
16131012130717114504200
16131012130717115213700
16131012130717115245300
16131012130717115247700
16131012130717115249600
16131012130717115251300
16131012130717115252900
16131012130717115254400
16131012130717115255800
16131012130717115257100
16131012130717115258300
16131012130717115259600
16131012130717115300800
16131012130717115301900
16131012130717115303100
16131012130717115304300
16131012130717115305500
16131012130717115306600
16131012130717115307800
16131012130717115308900
16131012130717115310100
16131012130717115311200
16131012130717115312300
16131012130717115313300
16131012130717115314400
16131012130717115315500
16131012130717115316500
16131012130717115317500
16131012130717115318600
16131012130717115319600
16131012130717115320600
16131012130717115321600
16131012130717115322600
16131012130717115323500
16131012130717115324500
16131012130717115325500
16131012130717115326500
16131012130717115327500
16131012130717115328500
16131012130717115329400
16131012130717115330400
16131012130717115331400
16131012130717115332400
16131012130717115333300
16131012130717115334400
16131012130717115335400
16131012130717115336500
16131012130717115337600
16131012130717115338700
16131012130717115339800
16131012130717115340900
16131012130717115342000
16131012130717115343100
16131012130717115344100
16131012130717115345200
16131012130717115346300
16131012130717115347300
16131012130717115348300
16131012130717115349300
16131012130717115350300
16131012130717115351300
16131012130717115352300
16131012130717115353200
16131012130717115354200
16131012130717115355100
16131012130717115356100
16131012130717115357000
16131012130717115357900
16131012130717115358900
16131012130717115359800
16131012130717115400800
16131012130717115401700
16131012130717115402600
16131012130717115403600
16131012130717115404500
16131012130717115405500
16131012130717115406400
16131012130717115407500
16131012130717115408600
16131012130717115409900
16131012130717115411400
16131012130717115413000
16131012130717115414600
16131012130717115416100
16131012130717115417500
16131012130717115418800
16131012130717115420000
16131012130717115421100
16131012130717115422200
16131012130717115423300
16131012130717115424300
16131012130717115425300
16131012130717115426300
16131012130717115427200
16131012130717115428200
16131012130717115429100
16131012130717115430000
16131012130717115430900
16131012130717115431800
16131012130717115432700
16131012130717115433600
16131012130717115434500
16131012130717115435400
16131012130717115436300
16131012130717115437200
16131012130717115438000
16131012130717115438900
16131012130717115439800
16131012130717115440800
16131012130717115441700
16131012130717115442600
16131012130717115443600
16131012130717115444500
16131012130717115445500
16131012130717115446400
16131012130717115447400
16131012130717115448300
16131012130717115449300
16131012130717115450200
16131012130717115451100
16131012130717115452100
16131012130717115453000
16131012130717115454000
16131012130717115454900
16131012130717115455800
16131012130717115456800
16131012130717115457600
16131012130717115458500
16131012130717115459400
16131012130717115500300
16131012130717115501300
16131012130717115502200
16131012130717115503100
16131012130717115504000
16131012130717115504900
16131012130717115505800
16131012130717115506700
16131012130717115507600
16131012130717115508500
16131012130717115509400
16131012130717115510300
16131012130717115511200
16131012130717115512100
16131012130717115513000
16131012130717115513900
16131012130717115514900
16131012130717115515800
16131012130717115516700
16131012130717115517700
16131012130717115518600
16131012130717115519500
16131012130717115520500
16131012130717115521400
16131012130717115522300
16131012130717115523200
16131012130717115524100
16131012130717115525100
16131012130717115526000
16131012130717115526900
16131012130717115527900
16131012130717115528800
16131012130717115529700
16131012130717115530700
16131012130717115531600
16131012130717115532600
16131012130717115533500
16131012130717115534500
16131012130717115535400
16131012130717115536400
16131012130717115537300
16131012130717115538300
16131012130717115539300
16131012130717115540200
16131012130717115541200
16131012130717115542200
16131012130717115543100
16131012130717115544100
16131012130717115545000
16131012130717115546000
16131012130717115547000
16131012130717115547900
16131012130717115548900
16131012130717115549900
16131012130717115550800
16131012130717115551800
16131012130717115552700
16131012130717115553700
16131012130717115554600
16131012130717115555600
16131012130717115556500
16131012130717115557400
16131012130717115558300
16131012130717115559200
16131012130717115600100
16131012130717115601000
16131012130717115601900
16131012130717115602800
16131012130717115603700
16131012130717115604600
16131012130717115605500
16131012130717115606500
16131012130717115607400
16131012130717115608400
16131012130717115609300
16131012130717115610200
16131012130717115611200
16131012130717115612100
16131012130717115613000
16131012130717115614000
16131012130717115614900
16131012130717115615900
16131012130717115616800
16131012130717115617700
16131012130717115618700
16131012130717115619600
16131012130717115620600
16131012130717115621500
16131012130717115622500
16131012130717115623500
16131012130717115624400
16131012130717115625400
16131012130717115626300
16131012130717115627300
16131012130717115628200
16131012130717115629200
16131012130717115630100
16131012130717115631000
16131012130717115632000
16131012130717115632900
16131012130717115633800
16131012130717115634800
16131012130717115635700
16131012130717115636600
16131012130717115637500
16131012130717115638500
16131012130717115639400
16131012130717115640300
16131012130717115642200
16131012130717115643100
16131012130717115644000
16131012130717115644900
16131012130717115645900
16131012130717115646800
16131012130717115647700
16131012130717115648600
16131012130717115649600
16131012130717115650500
16131012130717115651400
16131012130717115652300
16131012130717115653200
16131012130717115654100
16131012130717115655000
16131012130717115656000
16131012130717115657000
16131012130717115658100
16131012130717115659000
16131012130717115700100
16131012130717115701000
16131012130717115702000
16131012130717115703000
16131012130717115704000
16131012130717115705000
16131012130717115705900
16131012130717115706900
16131012130717115707800
16131012130717115708800
16131012130717115709800
16131012130717115710800
16131012130717115711800
16131012130717115712800
16131012130717115713800
16131012130717115714700
16131012130717115715700
16131012130717115716700
16131012130717115717700
16131012130717115718700
16131012130717115719600
16131012130717115720600
16131012130717115721600
16131012130717115722600
16131012130717115723600
16131012130717115724600
16131012130717115725700
16131012130717115726700
16131012130717115727800
16131012130717115728800
16131012130717115729800
16131012130717115730900
16131012130717115732000
16131012130717115733000
16131012130717115734100
16131012130717115735100
16131012130717115736200
16131012130717115737300
16131012130717115738300
16131012130717115739400
16131012130717115740400
16131012130717115741500
16131012130717115742600
16131012130717115743500
16131012130717115744500
16131012130717115745600
16131012130717115746600
16131012130717115747700
16131012130717115748700
16131012130717115749800
16131012130717115750800
16131012130717115751900
16131012130717115753000
16131012130717115754000
16131012130717115755100
16131012130717115756100
16131012130717115757200
16131012130717115758200
16131012130717115759300
16131012130717115800300
16131012130717115801300
16131012130717115802400
16131012130717115803400
16131012130717115804400
16131012130717115805500
16131012130717115806500
16131012130717115807500
16131012130717115808600
16131012130717115809600
16131012130717115810600
16131012130717115811700
16131012130717115812700
16131012130717115813800
16131012130717115814800
16131012130717115815800
16131012130717115816800
16131012130717115817900
16131012130717115818900
16131012130717115820000
16131012130717115821000
16131012130717115822000
16131012130717115823100
16131012130717115824100
16131012130717115825100
16131012130717115826200
16131012130717115827200
16131012130717115828300
16131012130717115829300
16131012130717115830300
16131012130717115831400
16131012130717115832400
16131012130717115833500
16131012130717115834500
16131012130717115835500
16131012130717115836500
16131012130717115837500
16131012130717115838500
16131012130717115839500
16131012130717115840500
16131012130717115841600
16131012130717115842800
16131012130717115844300
16131012130717115845900
16131012130717115847400
16131012130717115848800
16131012130717115850200
16131012130717115851500
16131012130717115852800
16131012130717115854000
16131012130717115855200
16131012130717115856400
16131012130717115857600
16131012130717115858700
16131012130717115859900
16131012130717115901000
16131012130717115902100
16131012130717115903300
16131012130717115904400
16131012130717115905500
16131012130717115906600
16131012130717115907600
16131012130717115908700
16131012130717115909800
16131012130717115910800
16131012130717115911900
16131012130717115912900
16131012130717115913900
16131012130717115914900
16131012130717115915900
16131012130717115916900
16131012130717115917900
16131012130717115918900
16131012130717115919900
16131012130717115920900
16131012130717115922000
16131012130717115923000
16131012130717115924100
16131012130717115925200
16131012130717115926200
16131012130717115927300
16131012130717115928400
16131012130717115929500
16131012130717115930600
16131012130717115931600
16131012130717115932700
16131012130717115933800
16131012130717115934900
16131012130717115936100
16131012130717115937200
16131012130717115938300
16131012130717115939500
16131012130717115940600
16131012130717115941800
16131012130717115943000
16131012130717115944100
16131012130717115945300
16131012130717115946500
16131012130717115947700
16131012130717115948900
16131012130717115950100
16131012130717115951200
16131012130717115952400
16131012130717115953500
16131012130717115954600
16131012130717115955700
16131012130717115956800
16131012130717115957800
16131012130717115958900
16131012130717115959900
16131012130717120000900
16131012130717120001900
16131012130717120002900
16131012130717120003800
16131012130717120004800
16131012130717120005800
16131012130717120006800
16131012130717120007800
16131012130717120008800
16131012130717120009800
16131012130717120010900
16131012130717120011900
16131012130717120012900
16131012130717120013900
16131012130717120015000
16131012130717120016000
16131012130717120017000
16131012130717120018100
16131012130717120019100
16131012130717120020200
16131012130717120021300
16131012130717120022400
16131012130717120023400
16131012130717120024500
16131012130717120025600
16131012130717120026700
16131012130717120027800
16131012130717120028900
16131012130717120029900
16131012130717120030900
16131012130717120031900
16131012130717120032900
16131012130717120034000
16131012130717120035000
16131012130717120036000
16131012130717120037000
16131012130717120038000
16131012130717120039000
16131012130717120040000
16131012130717120041000
16131012130717120042000
16131012130717120043000
16131012130717120044000
16131012130717120045000
16131012130717120046000
16131012130717120047000
16131012130717120048000
16131012130717120049000
16131012130717120050000
16131012130717120051000
16131012130717120052000
16131012130717120053100
16131012130717120054100
16131012130717120055200
16131012130717120056200
16131012130717120057300
16131012130717120058300
16131012130717120059300
16131012130717120100400
16131012130717120101400
16131012130717120102400
16131012130717120103400
16131012130717120104300
16131012130717120105300
16131012130717120106300
16131012130717120107200
16131012130717120108200
16131012130717120109200
16131012130717120110200
16131012130717120111200
16131012130717120112100
16131012130717120113100
16131012130717120114100
16131012130717120115100
16131012130717120116200
16131012130717120117200
16131012130717120118200
16131012130717120119200
16131012130717120120200
16131012130717120121200
16131012130717120122300
16131012130717120123300
16131012130717120124300
16131012130717120125300
16131012130717120126300
16131012130717120127400
16131012130717120128500
16131012130717120129500
16131012130717120130600
16131012130717120131700
16131012130717120132800
16131012130717120133800
16131012130717120134900
16131012130717120135900
16131012130717120136900
16131012130717120137900
16131012130717120138900
16131012130717120139900
16131012130717120140900
16131012130717120141900
16131012130717120142800
16131012130717120143800
16131012130717120144700
16131012130717120145600
16131012130717120146600
16131012130717120147500
16131012130717120148400
16131012130717120149400
16131012130717120150300
16131012130717120151200
16131012130717120152100
16131012130717120153000
16131012130717120153900
16131012130717120154800
16131012130717120155700
16131012130717120156500
16131012130717120157400
16131012130717120158200
16131012130717120159100
16131012130717120159900
16131012130717120200800
16131012130717120201600
16131012130717120202400
16131012130717120203200
16131012130717120204100
16131012130717120205000
16131012130717120205900
16131012130717120206800
16131012130717120207800
16131012130717120208800
16131012130717120209800
16131012130717120210800
16131012130717120211800
16131012130717120212800
16131012130717120213800
16131012130717120214900
16131012130717120215900
16131012130717120216800
16131012130717120217800
16131012130717120218800
16131012130717120219700
16131012130717120220600
16131012130717120221500
16131012130717120222500
16131012130717120223400
16131012130717120224300
16131012130717120225200
16131012130717120226100
16131012130717120227000
16131012130717120227900
16131012130717120228800
16131012130717120229700
16131012130717120230600
16131012130717120231500
16131012130717120232400
16131012130717120233300
16131012130717120234200
16131012130717120235100
16131012130717120236000
16131012130717120236900
16131012130717120237800
16131012130717120238700
16131012130717120239500
16131012130717120240400
16131012130717120241300
16131012130717120242200
16131012130717120243100
16131012130717120243900
16131012130717120244800
16131012130717120245700
16131012130717120246500
16131012130717120247400
16131012130717120248300
16131012130717120249100
16131012130717120250000
16131012130717120250900
16131012130717120251800
16131012130717120252600
16131012130717120253500
16131012130717120254400
16131012130717120255300
16131012130717120256200
16131012130717120257000
16131012130717120257800
16131012130717120258700
16131012130717120259500
16131012130717120300400
16131012130717120301300
16131012130717120302100
16131012130717120303000
16131012130717120303900
16131012130717120304700
16131012130717120305600
16131012130717120306400
16131012130717120307300
16131012130717120308100
16131012130717120309000
16131012130717120309800
16131012130717120310700
16131012130717120311500
16131012130717120312400
16131012130717120313300
16131012130717120314200
16131012130717120315100
16131012130717120315900
16131012130717120316800
16131012130717120317600
16131012130717120318500
16131012130717120319300
16131012130717120320200
16131012130717120321000
16131012130717120321900
16131012130717120322800
16131012130717120323600
16131012130717120324500
16131012130717120325400
16131012130717120326300
16131012130717120327100
16131012130717120328000
16131012130717120328900
16131012130717120329700
16131012130717120330600
16131012130717120331400
16131012130717120332300
16131012130717120333100
16131012130717120334000
16131012130717120334800
16131012130717120335700
16131012130717120336500
16131012130717120337400
16131012130717120338300
16131012130717120339100
16131012130717120340000
16131012130717120340800
16131012130717120341700
16131012130717120342600
16131012130717120343400
16131012130717120344300
16131012130717120345200
16131012130717120346000
16131012130717120346900
16131012130717120347700
16131012130717120348600
16131012130717120349500
16131012130717120350300
16131012130717120351100
16131012130717120351900
16131012130717120352800
16131012130717120353600
16131012130717120354400
16131012130717120355200
16131012130717120356100
16131012130717120356900
16131012130717120357800
16131012130717120358600
16131012130717120359500
16131012130717120400300
16131012130717120401200
16131012130717120402000
16131012130717120402900
16131012130717120403700
16131012130717120404600
16131012130717120405400
16131012130717120406300
16131012130717120407100
16131012130717120408000
16131012130717120408900
16131012130717120409800
16131012130717120410700
16131012130717120411600
16131012130717120412500
16131012130717120413400
16131012130717120414300
16131012130717120415200
16131012130717120416100
16131012130717120417000
16131012130717120418000
16131012130717120418900
16131012130717120419800
16131012130717120420800
16131012130717120421700
16131012130717120422700
16131012130717120423600
16131012130717120424500
16131012130717120425400
16131012130717120426300
16131012130717120427200
16131012130717120428100
16131012130717120429000
16131012130717120429900
16131012130717120430800
16131012130717120431700
16131012130717120432500
16131012130717120433400
16131012130717120434200
16131012130717120435100
16131012130717120435900
16131012130717120436700
16131012130717120437600
16131012130717120438400
16131012130717120439200
16131012130717120440000
16131012130717120440800
16131012130717120441600
16131012130717120442400
16131012130717120443200
16131012130717120444000
16131012130717120444800
16131012130717120445600
16131012130717120446400
16131012130717120447200
16131012130717120448000
16131012130717120448800
16131012130717120449600
16131012130717120450300
16131012130717120451100
16131012130717120451900
16131012130717120452700
16131012130717120453500
16131012130717120454400
16131012130717120455200
16131012130717120456000
16131012130717120456900
16131012130717120457700
16131012130717120458600
16131012130717120459400
16131012130717120500300
16131012130717120501200
16131012130717120502000
16131012130717120502900
16131012130717120503800
16131012130717120504600
16131012130717120505500
16131012130717120506400
16131012130717120507300
16131012130717120508200
16131012130717120509100
16131012130717120510000
16131012130717120510900
16131012130717120511800
16131012130717120512700
16131012130717120513600
16131012130717120514500
16131012130717120515400
16131012130717120516300
16131012130717120517200
16131012130717120518200
16131012130717120519100
16131012130717120520100
16131012130717120521200
16131012130717120522200
16131012130717120523200
16131012130717120524200
16131012130717120525200
16131012130717120526200
16131012130717120527200
16131012130717120528200
16131012130717120529200
16131012130717120530200
16131012130717120531100
16131012130717120532100
16131012130717120533100
16131012130717120534100
16131012130717120535000
16131012130717120536000
16131012130717120536900
16131012130717120537800
16131012130717120538700
16131012130717120539600
16131012130717120540500
16131012130717120541400
16131012130717120542300
16131012130717120543200
16131012130717120544000
16131012130717120544900
16131012130717120545800
16131012130717120546700
16131012130717120547500
16131012130717120548400
16131012130717120549300
16131012130717120550100
16131012130717120551000
16131012130717120551800
16131012130717120552700
16131012130717120553500
16131012130717120554400
16131012130717120555200
16131012130717120556000
16131012130717120556900
16131012130717120557700
16131012130717120558600
16131012130717120559400
16131012130717120600200
16131012130717120601100
16131012130717120601900
16131012130717120602700
16131012130717120603600
16131012130717120604300
16131012130717120605200
16131012130717120606100
16131012130717120607000
16131012130717120607900
16131012130717120608800
16131012130717120609600
16131012130717120610500
16131012130717120611400
16131012130717120612300
16131012130717120613200
16131012130717120614100
16131012130717120615000
16131012130717120615900
16131012130717120616800
16131012130717120617700
16131012130717120618600
16131012130717120619500
16131012130717120620500
16131012130717120621400
16131012130717120622400
16131012130717120623300
16131012130717120624300
16131012130717120625300
16131012130717120626300
16131012130717120627200
16131012130717120628200
16131012130717120629200
16131012130717120630100
16131012130717120631100
16131012130717120632100
16131012130717120633100
16131012130717120634100
16131012130717120635200
16131012130717120636300
16131012130717120637400
16131012130717120638500
16131012130717120639600
16131012130717120640600
16131012130717120641700
16131012130717120642700
16131012130717120643700
16131012130717120644700
16131012130717120645800
16131012130717120646800
16131012130717120647800
16131012130717120648900
16131012130717120649900
16131012130717120650900
16131012130717120651900
16131012130717120652900
16131012130717120653900
16131012130717120654900
16131012130717120655900
16131012130717120656900
16131012130717120657900
16131012130717120658900
16131012130717120659900
16131012130717120700900
16131012130717120701900
16131012130717120702800
16131012130717120703800
16131012130717120704700
16131012130717120705600
16131012130717120706500
16131012130717120707400
16131012130717120708300
16131012130717120709200
16131012130717120710100
16131012130717120711000
16131012130717120711900
16131012130717120712800
16131012130717120713700
16131012130717120714600
16131012130717120715600
16131012130717120716500
16131012130717120717400
16131012130717120718300
16131012130717120719200
16131012130717120720100
16131012130717120721000
16131012130717120721900
16131012130717120722800
16131012130717120723700
16131012130717120724600
16131012130717120725500
16131012130717120726400
16131012130717120727300
16131012130717120728200
16131012130717120729200
16131012130717120730100
16131012130717120731000
16131012130717120731900
16131012130717120732800
16131012130717120733700
16131012130717120734600
16131012130717120735600
16131012130717120736500
16131012130717120737400
16131012130717120738300
16131012130717120739200
16131012130717120740100
16131012130717120741000
16131012130717120741900
16131012130717120742800
16131012130717120743700
16131012130717120744600
16131012130717120745500
16131012130717120746400
16131012130717120747400
16131012130717120748300
16131012130717120749300
16131012130717120750200
16131012130717120751100
16131012130717120752000
16131012130717120753000
16131012130717120753900
16131012130717120754800
16131012130717120755700
16131012130717120756600
16131012130717120757500
16131012130717120758400
16131012130717120759300
16131012130717120800200
16131012130717120801100
16131012130717120802000
16131012130717120802900
16131012130717120803800
16131012130717120804700
16131012130717120805600
16131012130717120806500
16131012130717120807400
16131012130717120808300
16131012130717120809200
16131012130717120810000
16131012130717120810900
16131012130717120811700
16131012130717120812600
16131012130717120813400
16131012130717120814300
16131012130717120815200
16131012130717120816000
16131012130717120816900
16131012130717120817800
16131012130717120818600
16131012130717120819500
16131012130717120820400
16131012130717120821300
16131012130717120822100
16131012130717120823000
16131012130717120823900
16131012130717120824800
16131012130717120825700
16131012130717120826600
16131012130717120827400
16131012130717120828300
16131012130717120829200
16131012130717120830100
16131012130717120831000
16131012130717120831900
16131012130717120832700
16131012130717120833600
16131012130717120834500
16131012130717120835400
16131012130717120836300
16131012130717120837200
16131012130717120838000
16131012130717120838900
16131012130717120839800
16131012130717120840700
16131012130717120841600
16131012130717120842400
16131012130717120843300
16131012130717120844100
16131012130717120845000
16131012130717120845800
16131012130717120846700
16131012130717120847500
16131012130717120848400
16131012130717120849300
16131012130717120850100
16131012130717120851000
16131012130717120851800
16131012130717120852600
16131012130717120853400
16131012130717120854300
16131012130717120855100
16131012130717120856000
16131012130717120856800
16131012130717120857700
16131012130717120858500
16131012130717120859400
16131012130717120900200
16131012130717120901100
16131012130717120902000
16131012130717120902800
16131012130717120903700
16131012130717120904600
16131012130717120905400
16131012130717120906300
16131012130717120907100
16131012130717120908000
16131012130717120908900
16131012130717120909800
16131012130717120910700
16131012130717120911600
16131012130717120912500
16131012130717120913400
16131012130717120914300
16131012130717120915200
16131012130717120916200
16131012130717120917100
16131012130717120918000
16131012130717120918900
16131012130717120919800
16131012130717120920700
16131012130717120921600
16131012130717120922500
16131012130717120923500
16131012130717120924500
16131012130717120925400
16131012130717120926400
16131012130717120927300
16131012130717120928300
16131012130717120929300
16131012130717120930200
16131012130717120931200
16131012130717120932200
16131012130717120933100
16131012130717120934100
16131012130717120935000
16131012130717120935900
16131012130717120936900
16131012130717120937800
16131012130717120938800
16131012130717120939700
16131012130717120940700
16131012130717120941600
16131012130717120942500
16131012130717120943400
16131012130717120944400
16131012130717120945300
16131012130717120946200
16131012130717120947100
16131012130717120948000
16131012130717120948900
16131012130717120949800
16131012130717120950700
16131012130717120951600
16131012130717120952500
16131012130717120953400
16131012130717120954200
16131012130717120955100
16131012130717120956000
16131012130717120956900
16131012130717120957700
16131012130717120958600
16131012130717120959400
16131012130717121000300
16131012130717121001100
16131012130717121002000
16131012130717121002900
16131012130717121003800
16131012130717121004700
16131012130717121005500
16131012130717121006400
16131012130717121007300
16131012130717121008200
16131012130717121009100
16131012130717121009900
16131012130717121010800
16131012130717121011700
16131012130717121012600
16131012130717121013500
16131012130717121014300
16131012130717121015200
16131012130717121016100
16131012130717121016900
16131012130717121017800
16131012130717121018600
16131012130717121019500
16131012130717121020400
16131012130717121021300
16131012130717121022200
16131012130717121023100
16131012130717121024000
16131012130717121024900
16131012130717121025800
16131012130717121026700
16131012130717121027600
16131012130717121028500
16131012130717121029400
16131012130717121030300
16131012130717121031200
16131012130717121032100
16131012130717121032900
16131012130717121033800
16131012130717121034700
16131012130717121035600
16131012130717121036500
16131012130717121037500
16131012130717121038500
16131012130717121039500
16131012130717121040600
16131012130717121041700
16131012130717121042900
16131012130717121044000
16131012130717121045300
16131012130717121046600
16131012130717121048000
16131012130717121049300
16131012130717121050600
16131012130717121051900
16131012130717121053100
16131012130717121054400
16131012130717121055500
16131012130717121056700
16131012130717121057900
16131012130717121059100
16131012130717121100300
16131012130717121101400
16131012130717121102600
16131012130717121103700
16131012130717121104900
16131012130717121106000
16131012130717121107200
16131012130717121108300
16131012130717121109400
16131012130717121110500
16131012130717121111700
16131012130717121112800
16131012130717121113900
16131012130717121115000
16131012130717121116200
16131012130717121117300
16131012130717121118400
16131012130717121119500
16131012130717121120600
16131012130717121121700
16131012130717121122900
16131012130717121124000
16131012130717121125000
16131012130717121126100
16131012130717121127200
16131012130717121128300
16131012130717121129400
16131012130717121130400
16131012130717121131500
16131012130717121132600
16131012130717121135800
16131012130717121136800
16131012130717121137800
16131012130717121138900
16131012130717121139900
16131012130717121140800
16131012130717121141800
16131012130717121142900
16131012130717121143900
16131012130717121144900
16131012130717121145900
16131012130717121146900
16131012130717121147800
16131012130717121148800
16131012130717121149800
16131012130717121150800
16131012130717121151700
16131012130717121152700
16131012130717121153600
16131012130717121154600
16131012130717121155500
16131012130717121156400
16131012130717121157300
16131012130717121158300
16131012130717121159200
16131012130717121200100
16131012130717121201000
16131012130717121201900
16131012130717121202900
16131012130717121203800
16131012130717121204700
16131012130717121205600
16131012130717121206500
16131012130717121207400
16131012130717121208300
16131012130717121209300
16131012130717121210200
16131012130717121211100
16131012130717121212100
16131012130717121213000
16131012130717121213900
16131012130717121214900
16131012130717121215800
16131012130717121216700
16131012130717121217700
16131012130717121218600
16131012130717121219500
16131012130717121220400
16131012130717121221300
16131012130717121222200
16131012130717121223200
16131012130717121224100
16131012130717121225000
16131012130717121226000
16131012130717121226900
16131012130717121227800
16131012130717121228800
16131012130717121229700
16131012130717121230600
16131012130717121231600
16131012130717121232500
16131012130717121233500
16131012130717121234500
16131012130717121235400
16131012130717121236400
16131012130717121237400
16131012130717121238300
16131012130717121239300
16131012130717121240300
16131012130717121241300
16131012130717121242200
16131012130717121243200
16131012130717121244200
16131012130717121245100
16131012130717121246100
16131012130717121247100
16131012130717121248100
16131012130717121249000
16131012130717121250000
16131012130717121251000
16131012130717121251900
16131012130717121252900
16131012130717121253900
16131012130717121254900
16131012130717121255800
16131012130717121256800
16131012130717121257800
16131012130717121258800
16131012130717121259700
16131012130717121300700
16131012130717121301700
16131012130717121302700
16131012130717121303800
16131012130717121304800
16131012130717121305800
16131012130717121306900
16131012130717121308000
16131012130717121309000
16131012130717121310100
16131012130717121311200
16131012130717121312200
16131012130717121313300
16131012130717121314300
16131012130717121315300
16131012130717121316300
16131012130717121317300
16131012130717121318300
16131012130717121319300
16131012130717121320300
16131012130717121321200
16131012130717121322200
16131012130717121323100
16131012130717121324100
16131012130717121325000
16131012130717121325900
16131012130717121326900
16131012130717121327800
16131012130717121328700
16131012130717121329600
16131012130717121330600
16131012130717121331500
16131012130717121332400
16131012130717121333300
16131012130717121334300
16131012130717121335200
16131012130717121336100
16131012130717121337100
16131012130717121338000
16131012130717121338900
16131012130717121339900
16131012130717121340800
16131012130717121341800
16131012130717121342700
16131012130717121343600
16131012130717121344500
16131012130717121345500
16131012130717121346400
16131012130717121347300
16131012130717121348300
16131012130717121349200
16131012130717121350100
16131012130717121351000
16131012130717121352000
16131012130717121352900
16131012130717121353800
16131012130717121354700
16131012130717121355600
16131012130717121356500
16131012130717121357400
16131012130717121358200
16131012130717121359100
16131012130717121400000
16131012130717121400900
16131012130717121401800
16131012130717121402700
16131012130717121403600
16131012130717121404600
16131012130717121405500
16131012130717121406400
16131012130717121407300
16131012130717121408200
16131012130717121409100
16131012130717121410000
16131012130717121411000
16131012130717121411900
16131012130717121412800
16131012130717121413700
16131012130717121414700
16131012130717121415600
16131012130717121416500
16131012130717121417500
16131012130717121418400
16131012130717121419400
16131012130717121420300
16131012130717121421300
16131012130717121422200
16131012130717121423100
16131012130717121424100
16131012130717121425000
16131012130717121426000
16131012130717121427000
16131012130717121427900
16131012130717121428800
16131012130717121429800
16131012130717121430800
16131012130717121431800
16131012130717121432700
16131012130717121433700
16131012130717121434700
16131012130717121435600
16131012130717121436600
16131012130717121437500
16131012130717121438500
16131012130717121439400
16131012130717121440300
16131012130717121441300
16131012130717121442200
16131012130717121443100
16131012130717121444100
16131012130717121445000
16131012130717121445900
16131012130717121446800
16131012130717121447700
16131012130717121448600
16131012130717121449600
16131012130717121450500
16131012130717121451400
16131012130717121452300
16131012130717121453200
16131012130717121454100
16131012130717121455100
16131012130717121456000
16131012130717121456900
16131012130717121457800
16131012130717121458800
16131012130717121459700
16131012130717121500600
16131012130717121501600
16131012130717121502500
16131012130717121503500
16131012130717121504500
16131012130717121505400
16131012130717121506400
16131012130717121507400
16131012130717121508300
16131012130717121509300
16131012130717121510200
16131012130717121511200
16131012130717121512100
16131012130717121513000
16131012130717121514000
16131012130717121514900
16131012130717121515800
16131012130717121516700
16131012130717121517600
16131012130717121518500
16131012130717121519400
16131012130717121520300
16131012130717121521200
16131012130717121522100
16131012130717121523000
16131012130717121523900
16131012130717121524800
16131012130717121525700
16131012130717121526600
16131012130717121527600
16131012130717121528500
16131012130717121529400
16131012130717121530300
16131012130717121531200
16131012130717121532100
16131012130717121533000
16131012130717121534000
16131012130717121534900
16131012130717121535800
16131012130717121536700
16131012130717121537700
16131012130717121538600
16131012130717121539500
16131012130717121540500
16131012130717121541400
16131012130717121542400
16131012130717121543300
16131012130717121544200
16131012130717121545200
16131012130717121546100
16131012130717121547100
16131012130717121548000
16131012130717121549000
16131012130717121549900
16131012130717121550900
16131012130717121551800
16131012130717121552800
16131012130717121553700
16131012130717121554600
16131012130717121555500
16131012130717121556500
16131012130717121557400
16131012130717121558300
16131012130717121559200
16131012130717121600200
16131012130717121601100
16131012130717121602000
16131012130717121602900
16131012130717121603900
16131012130717121604800
16131012130717121605700
16131012130717121606600
16131012130717121607600
16131012130717121608500
16131012130717121609500
16131012130717121610400
16131012130717121611300
16131012130717121612300
16131012130717121613200
16131012130717121614100
16131012130717121615000
16131012130717121615900
16131012130717121616800
16131012130717121617800
16131012130717121618700
16131012130717121619600
16131012130717121620500
16131012130717121621400
16131012130717121622400
16131012130717121623300
16131012130717121624200
16131012130717121625100
16131012130717121626000
16131012130717121626900
16131012130717121627800
16131012130717121628700
16131012130717121629600
16131012130717121630500
16131012130717121631300
16131012130717121632200
16131012130717121633100
16131012130717121634000
16131012130717121634900
16131012130717121635800
16131012130717121636700
16131012130717121637600
16131012130717121638500
16131012130717121639500
16131012130717121640400
16131012130717121641300
16131012130717121642200
16131012130717121643100
16131012130717121644000
16131012130717121645000
16131012130717121645900
16131012130717121646800
16131012130717121647700
16131012130717121648600
16131012130717121649500
16131012130717121650400
16131012130717121651300
16131012130717121652100
16131012130717121653000
16131012130717121653900
16131012130717121654800
16131012130717121655700
16131012130717121656600
16131012130717121657500
16131012130717121658400
16131012130717121659300
16131012130717121700200
16131012130717121701100
16131012130717121702000
16131012130717121702900
16131012130717121703800
16131012130717121704700
16131012130717121705600
16131012130717121706600
16131012130717121707500
16131012130717121708400
16131012130717121709300
16131012130717121710300
16131012130717121711200
16131012130717121712100
16131012130717121713000
16131012130717121713900
16131012130717121714800
16131012130717121715600
16131012130717121716500
16131012130717121717400
16131012130717121718300
16131012130717121719200
16131012130717121720000
16131012130717121720900
16131012130717121721800
16131012130717121722700
16131012130717121723600
16131012130717121724500
16131012130717121725400
16131012130717121726400
16131012130717121727300
16131012130717121728200
16131012130717121729200
16131012130717121730100
16131012130717121731100
16131012130717121732000
16131012130717121733000
16131012130717121734000
16131012130717121734900
16131012130717121735900
16131012130717121736900
16131012130717121737900
16131012130717121738900
16131012130717121739900
16131012130717121740800
16131012130717121741800
16131012130717121742800
16131012130717121743800
16131012130717121744800
16131012130717121745800
16131012130717121746800
16131012130717121747800
16131012130717121748800
16131012130717121749800
16131012130717121750700
16131012130717121751700
16131012130717121752700
16131012130717121753600
16131012130717121754600
16131012130717121755500
16131012130717121756500
16131012130717121757400
16131012130717121758400
16131012130717121759300
16131012130717121800200
16131012130717121801200
16131012130717121802100
16131012130717121803000
16131012130717121804000
16131012130717121804900
16131012130717121805800
16131012130717121806700
16131012130717121807700
16131012130717121808600
16131012130717121809600
16131012130717121810500
16131012130717121811400
16131012130717121812400
16131012130717121813300
16131012130717121814200
16131012130717121815200
16131012130717121816100
16131012130717121817000
16131012130717121817900
16131012130717121818900
16131012130717121819800
16131012130717121820800
16131012130717121821700
16131012130717121822700
16131012130717121823600
16131012130717121824600
16131012130717121825500
16131012130717121826500
16131012130717121827400
16131012130717121828400
16131012130717121829400
16131012130717121830300
16131012130717121831300
16131012130717121832300
16131012130717121833300
16131012130717121834200
16131012130717121835200
16131012130717121836200
16131012130717121837100
16131012130717121838100
16131012130717121839100
16131012130717121840200
16131012130717121841200
16131012130717121842200
16131012130717121843300
16131012130717121844300
16131012130717121845200
16131012130717121846200
16131012130717121847100
16131012130717121848100
16131012130717121849000
16131012130717121849900
16131012130717121850800
16131012130717121851600
16131012130717121852500
16131012130717121853300
16131012130717121854200
16131012130717121855000
16131012130717121855900
16131012130717121856800
16131012130717121857700
16131012130717121858600
16131012130717121859500
16131012130717121900400
16131012130717121901200
16131012130717121902100
16131012130717121903000
16131012130717121903900
16131012130717121904800
16131012130717121905700
16131012130717121906600
16131012130717121907600
16131012130717121908500
16131012130717121909400
16131012130717121910300
16131012130717121911200
16131012130717121912200
16131012130717121913100
16131012130717121914000
16131012130717121914900
16131012130717121915900
16131012130717121916800
16131012130717121917700
16131012130717121918600
16131012130717121919600
16131012130717121920500
16131012130717121921400
16131012130717121922400
16131012130717121923300
16131012130717121924200
16131012130717121925200
16131012130717121926100
16131012130717121927000
16131012130717121927900
16131012130717121928800
16131012130717121929700
16131012130717121930600
16131012130717121931500
16131012130717121932400
16131012130717121933300
16131012130717121934200
16131012130717121935100
16131012130717121936000
16131012130717121936900
16131012130717121937800
16131012130717121938700
16131012130717121939600
16131012130717121940600
16131012130717121941500
16131012130717121942500
16131012130717121943500
16131012130717121944400
16131012130717121945400
16131012130717121946400
16131012130717121947300
16131012130717121948300
16131012130717121949200
16131012130717121950100
16131012130717121951100
16131012130717121952000
16131012130717121952900
16131012130717121953800
16131012130717121954700
16131012130717121955700
16131012130717121956600
16131012130717121957600
16131012130717121958600
16131012130717121959500
16131012130717122000400
16131012130717122001400
16131012130717122002300
16131012130717122003100
16131012130717122004100
16131012130717122005000
16131012130717122005900
16131012130717122006900
16131012130717122007900
16131012130717122008800
16131012130717122009700
16131012130717122010700
16131012130717122011600
16131012130717122012500
16131012130717122013400
16131012130717122014300
16131012130717122015200
16131012130717122016100
16131012130717122016900
16131012130717122017800
16131012130717122018700
16131012130717122019600
16131012130717122020500
16131012130717122021300
16131012130717122022200
16131012130717122023100
16131012130717122023900
16131012130717122024800
16131012130717122025600
16131012130717122026500
16131012130717122027300
16131012130717122028200
16131012130717122029000
16131012130717122029900
16131012130717122030700
16131012130717122031600
16131012130717122032500
16131012130717122033300
16131012130717122034200
16131012130717122035000
16131012130717122035800
16131012130717122036700
16131012130717122037500
16131012130717122038400
16131012130717122039200
16131012130717122040000
16131012130717122040900
16131012130717122041700
16131012130717122042600
16131012130717122043400
16131012130717122044300
16131012130717122045100
16131012130717122046000
16131012130717122046800
16131012130717122047700
16131012130717122048600
16131012130717122049400
16131012130717122050300
16131012130717122051200
16131012130717122052000
16131012130717122052900
16131012130717122053700
16131012130717122054600
16131012130717122055400
16131012130717122056200
16131012130717122057100
16131012130717122057900
16131012130717122058800
16131012130717122059600
16131012130717122100400
16131012130717122101300
16131012130717122102100
16131012130717122102900
16131012130717122103800
16131012130717122104600
16131012130717122105400
16131012130717122106300
16131012130717122107100
16131012130717122107900
16131012130717122108800
16131012130717122109600
16131012130717122110400
16131012130717122111200
16131012130717122112000
16131012130717122112800
16131012130717122113600
16131012130717122114400
16131012130717122115200
16131012130717122116100
16131012130717122116900
16131012130717122117700
16131012130717122118500
16131012130717122119300
16131012130717122120200
16131012130717122121000
16131012130717122121800
16131012130717122122700
16131012130717122123500
16131012130717122124400
16131012130717122125300
16131012130717122126300
16131012130717122127200
16131012130717122128200
16131012130717122129200
16131012130717122130100
16131012130717122131000
16131012130717122131900
16131012130717122132700
16131012130717122133600
16131012130717122134500
16131012130717122135300
16131012130717122136200
16131012130717122137000
16131012130717122137800
16131012130717122138600
16131012130717122139400
16131012130717122140200
16131012130717122141000
16131012130717122141800
16131012130717122142600
16131012130717122143400
16131012130717122144200
16131012130717122145000
16131012130717122145800
16131012130717122146600
16131012130717122147500
16131012130717122148300
16131012130717122149100
16131012130717122149900
16131012130717122150700
16131012130717122151600
16131012130717122152400
16131012130717122153200
16131012130717122154100
16131012130717122154900
16131012130717122155800
16131012130717122156600
16131012130717122157400
16131012130717122158200
16131012130717122159000
16131012130717122159800
16131012130717122200600
16131012130717122201300
16131012130717122202100
16131012130717122202900
16131012130717122203600
16131012130717122204400
16131012130717122205100
16131012130717122205900
16131012130717122206700
16131012130717122207500
16131012130717122208300
16131012130717122209200
16131012130717122210000
16131012130717122210800
16131012130717122211600
16131012130717122212400
16131012130717122213200
16131012130717122214000
16131012130717122214700
16131012130717122215500
16131012130717122216300
16131012130717122217100
16131012130717122217900
16131012130717122218700
16131012130717122219500
16131012130717122220300
16131012130717122221100
16131012130717122221900
16131012130717122222700
16131012130717122223500
16131012130717122224300
16131012130717122225200
16131012130717122226000
16131012130717122226800
16131012130717122227700
16131012130717122228500
16131012130717122229400
16131012130717122230200
16131012130717122231100
16131012130717122232000
16131012130717122232900
16131012130717122233800
16131012130717122234700
16131012130717122235600
16131012130717122236500
16131012130717122237500
16131012130717122238400
16131012130717122239300
16131012130717122240200
16131012130717122241200
16131012130717122242000
16131012130717122242900
16131012130717122243800
16131012130717122244700
16131012130717122245500
16131012130717122246300
16131012130717122247200
16131012130717122248000
16131012130717122248800
16131012130717122249600
16131012130717122250200
16131012130717122251000
16131012130717122251800
16131012130717122252600
16131012130717122253300
16131012130717122254100
16131012130717122254800
16131012130717122255600
16131012130717122256300
16131012130717122257100
16131012130717122257900
16131012130717122258800
16131012130717122259600
16131012130717122300500
16131012130717122301500
16131012130717122302600
16131012130717122304000
16131012130717124404100
16131012130717124408600
16131012130717124411100
16131012130717124413200
16131012130717124415000
16131012130717124416700
16131012130717124418400
16131012130717124420000
16131012130717124421600
16131012130717124423000
16131012130717124424400
16131012130717124425800
16131012130717124427000
16131012130717124428300
16131012130717124429500
16131012130717124430600
16131012130717124431700
16131012130717124432800
16131012130717124433800
16131012130717124434900
16131012130717124435900
16131012130717124436900
16131012130717124437900
16131012130717124438900
16131012130717124439900
16131012130717124440900
16131012130717124441900
16131012130717124442900
16131012130717124443900
16131012130717124444900
16131012130717124445900
16131012130717124446800
16131012130717124447800
16131012130717124448800
16131012130717124449700
16131012130717124450600
16131012130717124451500
16131012130717124452400
16131012130717124453300
16131012130717124454200
16131012130717124455100
16131012130717124456000
16131012130717124456800
16131012130717124457700
16131012130717124458500
16131012130717124459400
16131012130717124500300
16131012130717124501100
16131012130717124502000
16131012130717124502900
16131012130717124503800
16131012130717124504600
16131012130717124505500
16131012130717124506400
16131012130717124507300
16131012130717124508200
16131012130717124509100
16131012130717124510000
16131012130717124510900
16131012130717124511800
16131012130717124512700
16131012130717124513500
16131012130717124514300
16131012130717124515200
16131012130717124516000
16131012130717124516900
16131012130717124517700
16131012130717124518600
16131012130717124519400
16131012130717124520300
16131012130717124521100
16131012130717124521900
16131012130717124522800
16131012130717124523600
16131012130717124524400
16131012130717124525200
16131012130717124526000
16131012130717124526900
16131012130717124527700
16131012130717124528500
16131012130717124529300
16131012130717124530200
16131012130717124531000
16131012130717124531800
16131012130717124532600
16131012130717124533500
16131012130717124534300
16131012130717124535200
16131012130717124536000
16131012130717124536900
16131012130717124537800
16131012130717124538700
16131012130717124539600
16131012130717124540500
16131012130717124541400
16131012130717124542300
16131012130717124543200
16131012130717124544100
16131012130717124544900
16131012130717124545800
16131012130717124546700
16131012130717124547500
16131012130717124548400
16131012130717124549200
16131012130717124550100
16131012130717124550900
16131012130717124551700
16131012130717124552500
16131012130717124553300
16131012130717124554100
16131012130717124554900
16131012130717124555700
16131012130717124556500
16131012130717124557300
16131012130717124558100
16131012130717124558800
16131012130717124559600
16131012130717124600400
16131012130717124601200
16131012130717124602000
16131012130717124602800
16131012130717124603600
16131012130717124604400
16131012130717124605200
16131012130717124606000
16131012130717124606700
16131012130717124607500
16131012130717124608400
16131012130717124609200
16131012130717124610000
16131012130717124610800
16131012130717124611600
16131012130717124612400
16131012130717124613200
16131012130717124614000
16131012130717124614900
16131012130717124615800
16131012130717124616700
16131012130717124617700
16131012130717124618600
16131012130717124619500
16131012130717124620500
16131012130717124621500
16131012130717124622400
16131012130717124623400
16131012130717124624400
16131012130717124625400
16131012130717124626400
16131012130717124627300
16131012130717124628300
16131012130717124629200
16131012130717124630200
16131012130717124631100
16131012130717124632000
16131012130717124632900
16131012130717124633900
16131012130717124634800
16131012130717124635700
16131012130717124636600
16131012130717124637500
16131012130717124638500
16131012130717124639400
16131012130717124640300
16131012130717124641200
16131012130717124642200
16131012130717124643100
16131012130717124644000
16131012130717124645000
16131012130717124645900
16131012130717124646800
16131012130717124647800
16131012130717124648700
16131012130717124649600
16131012130717124650500
16131012130717124651400
16131012130717124652400
16131012130717124653300
16131012130717124654100
16131012130717124655000
16131012130717124655900
16131012130717124656800
16131012130717124657700
16131012130717124658600
16131012130717124659400
16131012130717124700300
16131012130717124701200
16131012130717124702100
16131012130717124702900
16131012130717124703800
16131012130717124704700
16131012130717124705500
16131012130717124706400
16131012130717124707300
16131012130717124708100
16131012130717124709000
16131012130717124709800
16131012130717124710600
16131012130717124711500
16131012130717124712300
16131012130717124713100
16131012130717124714000
16131012130717124714800
16131012130717124715700
16131012130717124716500
16131012130717124717400
16131012130717124718200
16131012130717124719100
16131012130717124719900
16131012130717124720700
16131012130717124721600
16131012130717124722400
16131012130717124723300
16131012130717124724100
16131012130717124725000
16131012130717124725800
16131012130717124726700
16131012130717124727500
16131012130717124728400
16131012130717124729200
16131012130717124730100
16131012130717124730900
16131012130717124731800
16131012130717124732600
16131012130717124733400
16131012130717124734200
16131012130717124735100
16131012130717124735900
16131012130717124736700
16131012130717124737600
16131012130717124738400
16131012130717124739300
16131012130717124740100
16131012130717124741000
16131012130717124741900
16131012130717124742800
16131012130717124743700
16131012130717124744700
16131012130717124745600
16131012130717124746600
16131012130717124747600
16131012130717124748600
16131012130717124749500
16131012130717124750500
16131012130717124751500
16131012130717124752500
16131012130717124753600
16131012130717124754600
16131012130717124755600
16131012130717124756700
16131012130717124757700
16131012130717124758600
16131012130717124759600
16131012130717124800600
16131012130717124801600
16131012130717124802600
16131012130717124803600
16131012130717124804500
16131012130717124805500
16131012130717124806400
16131012130717124807400
16131012130717124808300
16131012130717124809300
16131012130717124810200
16131012130717124811100
16131012130717124812100
16131012130717124813100
16131012130717124814100
16131012130717124815100
16131012130717124816100
16131012130717124817100
16131012130717124818100
16131012130717124819100
16131012130717124820200
16131012130717124821300
16131012130717124822500
16131012130717124823600
16131012130717124824700
16131012130717124825800
16131012130717124827000
16131012130717124828300
16131012130717124829800
16131012130717124831500
16131012130717124833300
16131012130717124835100
16131012130717124836800
16131012130717124838600
16131012130717124841000
16131012130717124845000
16131012130717124902600
16131012130717125215400
16131012130717125216700
16131012130717125218100
16131012130717125219400
16131012130717125220700
16131012130717125222100
16131012130717125223400
16131012130717125224700
16131012130717125225900
16131012130717125227200
16131012130717125228400
16131012130717125229600
16131012130717125230800
16131012130717125231900
16131012130717125233100
16131012130717125234300
16131012130717125235500
16131012130717125236700
16131012130717125238000
16131012130717125239200
16131012130717125240500
16131012130717125241700
16131012130717125242900
16131012130717125244100
16131012130717125245300
16131012130717125246500
16131012130717125247600
16131012130717125248800
16131012130717125250000
16131012130717125251100
16131012130717125252200
16131012130717125253400
16131012130717125254500
16131012130717125255700
16131012130717125256800
16131012130717125258000
16131012130717125259100
16131012130717125300300
16131012130717125301400
16131012130717125302600
16131012130717125303800
16131012130717125305000
16131012130717125306100
16131012130717125307300
16131012130717125308500
16131012130717125309700
16131012130717125310800
16131012130717125312000
16131012130717125313100
16131012130717125314200
16131012130717125315300
16131012130717125316500
16131012130717125317700
16131012130717125318800
16131012130717125320000
16131012130717125321100
16131012130717125322200
16131012130717125323400
16131012130717125324400
16131012130717125325500
16131012130717125326600
16131012130717125327700
16131012130717125328700
16131012130717125329800
16131012130717125330900
16131012130717125332000
16131012130717125333200
16131012130717125334300
16131012130717125335400
16131012130717125336500
16131012130717125337600
16131012130717125338800
16131012130717125339900
16131012130717125341100
16131012130717125342300
16131012130717125343400
16131012130717125344600
16131012130717125345800
16131012130717125347000
16131012130717125348200
16131012130717125349300
16131012130717125350500
16131012130717125351700
16131012130717125352800
16131012130717125354000
16131012130717125355200
16131012130717125356300
16131012130717125357500
16131012130717125358600
16131012130717125359700
16131012130717125400900
16131012130717125402100
16131012130717125403200
16131012130717125404400
16131012130717125405600
16131012130717125406800
16131012130717125408000
16131012130717125409200
16131012130717125410400
16131012130717125411600
16131012130717125412800
16131012130717125414000
16131012130717125415200
16131012130717125416400
16131012130717125417500
16131012130717125418700
16131012130717125419900
16131012130717125421000
16131012130717125422200
16131012130717125423300
16131012130717125424500
16131012130717125425700
16131012130717125426900
16131012130717125428100
16131012130717125429300
16131012130717125430500
16131012130717125431700
16131012130717125432900
16131012130717125434200
16131012130717125435400
16131012130717125436600
16131012130717125437900
16131012130717125439200
16131012130717125440500
16131012130717125441800
16131012130717125443100
16131012130717125444400
16131012130717125445700
16131012130717125447000
16131012130717125448400
16131012130717125449800
16131012130717125451200
16131012130717125452700
16131012130717125454100
16131012130717125455600
16131012130717125457100
16131012130717125458500
16131012130717125459800
16131012130717125501100
16131012130717125502400
16131012130717125503700
16131012130717125505000
16131012130717125506200
16131012130717125507500
16131012130717125508800
16131012130717125510100
16131012130717125511400
16131012130717125512800
16131012130717125514100
16131012130717125515400
16131012130717125516700
16131012130717125518000
16131012130717125519400
16131012130717125522100
16131012130717125528400
16131012130717125555400
16131012130717125558200
16131012130717125600300
16131012130717125602100
16131012130717125603800
16131012130717125605500
16131012130717125607000
16131012130717125608500
16131012130717125610000
16131012130717125611400
16131012130717125612800
16131012130717125614100
16131012130717125615500
16131012130717125616900
16131012130717125618200
16131012130717125619600
16131012130717125620900
16131012130717125622200
16131012130717125623500
16131012130717125624800
16131012130717125626000
16131012130717125627200
16131012130717125628400
16131012130717125629600
16131012130717125630800
16131012130717125631900
16131012130717125633100
16131012130717125634200
16131012130717125635400
16131012130717125636500
16131012130717125637600
16131012130717125638700
16131012130717125639900
16131012130717125641000
16131012130717125642100
16131012130717125643200
16131012130717125644300
16131012130717125645500
16131012130717125646600
16131012130717125647700
16131012130717125648800
16131012130717125649900
16131012130717125651000
16131012130717125652100
16131012130717125653200
16131012130717125654300
16131012130717125655400
16131012130717125656600
16131012130717125657700
16131012130717125658800
16131012130717125659900
16131012130717125701000
16131012130717125702100
16131012130717125703200
16131012130717125704300
16131012130717125705400
16131012130717125706500
16131012130717125707600
16131012130717125708600
16131012130717125709700
16131012130717125710700
16131012130717125711700
16131012130717125712800
16131012130717125713800
16131012130717125714800
16131012130717125715800
16131012130717125716900
16131012130717125717900
16131012130717125718900
16131012130717125720000
16131012130717125721000
16131012130717125722000
16131012130717125723100
16131012130717125724100
16131012130717125725200
16131012130717125726200
16131012130717125727300
16131012130717125728300
16131012130717125729300
16131012130717125730400
16131012130717125731400
16131012130717125732400
16131012130717125733500
16131012130717125734500
16131012130717125735600
16131012130717125736700
16131012130717125737800
16131012130717125738900
16131012130717125740000
16131012130717125741100
16131012130717125742200
16131012130717125743300
16131012130717125744400
16131012130717125745500
16131012130717125746600
16131012130717125747700
16131012130717125748800
16131012130717125750000
16131012130717125751100
16131012130717125752200
16131012130717125753400
16131012130717125754500
16131012130717125755700
16131012130717125757000
16131012130717125758100
16131012130717125759300
16131012130717125800500
16131012130717125801700
16131012130717125802800
16131012130717125804000
16131012130717125805100
16131012130717125806300
16131012130717125807400
16131012130717125808500
16131012130717125809700
16131012130717125810800
16131012130717125811900
16131012130717125813000
16131012130717125814100
16131012130717125815200
16131012130717125816300
16131012130717125817400
16131012130717125818500
16131012130717125819700
16131012130717125820800
16131012130717125822000
16131012130717125823100
16131012130717125824300
16131012130717125825400
16131012130717125826600
16131012130717125827800
16131012130717125829000
16131012130717125830200
16131012130717125831500
16131012130717125832700
16131012130717125833900
16131012130717125835200
16131012130717125836500
16131012130717125837700
16131012130717125839000
16131012130717125840300
16131012130717125841500
16131012130717125842800
16131012130717125844000
16131012130717125845300
16131012130717125846600
16131012130717125847800
16131012130717125849100
16131012130717125850400
16131012130717125851600
16131012130717125852900
16131012130717125854100
16131012130717125855300
16131012130717125856600
16131012130717125857700
16131012130717125858900
16131012130717125900100
16131012130717125901300
16131012130717125902500
16131012130717125903600
16131012130717125904800
16131012130717125906100
16131012130717125907300
16131012130717125908600
16131012130717125909900
16131012130717125911100
16131012130717125912400
16131012130717125913600
16131012130717125914900
16131012130717125916100
16131012130717125917400
16131012130717125918600
16131012130717125919900
16131012130717125921100
16131012130717125922400
16131012130717125923600
16131012130717125924800
16131012130717125926000
16131012130717125927200
16131012130717125928400
16131012130717125929600
16131012130717125930800
16131012130717125931900
16131012130717125933100
16131012130717125934300
16131012130717125935500
16131012130717125936600
16131012130717125937800
16131012130717125938900
16131012130717125940100
16131012130717125941300
16131012130717125942400
16131012130717125943600
16131012130717125944700
16131012130717125945900
16131012130717125947100
16131012130717125948200
16131012130717125949400
16131012130717125950600
16131012130717125951800
16131012130717125953000
16131012130717125954200
16131012130717125955400
16131012130717125956600
16131012130717125957800
16131012130717125958900
16131012130717130000100
16131012130717130001300
16131012130717130002400
16131012130717130003600
16131012130717130004800
16131012130717130005900
16131012130717130007200
16131012130717130008400
16131012130717130009600
16131012130717130010800
16131012130717130011900
16131012130717130013100
16131012130717130014200
16131012130717130015300
16131012130717130016400
16131012130717130017500
16131012130717130018500
16131012130717130019600
16131012130717130020600
16131012130717130021700
16131012130717130022700
16131012130717130023800
16131012130717130024800
16131012130717130025800
16131012130717130026800
16131012130717130027800
16131012130717130028800
16131012130717130029800
16131012130717130030700
16131012130717130031700
16131012130717130032700
16131012130717130033700
16131012130717130034700
16131012130717130035700
16131012130717130036600
16131012130717130037600
16131012130717130038600
16131012130717130039700
16131012130717130040700
16131012130717130041700
16131012130717130042700
16131012130717130043800
16131012130717130044800
16131012130717130045900
16131012130717130046900
16131012130717130047900
16131012130717130049000
16131012130717130050000
16131012130717130051100
16131012130717130052100
16131012130717130053200
16131012130717130054200
16131012130717130055200
16131012130717130056300
16131012130717130057300
16131012130717130058300
16131012130717130059300
16131012130717130100300
16131012130717130101400
16131012130717130102400
16131012130717130103400
16131012130717130104400
16131012130717130105300
16131012130717130106300
16131012130717130107300
16131012130717130108200
16131012130717130109200
16131012130717130110100
16131012130717130111200
16131012130717130112700
16131012130717130115900
16131012130717133642900
16131012130717133644100
16131012130717133645400
16131012130717133646700
16131012130717133647900
16131012130717133649000
16131012130717133650200
16131012130717133651300
16131012130717133652400
16131012130717133653500
16131012130717133654500
16131012130717133655500
16131012130717133656600
16131012130717133657600
16131012130717133658600
16131012130717133659700
16131012130717133700700
16131012130717133701800
16131012130717133702800
16131012130717133703900
16131012130717133704900
16131012130717133706000
16131012130717133707100
16131012130717133708100
16131012130717133709200
16131012130717133710300
16131012130717133711300
16131012130717133712300
16131012130717133713400
16131012130717133714400
16131012130717133715400
16131012130717133716400
16131012130717133717400
16131012130717133718400
16131012130717133719400
16131012130717133720300
16131012130717133721300
16131012130717133722200
16131012130717133723200
16131012130717133724100
16131012130717133725000
16131012130717133725900
16131012130717133726800
16131012130717133727700
16131012130717133728600
16131012130717133729400
16131012130717133730300
16131012130717133731200
16131012130717133732000
16131012130717133732900
16131012130717133733700
16131012130717133734600
16131012130717133735500
16131012130717133736400
16131012130717133737300
16131012130717133738100
16131012130717133739000
16131012130717133739900
16131012130717133740800
16131012130717133741700
16131012130717133742500
16131012130717133743400
16131012130717133744200
16131012130717133745100
16131012130717133745900
16131012130717133746800
16131012130717133747700
16131012130717133748600
16131012130717133749400
16131012130717133750300
16131012130717133751200
16131012130717133752100
16131012130717133753000
16131012130717133754100
16131012130717133755100
16131012130717133756200
16131012130717133757200
16131012130717133758300
16131012130717133759300
16131012130717133800400
16131012130717133801400
16131012130717133802400
16131012130717133803500
16131012130717133804500
16131012130717133805600
16131012130717133806600
16131012130717133807700
16131012130717133808700
16131012130717133809700
16131012130717133810800
16131012130717133811800
16131012130717133812900
16131012130717133813900
16131012130717133815000
16131012130717133816100
16131012130717133817100
16131012130717133818200
16131012130717133819200
16131012130717133820200
16131012130717133821200
16131012130717133822200
16131012130717133823300
16131012130717133824300
16131012130717133825300
16131012130717133826300
16131012130717133827300
16131012130717133828300
16131012130717133829300
16131012130717133830300
16131012130717133831300
16131012130717133832400
16131012130717133833400
16131012130717133834400
16131012130717133835400
16131012130717133836400
16131012130717133837500
16131012130717133838500
16131012130717133839600
16131012130717133840600
16131012130717133841700
16131012130717133842800
16131012130717133843800
16131012130717133844900
16131012130717133845900
16131012130717133846900
16131012130717133848000
16131012130717133849000
16131012130717133850100
16131012130717133851200
16131012130717133852200
16131012130717133853300
16131012130717133854300
16131012130717133855300
16131012130717133856400
16131012130717133857400
16131012130717133858400
16131012130717133859500
16131012130717133900500
16131012130717133901500
16131012130717133902500
16131012130717133903500
16131012130717133904500
16131012130717133905500
16131012130717133906500
16131012130717133907600
16131012130717133908600
16131012130717133909600
16131012130717133910600
16131012130717133911600
16131012130717133912600
16131012130717133913600
16131012130717133914500
16131012130717133915500
16131012130717133916400
16131012130717133917400
16131012130717133918300
16131012130717133919300
16131012130717133920300
16131012130717133921200
16131012130717133922200
16131012130717133923200
16131012130717133924100
16131012130717133925000
16131012130717133926000
16131012130717133926900
16131012130717133927800
16131012130717133928700
16131012130717133929700
16131012130717133930600
16131012130717133931600
16131012130717133932600
16131012130717133933500
16131012130717133934500
16131012130717133935500
16131012130717133936500
16131012130717133937500
16131012130717133938500
16131012130717133939400
16131012130717133940400
16131012130717133941400
16131012130717133942400
16131012130717133943300
16131012130717133944300
16131012130717133945300
16131012130717133946300
16131012130717133947400
16131012130717133948600
16131012130717133949800
16131012130717133951100
16131012130717133952300
16131012130717133953400
16131012130717133954600
16131012130717133955800
16131012130717133957000
16131012130717133958300
16131012130717133959500
16131012130717134000600
16131012130717134001800
16131012130717134003000
16131012130717134004100
16131012130717134005200
16131012130717134006300
16131012130717134007400
16131012130717134008400
16131012130717134009500
16131012130717134010500
16131012130717134011600
16131012130717134012600
16131012130717134013600
16131012130717134014600
16131012130717134015600
16131012130717134016600
16131012130717134017600
16131012130717134018600
16131012130717134019600
16131012130717134020600
16131012130717134021600
16131012130717134022600
16131012130717134023500
16131012130717134024500
16131012130717134025500
16131012130717134026400
16131012130717134027400
16131012130717134028400
16131012130717134029400
16131012130717134030400
16131012130717134031400
16131012130717134032300
16131012130717134033300
16131012130717134034300
16131012130717134035200
16131012130717134036200
16131012130717134037200
16131012130717134038100
16131012130717134039000
16131012130717134040000
16131012130717134040900
16131012130717134041900
16131012130717134042800
16131012130717134043700
16131012130717134044700
16131012130717134045600
16131012130717134046600
16131012130717134047500
16131012130717134048500
16131012130717134049400
16131012130717134050400
16131012130717134051300
16131012130717134052300
16131012130717134053200
16131012130717134054100
16131012130717134055100
16131012130717134056000
16131012130717134056900
16131012130717134057900
16131012130717134058800
16131012130717134059700
16131012130717134100700
16131012130717134101600
16131012130717134102500
16131012130717134103500
16131012130717134104500
16131012130717134105500
16131012130717134106600
16131012130717134107700
16131012130717134108800
16131012130717134109900
16131012130717134111000
16131012130717134112100
16131012130717134113100
16131012130717134114200
16131012130717134115200
16131012130717134116200
16131012130717134117200
16131012130717134118100
16131012130717134119100
16131012130717134120200
16131012130717134121200
16131012130717134122200
16131012130717134123200
16131012130717134124100
16131012130717134125100
16131012130717134126100
16131012130717134127100
16131012130717134128100
16131012130717134129100
16131012130717134130100
16131012130717134131100
16131012130717134132000
16131012130717134133000
16131012130717134134000
16131012130717134134900
16131012130717134135900
16131012130717134136900
16131012130717134137800
16131012130717134138800
16131012130717134139800
16131012130717134140800
16131012130717134141800
16131012130717134142800
16131012130717134143800
16131012130717134144800
16131012130717134145900
16131012130717134146900
16131012130717134147900
16131012130717134148800
16131012130717134149900
16131012130717134150800
16131012130717134151800
16131012130717134152800
16131012130717134153800
16131012130717134154700
16131012130717134155600
16131012130717134156600
16131012130717134157500
16131012130717134158500
16131012130717134159400
16131012130717134200400
16131012130717134201400
16131012130717134202300
16131012130717134203300
16131012130717134204300
16131012130717134205300
16131012130717134206200
16131012130717134207200
16131012130717134208200
16131012130717134209200
16131012130717134210100
16131012130717134211100
16131012130717134212100
16131012130717134213000
16131012130717134214000
16131012130717134214900
16131012130717134215900
16131012130717134216900
16131012130717134217800
16131012130717134218800
16131012130717134219800
16131012130717134220700
16131012130717134221700
16131012130717134222700
16131012130717134223600
16131012130717134224600
16131012130717134225500
16131012130717134226500
16131012130717134227400
16131012130717134228300
16131012130717134229300
16131012130717134230200
16131012130717134231100
16131012130717134232100
16131012130717134233000
16131012130717134234000
16131012130717134234900
16131012130717134235900
16131012130717134236900
16131012130717134237900
16131012130717134238800
16131012130717134239800
16131012130717134240700
16131012130717134241700
16131012130717134242700
16131012130717134243700
16131012130717134244700
16131012130717134245700
16131012130717134246800
16131012130717134247800
16131012130717134248800
16131012130717134249900
16131012130717134250900
16131012130717134251900
16131012130717134252900
16131012130717134253900
16131012130717134254900
16131012130717134255900
16131012130717134256900
16131012130717134258000
16131012130717134259000
16131012130717134300000
16131012130717134301000
16131012130717134302000
16131012130717134303000
16131012130717134304000
16131012130717134304900
16131012130717134305900
16131012130717134306900
16131012130717134307900
16131012130717134308900
16131012130717134309900
16131012130717134310900
16131012130717134311900
16131012130717134312900
16131012130717134313900
16131012130717134314900
16131012130717134316000
16131012130717134317000
16131012130717134318000
16131012130717134319000
16131012130717134320000
16131012130717134321000
16131012130717134322000
16131012130717134323000
16131012130717134324000
16131012130717134325000
16131012130717134326000
16131012130717134327000
16131012130717134328000
16131012130717134328900
16131012130717134329900
16131012130717134330900
16131012130717134331800
16131012130717134332800
16131012130717134333800
16131012130717134334700
16131012130717134335700
16131012130717134336700
16131012130717134337600
16131012130717134338600
16131012130717134339600
16131012130717134340500
16131012130717134341500
16131012130717134342500
16131012130717134343400
16131012130717134344400
16131012130717134345400
16131012130717134346400
16131012130717134347500
16131012130717134348500
16131012130717134349500
16131012130717134350500
16131012130717134351500
16131012130717134352500
16131012130717134353500
16131012130717134354500
16131012130717134355500
16131012130717134356500
16131012130717134357500
16131012130717134358500
16131012130717134359500
16131012130717134400500
16131012130717134401500
16131012130717134402500
16131012130717134403500
16131012130717134404600
16131012130717134405600
16131012130717134406700
16131012130717134407800
16131012130717134408900
16131012130717134410000
16131012130717134411000
16131012130717134412000
16131012130717134413100
16131012130717134414100
16131012130717134415100
16131012130717134416200
16131012130717134417200
16131012130717134418200
16131012130717134419200
16131012130717134420200
16131012130717134421200
16131012130717134422200
16131012130717134423200
16131012130717134424300
16131012130717134425300
16131012130717134426300
16131012130717134427200
16131012130717134428200
16131012130717134429200
16131012130717134430100
16131012130717134431100
16131012130717134432100
16131012130717134433000
16131012130717134434000
16131012130717134435000
16131012130717134436000
16131012130717134437000
16131012130717134438000
16131012130717134439100
16131012130717134440400
16131012130717134441700
16131012130717134443000
16131012130717134444200
16131012130717134445400
16131012130717134446500
16131012130717134447600
16131012130717134448700
16131012130717134449800
16131012130717134450800
16131012130717134451900
16131012130717134452900
16131012130717134454000
16131012130717134455000
16131012130717134456000
16131012130717134457100
16131012130717134458100
16131012130717134459100
16131012130717134500100
16131012130717134501100
16131012130717134502000
16131012130717134503000
16131012130717134504000
16131012130717134505000
16131012130717134505900
16131012130717134506900
16131012130717134507900
16131012130717134508800
16131012130717134509800
16131012130717134510800
16131012130717134511700
16131012130717134512700
16131012130717134513700
16131012130717134514800
16131012130717134515800
16131012130717134516800
16131012130717134517800
16131012130717134518800
16131012130717134519800
16131012130717134520800
16131012130717134521800
16131012130717134522800
16131012130717134523800
16131012130717134524800
16131012130717134525900
16131012130717134526900
16131012130717134527900
16131012130717134528800
16131012130717134529800
16131012130717134530800
16131012130717134531800
16131012130717134532800
16131012130717134533800
16131012130717134534800
16131012130717134535700
16131012130717134536700
16131012130717134537700
16131012130717134538600
16131012130717134539600
16131012130717134540500
16131012130717134541500
16131012130717134542400
16131012130717134543400
16131012130717134544300
16131012130717134545200
16131012130717134546200
16131012130717134547100
16131012130717134548100
16131012130717134549100
16131012130717134550000
16131012130717134551000
16131012130717134551900
16131012130717134552900
16131012130717134553900
16131012130717134554800
16131012130717134555800
16131012130717134556800
16131012130717134557700
16131012130717134558700
16131012130717134559700
16131012130717134600700
16131012130717134601700
16131012130717134602700
16131012130717134603600
16131012130717134604600
16131012130717134605600
16131012130717134606600
16131012130717134607600
16131012130717134608500
16131012130717134609500
16131012130717134610400
16131012130717134611400
16131012130717134612400
16131012130717134613400
16131012130717134614400
16131012130717134615300
16131012130717134616300
16131012130717134617300
16131012130717134618200
16131012130717134619200
16131012130717134620100
16131012130717134621000
16131012130717134622000
16131012130717134622900
16131012130717134623800
16131012130717134624700
16131012130717134625600
16131012130717134626600
16131012130717134627500
16131012130717134628400
16131012130717134629300
16131012130717134630200
16131012130717134631100
16131012130717134632000
16131012130717134633000
16131012130717134633900
16131012130717134634900
16131012130717134635900
16131012130717134636800
16131012130717134637800
16131012130717134638700
16131012130717134639700
16131012130717134640600
16131012130717134641600
16131012130717134642500
16131012130717134643400
16131012130717134644400
16131012130717134645300
16131012130717134646200
16131012130717134647100
16131012130717134648000
16131012130717134649000
16131012130717134649900
16131012130717134650800
16131012130717134651800
16131012130717134652700
16131012130717134653600
16131012130717134654500
16131012130717134655500
16131012130717134656400
16131012130717134657300
16131012130717134658200
16131012130717134659200
16131012130717134700100
16131012130717134701000
16131012130717134702000
16131012130717134702900
16131012130717134703800
16131012130717134704800
16131012130717134705800
16131012130717134706700
16131012130717134707700
16131012130717134708700
16131012130717134709600
16131012130717134710600
16131012130717134711600
16131012130717134712600
16131012130717134713600
16131012130717134714600
16131012130717134715600
16131012130717134716600
16131012130717134717600
16131012130717134718600
16131012130717134719600
16131012130717134720600
16131012130717134721600
16131012130717134722600
16131012130717134723600
16131012130717134724600
16131012130717134725700
16131012130717134726700
16131012130717134727700
16131012130717134728700
16131012130717134729600
16131012130717134730600
16131012130717134731500
16131012130717134732500
16131012130717134733400
16131012130717134734400
16131012130717134735300
16131012130717134736200
16131012130717134737200
16131012130717134738100
16131012130717134739100
16131012130717134740000
16131012130717134740900
16131012130717134741900
16131012130717134742800
16131012130717134743700
16131012130717134744700
16131012130717134745600
16131012130717134746400
16131012130717134747400
16131012130717134748300
16131012130717134749300
16131012130717134750200
16131012130717134751200
16131012130717134752100
16131012130717134753000
16131012130717134753900
16131012130717134754900
16131012130717134755900
16131012130717134756800
16131012130717134757800
16131012130717134758800
16131012130717134759700
16131012130717134800700
16131012130717134801700
16131012130717134802600
16131012130717134803600
16131012130717134804500
16131012130717134805500
16131012130717134806400
16131012130717134807400
16131012130717134808300
16131012130717134809300
16131012130717134810200
16131012130717134811100
16131012130717134812100
16131012130717134813000
16131012130717134813900
16131012130717134814900
16131012130717134815800
16131012130717134816700
16131012130717134817600
16131012130717134818600
16131012130717134819500
16131012130717134820400
16131012130717134821300
16131012130717134822200
16131012130717134823200
16131012130717134824100
16131012130717134825000
16131012130717134826000
16131012130717134826900
16131012130717134827800
16131012130717134828700
16131012130717134829700
16131012130717134830600
16131012130717134831500
16131012130717134832400
16131012130717134833400
16131012130717134834300
16131012130717134835200
16131012130717134836100
16131012130717134837000
16131012130717134838000
16131012130717134838900
16131012130717134839900
16131012130717134840800
16131012130717134841800
16131012130717134842700
16131012130717134843700
16131012130717134844700
16131012130717134845700
16131012130717134846700
16131012130717134847600
16131012130717134848600
16131012130717134849500
16131012130717134850400
16131012130717134851300
16131012130717134852300
16131012130717134853200
16131012130717134854100
16131012130717134855000
16131012130717134855900
16131012130717134856800
16131012130717134857700
16131012130717134858600
16131012130717134859400
16131012130717134900300
16131012130717134901200
16131012130717134902000
16131012130717134902900
16131012130717134903900
16131012130717134904800
16131012130717134905800
16131012130717134906800
16131012130717134907700
16131012130717134908600
16131012130717134909600
16131012130717134910500
16131012130717134911400
16131012130717134912400
16131012130717134913400
16131012130717134914300
16131012130717134915300
16131012130717134916300
16131012130717134917200
16131012130717134918200
16131012130717134919200
16131012130717134920100
16131012130717134921100
16131012130717134922000
16131012130717134923000
16131012130717134924000
16131012130717134924900
16131012130717134925900
16131012130717134926800
16131012130717134927800
16131012130717134928700
16131012130717134929700
16131012130717134930600
16131012130717134931600
16131012130717134932500
16131012130717134933500
16131012130717134934400
16131012130717134935400
16131012130717134936300
16131012130717134937300
16131012130717134938200
16131012130717134939200
16131012130717134940100
16131012130717134941100
16131012130717134942000
16131012130717134943000
16131012130717134943900
16131012130717134944900
16131012130717134945800
16131012130717134946800
16131012130717134947800
16131012130717134948800
16131012130717134949900
16131012130717134951000
16131012130717134952100
16131012130717134953300
16131012130717134954400
16131012130717134955500
16131012130717134956600
16131012130717134957700
16131012130717134958800
16131012130717134959800
16131012130717135000900
16131012130717135001900
16131012130717135002900
16131012130717135003900
16131012130717135004900
16131012130717135005900
16131012130717135006900
16131012130717135007900
16131012130717135008900
16131012130717135009900
16131012130717135010900
16131012130717135011900
16131012130717135012900
16131012130717135013800
16131012130717135014800
16131012130717135015800
16131012130717135016800
16131012130717135017700
16131012130717135018700
16131012130717135019700
16131012130717135020600
16131012130717135021600
16131012130717135022600
16131012130717135023500
16131012130717135024500
16131012130717135025400
16131012130717135026400
16131012130717135027300
16131012130717135028300
16131012130717135029300
16131012130717135030300
16131012130717135031400
16131012130717135032500
16131012130717135033700
16131012130717135034900
16131012130717135036100
16131012130717135037300
16131012130717135038500
16131012130717135039600
16131012130717135040800
16131012130717135041900
16131012130717135042900
16131012130717135043900
16131012130717135045000
16131012130717135046100
16131012130717135047100
16131012130717135048200
16131012130717135049200
16131012130717135050200
16131012130717135051200
16131012130717135052300
16131012130717135053300
16131012130717135054300
16131012130717135055300
16131012130717135056300
16131012130717135057300
16131012130717135058300
16131012130717135059400
16131012130717135100400
16131012130717135101400
16131012130717135102300
16131012130717135103300
16131012130717135104300
16131012130717135105300
16131012130717135106200
16131012130717135107200
16131012130717135108200
16131012130717135109100
16131012130717135110100
16131012130717135111100
16131012130717135112000
16131012130717135113000
16131012130717135114000
16131012130717135115000
16131012130717135115900
16131012130717135116900
16131012130717135117900
16131012130717135118800
16131012130717135119800
16131012130717135120800
16131012130717135121800
16131012130717135122800
16131012130717135123700
16131012130717135124700
16131012130717135125700
16131012130717135126700
16131012130717135127600
16131012130717135128600
16131012130717135129600
16131012130717135130600
16131012130717135131500
16131012130717135132500
16131012130717135133500
16131012130717135134500
16131012130717135135400
16131012130717135136400
16131012130717135137400
16131012130717135138400
16131012130717135139400
16131012130717135140400
16131012130717135141400
16131012130717135142400
16131012130717135143300
16131012130717135144300
16131012130717135145200
16131012130717135146200
16131012130717135147200
16131012130717135148200
16131012130717135149100
16131012130717135150100
16131012130717135151100
16131012130717135152100
16131012130717135153000
16131012130717135154000
16131012130717135155000
16131012130717135156000
16131012130717135157000
16131012130717135158100
16131012130717135159200
16131012130717135200300
16131012130717135201400
16131012130717135202500
16131012130717135203500
16131012130717135204600
16131012130717135205700
16131012130717135206800
16131012130717135207900
16131012130717135208900
16131012130717135210000
16131012130717135211100
16131012130717135212200
16131012130717135213200
16131012130717135214300
16131012130717135215300
16131012130717135216300
16131012130717135217400
16131012130717135218400
16131012130717135219400
16131012130717135220400
16131012130717135221400
16131012130717135222400
16131012130717135223400
16131012130717135224400
16131012130717135225300
16131012130717135226300
16131012130717135227300
16131012130717135228300
16131012130717135229200
16131012130717135230200
16131012130717135231200
16131012130717135232100
16131012130717135233100
16131012130717135234100
16131012130717135235000
16131012130717135236000
16131012130717135236900
16131012130717135237900
16131012130717135238800
16131012130717135239800
16131012130717135240700
16131012130717135241700
16131012130717135242600
16131012130717135243600
16131012130717135244600
16131012130717135245500
16131012130717135246500
16131012130717135247500
16131012130717135248400
16131012130717135249400
16131012130717135250300
16131012130717135251200
16131012130717135252200
16131012130717135253100
16131012130717135254000
16131012130717135255000
16131012130717135255900
16131012130717135256900
16131012130717135257800
16131012130717135258800
16131012130717135259700
16131012130717135300700
16131012130717135301600
16131012130717135302500
16131012130717135303400
16131012130717135304400
16131012130717135305300
16131012130717135306200
16131012130717135307100
16131012130717135308000
16131012130717135308900
16131012130717135309900
16131012130717135310800
16131012130717135311700
16131012130717135312700
16131012130717135313600
16131012130717135314600
16131012130717135315500
16131012130717135316400
16131012130717135317400
16131012130717135318300
16131012130717135319300
16131012130717135320300
16131012130717135321200
16131012130717135322200
16131012130717135323200
16131012130717135324100
16131012130717135325100
16131012130717135326100
16131012130717135327100
16131012130717135328000
16131012130717135329000
16131012130717135330000
16131012130717135331000
16131012130717135332000
16131012130717135333000
16131012130717135333900
16131012130717135334900
16131012130717135335900
16131012130717135336900
16131012130717135337900
16131012130717135338900
16131012130717135339700
16131012130717135340700
16131012130717135341700
16131012130717135342600
16131012130717135343600
16131012130717135344600
16131012130717135345500
16131012130717135346500
16131012130717135347400
16131012130717135348400
16131012130717135349300
16131012130717135350300
16131012130717135351200
16131012130717135352200
16131012130717135353100
16131012130717135354100
16131012130717135355000
16131012130717135356000
16131012130717135357000
16131012130717135357900
16131012130717135358900
16131012130717135359900
16131012130717135400900
16131012130717135401900
16131012130717135402900
16131012130717135403900
16131012130717135404900
16131012130717135405900
16131012130717135406900
16131012130717135408000
16131012130717135409000
16131012130717135410000
16131012130717135411000
16131012130717135412000
16131012130717135413100
16131012130717135414100
16131012130717135415100
16131012130717135416200
16131012130717135417300
16131012130717135418300
16131012130717135419400
16131012130717135420400
16131012130717135421500
16131012130717135422500
16131012130717135423600
16131012130717135424600
16131012130717135425600
16131012130717135426600
16131012130717135427600
16131012130717135428600
16131012130717135429600
16131012130717135430600
16131012130717135431500
16131012130717135432500
16131012130717135433500
16131012130717135434400
16131012130717135435300
16131012130717135436300
16131012130717135437200
16131012130717135438100
16131012130717135439100
16131012130717135440000
16131012130717135440900
16131012130717135441800
16131012130717135442700
16131012130717135443600
16131012130717135444500
16131012130717135445500
16131012130717135446400
16131012130717135447300
16131012130717135448300
16131012130717135449200
16131012130717135450100
16131012130717135451100
16131012130717135452100
16131012130717135453000
16131012130717135454000
16131012130717135455000
16131012130717135456000
16131012130717135457000
16131012130717135458000
16131012130717135459000
16131012130717135500000
16131012130717135500900
16131012130717135501900
16131012130717135502900
16131012130717135503900
16131012130717135504900
16131012130717135505900
16131012130717135506900
16131012130717135507900
16131012130717135508900
16131012130717135509900
16131012130717135510900
16131012130717135511900
16131012130717135512900
16131012130717135513900
16131012130717135514900
16131012130717135515900
16131012130717135516900
16131012130717135517900
16131012130717135518900
16131012130717135520000
16131012130717135521000
16131012130717135522000
16131012130717135523000
16131012130717135524100
16131012130717135525100
16131012130717135526100
16131012130717135527100
16131012130717135528100
16131012130717135529100
16131012130717135530100
16131012130717135531100
16131012130717135532000
16131012130717135533000
16131012130717135534000
16131012130717135535000
16131012130717135536000
16131012130717135536900
16131012130717135537900
16131012130717135538800
16131012130717135539800
16131012130717135540800
16131012130717135541700
16131012130717135542700
16131012130717135543600
16131012130717135544600
16131012130717135545600
16131012130717135546600
16131012130717135547600
16131012130717135548600
16131012130717135549500
16131012130717135550500
16131012130717135551500
16131012130717135552500
16131012130717135553400
16131012130717135554400
16131012130717135555300
16131012130717135556300
16131012130717135557200
16131012130717135558100
16131012130717135559100
16131012130717135600000
16131012130717135600900
16131012130717135601800
16131012130717135602800
16131012130717135603700
16131012130717135604600
16131012130717135605500
16131012130717135606400
16131012130717135607400
16131012130717135608300
16131012130717135609200
16131012130717135610100
16131012130717135611100
16131012130717135612000
16131012130717135612900
16131012130717135613800
16131012130717135614700
16131012130717135615600
16131012130717135616500
16131012130717135617400
16131012130717135618300
16131012130717135619200
16131012130717135620100
16131012130717135621000
16131012130717135621900
16131012130717135622800
16131012130717135623700
16131012130717135624600
16131012130717135625500
16131012130717135626300
16131012130717135627200
16131012130717135628100
16131012130717135629000
16131012130717135629900
16131012130717135630800
16131012130717135631700
16131012130717135632600
16131012130717135633600
16131012130717135634500
16131012130717135635300
16131012130717135636300
16131012130717135637200
16131012130717135638100
16131012130717135639000
16131012130717135639900
16131012130717135640800
16131012130717135641700
16131012130717135642600
16131012130717135643500
16131012130717135644400
16131012130717135645400
16131012130717135646300
16131012130717135647100
16131012130717135648000
16131012130717135648900
16131012130717135649800
16131012130717135650700
16131012130717135651600
16131012130717135652500
16131012130717135653400
16131012130717135654300
16131012130717135655200
16131012130717135656100
16131012130717135657000
16131012130717135657900
16131012130717135658800
16131012130717135659700
16131012130717135700600
16131012130717135701500
16131012130717135702400
16131012130717135703300
16131012130717135704300
16131012130717135705200
16131012130717135706200
16131012130717135707100
16131012130717135708000
16131012130717135708900
16131012130717135709800
16131012130717135710700
16131012130717135711600
16131012130717135712500
16131012130717135713400
16131012130717135714400
16131012130717135715200
16131012130717135716100
16131012130717135717000
16131012130717135717800
16131012130717135718700
16131012130717135719500
16131012130717135720400
16131012130717135721200
16131012130717135722000
16131012130717135722800
16131012130717135723600
16131012130717135724400
16131012130717135725200
16131012130717135726000
16131012130717135726700
16131012130717135727500
16131012130717135728300
16131012130717135729000
16131012130717135729800
16131012130717135730600
16131012130717135731300
16131012130717135732100
16131012130717135732900
16131012130717135733700
16131012130717135734500
16131012130717135735300
16131012130717135736100
16131012130717135736900
16131012130717135737700
16131012130717135738500
16131012130717135739300
16131012130717135740000
16131012130717135740900
16131012130717135741600
16131012130717135742500
16131012130717135743300
16131012130717135744100
16131012130717135744900
16131012130717135745700
16131012130717135746500
16131012130717135747300
16131012130717135748100
16131012130717135748900
16131012130717135749700
16131012130717135750500
16131012130717135751300
16131012130717135752200
16131012130717135753000
16131012130717135753800
16131012130717135754600
16131012130717135755400
16131012130717135756300
16131012130717135757100
16131012130717135757900
16131012130717135758800
16131012130717135759600
16131012130717135800400
16131012130717135801200
16131012130717135802100
16131012130717135802900
16131012130717135803700
16131012130717135804500
16131012130717135805300
16131012130717135806100
16131012130717135807000
16131012130717135807800
16131012130717135808600
16131012130717135809500
16131012130717135810300
16131012130717135811100
16131012130717135812000
16131012130717135812800
16131012130717135813700
16131012130717135814500
16131012130717135815300
16131012130717135816100
16131012130717135816900
16131012130717135817700
16131012130717135818500
16131012130717135819300
16131012130717135820100
16131012130717135820900
16131012130717135821600
16131012130717135822400
16131012130717135823100
16131012130717135823900
16131012130717135824600
16131012130717135825400
16131012130717135826100
16131012130717135826900
16131012130717135827600
16131012130717135828400
16131012130717135829200
16131012130717135829900
16131012130717135830700
16131012130717135831500
16131012130717135832200
16131012130717135833000
16131012130717135833800
16131012130717135834600
16131012130717135835400
16131012130717135836100
16131012130717135837000
16131012130717135837700
16131012130717135838500
16131012130717135839300
16131012130717135840100
16131012130717135840900
16131012130717135841700
16131012130717135842500
16131012130717135843300
16131012130717135844100
16131012130717135844900
16131012130717135845700
16131012130717135846500
16131012130717135847200
16131012130717135848000
16131012130717135848800
16131012130717135849600
16131012130717135850400
16131012130717135851200
16131012130717135852000
16131012130717135852900
16131012130717135853700
16131012130717135854500
16131012130717135855300
16131012130717135856100
16131012130717135857000
16131012130717135857900
16131012130717135858800
16131012130717135859700
16131012130717135900700
16131012130717135901700
16131012130717135902700
16131012130717135903700
16131012130717135904800
16131012130717135905800
16131012130717135906900
16131012130717135907900
16131012130717135908900
16131012130717135909900
16131012130717135910800
16131012130717135911800
16131012130717135912700
16131012130717135913600
16131012130717135914500
16131012130717135915400
16131012130717135916300
16131012130717135917100
16131012130717135918000
16131012130717135918900
16131012130717135919800
16131012130717135920700
16131012130717135921600
16131012130717135922500
16131012130717135923400
16131012130717135924300
16131012130717135925200
16131012130717135926200
16131012130717135927100
16131012130717135928100
16131012130717135929100
16131012130717135930000
16131012130717135930900
16131012130717135931900
16131012130717135932800
16131012130717135933800
16131012130717135934700
16131012130717135935600
16131012130717135936600
16131012130717135937500
16131012130717135938400
16131012130717135939300
16131012130717135940200
16131012130717135941100
16131012130717135942000
16131012130717135942800
16131012130717135943700
16131012130717135944600
16131012130717135945500
16131012130717135946300
16131012130717135947200
16131012130717135948100
16131012130717135948900
16131012130717135949800
16131012130717135950700
16131012130717135951500
16131012130717135952300
16131012130717135953200
16131012130717135954000
16131012130717135954900
16131012130717135955700
16131012130717135956600
16131012130717135957400
16131012130717135958300
16131012130717135959100
16131012130717135959900
16131012130717140000800
16131012130717140001600
16131012130717140002400
16131012130717140003300
16131012130717140004100
16131012130717140005000
16131012130717140005800
16131012130717140006700
16131012130717140007500
16131012130717140008400
16131012130717140009300
16131012130717140010100
16131012130717140011000
16131012130717140011900
16131012130717140012700
16131012130717140013600
16131012130717140014400
16131012130717140015300
16131012130717140016200
16131012130717140017100
16131012130717140018000
16131012130717140018800
16131012130717140019700
16131012130717140020600
16131012130717140021500
16131012130717140022300
16131012130717140023200
16131012130717140024100
16131012130717140025000
16131012130717140025900
16131012130717140026800
16131012130717140027700
16131012130717140028600
16131012130717140029500
16131012130717140030400
16131012130717140031200
16131012130717140032100
16131012130717140033000
16131012130717140033900
16131012130717140034800
16131012130717140035700
16131012130717140036600
16131012130717140037500
16131012130717140038400
16131012130717140039300
16131012130717140040200
16131012130717140041100
16131012130717140042000
16131012130717140042900
16131012130717140043800
16131012130717140044700
16131012130717140045600
16131012130717140046500
16131012130717140047400
16131012130717140048300
16131012130717140049200
16131012130717140050100
16131012130717140051000
16131012130717140051900
16131012130717140052800
16131012130717140053700
16131012130717140054600
16131012130717140055500
16131012130717140056400
16131012130717140057300
16131012130717140058200
16131012130717140059100
16131012130717140100000
16131012130717140100900
16131012130717140101800
16131012130717140102800
16131012130717140103700
16131012130717140104600
16131012130717140105400
16131012130717140106400
16131012130717140107300
16131012130717140108200
16131012130717140109100
16131012130717140110000
16131012130717140110900
16131012130717140111800
16131012130717140112700
16131012130717140113600
16131012130717140114500
16131012130717140115400
16131012130717140116300
16131012130717140117200
16131012130717140118000
16131012130717140118900
16131012130717140119800
16131012130717140120600
16131012130717140121500
16131012130717140122400
16131012130717140123300
16131012130717140124200
16131012130717140125100
16131012130717140125900
16131012130717140126800
16131012130717140127700
16131012130717140128600
16131012130717140129400
16131012130717140130300
16131012130717140131100
16131012130717140132000
16131012130717140132800
16131012130717140133700
16131012130717140134600
16131012130717140135500
16131012130717140136400
16131012130717140137300
16131012130717140138200
16131012130717140139100
16131012130717140140000
16131012130717140140900
16131012130717140141800
16131012130717140142700
16131012130717140143600
16131012130717140144500
16131012130717140145400
16131012130717140146300
16131012130717140147200
16131012130717140148100
16131012130717140149000
16131012130717140149800
16131012130717140150700
16131012130717140151600
16131012130717140152500
16131012130717140153400
16131012130717140154300
16131012130717140155200
16131012130717140156000
16131012130717140156900
16131012130717140157800
16131012130717140158700
16131012130717140159600
16131012130717140200500
16131012130717140201400
16131012130717140202300
16131012130717140203300
16131012130717140204200
16131012130717140205100
16131012130717140206000
16131012130717140207000
16131012130717140207900
16131012130717140208800
16131012130717140209700
16131012130717140210600
16131012130717140211500
16131012130717140212400
16131012130717140213300
16131012130717140214200
16131012130717140215100
16131012130717140216000
16131012130717140216900
16131012130717140217800
16131012130717140218700
16131012130717140219700
16131012130717140220700
16131012130717140221800
16131012130717140222800
16131012130717140223900
16131012130717140225200
16131012130717140226600
16131012130717140227900
16131012130717140229300
16131012130717140230600
16131012130717140231900
16131012130717140233200
16131012130717140234400
16131012130717140235600
16131012130717140236800
16131012130717140238000
16131012130717140239200
16131012130717140240300
16131012130717140241400
16131012130717140242500
16131012130717140243600
16131012130717140244600
16131012130717140245700
16131012130717140246700
16131012130717140247700
16131012130717140248700
16131012130717140249700
16131012130717140250600
16131012130717140251600
16131012130717140252500
16131012130717140253500
16131012130717140254400
16131012130717140255400
16131012130717140256300
16131012130717140257300
16131012130717140258200
16131012130717140259100
16131012130717140300000
16131012130717140301000
16131012130717140301900
16131012130717140302800
16131012130717140303700
16131012130717140304600
16131012130717140305500
16131012130717140306400
16131012130717140307400
16131012130717140308300
16131012130717140309300
16131012130717140310200
16131012130717140311200
16131012130717140312100
16131012130717140313000
16131012130717140313900
16131012130717140314800
16131012130717140315800
16131012130717140316700
16131012130717140317600
16131012130717140318500
16131012130717140319400
16131012130717140320400
16131012130717140321300
16131012130717140322200
16131012130717140323100
16131012130717140324100
16131012130717140325000
16131012130717140326000
16131012130717140326900
16131012130717140327800
16131012130717140328800
16131012130717140329700
16131012130717140330700
16131012130717140331600
16131012130717140332500
16131012130717140333500
16131012130717140334400
16131012130717140335400
16131012130717140336300
16131012130717140337200
16131012130717140338200
16131012130717140339100
16131012130717140340000
16131012130717140341000
16131012130717140341900
16131012130717140342800
16131012130717140343800
16131012130717140344700
16131012130717140345600
16131012130717140346600
16131012130717140347500
16131012130717140348400
16131012130717140349400
16131012130717140350500
16131012130717140351900
16131012130718101358200
16131012130718101401400
16131012130718101404100
16131012130718101406200
16131012130718101408200
16131012130718101410200
16131012130718101412000
16131012130718101413700
16131012130718101415300
16131012130718101416900
16131012130718101418400
16131012130718101420100
16131012130718101421700
16131012130718101423200
16131012130718101424700
16131012130718101426200
16131012130718101427700
16131012130718101429100
16131012130718101430500
16131012130718101431900
16131012130718101433300
16131012130718101434600
16131012130718101435800
16131012130718101437100
16131012130718101438300
16131012130718101439600
16131012130718101440800
16131012130718101442100
16131012130718101443300
16131012130718101444500
16131012130718101445700
16131012130718101446900
16131012130718101448200
16131012130718101449400
16131012130718101450600
16131012130718101451800
16131012130718101453000
16131012130718101454200
16131012130718101455400
16131012130718101456700
16131012130718101457900
16131012130718101459200
16131012130718101500600
16131012130718101501900
16131012130718101503100
16131012130718101504400
16131012130718101505500
16131012130718101506600
16131012130718101507600
16131012130718101508700
16131012130718101509700
16131012130718101510800
16131012130718101511900
16131012130718101513100
16131012130718101514100
16131012130718101515300
16131012130718101516300
16131012130718101517400
16131012130718101518400
16131012130718101519400
16131012130718101520400
16131012130718101521400
16131012130718101522400
16131012130718101523300
16131012130718101524300
16131012130718101525300
16131012130718101526200
16131012130718101527200
16131012130718101528200
16131012130718101529200
16131012130718101530200
16131012130718101531200
16131012130718101532200
16131012130718101533100
16131012130718101534100
16131012130718101535000
16131012130718101536000
16131012130718101536900
16131012130718101537800
16131012130718101538700
16131012130718101539600
16131012130718101540500
16131012130718101541400
16131012130718101542300
16131012130718101543200
16131012130718101544100
16131012130718101545000
16131012130718101545900
16131012130718101546900
16131012130718101547800
16131012130718101548700
16131012130718101549700
16131012130718101550600
16131012130718101551600
16131012130718101552500
16131012130718101553400
16131012130718101554300
16131012130718101555200
16131012130718101556100
16131012130718101556900
16131012130718101557800
16131012130718101558700
16131012130718101559600
16131012130718101600400
16131012130718101601300
16131012130718101602200
16131012130718101603100
16131012130718101604000
16131012130718101604900
16131012130718101605800
16131012130718101606700
16131012130718101607600
16131012130718101608400
16131012130718101609200
16131012130718101610100
16131012130718101611000
16131012130718101611800
16131012130718101612800
16131012130718101613800
16131012130718101614700
16131012130718101615700
16131012130718101616700
16131012130718101617600
16131012130718101618600
16131012130718101619500
16131012130718101620400
16131012130718101621300
16131012130718101622200
16131012130718101623200
16131012130718101624100
16131012130718101625000
16131012130718101625900
16131012130718101626800
16131012130718101627600
16131012130718101628500
16131012130718101629400
16131012130718101630300
16131012130718101631200
16131012130718101632100
16131012130718101633000
16131012130718101634000
16131012130718101634900
16131012130718101636000
16131012130718101637600
16131012130718101639700
16131012130718101641300
16131012130718101642600
16131012130718101643800
16131012130718101644900
16131012130718101646000
16131012130718101647000
16131012130718101648000
16131012130718101649000
16131012130718101650000
16131012130718101651100
16131012130718101652100
16131012130718101653100
16131012130718101654100
16131012130718101655100
16131012130718101656200
16131012130718101657400
16131012130718101658600
16131012130718101659900
16131012130718101702000
16131012130718101704600
16131012130718101706600
16131012130718101708100
16131012130718101709500
16131012130718101710800
16131012130718101712100
16131012130718101713500
16131012130718101715000
16131012130718101716500
16131012130718101718100
16131012130718101719900
16131012130718101721900
16131012130718101723700
16131012130718101725200
16131012130718101726800
16131012130718101728200
16131012130718101729500
16131012130718101730900
16131012130718101732200
16131012130718101733500
16131012130718101734800
16131012130718101736100
16131012130718101737600
16131012130718101739200
16131012130718101741000
16131012130718101743200
16131012130718101745400
16131012130718101747000
16131012130718101748500
16131012130718101749800
16131012130718101751100
16131012130718101752300
16131012130718101753500
16131012130718101754800
16131012130718101756000
16131012130718101757200
16131012130718101758400
16131012130718101759700
16131012130718101800900
16131012130718101802200
16131012130718101803400
16131012130718101804700
16131012130718101805900
16131012130718101807200
16131012130718101808500
16131012130718101810100
16131012130718101811600
16131012130718101813100
16131012130718101814500
16131012130718101815900
16131012130718101817200
16131012130718101818600
16131012130718101819900
16131012130718101821200
16131012130718101822400
16131012130718101823700
16131012130718101825000
16131012130718101826200
16131012130718101827500
16131012130718101828800
16131012130718101830100
16131012130718101831400
16131012130718101832700
16131012130718101834000
16131012130718101835400
16131012130718101837400
16131012130718101840100
16131012130718101842700
16131012130718101844800
16131012130718101846600
16131012130718101848300
16131012130718101849900
16131012130718101851400
16131012130718101852900
16131012130718101854700
16131012130718101857000
16131012130718101859700
16131012130718101901600
16131012130718101903200
16131012130718101904700
16131012130718101906100
16131012130718101907500
16131012130718101908900
16131012130718101910300
16131012130718101911700
16131012130718101913100
16131012130718101914300
16131012130718101915700
16131012130718101917100
16131012130718101918500
16131012130718101920300
16131012130718101922600
16131012130719100026500
16131012130719100028100
16131012130719100029600
16131012130719100031100
16131012130719100032500
16131012130719100033900
16131012130719100035100
16131012130719100036200
16131012130719100037300
16131012130719100038300
16131012130719100039200
16131012130719100040200
16131012130719100041100
16131012130719100042000
16131012130719100042800
16131012130719100043700
16131012130719100044500
16131012130719100045400
16131012130719100046200
16131012130719100047100
16131012130719100047900
16131012130719100048800
16131012130719100049600
16131012130719100050500
16131012130719100051400
16131012130719100052200
16131012130719100053100
16131012130719100054000
16131012130719100054800
16131012130719100055600
16131012130719100056400
16131012130719100057200
16131012130719100058000
16131012130719100058900
16131012130719100059700
16131012130719100100500
16131012130719100101400
16131012130719100102200
16131012130719100103000
16131012130719100103800
16131012130719100104600
16131012130719100105400
16131012130719100106300
16131012130719100107100
16131012130719100107900
16131012130719100108700
16131012130719100109500
16131012130719100110400
16131012130719100111200
16131012130719100112000
16131012130719100112800
16131012130719100113600
16131012130719100114300
16131012130719100115200
16131012130719100116000
16131012130719100116900
16131012130719100117900
16131012130719100119000
16131012130719100120100
16131012130719100121200
16131012130719100122200
16131012130719100123300
16131012130719100124200
16131012130719100125200
16131012130719100126100
16131012130719100127100
16131012130719100128000
16131012130719100128900
16131012130719100129700
16131012130719100130600
16131012130719100131400
16131012130719100132200
16131012130719100133000
16131012130719100133800
16131012130719100134500
16131012130719100135300
16131012130719100136000
16131012130719100136800
16131012130719100137600
16131012130719100138300
16131012130719100139000
16131012130719100139800
16131012130719100140500
16131012130719100141200
16131012130719100141900
16131012130719100142600
16131012130719100143300
16131012130719100144100
16131012130719100144900
16131012130719100145800
16131012130719100146600
16131012130719100147500
16131012130719100148400
16131012130719100149300
16131012130719100150200
16131012130719100151100
16131012130719100152000
16131012130719100152800
16131012130719100153700
16131012130719100154500
16131012130719100155300
16131012130719100156200
16131012130719100157000
16131012130719100157800
16131012130719100158700
16131012130719100159500
16131012130719100200300
16131012130719100201100
16131012130719100201900
16131012130719100202700
16131012130719100203500
16131012130719100204300
16131012130719100205100
16131012130719100205900
16131012130719100206700
16131012130719100207500
16131012130719100208300
16131012130719100209100
16131012130719100209900
16131012130719100210700
16131012130719100211500
16131012130719100212300
16131012130719100213000
16131012130719100213800
16131012130719100214500
16131012130719100215300
16131012130719100216000
16131012130719100216800
16131012130719100217500
16131012130719100218300
16131012130719100219000
16131012130719100219800
16131012130719100220500
16131012130719100221300
16131012130719100222000
16131012130719100222800
16131012130719100223500
16131012130719100224200
16131012130719100224900
16131012130719100225600
16131012130719100226400
16131012130719100227200
16131012130719100227900
16131012130719100228700
16131012130719100229500
16131012130719100230200
16131012130719100231000
16131012130719100231800
16131012130719100232500
16131012130719100233300
16131012130719100234000
16131012130719100234800
16131012130719100235600
16131012130719100236400
16131012130719100237200
16131012130719100238000
16131012130719100238800
16131012130719100239600
16131012130719100240400
16131012130719100241200
16131012130719100242000
16131012130719100242800
16131012130719100243600
16131012130719100244400
16131012130719100245300
16131012130719100246100
16131012130719100246900
16131012130719100247700
16131012130719100248500
16131012130719100249300
16131012130719100250100
16131012130719100250900
16131012130719100251700
16131012130719100252500
16131012130719100253300
16131012130719100254100
16131012130719100254900
16131012130719100255700
16131012130719100256500
16131012130719100257200
16131012130719100258000
16131012130719100258800
16131012130719100259600
16131012130719100300300
16131012130719100301100
16131012130719100301800
16131012130719100302600
16131012130719100303300
16131012130719100304100
16131012130719100304800
16131012130719100305600
16131012130719100306300
16131012130719100307100
16131012130719100307800
16131012130719100308600
16131012130719100309400
16131012130719100310100
16131012130719100310900
16131012130719100311600
16131012130719100312300
16131012130719100313100
16131012130719100313900
16131012130719100314600
16131012130719100315400
16131012130719100316200
16131012130719100317000
16131012130719100317700
16131012130719100318500
16131012130719100319200
16131012130719100320000
16131012130719100320700
16131012130719100321400
16131012130719100322100
16131012130719100322800
16131012130719100323600
16131012130719100324300
16131012130719100325000
16131012130719100325800
16131012130719100326600
16131012130719100327600
16131012130719100328600
16131012130719100329700
16131012130719100330700
16131012130719100331700
16131012130719100332700
16131012130719100333700
16131012130719100334700
16131012130719100335600
16131012130719100336500
16131012130719100337300
16131012130719100338200
16131012130719100339000
16131012130719100339800
16131012130719100340600
16131012130719100341500
16131012130719100342300
16131012130719100343100
16131012130719100343900
16131012130719100344700
16131012130719100345500
16131012130719100346300
16131012130719100347100
16131012130719100347900
16131012130719100348700
16131012130719100349500
16131012130719100350300
16131012130719100351100
16131012130719100351800
16131012130719100352600
16131012130719100353400
16131012130719100354200
16131012130719100355000
16131012130719100355700
16131012130719100356500
16131012130719100357300
16131012130719100358000
16131012130719100358800
16131012130719100359500
16131012130719100400300
16131012130719100401000
16131012130719100401700
16131012130719100402500
16131012130719100403200
16131012130719100404000
16131012130719100404700
16131012130719100405500
16131012130719100406200
16131012130719100407000
16131012130719100407700
16131012130719100408500
16131012130719100409200
16131012130719100410000
16131012130719100410700
16131012130719100411500
16131012130719100412300
16131012130719100413000
16131012130719100413800
16131012130719100414600
16131012130719100415400
16131012130719100416200
16131012130719100417000
16131012130719100417800
16131012130719100418600
16131012130719100419300
16131012130719100420100
16131012130719100420900
16131012130719100421700
16131012130719100422400
16131012130719100423200
16131012130719100424000
16131012130719100424800
16131012130719100425600
16131012130719100426400
16131012130719100427200
16131012130719100428000
16131012130719100428800
16131012130719100429600
16131012130719100430400
16131012130719100431200
16131012130719100432000
16131012130719100432800
16131012130719100433700
16131012130719100434600
16131012130719100435400
16131012130719100436400
16131012130719100437300
16131012130719100438400
16131012130719100439500
16131012130719100440800
16131012130719100441300
16131012130719154349600
16131012130719154351400
16131012130719154353300
16131012130719154354900
16131012130719154356300
16131012130719154357600
16131012130719154358700
16131012130719154359800
16131012130719154400800
16131012130719154401800
16131012130719154402800
16131012130719154403800
16131012130719154404800
16131012130719154405700
16131012130719154406600
16131012130719154407500
16131012130719154408500
16131012130719154409400
16131012130719154410200
16131012130719154411100
16131012130719154412000
16131012130719154412800
16131012130719154413700
16131012130719154414500
16131012130719154415400
16131012130719154416300
16131012130719154417100
16131012130719154418000
16131012130719154418900
16131012130719154419800
16131012130719154420600
16131012130719154421600
16131012130719154422500
16131012130719154423500
16131012130719154424500
16131012130719154425500
16131012130719154426700
16131012130719154428300
16131012130719154430500
16131012130719154433800
16131012130719154442500
16131012130719154445200
16131012130719154447800
16131012130719154450800
16131012130719154453200
16131012130719154454200
16131012130722144402000
16131012130722144403000
16131012130722144404000
16131012130722144405100
16131012130722144406100
16131012130722144407100
16131012130722144408000
16131012130722144408900
16131012130722144409800
16131012130722144410800
16131012130722144411900
16131012130722144413200
16131012130722144414400
16131012130722144415600
16131012130722144416600
16131012130722144417600
16131012130722144418600
16131012130722144419700
16131012130722144420700
16131012130722144421600
16131012130722144422500
16131012130722144423400
16131012130722144424400
16131012130722144425400
16131012130722144426500
16131012130722144427900
16131012130722144429700
16131012130722144431500
16131012130722144433000
16131012130722144434300
16131012130722144435500
16131012130722144436500
16131012130722144437500
16131012130722144438500
16131012130722144439400
16131012130722144440300
16131012130722144441300
16131012130722144442300
16131012130722144443300
16131012130722144444300
16131012130722144445300
16131012130722144446300
16131012130722144447300
16131012130722144448200
16131012130722144449100
16131012130722144450000
16131012130722144450900
16131012130722144451800
16131012130722144452700
16131012130722144453500
16131012130722144454300
16131012130722144455100
16131012130722144456000
16131012130722144456800
16131012130722144457600
16131012130722144458400
16131012130722144459100
16131012130722144459900
16131012130722144500700
16131012130722144501500
16131012130722144502300
16131012130722144503000
16131012130722144503800
16131012130722144504600
16131012130722144505400
16131012130722144506200
16131012130722144507000
16131012130722144507900
16131012130722144508700
16131012130722144509500
16131012130722144510300
16131012130722144511200
16131012130722144512000
16131012130722144512900
16131012130722144513800
16131012130722144514800
16131012130722144515700
16131012130722144516600
16131012130722144517400
16131012130722144518300
16131012130722144519200
16131012130722144520100
16131012130722144521100
16131012130722144522100
16131012130722144523000
16131012130722144524000
16131012130722144524900
16131012130722144525800
16131012130722144526700
16131012130722144527600
16131012130722144528500
16131012130722144529500
16131012130722144530400
16131012130722144531400
16131012130722144532300
16131012130722144533200
16131012130722144534100
16131012130722144535100
16131012130722144536000
16131012130722144537000
16131012130722144538000
16131012130722144538900
16131012130722144539900
16131012130722144540800
16131012130722144541700
16131012130722144542600
16131012130722144543400
16131012130722144544300
16131012130722144545100
16131012130722144545800
16131012130722144546600
16131012130722144547300
16131012130722144548000
16131012130722144548700
16131012130722144549500
16131012130722144550200
16131012130722144550900
16131012130722144551600
16131012130722144552400
16131012130722144553200
16131012130722144554000
16131012130722144554700
16131012130722144555500
16131012130722144556400
16131012130722144557200
16131012130722144558100
16131012130722144559100
16131012130722144600100
16131012130722144601100
16131012130722144602200
16131012130722144603300
16131012130722144604400
16131012130722144605500
16131012130722144606600
16131012130722144607600
16131012130722144608700
16131012130722144609800
16131012130722144611000
16131012130722144612200
16131012130722144613500
16131012130722144614800
16131012130722144615900
16131012130722144617000
16131012130722144618100
16131012130722144619200
16131012130722144620300
16131012130722144621300
16131012130722144622100
16131012130722144623000
16131012130722144623700
16131012130722144624500
16131012130722144625200
16131012130722144625900
16131012130722144626600
16131012130722144627300
16131012130722144628000
16131012130722144628800
16131012130722144629600
16131012130722144630400
16131012130722144631300
16131012130722144632400
16131012130722144633400
16131012130722144634300
16131012130722144635200
16131012130722144636000
16131012130722144636800
16131012130722144637600
16131012130722144638300
16131012130722144639000
16131012130722144639700
16131012130722144640400
16131012130722144641100
16131012130722144641800
16131012130722144642600
16131012130722144643300
16131012130722144644000
16131012130722144644800
16131012130722144645600
16131012130722144646500
16131012130722144647300
16131012130722144648200
16131012130722144649000
16131012130722144649900
16131012130722144650700
16131012130722144651500
16131012130722144652300
16131012130722144653200
16131012130722144654000
16131012130722144654800
16131012130722144655500
16131012130722144656300
16131012130722144657100
16131012130722144657900
16131012130722144658700
16131012130722144659500
16131012130722144700300
16131012130722144701100
16131012130722144701900
16131012130722144702700
16131012130722144703500
16131012130722144704400
16131012130722144705300
16131012130722144706200
16131012130722144707100
16131012130722144708000
16131012130722144709100
16131012130722144710200
16131012130722144711400
16131012130722144712500
16131012130722144713600
16131012130722144714700
16131012130722144715900
16131012130722144717000
16131012130722144718000
16131012130722144719000
16131012130722144720000
16131012130722144720800
16131012130722144721600
16131012130722144722400
16131012130722144723200
16131012130722144723900
16131012130722144724700
16131012130722144725500
16131012130722144726200
16131012130722144727000
16131012130722144727800
16131012130722144728600
16131012130722144729400
16131012130722144730200
16131012130722144730900
16131012130722144731700
16131012130722144732400
16131012130722144733100
16131012130722144733900
16131012130722144734600
16131012130722144735400
16131012130722144736200
16131012130722144736900
16131012130722144737700
16131012130722144738500
16131012130722144739300
16131012130722144740000
16131012130722144740800
16131012130722144741600
16131012130722144742400
16131012130722144743300
16131012130722144744200
16131012130722144745100
16131012130722144745900
16131012130722144746800
16131012130722144747700
16131012130722144748500
16131012130722144749400
16131012130722144750400
16131012130722144751400
16131012130722144752300
16131012130722144753200
16131012130722144754100
16131012130722144755000
16131012130722144755800
16131012130722144756600
16131012130722144757400
16131012130722144758200
16131012130722144759000
16131012130722144759800
16131012130722144800600
16131012130722144801400
16131012130722144802200
16131012130722144803000
16131012130722144803800
16131012130722144804600
16131012130722144805400
16131012130722144806200
16131012130722144806900
16131012130722144807700
16131012130722144808400
16131012130722144809100
16131012130722144809900
16131012130722144810600
16131012130722144811400
16131012130722144812100
16131012130722144812900
16131012130722144813600
16131012130722144814400
16131012130722144815100
16131012130722144815900
16131012130722144816700
16131012130722144817400
16131012130722144818100
16131012130722144818900
16131012130722144819700
16131012130722144820500
16131012130722144821200
16131012130722144822000
16131012130722144822800
16131012130722144823600
16131012130722144824400
16131012130722144825100
16131012130722144825900
16131012130722144826700
16131012130722144827500
16131012130722144828300
16131012130722144829100
16131012130722144829900
16131012130722144830700
16131012130722144831500
16131012130722144832300
16131012130722144833100
16131012130722144833900
16131012130722144834500
16131012130722144835400
16131012130722144836200
16131012130722144837000
16131012130722144837800
16131012130722144838700
16131012130722144839700
16131012130722144840700
16131012130722144841700
16131012130722144842600
16131012130722144843500
16131012130722144844400
16131012130722144845400
16131012130722144846300
16131012130722144847100
16131012130722144848000
16131012130722144848800
16131012130722144849600
16131012130722144850500
16131012130722144851300
16131012130722144852100
16131012130722144852900
16131012130722144853600
16131012130722144854400
16131012130722144855200
16131012130722144856000
16131012130722144856800
16131012130722144857600
16131012130722144858400
16131012130722144859200
16131012130722144900100
16131012130722144900900
16131012130722144901700
16131012130722144902400
16131012130722144903200
16131012130722144904000
16131012130722144904700
16131012130722144905500
16131012130722144906300
16131012130722144907100
16131012130722144907900
16131012130722144908800
16131012130722144909600
16131012130722144910400
16131012130722144911200
16131012130722144912000
16131012130722144912800
16131012130722144913500
16131012130722144914400
16131012130722144915200
16131012130722144916000
16131012130722144916800
16131012130722144917500
16131012130722144918300
16131012130722144919100
16131012130722144919800
16131012130722144920600
16131012130722144921400
16131012130722144922200
16131012130722144922900
16131012130722144923700
16131012130722144924400
16131012130722144925100
16131012130722144925800
16131012130722144926600
16131012130722144927300
16131012130722144928100
16131012130722144928800
16131012130722144929600
16131012130722144930400
16131012130722144931200
16131012130722144932000
16131012130722144932700
16131012130722144933500
16131012130722144934300
16131012130722144935100
16131012130722144935800
16131012130722144936600
16131012130722144937300
16131012130722144938100
16131012130722144938900
16131012130722144939600
16131012130722144940300
16131012130722144941100
16131012130722144941800
16131012130722144942600
16131012130722144943400
16131012130722144944100
16131012130722144944900
16131012130722144945700
16131012130722144946500
16131012130722144947300
16131012130722144948000
16131012130722144948800
16131012130722144949500
16131012130722144950300
16131012130722144951000
16131012130722144951800
16131012130722144952600
16131012130722144953300
16131012130722144954000
16131012130722144954700
16131012130722144955500
16131012130722144956200
16131012130722144957000
16131012130722144957700
16131012130722144958500
16131012130722144959300
16131012130722145000100
16131012130722145000900
16131012130722145001700
16131012130722145002500
16131012130722145003300
16131012130722145004200
16131012130722145005000
16131012130722145005800
16131012130722145006600
16131012130722145007300
16131012130722145008100
16131012130722145008800
16131012130722145009600
16131012130722145010300
16131012130722145011100
16131012130722145011900
16131012130722145012700
16131012130722145013500
16131012130722145014300
16131012130722145015100
16131012130722145015900
16131012130722145016700
16131012130722145017500
16131012130722145018200
16131012130722145019000
16131012130722145019700
16131012130722145020500
16131012130722145021300
16131012130722145022100
16131012130722145022800
16131012130722145023600
16131012130722145024400
16131012130722145025200
16131012130722145026000
16131012130722145026800
16131012130722145027600
16131012130722145028400
16131012130722145029200
16131012130722145030000
16131012130722145030700
16131012130722145031500
16131012130722145032300
16131012130722145033100
16131012130722145033900
16131012130722145034600
16131012130722145035400
16131012130722145036100
16131012130722145036800
16131012130722145037600
16131012130722145038400
16131012130722145039100
16131012130722145039900
16131012130722145040700
16131012130722145041600
16131012130722145042400
16131012130722145043200
16131012130722145044000
16131012130722145044800
16131012130722145045700
16131012130722145046400
16131012130722145047200
16131012130722145048000
16131012130722145048800
16131012130722145049500
16131012130722145050300
16131012130722145051000
16131012130722145051800
16131012130722145052500
16131012130722145053300
16131012130722145054000
16131012130722145054800
16131012130722145055600
16131012130722145056400
16131012130722145057200
16131012130722145058000
16131012130722145058800
16131012130722145059700
16131012130722145100500
16131012130722145101300
16131012130722145102200
16131012130722145103000
16131012130722145103800
16131012130722145104600
16131012130722145105500
16131012130722145106300
16131012130722145107200
16131012130722145108000
16131012130722145108800
16131012130722145109600
16131012130722145110400
16131012130722145111200
16131012130722145112000
16131012130722145112800
16131012130722145113600
16131012130722145114400
16131012130722145115100
16131012130722145115900
16131012130722145116700
16131012130722145117400
16131012130722145118200
16131012130722145119000
16131012130722145119800
16131012130722145120600
16131012130722145121400
16131012130722145122200
16131012130722145122900
16131012130722145123700
16131012130722145124500
16131012130722145125200
16131012130722145126000
16131012130722145126700
16131012130722145127500
16131012130722145128300
16131012130722145129000
16131012130722145129700
16131012130722145130500
16131012130722145131200
16131012130722145132000
16131012130722145132700
16131012130722145133500
16131012130722145134300
16131012130722145135100
16131012130722145135800
16131012130722145136500
16131012130722145137300
16131012130722145138000
16131012130722145138700
16131012130722145139400
16131012130722145140100
16131012130722145140800
16131012130722145141600
16131012130722145142400
16131012130722145143300
16131012130722145144100
16131012130722145144800
16131012130722145145600
16131012130722145146400
16131012130722145147200
16131012130722145148000
16131012130722145148800
16131012130722145149600
16131012130722145150300
16131012130722145151100
16131012130722145151900
16131012130722145152700
16131012130722145153500
16131012130722145154300
16131012130722145155000
16131012130722145155800
16131012130722145156600
16131012130722145157500
16131012130722145158300
16131012130722145159100
16131012130722145159900
16131012130722145200800
16131012130722145201600
16131012130722145202500
16131012130722145203400
16131012130722145204200
16131012130722145205000
16131012130722145205800
16131012130722145206600
16131012130722145207500
16131012130722145208300
16131012130722145209100
16131012130722145210000
16131012130722145210800
16131012130722145211700
16131012130722145212500
16131012130722145213400
16131012130722145214200
16131012130722145215100
16131012130722145215900
16131012130722145216700
16131012130722145217600
16131012130722145218400
16131012130722145219300
16131012130722145220100
16131012130722145220900
16131012130722145221700
16131012130722145222500
16131012130722145223400
16131012130722145224300
16131012130722145225200
16131012130722145226000
16131012130722145226900
16131012130722145227800
16131012130722145228600
16131012130722145229500
16131012130722145230300
16131012130722145231200
16131012130722145232000
16131012130722145232800
16131012130722145233600
16131012130722145234500
16131012130722145235400
16131012130722145236200
16131012130722145237100
16131012130722145237900
16131012130722145238800
16131012130722145239600
16131012130722145240500
16131012130722145241300
16131012130722145242100
16131012130722145243000
16131012130722145243800
16131012130722145244700
16131012130722145245500
16131012130722145246300
16131012130722145247100
16131012130722145247900
16131012130722145248800
16131012130722145249700
16131012130722145250600
16131012130722145251500
16131012130722145252400
16131012130722145253200
16131012130722145254100
16131012130722145254900
16131012130722145255600
16131012130722145256400
16131012130722145257200
16131012130722145258000
16131012130722145258700
16131012130722145259500
16131012130722145300200
16131012130722145300900
16131012130722145301600
16131012130722145302300
16131012130722145303100
16131012130722145303800
16131012130722145304500
16131012130722145305300
16131012130722145306100
16131012130722145306900
16131012130722145307700
16131012130722145308500
16131012130722145309300
16131012130722145310100
16131012130722145310900
16131012130722145311700
16131012130722145312500
16131012130722145313200
16131012130722145314000
16131012130722145314800
16131012130722145315600
16131012130722145316400
16131012130722145317100
16131012130722145317900
16131012130722145318600
16131012130722145319400
16131012130722145320200
16131012130722145321000
16131012130722145321800
16131012130722145322600
16131012130722145323400
16131012130722145324200
16131012130722145324900
16131012130722145325700
16131012130722145326500
16131012130722145327200
16131012130722145328000
16131012130722145328800
16131012130722145329500
16131012130722145330300
16131012130722145331100
16131012130722145331900
16131012130722145332600
16131012130722145333400
16131012130722145334100
16131012130722145334900
16131012130722145335700
16131012130722145336400
16131012130722145337200
16131012130722145338000
16131012130722145338700
16131012130722145339500
16131012130722145340300
16131012130722145341100
16131012130722145341900
16131012130722145342600
16131012130722145343400
16131012130722145344200
16131012130722145345000
16131012130722145345800
16131012130722145346600
16131012130722145347300
16131012130722145348100
16131012130722145348900
16131012130722145349600
16131012130722145350400
16131012130722145351200
16131012130722145351900
16131012130722145352700
16131012130722145353400
16131012130722145354200
16131012130722145355000
16131012130722145355800
16131012130722145356600
16131012130722145357400
16131012130722145358200
16131012130722145359000
16131012130722145359800
16131012130722145400600
16131012130722145401300
16131012130722145402100
16131012130722145402800
16131012130722145403600
16131012130722145404300
16131012130722145405000
16131012130722145405700
16131012130722145406500
16131012130722145407200
16131012130722145407900
16131012130722145408700
16131012130722145409400
16131012130722145410200
16131012130722145410900
16131012130722145411700
16131012130722145412400
16131012130722145413200
16131012130722145413900
16131012130722145414700
16131012130722145415400
16131012130722145416200
16131012130722145417000
16131012130722145417700
16131012130722145418500
16131012130722145419200
16131012130722145420000
16131012130722145420700
16131012130722145421500
16131012130722145422200
16131012130722145423000
16131012130722145423700
16131012130722145424500
16131012130722145425200
16131012130722145426000
16131012130722145426900
16131012130722145427800
16131012130722145428600
16131012130722145429500
16131012130722145430300
16131012130722145431000
16131012130722145431800
16131012130722145432500
16131012130722145433200
16131012130722145434000
16131012130722145434700
16131012130722145435400
16131012130722145436100
16131012130722145436900
16131012130722145437700
16131012130722145438600
16131012130722145439400
16131012130722145440300
16131012130722145441100
16131012130722145441800
16131012130722145442600
16131012130722145443400
16131012130722145444200
16131012130722145445000
16131012130722145445800
16131012130722145446500
16131012130722145447400
16131012130722145448100
16131012130722145448900
16131012130722145449700
16131012130722145450500
16131012130722145451400
16131012130722145452200
16131012130722145453000
16131012130722145453800
16131012130722145454500
16131012130722145455300
16131012130722145456100
16131012130722145456800
16131012130722145457600
16131012130722145458400
16131012130722145459100
16131012130722145459900
16131012130722145500700
16131012130722145501500
16131012130722145502200
16131012130722145502900
16131012130722145503700
16131012130722145504500
16131012130722145505200
16131012130722145505900
16131012130722145506700
16131012130722145507400
16131012130722145508100
16131012130722145508900
16131012130722145509700
16131012130722145510400
16131012130722145511200
16131012130722145512000
16131012130722145512900
16131012130722145513700
16131012130722145514600
16131012130722145515500
16131012130722145516300
16131012130722145517100
16131012130722145517900
16131012130722145518700
16131012130722145519500
16131012130722145520200
16131012130722145521000
16131012130722145521800
16131012130722145522600
16131012130722145523400
16131012130722145524200
16131012130722145525000
16131012130722145525800
16131012130722145526600
16131012130722145527400
16131012130722145528100
16131012130722145528900
16131012130722145529700
16131012130722145530500
16131012130722145531300
16131012130722145532000
16131012130722145532800
16131012130722145533600
16131012130722145534300
16131012130722145535100
16131012130722145535800
16131012130722145536600
16131012130722145537300
16131012130722145538000
16131012130722145538800
16131012130722145539500
16131012130722145540300
16131012130722145541000
16131012130722145541800
16131012130722145542500
16131012130722145543300
16131012130722145544100
16131012130722145544800
16131012130722145545600
16131012130722145546300
16131012130722145547100
16131012130722145547800
16131012130722145548600
16131012130722145549300
16131012130722145550100
16131012130722145550900
16131012130722145551700
16131012130722145552500
16131012130722145553300
16131012130722145554100
16131012130722145554900
16131012130722145555700
16131012130722145556600
16131012130722145557600
16131012130722145558500
16131012130722145559400
16131012130722145600300
16131012130722145601100
16131012130722145602000
16131012130722145602800
16131012130722145603700
16131012130722145604500
16131012130722145605300
16131012130722145606200
16131012130722145607000
16131012130722145607800
16131012130722145608600
16131012130722145609500
16131012130722145610300
16131012130722145611000
16131012130722145611800
16131012130722145612500
16131012130722145613300
16131012130722145614000
16131012130722145614800
16131012130722145615600
16131012130722145616400
16131012130722145617200
16131012130722145618000
16131012130722145618900
16131012130722145619700
16131012130722145620500
16131012130722145621200
16131012130722145622000
16131012130722145622800
16131012130722145623600
16131012130722145624400
16131012130722145625200
16131012130722145625900
16131012130722145626700
16131012130722145627400
16131012130722145628200
16131012130722145629000
16131012130722145629800
16131012130722145630600
16131012130722145631400
16131012130722145632200
16131012130722145633000
16131012130722145633800
16131012130722145634500
16131012130722145635300
16131012130722145636100
16131012130722145636900
16131012130722145637700
16131012130722145638500
16131012130722145639300
16131012130722145640100
16131012130722145640900
16131012130722145641700
16131012130722145642500
16131012130722145643300
16131012130722145644100
16131012130722145644900
16131012130722145645700
16131012130722145646500
16131012130722145647300
16131012130722145648000
16131012130722145648800
16131012130722145649500
16131012130722145650300
16131012130722145651000
16131012130722145651800
16131012130722145652600
16131012130722145653300
16131012130722145654100
16131012130722145654800
16131012130722145655500
16131012130722145656200
16131012130722145657000
16131012130722145657700
16131012130722145658400
16131012130722145659200
16131012130722145700000
16131012130722145700700
16131012130722145701500
16131012130722145702200
16131012130722145703000
16131012130722145703800
16131012130722145704600
16131012130722145705400
16131012130722145706200
16131012130722145707100
16131012130722145708000
16131012130722145708800
16131012130722145709700
16131012130722145710500
16131012130722145711300
16131012130722145712100
16131012130722145712900
16131012130722145713900
16131012130722145715100
16131012130722145716800
16131012130722145718200
16131012130722145719400
16131012130722145720400
16131012130722145721400
16131012130722145722400
16131012130722145723300
16131012130722145724100
16131012130722145724900
16131012130722145725600
16131012130722145726400
16131012130722145727200
16131012130722145727900
16131012130722145728700
16131012130722145729400
16131012130722145730200
16131012130722145731000
16131012130722145731800
16131012130722145732600
16131012130722145733400
16131012130722145734300
16131012130722145735300
16131012130722145736300
16131012130722145737200
16131012130722145738300
16131012130722145739300
16131012130722145740400
16131012130722145741500
16131012130722145742500
16131012130722145743500
16131012130722145744400
16131012130722145745300
16131012130722145746200
16131012130722145747100
16131012130722145748000
16131012130722145748900
16131012130722145749800
16131012130722145750700
16131012130722145751500
16131012130722145752400
16131012130722145753300
16131012130722145754100
16131012130722145755100
16131012130722145756200
16131012130722145757300
16131012130722145758300
16131012130722145759300
16131012130722145800200
16131012130722145801000
16131012130722145801900
16131012130722145802800
16131012130722145803700
16131012130722145804500
16131012130722145805400
16131012130722145806400
16131012130722145807500
16131012130722145809200
16131012130722145812000
16131012130722145813900
16131012130722145815900
16131012130722145817900
16131012130722145819300
16131012130722145820600
16131012130722145821800
16131012130722145822900
16131012130722145823900
16131012130722145824900
16131012130722145825800
16131012130722145826800
16131012130722145827600
16131012130722145828500
16131012130722145829400
16131012130722145830400
16131012130722145831600
16131012130722145833200
16131012130722145835900
16131012130722145838700
16131012130722145841400
16131012130722145843600
16131012130722145845400
16131012130722145846700
16131012130722145847900
16131012130722145848900
16131012130722145850000
16131012130722145851000
16131012130722145851900
16131012130722145852900
16131012130722145853800
16131012130722145854700
16131012130722145855600
16131012130722145856500
16131012130722145857400
16131012130722145858300
16131012130722145859200
16131012130722145900100
16131012130722145901000
16131012130722145901900
16131012130722145902800
16131012130722145903700
16131012130722145904600
16131012130722145905500
16131012130722145906500
16131012130722145907500
16131012130722145908500
16131012130722145909500
16131012130722145910500
16131012130722145911600
16131012130722145912700
16131012130722145913800
16131012130722145914800
16131012130722145915800
16131012130722145916800
16131012130722145917800
16131012130722145919000
16131012130722145920100
16131012130722145921100
16131012130722145922100
16131012130722145923000
16131012130722145923900
16131012130722145924800
16131012130722145925800
16131012130722145926900
16131012130722145928000
16131012130722145929100
16131012130722145930100
16131012130722145931100
16131012130722145932000
16131012130722145932900
16131012130722145933800
16131012130722145934600
16131012130722145935400
16131012130722145936200
16131012130722145937100
16131012130722145937900
16131012130722145938700
16131012130722145939600
16131012130722145940400
16131012130722145941200
16131012130722145942000
16131012130722145942800
16131012130722145943600
16131012130722145944400
16131012130722145945200
16131012130722145946000
16131012130722145946700
16131012130722145947500
16131012130722145948300
16131012130722145949100
16131012130722145950000
16131012130722145950800
16131012130722145951700
16131012130722145952500
16131012130722145953300
16131012130722145954200
16131012130722145955000
16131012130722145956000
16131012130722145957300
16131012130722145958500
16131012130722145959700
16131012130722150000700
16131012130722150001700
16131012130722150002600
16131012130722150003500
16131012130722150004500
16131012130722150005700
16131012130722150007600
16131012130722150009300
16131012130722150010700
16131012130722150011800
16131012130722150012900
16131012130722150013900
16131012130722150014900
16131012130722150015900
16131012130722150016800
16131012130722150017800
16131012130722150019000
16131012130722150020100
16131012130722150021300
16131012130722150022500
16131012130722150023700
16131012130722150024800
16131012130722150025700
16131012130722150026700
16131012130722150027600
16131012130722150028500
16131012130722150029400
16131012130722150030200
16131012130722150031000
16131012130722150031800
16131012130722150032600
16131012130722150033400
16131012130722150034200
16131012130722150035000
16131012130722150035700
16131012130722150036500
16131012130722150037300
16131012130722150038100
16131012130722150038900
16131012130722150039700
16131012130722150040500
16131012130722150041200
16131012130722150042000
16131012130722150042800
16131012130722150043600
16131012130722150044400
16131012130722150045200
16131012130722150046000
16131012130722150046800
16131012130722150047600
16131012130722150048500
16131012130722150049300
16131012130722150050100
16131012130722150051000
16131012130722150051800
16131012130722150052700
16131012130722150053500
16131012130722150054400
16131012130722150055200
16131012130722150056100
16131012130722150056900
16131012130722150057800
16131012130722150058600
16131012130722150059400
16131012130722150100300
16131012130722150101200
16131012130722150102000
16131012130722150102900
16131012130722150103700
16131012130722150104500
16131012130722150105300
16131012130722150106100
16131012130722150106800
16131012130722150107600
16131012130722150108400
16131012130722150109200
16131012130722150110000
16131012130722150110900
16131012130722150111700
16131012130722150112500
16131012130722150113300
16131012130722150114200
16131012130722150115000
16131012130722150115800
16131012130722150116600
16131012130722150117400
16131012130722150118300
16131012130722150119100
16131012130722150119900
16131012130722150120700
16131012130722150121500
16131012130722150122300
16131012130722150123000
16131012130722150123800
16131012130722150124700
16131012130722150125500
16131012130722150126300
16131012130722150127200
16131012130722150128000
16131012130722150128700
16131012130722150129500
16131012130722150130300
16131012130722150131100
16131012130722150131900
16131012130722150132700
16131012130722150133500
16131012130722150134300
16131012130722150135100
16131012130722150135900
16131012130722150136700
16131012130722150137500
16131012130722150138300
16131012130722150139100
16131012130722150139900
16131012130722150140600
16131012130722150141400
16131012130722150142200
16131012130722150143000
16131012130722150143800
16131012130722150144600
16131012130722150145400
16131012130722150146300
16131012130722150147100
16131012130722150147900
16131012130722150148700
16131012130722150149500
16131012130722150150300
16131012130722150151100
16131012130722150152000
16131012130722150152700
16131012130722150228000
16131012130722150232300
16131012130722150233900
16131012130722150235200
16131012130722150236300
16131012130722150237400
16131012130722150238300
16131012130722150239200
16131012130722150240100
16131012130722150241000
16131012130722150241900
16131012130722150242700
16131012130722150243600
16131012130722150244400
16131012130722150245200
16131012130722150246000
16131012130722150246800
16131012130722150247600
16131012130722150248400
16131012130722150249200
16131012130722150250000
16131012130722150250800
16131012130722150251600
16131012130722150252300
16131012130722150253100
16131012130722150253900
16131012130722150254700
16131012130722150255400
16131012130722150256200
16131012130722150257000
16131012130722150257800
16131012130722150258500
16131012130722150259300
16131012130722150300100
16131012130722150300800
16131012130722150301600
16131012130722150302400
16131012130722150303100
16131012130722150303900
16131012130722150304700
16131012130722150305500
16131012130722150306300
16131012130722150307000
16131012130722150307800
16131012130722150308500
16131012130722150309300
16131012130722150310000
16131012130722150310800
16131012130722150311600
16131012130722150312300
16131012130722150313100
16131012130722150313800
16131012130722150314500
16131012130722150315300
16131012130722150316000
16131012130722150316800
16131012130722150317600
16131012130722150318400
16131012130722150319200
16131012130722150320000
16131012130722150320700
16131012130722150321500
16131012130722150322300
16131012130722150323100
16131012130722150323900
16131012130722150324600
16131012130722150325400
16131012130722150326200
16131012130722150327000
16131012130722150327800
16131012130722150328600
16131012130722150329400
16131012130722150330200
16131012130722150331000
16131012130722150331700
16131012130722150332500
16131012130722150333300
16131012130722150334100
16131012130722150334900
16131012130722150335700
16131012130722150336500
16131012130722150337300
16131012130722150338100
16131012130722150338900
16131012130722150339600
16131012130722150340400
16131012130722150341300
16131012130722150342100
16131012130722150342900
16131012130722150343700
16131012130722150344500
16131012130722150345300
16131012130722150346000
16131012130722150346800
16131012130722150347600
16131012130722150348400
16131012130722150349100
16131012130722150349900
16131012130722150350600
16131012130722150351400
16131012130722150352200
16131012130722150353000
16131012130722150353700
16131012130722150354500
16131012130722150355300
16131012130722150356000
16131012130722150356800
16131012130722150357600
16131012130722150358400
16131012130722150359100
16131012130722150359900
16131012130722150400700
16131012130722150401500
16131012130722150402300
16131012130722150403000
16131012130722150403800
16131012130722150404500
16131012130722150405300
16131012130722150406000
16131012130722150406800
16131012130722150407500
16131012130722150408300
16131012130722150409000
16131012130722150409800
16131012130722150410500
16131012130722150411300
16131012130722150412100
16131012130722150412900
16131012130722150413600
16131012130722150414400
16131012130722150415200
16131012130722150415900
16131012130722150416700
16131012130722150417400
16131012130722150418200
16131012130722150418900
16131012130722150419700
16131012130722150420400
16131012130722150421200
16131012130722150421900
16131012130722150422700
16131012130722150423400
16131012130722150424200
16131012130722150425000
16131012130722150425800
16131012130722150426700
16131012130722150427500
16131012130722150428200
16131012130722150429000
16131012130722150429800
16131012130722150430700
16131012130722150431500
16131012130722150432300
16131012130722150433100
16131012130722150433800
16131012130722150434600
16131012130722150435300
16131012130722150436100
16131012130722150436800
16131012130722150437500
16131012130722150438300
16131012130722150439000
16131012130722150439700
16131012130722150440400
16131012130722150441100
16131012130722150441800
16131012130722150442600
16131012130722150443400
16131012130722150444200
16131012130722150445100
16131012130722150445900
16131012130722150446700
16131012130722150447600
16131012130722150448400
16131012130722150449100
16131012130722150449900
16131012130722150450700
16131012130722150451400
16131012130722150452200
16131012130722150453000
16131012130722150453800
16131012130722150454600
16131012130722150455400
16131012130722150456200
16131012130722150457000
16131012130722150457800
16131012130722150458600
16131012130722150459300
16131012130722150500100
16131012130722150500900
16131012130722150501700
16131012130722150502500
16131012130722150503200
16131012130722150504000
16131012130722150504700
16131012130722150505500
16131012130722150506300
16131012130722150507100
16131012130722150507900
16131012130722150508600
16131012130722150509400
16131012130722150510200
16131012130722150510900
16131012130722150511700
16131012130722150512500
16131012130722150513300
16131012130722150514100
16131012130722150514800
16131012130722150515600
16131012130722150516400
16131012130722150517200
16131012130722150518000
16131012130722150518800
16131012130722150519600
16131012130722150520400
16131012130722150521200
16131012130722150522000
16131012130722150522900
16131012130722150523700
16131012130722150524500
16131012130722150525300
16131012130722150526100
16131012130722150526900
16131012130722150527700
16131012130722150528400
16131012130722150529300
16131012130722150530000
16131012130722150530800
16131012130722150531600
16131012130722150532400
16131012130722150533100
16131012130722150533900
16131012130722150534700
16131012130722150535500
16131012130722150536400
16131012130722150537200
16131012130722150538000
16131012130722150538800
16131012130722150539600
16131012130722150540400
16131012130722150541200
16131012130722150542100
16131012130722150542800
16131012130722150543600
16131012130722150544500
16131012130722150545300
16131012130722150546100
16131012130722150546900
16131012130722150547700
16131012130722150548600
16131012130722150549400
16131012130722150550300
16131012130722150551200
16131012130722150552000
16131012130722150552900
16131012130722150553700
16131012130722150554600
16131012130722150555400
16131012130722150556200
16131012130722150557100
16131012130722150557900
16131012130722150558700
16131012130722150559600
16131012130722150600400
16131012130722150601300
16131012130722150602100
16131012130722150603000
16131012130722150603900
16131012130722150604800
16131012130722150605700
16131012130722150606600
16131012130722150607500
16131012130722150608400
16131012130722150609300
16131012130722150610100
16131012130722150611000
16131012130722150611800
16131012130722150612700
16131012130722150613500
16131012130722150614300
16131012130722150615200
16131012130722150616000
16131012130722150616800
16131012130722150617600
16131012130722150618400
16131012130722150619200
16131012130722150619900
16131012130722150620700
16131012130722150621500
16131012130722150622300
16131012130722150623100
16131012130722150623900
16131012130722150624700
16131012130722150625500
16131012130722150626300
16131012130722150627100
16131012130722150627900
16131012130722150628800
16131012130722150629600
16131012130722150630500
16131012130722150631300
16131012130722150632200
16131012130722150633000
16131012130722150633900
16131012130722150634700
16131012130722150635500
16131012130722150636200
16131012130722150637000
16131012130722150637800
16131012130722150638500
16131012130722150639300
16131012130722150640000
16131012130722150640700
16131012130722150641500
16131012130722150642300
16131012130722150643000
16131012130722150643800
16131012130722150644500
16131012130722150645200
16131012130722150646000
16131012130722150646800
16131012130722150647600
16131012130722150648400
16131012130722150649200
16131012130722150650000
16131012130722150650700
16131012130722150651500
16131012130722150652400
16131012130722150653100
16131012130722150653900
16131012130722150654700
16131012130722150655500
16131012130722150656200
16131012130722150657000
16131012130722150657800
16131012130722150658600
16131012130722150659400
16131012130722150700100
16131012130722150700900
16131012130722150701700
16131012130722150702400
16131012130722150703100
16131012130722150703900
16131012130722150704600
16131012130722150705300
16131012130722150706100
16131012130722150706800
16131012130722150707600
16131012130722150708300
16131012130722150709000
16131012130722150709800
16131012130722150710500
16131012130722150711200
16131012130722150712000
16131012130722150712700
16131012130722150713400
16131012130722150714100
16131012130722150714900
16131012130722150715600
16131012130722150716400
16131012130722150717100
16131012130722150717900
16131012130722150718700
16131012130722150719500
16131012130722150720300
16131012130722150721100
16131012130722150721900
16131012130722150722700
16131012130722150723500
16131012130722150724300
16131012130722150725100
16131012130722150725900
16131012130722150726600
16131012130722150727300
16131012130722150728000
16131012130722150728800
16131012130722150729500
16131012130722150730200
16131012130722150731000
16131012130722150731700
16131012130722150732500
16131012130722150733200
16131012130722150734000
16131012130722150734700
16131012130722150735500
16131012130722150736300
16131012130722150737100
16131012130722150737800
16131012130722150738600
16131012130722150739500
16131012130722150740300
16131012130722150741200
16131012130722150742100
16131012130722150742900
16131012130722150743800
16131012130722150744600
16131012130722150745300
16131012130722150746100
16131012130722150746800
16131012130722150747400
16131012130722150748200
16131012130722150748900
16131012130722150749600
16131012130722150750400
16131012130722150751200
16131012130722150751900
16131012130722150752700
16131012130722150753400
16131012130722150754200
16131012130722150755000
16131012130722150755800
16131012130722150756600
16131012130722150757500
16131012130722150758400
16131012130722150759300
16131012130722150800200
16131012130722150801000
16131012130722150801900
16131012130722150802700
16131012130722150803500
16131012130722150804300
16131012130722150805100
16131012130722150805900
16131012130722150806600
16131012130722150807400
16131012130722150808200
16131012130722150809000
16131012130722150809700
16131012130722150810500
16131012130722150811300
16131012130722150812100
16131012130722150812800
16131012130722150813600
16131012130722150814400
16131012130722150815200
16131012130722150815900
16131012130722150816700
16131012130722150817500
16131012130722150818300
16131012130722150819100
16131012130722150819900
16131012130722150820700
16131012130722150821400
16131012130722150822200
16131012130722150822900
16131012130722150823700
16131012130722150824500
16131012130722150825300
16131012130722150826000
16131012130722150826800
16131012130722150827500
16131012130722150828200
16131012130722150829000
16131012130722150829800
16131012130722150830600
16131012130722150831300
16131012130722150832100
16131012130722150832900
16131012130722150833700
16131012130722150834400
16131012130722150835200
16131012130722150835900
16131012130722150836600
16131012130722150837300
16131012130722150838100
16131012130722150838800
16131012130722150839500
16131012130722150840200
16131012130722150841000
16131012130722150841700
16131012130722150842500
16131012130722150843300
16131012130722150844100
16131012130722150844900
16131012130722150845600
16131012130722150846400
16131012130722150847200
16131012130722150848000
16131012130722150848800
16131012130722150849500
16131012130722150850300
16131012130722150851000
16131012130722150851800
16131012130722150852600
16131012130722150853400
16131012130722150854200
16131012130722150854900
16131012130722150855700
16131012130722150856500
16131012130722150857200
16131012130722150858000
16131012130722150858800
16131012130722150859600
16131012130722150900400
16131012130722150901200
16131012130722150902000
16131012130722150902700
16131012130722150903500
16131012130722150904300
16131012130722150905100
16131012130722150905900
16131012130722150906700
16131012130722150907500
16131012130722150908300
16131012130722150909100
16131012130722150909900
16131012130722150910800
16131012130722150911600
16131012130722150912500
16131012130722150913400
16131012130722150914300
16131012130722150915200
16131012130722150916000
16131012130722150916900
16131012130722150917700
16131012130722150918500
16131012130722150919200
16131012130722150920000
16131012130722150920800
16131012130722150921500
16131012130722150922300
16131012130722150923000
16131012130722150923800
16131012130722150924500
16131012130722150925300
16131012130722150926100
16131012130722150926900
16131012130722150927700
16131012130722150928400
16131012130722150929200
16131012130722150930000
16131012130722150930800
16131012130722150931600
16131012130722150932300
16131012130722150933100
16131012130722150933900
16131012130722150934700
16131012130722150935400
16131012130722150936200
16131012130722150936900
16131012130722150937700
16131012130722150938400
16131012130722150939200
16131012130722150939900
16131012130722150940600
16131012130722150941300
16131012130722150942100
16131012130722150942800
16131012130722150943500
16131012130722150944300
16131012130722150945000
16131012130722150945800
16131012130722150946500
16131012130722150947300
16131012130722150948100
16131012130722150948800
16131012130722150949600
16131012130722150950400
16131012130722150951200
16131012130722150952000
16131012130722150952700
16131012130722150953500
16131012130722150954300
16131012130722150955100
16131012130722150955900
16131012130722150956600
16131012130722150957400
16131012130722150958200
16131012130722150959000
16131012130722150959800
16131012130722151000500
16131012130722151001300
16131012130722151002100
16131012130722151002800
16131012130722151003500
16131012130722151004300
16131012130722151005000
16131012130722151005800
16131012130722151006500
16131012130722151007300
16131012130722151008100
16131012130722151008900
16131012130722151009700
16131012130722151010500
16131012130722151011300
16131012130722151012100
16131012130722151012900
16131012130722151013700
16131012130722151014500
16131012130722151015200
16131012130722151016000
16131012130722151016800
16131012130722151017600
16131012130722151018400
16131012130722151019100
16131012130722151019900
16131012130722151020700
16131012130722151021500
16131012130722151022200
16131012130722151023000
16131012130722151023800
16131012130722151024500
16131012130722151025300
16131012130722151026100
16131012130722151026800
16131012130722151027500
16131012130722151028300
16131012130722151029000
16131012130722151029800
16131012130722151030600
16131012130722151031300
16131012130722151032100
16131012130722151032900
16131012130722151033700
16131012130722151034400
16131012130722151035200
16131012130722151035900
16131012130722151036700
16131012130722151037400
16131012130722151038100
16131012130722151038800
16131012130722151039600
16131012130722151040400
16131012130722151041100
16131012130722151041900
16131012130722151042600
16131012130722151043300
16131012130722151044000
16131012130722151044800
16131012130722151045500
16131012130722151046300
16131012130722151047100
16131012130722151047800
16131012130722151048600
16131012130722151049400
16131012130722151050300
16131012130722151051000
16131012130722151051800
16131012130722151052600
16131012130722151053400
16131012130722151054200
16131012130722151054900
16131012130722151055700
16131012130722151056500
16131012130722151057200
16131012130722151058000
16131012130722151058800
16131012130722151059600
16131012130722151100400
16131012130722151101100
16131012130722151101900
16131012130722151102600
16131012130722151103400
16131012130722151104100
16131012130722151104900
16131012130722151105700
16131012130722151106400
16131012130722151107200
16131012130722151108000
16131012130722151108800
16131012130722151109600
16131012130722151110400
16131012130722151111100
16131012130722151111800
16131012130722151112600
16131012130722151113400
16131012130722151114200
16131012130722151115000
16131012130722151115800
16131012130722151116600
16131012130722151117400
16131012130722151118200
16131012130722151119000
16131012130722151119800
16131012130722151120600
16131012130722151121300
16131012130722151122100
16131012130722151122900
16131012130722151123700
16131012130722151124500
16131012130722151125300
16131012130722151126000
16131012130722151126800
16131012130722151127600
16131012130722151128400
16131012130722151129100
16131012130722151129900
16131012130722151130600
16131012130722151131400
16131012130722151132200
16131012130722151133000
16131012130722151133900
16131012130722151134700
16131012130722151135600
16131012130722151136400
16131012130722151137300
16131012130722151138100
16131012130722151138900
16131012130722151139700
16131012130722151140500
16131012130722151141300
16131012130722151142100
16131012130722151142900
16131012130722151143600
16131012130722151144400
16131012130722151146000
16131012130722151146800
16131012130722151147600
16131012130722151148400
16131012130722151149200
16131012130722151150000
16131012130722151150800
16131012130722151151600
16131012130722151152500
16131012130722151153300
16131012130722151154100
16131012130722151154900
16131012130722151155700
16131012130722151156500
16131012130722151157300
16131012130722151158100
16131012130722151158900
16131012130722151159700
16131012130722151200500
16131012130722151201300
16131012130722151202100
16131012130722151202900
16131012130722151203700
16131012130722151204500
16131012130722151206000
16131012130722151207500
16131012130722151209100
16131012130722151209800
16131012130722151210600
16131012130722151211400
16131012130722151212800
16131012130722151214400
16131012130722151215900
16131012130722151217400
16131012130722151218900
16131012130722151220300
16131012130722151221800
16131012130722151223300
16131012130722151224800
16131012130722151226300
16131012130722151227800
16131012130722151228600
16131012130722151230100
16131012130722151231700
16131012130722151233200
16131012130722151234800
16131012130722151236500
16131012130722151238000
16131012130722151239600
16131012130722151241200
16131012130722151242800
16131012130722151244500
16131012130722151246100
16131012130722151247700
16131012130722151249300
16131012130722151250900
16131012130722151252400
16131012130722151254000
16131012130722151255600
16131012130722151257200
16131012130722151258800
16131012130722151300500
16131012130722151302300
16131012130722151304100
16131012130722151306400
16131012130725081245600
16131012130725081253300
16131012130725081257000
16131012130725081259200
16131012130725081301100
16131012130725081302800
16131012130725081304400
16131012130725081306000
16131012130725081307600
16131012130725081309200
16131012130725081310700
16131012130725081312200
16131012130725081313700
16131012130725081315200
16131012130725081316700
16131012130725081318200
16131012130725081319700
16131012130725081321300
16131012130725081323600
16131012130725081327700
16131012130725081331500
16131012130725081333900
16131012130725081336000
16131012130725081337900
16131012130725081339900
16131012130725081341800
16131012130725081343600
16131012130725081345300
16131012130725081346800
16131012130725081348400
16131012130725081350000
16131012130725081351600
16131012130725081353300
16131012130725081354900
16131012130725081356500
16131012130725081358100
16131012130725081359600
16131012130725081401200
16131012130725081402700
16131012130725081404300
16131012130725081405800
16131012130725081407300
16131012130725081408800
16131012130725081410400
16131012130725081411900
16131012130725081413500
16131012130725081414900
16131012130725081416300
16131012130725081417800
16131012130725081419300
16131012130725081420800
16131012130725081422200
16131012130725081423700
16131012130725081425200
16131012130725081426600
16131012130725081428100
16131012130725081429700
16131012130725081431400
16131012130725081433100
16131012130725081435300
16131012130725081438200
16131012130725081440500
16131012130725081442400
16131012130725081444100
16131012130725081445800
16131012130725081447500
16131012130725081449500
16131012130725081455000
16131012130725081459200
16131012130725081503300
16131012130725081505800
16131012130725081507800
16131012130725081509600
16131012130725081511300
16131012130725081513500
16131012130725081516700
16131012130725081519000
16131012130725081520900
16131012130725081522600
16131012130725081524300
16131012130725081525900
16131012130725081527500
16131012130725081529200
16131012130725081530900
16131012130725081532500
16131012130725081534200
16131012130725081535800
16131012130725081537300
16131012130725081538800
16131012130725081540200
16131012130725081541700
16131012130725081543200
16131012130725081544700
16131012130725081546100
16131012130725081547600
16131012130725081549100
16131012130725081550500
16131012130725081552000
16131012130725081553400
16131012130725081554900
16131012130725081556400
16131012130725081557900
16131012130725081559500
16131012130725081601000
16131012130725081602600
16131012130725081604200
16131012130725081605900
16131012130725081607500
16131012130725081609300
16131012130725081611000
16131012130725081612600
16131012130725081614300
16131012130725081615900
16131012130725081617600
16131012130725081619400
16131012130725081621100
16131012130725081622700
16131012130725081624200
16131012130725081625700
16131012130725081627300
16131012130725081628800
16131012130725081630400
16131012130725081631900
16131012130725081633500
16131012130725081635100
16131012130725081636700
16131012130725081638300
16131012130725081639900
16131012130725081641500
16131012130725081643100
16131012130725081644700
16131012130725081646200
16131012130725081647800
16131012130725081649300
16131012130725081650900
16131012130725081652400
16131012130725081653900
16131012130725081655400
16131012130725081656900
16131012130725081658400
16131012130725081659900
16131012130725081701400
16131012130725081702800
16131012130725081704300
16131012130725081705700
16131012130725081707100
16131012130725081708500
16131012130725081709900
16131012130725081711200
16131012130725081712700
16131012130725081714100
16131012130725081715500
16131012130725081717000
16131012130725081718400
16131012130725081719800
16131012130725081721300
16131012130725081722700
16131012130725081724100
16131012130725081725400
16131012130725081726600
16131012130725081727800
16131012130725081729000
16131012130725081730200
16131012130725081731400
16131012130725081732600
16131012130725081733900
16131012130725081735300
16131012130725081736700
16131012130725081738200
16131012130725081739700
16131012130725081741300
16131012130725081742700
16131012130725081744000
16131012130725081745400
16131012130725081746600
16131012130725081747900
16131012130725081749400
16131012130725081751000
16131012130725081752600
16131012130725081755000
16131012130725081758000
16131012130725081800400
16131012130725081802900
16131012130725081805900
16131012130725081808300
16131012130725081810600
16131012130725081812900
16131012130725081815600
16131012130725081817900
16131012130725081820000
16131012130725081822300
16131012130725081824400
16131012130725081826600
16131012130725081828800
16131012130725081830700
16131012130725081832600
16131012130725081834600
16131012130725081836600
16131012130725081838400
16131012130725081840100
16131012130725081841700
16131012130725081843200
16131012130725081844600
16131012130725081846300
16131012130725081848200
16131012130725081850300
16131012130725081852500
16131012130725081854500
16131012130725081856300
16131012130725081857900
16131012130725081859500
16131012130725081900900
16131012130725081902300
16131012130725081903700
16131012130725081905100
16131012130725081906500
16131012130725081907900
16131012130725081909300
16131012130725081910700
16131012130725081912000
16131012130725081913300
16131012130725081914600
16131012130725081916000
16131012130725081917300
16131012130725081918600
16131012130725081919900
16131012130725081921200
16131012130725081922400
16131012130725081923700
16131012130725081924900
16131012130725081926100
16131012130725081927400
16131012130725081928600
16131012130725081930100
16131012130725081931800
16131012130725081933400
16131012130725081934900
16131012130725081936500
16131012130725081938200
16131012130725081939800
16131012130725081941300
16131012130725081942600
16131012130725081944000
16131012130725081945300
16131012130725081946600
16131012130725081947900
16131012130725081949200
16131012130725081950500
16131012130725081951800
16131012130725081953100
16131012130725081954400
16131012130725081955700
16131012130725081956900
16131012130725081958200
16131012130725081959500
16131012130725082000800
16131012130725082002100
16131012130725082003300
16131012130725082004500
16131012130725082005800
16131012130725082007000
16131012130725082008200
16131012130725082009500
16131012130725082010600
16131012130725082011800
16131012130725082013000
16131012130725082014200
16131012130725082015400
16131012130725082016500
16131012130725082017800
16131012130725082019100
16131012130725082020300
16131012130725082021800
16131012130725082023300
16131012130725082025000
16131012130725082026700
16131012130725082028400
16131012130725082030300
16131012130725082032100
16131012130725082033900
16131012130725082035600
16131012130725082037300
16131012130725082039100
16131012130725082041500
16131012130725082043800
16131012130725082045900
16131012130725082047900
16131012130725082050300
16131012130725082052500
16131012130725082054400
16131012130725082056200
16131012130725082058100
16131012130725082100300
16131012130725082103200
16131012130725082105600
16131012130725082107500
16131012130725082109200
16131012130725082110800
16131012130725082112300
16131012130725082113800
16131012130725082115300
16131012130725082116800
16131012130725082118300
16131012130725082119800
16131012130725082121500
16131012130725082123200
16131012130725082124800
16131012130725082126500
16131012130725082128000
16131012130725082129600
16131012130725082131100
16131012130725082132800
16131012130725082134500
16131012130725082136500
16131012130725082138800
16131012130725082141200
16131012130725082143900
16131012130725082201100
16131012130725082205500
16131012130725082208000
16131012130725082210300
16131012130725082212300
16131012130725082214100
16131012130725082216000
16131012130725082217800
16131012130725082219600
16131012130725082221500
16131012130725082223400
16131012130725082225800
16131012130725082229400
16131012130725082233000
16131012130725082236200
16131012130725082239100
16131012130725082241300
16131012130725082243300
16131012130725082245300
16131012130725082247100
16131012130725082249600
16131012130725082253900
16131012130725082256500
16131012130725082258700
16131012130725082300800
16131012130725082303100
16131012130725082305200
16131012130725082307200
16131012130725082309300
16131012130725082311500
16131012130725082314400
16131012130725082317200
16131012130725083002000
16131012130725083006700
16131012130725083012800
16131012130725083016600
16131012130725083026500
16131012130725083030200
16131012130725083032800
16131012130725083035100
16131012130725083038600
16131012130725083045300
16131012130725083049100
16131012130725083051700
16131012130725083053700
16131012130725083055400
16131012130725083057100
16131012130725083058600
16131012130725083100100
16131012130725083101600
16131012130725083103000
16131012130725083104400
16131012130725083105900
16131012130725083107400
16131012130725083109000
16131012130725083110700
16131012130725083112300
16131012130725083113800
16131012130725083115300
16131012130725083116700
16131012130725083118000
16131012130725083119300
16131012130725083120600
16131012130725083121800
16131012130725083123100
16131012130725083124300
16131012130725083125700
16131012130725083127000
16131012130725083128400
16131012130725083129700
16131012130725083131000
16131012130725083132400
16131012130725083133600
16131012130725083134900
16131012130725083136300
16131012130725083137600
16131012130725083138800
16131012130725083140100
16131012130725083141400
16131012130725083142600
16131012130725083143900
16131012130725083145100
16131012130725083146300
16131012130725083147500
16131012130725083148800
16131012130725083150200
16131012130725083151700
16131012130725083153300
16131012130725083154900
16131012130725083156400
16131012130725083158000
16131012130725083159500
16131012130725083201100
16131012130725083203800
16131012130725083208100
16131012130725083210600
16131012130725083212600
16131012130725083214500
16131012130725083216600
16131012130725083219000
16131012130725083221100
16131012130725083223000
16131012130725083224700
16131012130725083226200
16131012130725083227700
16131012130725083229200
16131012130725083230700
16131012130725083232300
16131012130725083234000
16131012130725083235600
16131012130725083237200
16131012130725083238900
16131012130725083241000
16131012130725083243300
16131012130725083245200
16131012130725083246900
16131012130725083248500
16131012130725083250100
16131012130725083251600
16131012130725083253200
16131012130725083255200
16131012130725083257700
16131012130725083302900
16131012130725083305800
16131012130725083308000
16131012130725083309900
16131012130725083311700
16131012130725083313500
16131012130725083315100
16131012130725083316800
16131012130725083318400
16131012130725083319800
16131012130725083321300
16131012130725083322700
16131012130725083324200
16131012130725083325800
16131012130725083327900
16131012130725083329800
16131012130725083331600
16131012130725083333300
16131012130725083334900
16131012130725083336500
16131012130725083338000
16131012130725083339400
16131012130725083340800
16131012130725083342100
16131012130725083343400
16131012130725083344700
16131012130725083346000
16131012130725083347200
16131012130725083348500
16131012130725083349800
16131012130725083351200
16131012130725083352600
16131012130725083354000
16131012130725083355400
16131012130725083357000
16131012130725083358600
16131012130725083400200
16131012130725083401600
16131012130725083402900
16131012130725083404200
16131012130725083405400
16131012130725083406600
16131012130725083407900
16131012130725083409200
16131012130725083410500
16131012130725083411800
16131012130725083413000
16131012130725083414300
16131012130725083415500
16131012130725083416700
16131012130725083418000
16131012130725083419200
16131012130725083420600
16131012130725083422000
16131012130725083423400
16131012130725083424700
16131012130725083426100
16131012130725083427500
16131012130725083428800
16131012130725083430100
16131012130725083431400
16131012130725083432800
16131012130725083434100
16131012130725083435500
16131012130725083436900
16131012130725083438300
16131012130725083439600
16131012130725083440900
16131012130725083442100
16131012130725083443700
16131012130725083446300
16131012130725083449600
16131012130725083452200
16131012130725083454800
16131012130725083457100
16131012130725083458900
16131012130725083500600
16131012130725083502100
16131012130725083503500
16131012130725083504900
16131012130725083506200
16131012130725083507600
16131012130725083508800
16131012130725083510100
16131012130725083511300
16131012130725083512500
16131012130725083513600
16131012130725083514800
16131012130725083516000
16131012130725083517300
16131012130725083518600
16131012130725083520100
16131012130725083521900
16131012130725083524500
16131012130725083527100
16131012130725083529100
16131012130725083530800
16131012130725083532400
16131012130725083533800
16131012130725083535200
16131012130725083536500
16131012130725083537800
16131012130725083539000
16131012130725083540200
16131012130725083541300
16131012130725083542500
16131012130725083543600
16131012130725083544700
16131012130725083545800
16131012130725083547000
16131012130725083548400
16131012130725083549900
16131012130725083551400
16131012130725083552800
16131012130725083554100
16131012130725083555400
16131012130725083556800
16131012130725083558500
16131012130725083600500
16131012130725083602200
16131012130725083603900
16131012130725083605400
16131012130725083606900
16131012130725083608300
16131012130725083609600
16131012130725083610900
16131012130725083612200
16131012130725083613500
16131012130725083614800
16131012130725083616000
16131012130725083617300
16131012130725083618500
16131012130725083619800
16131012130725083621000
16131012130725083622200
16131012130725083623400
16131012130725083624600
16131012130725083625800
16131012130725083627100
16131012130725083628300
16131012130725083629600
16131012130725083630800
16131012130725083632100
16131012130725083633700
16131012130725083635600
16131012130725083637300
16131012130725083638800
16131012130725083640400
16131012130725083642000
16131012130725083643500
16131012130725083645000
16131012130725083646600
16131012130725083648900
16131012130725083651000
16131012130725083652900
16131012130725083654600
16131012130725083656200
16131012130725083657700
16131012130725083659300
16131012130725083701300
16131012130725083703500
16131012130725083705400
16131012130725083707200
16131012130725083708800
16131012130725083710300
16131012130725083711800
16131012130725083713200
16131012130725083714600
16131012130725083715900
16131012130725083717100
16131012130725083718400
16131012130725083719600
16131012130725083720800
16131012130725083722000
16131012130725083723300
16131012130725083724400
16131012130725083725600
16131012130725083726800
16131012130725083727900
16131012130725083729100
16131012130725083730300
16131012130725083731400
16131012130725083732600
16131012130725083733700
16131012130725083734800
16131012130725083735900
16131012130725083737000
16131012130725083738100
16131012130725083739200
16131012130725083740300
16131012130725083741400
16131012130725083742500
16131012130725083743600
16131012130725083744700
16131012130725083745900
16131012130725083747200
16131012130725083748700
16131012130725083750600
16131012130725083753000
16131012130725083756000
16131012130725083758300
16131012130725083800300
16131012130725083802100
16131012130725083803700
16131012130725083805200
16131012130725083806600
16131012130725083807900
16131012130725083809200
16131012130725083810500
16131012130725083811700
16131012130725083813000
16131012130725083814200
16131012130725083815400
16131012130725083816700
16131012130725083817900
16131012130725083819100
16131012130725083820300
16131012130725083821500
16131012130725083822600
16131012130725083823800
16131012130725083824900
16131012130725083826100
16131012130725083827200
16131012130725083828300
16131012130725083829400
16131012130725083830600
16131012130725083831700
16131012130725083832800
16131012130725083833900
16131012130725083835000
16131012130725083836200
16131012130725083837300
16131012130725083838400
16131012130725083839600
16131012130725083840800
16131012130725083842000
16131012130725083843200
16131012130725083844500
16131012130725083845800
16131012130725083847100
16131012130725083848300
16131012130725083849600
16131012130725083850900
16131012130725083852100
16131012130725083853400
16131012130725083854600
16131012130725083855900
16131012130725083857100
16131012130725083858300
16131012130725083859500
16131012130725083900700
16131012130725083901800
16131012130725083903000
16131012130725083904100
16131012130725083905200
16131012130725083906300
16131012130725083907400
16131012130725083908500
16131012130725083909600
16131012130725083910700
16131012130725083911800
16131012130725083912900
16131012130725083914000
16131012130725083915100
16131012130725083916100
16131012130725083917200
16131012130725083918500
16131012130725083919800
16131012130725083921100
16131012130725083922500
16131012130725083923900
16131012130725083925200
16131012130725083926500
16131012130725083927700
16131012130725083928900
16131012130725083930100
16131012130725083931200
16131012130725083932300
16131012130725083933500
16131012130725083934600
16131012130725083935800
16131012130725083937100
16131012130725083938500
16131012130725083939900
16131012130725083941200
16131012130725083942400
16131012130725083943700
16131012130725083944900
16131012130725083946100
16131012130725083947300
16131012130725083948600
16131012130725083949900
16131012130725083951200
16131012130725083952400
16131012130725083953700
16131012130725083955100
16131012130725083956500
16131012130725083957800
16131012130725083959100
16131012130725084000400
16131012130725084001800
16131012130725084003100
16131012130725084004400
16131012130725084005700
16131012130725084006900
16131012130725084008300
16131012130725084009600
16131012130725084011600
16131012130725084014300
16131012130725084016400
16131012130725084018100
16131012130725084019700
16131012130725084021200
16131012130725084022600
16131012130725084024000
16131012130725084025300
16131012130725084026700
16131012130725084028100
16131012130725084029600
16131012130725084031100
16131012130725084032600
16131012130725084034300
16131012130725084036000
16131012130725084037900
16131012130725084039900
16131012130725084042300
16131012130725084044300
16131012130725084046000
16131012130725084047700
16131012130725084049200
16131012130725084050700
16131012130725084052100
16131012130725084053500
16131012130725084054800
16131012130725084056000
16131012130725084057300
16131012130725084058600
16131012130725084100100
16131012130725084101700
16131012130725084103700
16131012130726122948700
16131012130726122949600
16131012130726122950600
16131012130726122951500
16131012130726122952500
16131012130726122953500
16131012130726122954500
16131012130726122955500
16131012130726122956600
16131012130726122957600
16131012130726122958700
16131012130726122959800
16131012130726123001000
16131012130726123002100
16131012130726123003300
16131012130726123004400
16131012130726123005600
16131012130726123006800
16131012130726123007900
16131012130726123009100
16131012130726123010200
16131012130726123011400
16131012130726123012500
16131012130726123013600
16131012130726123014700
16131012130726123015900
16131012130726123016900
16131012130726123018000
16131012130726123019100
16131012130726123020200
16131012130726123021300
16131012130726123022500
16131012130726123023600
16131012130726123024800
16131012130726123026000
16131012130726123027200
16131012130726123028300
16131012130726123029500
16131012130726123030600
16131012130726123031800
16131012130726123032900
16131012130726123034100
16131012130726123035200
16131012130726123036300
16131012130726123037400
16131012130726123038400
16131012130726123039500
16131012130726123040600
16131012130726123041700
16131012130726123042800
16131012130726123043800
16131012130726123044900
16131012130726123046000
16131012130726123047100
16131012130726123048200
16131012130726123049300
16131012130726123050400
16131012130726123051500
16131012130726123052600
16131012130726123053700
16131012130726123054800
16131012130726123055900
16131012130726123057000
16131012130726123058000
16131012130726123059100
16131012130726123100200
16131012130726123101200
16131012130726123102300
16131012130726123103300
16131012130726123104400
16131012130726123105500
16131012130726123106600
16131012130726123107700
16131012130726123108800
16131012130726123109900
16131012130726123111000
16131012130726123112100
16131012130726123113200
16131012130726123114200
16131012130726123115300
16131012130726123116400
16131012130726123117400
16131012130726123118500
16131012130726123119500
16131012130726123120500
16131012130726123121600
16131012130726123122600
16131012130726123123600
16131012130726123124600
16131012130726123125700
16131012130726123126700
16131012130726123127700
16131012130726123128800
16131012130726123129800
16131012130726123130900
16131012130726123131900
16131012130726123132900
16131012130726123133900
16131012130726123135000
16131012130726123136000
16131012130726123137000
16131012130726123138000
16131012130726123139000
16131012130726123140000
16131012130726123141000
16131012130726123142000
16131012130726123143000
16131012130726123144000
16131012130726123145000
16131012130726123146000
16131012130726123147000
16131012130726123148000
16131012130726123149000
16131012130726123150100
16131012130726123151100
16131012130726123152200
16131012130726123153200
16131012130726123154300
16131012130726123155300
16131012130726123156400
16131012130726123157400
16131012130726123158500
16131012130726123159600
16131012130726123200700
16131012130726123201700
16131012130726123202800
16131012130726123203900
16131012130726123205000
16131012130726123206100
16131012130726123207200
16131012130726123208200
16131012130726123209300
16131012130726123210400
16131012130726123211500
16131012130726123212600
16131012130726123213700
16131012130726123214700
16131012130726123215700
16131012130726123216800
16131012130726123217900
16131012130726123219000
16131012130726123220000
16131012130726123221100
16131012130726123222100
16131012130726123223100
16131012130726123224200
16131012130726123225200
16131012130726123226200
16131012130726123227200
16131012130726123228200
16131012130726123229200
16131012130726123230200
16131012130726123231200
16131012130726123232200
16131012130726123233100
16131012130726123234100
16131012130726123235100
16131012130726123236100
16131012130726123237000
16131012130726123238000
16131012130726123239000
16131012130726123239900
16131012130726123240900
16131012130726123241800
16131012130726123242800
16131012130726123243700
16131012130726123244700
16131012130726123245700
16131012130726123246600
16131012130726123247600
16131012130726123248600
16131012130726123249600
16131012130726123250600
16131012130726123251600
16131012130726123252600
16131012130726123253600
16131012130726123254600
16131012130726123255600
16131012130726123256600
16131012130726123257600
16131012130726123258500
16131012130726123259500
16131012130726123300500
16131012130726123301500
16131012130726123302600
16131012130726123303700
16131012130726123304900
16131012130726123306100
16131012130726123307300
16131012130726123308600
16131012130726123310100
16131012130726123311800
16131012130726123313700
16131012130726123314900
16131012130731095713300
16131012130731095714100
16131012130731095715000
16131012130731095715900
16131012130731095716800
16131012130731095717700
16131012130731095718600
16131012130731095719400
16131012130731095720300
16131012130731095721300
16131012130731095722400
16131012130731095723400
16131012130731095724400
16131012130731095725400
16131012130731095726300
16131012130731095727400
16131012130731095728400
16131012130731095729400
16131012130731095730500
16131012130731095731600
16131012130731095732900
16131012130731095734100
16131012130731095735300
16131012130731095736400
16131012130731095737700
16131012130731095739200
16131012130731095740600
16131012130731095741700
16131012130731095742700
16131012130731095743700
16131012130731095744600
16131012130731095745500
16131012130731095746400
16131012130731095747400
16131012130731095748400
16131012130731095749300
16131012130731095750300
16131012130731095751300
16131012130731095753000
16131012130731095754800
16131012130731095756300
16131012130731095757900
16131012130731095759400
16131012130731095800800
16131012130731095802100
16131012130731095803700
16131012130731095805500
16131012130731095806900
16131012130731095808100
16131012130731095809300
16131012130731095810400
16131012130731095811500
16131012130731095812500
16131012130731095813500
16131012130731095814500
16131012130731095815600
16131012130731095816900
16131012130731095818300
16131012130731095819800
16131012130731095822600
16131012130731095827900
16131012130731095830500
16131012130731095832300
16131012130731095835000
16131012130731095836800
16131012130731095838200
16131012130731095839500
16131012130731095840600
16131012130731095841600
16131012130731095842600
16131012130731095843700
16131012130731095844700
16131012130731095845700
16131012130731095846800
16131012130731095847800
16131012130731095848700
16131012130731095849600
16131012130731095850600
16131012130731095851700
16131012130731095852700
16131012130731095853700
16131012130731095854700
16131012130731095856000
16131012130731095857500
16131012130731095858900
16131012130731095900100
16131012130731095901200
16131012130731095902100
16131012130731095903000
16131012130731095903900
16131012130731095904700
16131012130731095905500
16131012130731095906200
16131012130731095907000
16131012130731095907800
16131012130731095908700
16131012130731095909800
16131012130731095911300
16131012130731095912800
16131012130731095914000
16131012130731095915000
16131012130731095915900
16131012130731095916800
16131012130731095917700
16131012130731095918500
16131012130731095919500
16131012130731095920800
16131012130731095922700
16131012130731095925600
16131012130731095929100
16131012130731102350200
16131012130731102353900
16131012130731102421100
16131012130731102423600
16131012130731102425500
16131012130731102427200
16131012130731102428700
16131012130731102430200
16131012130731102431900
16131012130731102433600
16131012130731102435100
16131012130731102436600
16131012130731102438000
16131012130731102439300
16131012130731102440600
16131012130731102442000
16131012130731102443400
16131012130731102444900
16131012130731102446600
16131012130731102448400
16131012130731102449900
16131012130731102451600
16131012130731102456000
16131012130731102500900
16131012130731102503400
16131012130731102505400
16131012130731102507200
16131012130731102508900
16131012130731102510700
16131012130731102512600
16131012130731102515000
16131012130731102517400
16131012130731102519400
16131012130731102521100
16131012130731102522700
16131012130731102524200
16131012130731102525800
16131012130731102527200
16131012130731102528700
16131012130731102530100
16131012130731102531900
16131012130731102533700
16131012130731102535400
16131012130731102537200
16131012130731102539000
16131012130731102540900
16131012130731102543100
16131012130731102546500
16131012130731102550700
16131012130731102553300
16131012130731102555300
16131012130731102557200
16131012130731102559200
16131012130731102601300
16131012130731102603300
16131012130731102605000
16131012130731102606600
16131012130731102608100
16131012130731102609500
16131012130731102610900
16131012130731102612200
16131012130731102613400
16131012130731102614700
16131012130731102615800
16131012130731102617000
16131012130731102618200
16131012130731102619400
16131012130731102620700
16131012130731102621900
16131012130731102623000
16131012130731102624200
16131012130731102625300
16131012130731102626500
16131012130731102627600
16131012130731102628700
16131012130731102629800
16131012130731102630800
16131012130731102631900
16131012130731102633000
16131012130731102634000
16131012130731102635000
16131012130731102636100
16131012130731102637200
16131012130731102638300
16131012130731102639500
16131012130731102640600
16131012130731102641700
16131012130731102642700
16131012130731102643800
16131012130731102644900
16131012130731102645900
16131012130731102646900
16131012130731102647900
16131012130731102648900
16131012130731102649900
16131012130731102650900
16131012130731102651900
16131012130731102652900
16131012130731102653800
16131012130731102654800
16131012130731102655700
16131012130731102656700
16131012130731102657600
16131012130731102658500
16131012130731102659400
16131012130731102700400
16131012130731102701300
16131012130731102702300
16131012130731102703300
16131012130731102704300
16131012130731102705400
16131012130731102706800
16131012130731102708600
16131012130731102710400
16131012130731102712100
16131012130731102713700
16131012130731102715100
16131012130731102716500
16131012130731102717800
16131012130731102719100
16131012130731102720300
16131012130731102721500
16131012130731102722700
16131012130731102723900
16131012130731102725100
16131012130731102726300
16131012130731102727500
16131012130731102728600
16131012130731102729800
16131012130731102730900
16131012130731102732000
16131012130731102733100
16131012130731102734100
16131012130731102735200
16131012130731102736200
16131012130731102737200
16131012130731102738200
16131012130731102739200
16131012130731102740200
16131012130731102741100
16131012130731102742100
16131012130731102743100
16131012130731102744100
16131012130731102745000
16131012130731102746100
16131012130731102747100
16131012130731102748100
16131012130731102749100
16131012130731102750100
16131012130731102751200
16131012130731102752300
16131012130731102753400
16131012130731102754500
16131012130731102755700
16131012130731102756900
16131012130731102758100
16131012130731102759400
16131012130731102800600
16131012130731102801900
16131012130731102803200
16131012130731102804500
16131012130731102805800
16131012130731102807100
16131012130731102808400
16131012130731102809600
16131012130731102810900
16131012130731102812100
16131012130731102813300
16131012130731102814400
16131012130731102815600
16131012130731102816700
16131012130731102817900
16131012130731102819000
16131012130731102820100
16131012130731102821300
16131012130731102822500
16131012130731102823800
16131012130731102825200
16131012130731102826700
16131012130731102828300
16131012130731102829900
16131012130731102832100
16131012130731102834400
16131012130731102836400
16131012130731102838600
16131012130731102840700
16131012130731102842500
16131012130731102844100
16131012130731102845600
16131012130731102847200
16131012130731102849000
16131012130731102850800
16131012130731102852500
16131012130731102854200
16131012130731102858300
16131012130731102901200
16131012130731102903400
16131012130731102905400
16131012130731102907400
16131012130731102909400
16131012130731102911200
16131012130731102913000
16131012130731102914700
16131012130731102916400
16131012130731102918000
16131012130731102919600
16131012130731102921200
16131012130731102922700
16131012130731102924200
16131012130731102925600
16131012130731102927000
16131012130731102928600
16131012130731102930300
16131012130731102931900
16131012130731102933400
16131012130731102934800
16131012130731102936200
16131012130731102937500
16131012130731102938700
16131012130731102940000
16131012130731102941300
16131012130731102942600
16131012130731102943900
16131012130731102945200
16131012130731102946400
16131012130731102947700
16131012130731102949000
16131012130731102950300
16131012130731102951600
16131012130731102952900
16131012130731102954100
16131012130731102955400
16131012130731102956600
16131012130731102957900
16131012130731102959200
16131012130731103000400
16131012130731103001700
16131012130731103003000
16131012130731103004200
16131012130731103005500
16131012130731103006800
16131012130731103008100
16131012130731103009400
16131012130731103010600
16131012130731103011800
16131012130731103013000
16131012130731103014200
16131012130731103015300
16131012130731103016400
16131012130731103017500
16131012130731103018700
16131012130731103019900
16131012130731103021300
16131012130731103022800
16131012130731103024300
16131012130731103025700
16131012130731103027100
16131012130731103028700
16131012130731103030400
16131012130731103032000
16131012130731103033400
16131012130731103034800
16131012130731103036200
16131012130731103037600
16131012130731103039000
16131012130731103040500
16131012130731103042000
16131012130731103043400
16131012130731103045000
16131012130731103046500
16131012130731103048000
16131012130731103049400
16131012130731103050800
16131012130731103052100
16131012130731103053400
16131012130731103055100
16131012130731103056800
16131012130731103058600
16131012130731103100300
16131012130731103101900
16131012130731103103400
16131012130731103104800
16131012130731103106300
16131012130731103107700
16131012130731103109100
16131012130731103110400
16131012130731103111800
16131012130731103113200
16131012130731103114600
16131012130731103116200
16131012130731103117900
16131012130731103119600
16131012130731103121300
16131012130731103122800
16131012130731103124300
16131012130731103125700
16131012130731103127100
16131012130731103128300
16131012130731103129600
16131012130731103130800
16131012130731103132000
16131012130731103133200
16131012130731103134500
16131012130731103135700
16131012130731103136900
16131012130731103138100
16131012130731103139300
16131012130731103140600
16131012130731103141800
16131012130731103143300
16131012130731103145100
16131012130731103146900
16131012130731103147500
16131012130731103223600
16131012130731103230400
16131012130731103233100
16131012130731103235400
16131012130731103237300
16131012130731103239000
16131012130731103240500
16131012130731103241900
16131012130731103243300
16131012130731103244600
16131012130731103245900
16131012130731103247300
16131012130731103248600
16131012130731103250000
16131012130731103251400
16131012130731103252700
16131012130731103254100
16131012130731103255400
16131012130731103256700
16131012130731103258000
16131012130731103259400
16131012130731103300900
16131012130731103302300
16131012130731103303600
16131012130731103305000
16131012130731103306300
16131012130731103307600
16131012130731103308800
16131012130731103310100
16131012130731103311300
16131012130731103312600
16131012130731103313900
16131012130731103315100
16131012130731103316400
16131012130731103317700
16131012130731103318900
16131012130731103320200
16131012130731103321400
16131012130731103322700
16131012130731103323900
16131012130731103325100
16131012130731103326400
16131012130731103327700
16131012130731103328900
16131012130731103330100
16131012130731103331300
16131012130731103332500
16131012130731103333700
16131012130731103334800
16131012130731103336000
16131012130731103337100
16131012130731103338200
16131012130731103339300
16131012130731103340400
16131012130731103341600
16131012130731103342700
16131012130731103343900
16131012130731103345000
16131012130731103346200
16131012130731103347400
16131012130731103348500
16131012130731103349700
16131012130731103351000
16131012130731103352400
16131012130731103353700
16131012130731103355000
16131012130731103356300
16131012130731103357600
16131012130731103358900
16131012130731103400200
16131012130731103401400
16131012130731103402600
16131012130731103403800
16131012130731103405000
16131012130731103406200
16131012130731103407400
16131012130731103408500
16131012130731103409600
16131012130731103410700
16131012130731103411900
16131012130731103413000
16131012130731103414200
16131012130731103415500
16131012130731103416900
16131012130731103418200
16131012130731103419500
16131012130731103420900
16131012130731103422400
16131012130731103423800
16131012130731103425200
16131012130731103426800
16131012130731103428600
16131012130731103430300
16131012130731103432000
16131012130731103433500
16131012130731103435100
16131012130731103436700
16131012130731103438200
16131012130731103439700
16131012130731103441000
16131012130731103442400
16131012130731103443600
16131012130731103444800
16131012130731103446000
16131012130731103447200
16131012130731103448400
16131012130731103449500
16131012130731103450800
16131012130731103452100
16131012130731103453600
16131012130731103455400
16131012130731103457000
16131012130731103458600
16131012130731103500100
16131012130731103501600
16131012130731103503100
16131012130731103504600
16131012130731103506300
16131012130731103508400
16131012130731103510300
16131012130731103512000
16131012130731103513700
16131012130731103515200
16131012130731103516700
16131012130731103518100
16131012130731103519800
16131012130731103521800
16131012130731103523900
16131012130731103525600
16131012130731103527200
16131012130731103528800
16131012130731103530400
16131012130731103531800
16131012130731103533200
16131012130731103534500
16131012130731103535800
16131012130731103537100
16131012130731103538600
16131012130731103540000
16131012130731103541900
16131012130731103543700
16131012130731103545300
16131012130731103546800
16131012130731103548300
16131012130731103549900
16131012130731103551500
16131012130731103553000
16131012130731103554400
16131012130731103555900
16131012130731103557800
16131012130731103559700
16131012130731103601600
16131012130731103603300
16131012130731103604900
16131012130731103606500
16131012130731103608000
16131012130731103609400
16131012130731103610900
16131012130731103612300
16131012130731103613800
16131012130731103615700
16131012130731103617700
16131012130731103619400
16131012130731103620900
16131012130731103622300
16131012130731103623600
16131012130731103624900
16131012130731103626200
16131012130731103627600
16131012130731103629000
16131012130731103630300
16131012130731103631800
16131012130731103633200
16131012130731103634600
16131012130731103635800
16131012130731103637000
16131012130731103638100
16131012130731103639300
16131012130731103640400
16131012130731103641500
16131012130731103642600
16131012130731103643600
16131012130731103644700
16131012130731103645700
16131012130731103646700
16131012130731103647700
16131012130731103648800
16131012130731103649800
16131012130731103650900
16131012130731103651900
16131012130731103652900
16131012130731103653900
16131012130731103654900
16131012130731103656000
16131012130731103657100
16131012130731103658300
16131012130731103659400
16131012130731103700500
16131012130731103701700
16131012130731103702800
16131012130731103703900
16131012130731103705000
16131012130731103706100
16131012130731103707100
16131012130731103708200
16131012130731103709200
16131012130731103710300
16131012130731103711300
16131012130731103712400
16131012130731103713400
16131012130731103714300
16131012130731103715300
16131012130731103716200
16131012130731103717100
16131012130731103718000
16131012130731103718900
16131012130731103719800
16131012130731103720700
16131012130731103721500
16131012130731103722500
16131012130731103723400
16131012130731103724400
16131012130731103725500
16131012130731103726500
16131012130731103727600
16131012130731103728700
16131012130731103729800
16131012130731103730900
16131012130731103732000
16131012130731103733100
16131012130731103734200
16131012130731103735300
16131012130731103736400
16131012130731103737400
16131012130731103738500
16131012130731103739500
16131012130731103740600
16131012130731103741600
16131012130731103742600
16131012130731103743600
16131012130731103744600
16131012130731103745600
16131012130731103746600
16131012130731103747600
16131012130731103748600
16131012130731103749600
16131012130731103750600
16131012130731103751600
16131012130731103752600
16131012130731103753700
16131012130731103754700
16131012130731103755700
16131012130731103756800
16131012130731103758000
16131012130731103759100
16131012130731103800200
16131012130731103801300
16131012130731103802300
16131012130731103803300
16131012130731103804300
16131012130731103805300
16131012130731103806300
16131012130731103807200
16131012130731103808100
16131012130731103809000
16131012130731103809900
16131012130731103810900
16131012130731103811900
16131012130731103812900
16131012130731103813900
16131012130731103814900
16131012130731103815900
16131012130731103816900
16131012130731103818000
16131012130731103819200
16131012130731103820600
16131012130731103821800
16131012130731103823000
16131012130731103824300
16131012130731103825700
16131012130731103827200
16131012130731103828600
16131012130731103829900
16131012130731103831100
16131012130731103832300
16131012130731103833400
16131012130731103834600
16131012130731103835800
16131012130731103837000
16131012130731103838200
16131012130731103839300
16131012130731103840500
16131012130731103841700
16131012130731103842900
16131012130731103844000
16131012130731103845100
16131012130731103846200
16131012130731103847200
16131012130731103848200
16131012130731103849200
16131012130731103850100
16131012130731103851100
16131012130731103852000
16131012130731103853000
16131012130731103854000
16131012130731103855000
16131012130731103856000
16131012130731103857000
16131012130731103857900
16131012130731103858800
16131012130731103859700
16131012130731103900700
16131012130731103901600
16131012130731103902500
16131012130731103903400
16131012130731103904300
16131012130731103905200
16131012130731103906100
16131012130731103907000
16131012130731103907900
16131012130731103908800
16131012130731103909700
16131012130731103910600
16131012130731103911500
16131012130731103912400
16131012130731103913300
16131012130731103914200
16131012130731103915200
16131012130731103916100
16131012130731103917000
16131012130731103918000
16131012130731103918900
16131012130731103919700
16131012130731103920600
16131012130731103921500
16131012130731103922300
16131012130731103923200
16131012130731103924000
16131012130731103924900
16131012130731103925700
16131012130731103926600
16131012130731103927500
16131012130731103928400
16131012130731103929200
16131012130731103930100
16131012130731103930900
16131012130731103931700
16131012130731103932500
16131012130731103933300
16131012130731103934100
16131012130731103934900
16131012130731103935700
16131012130731103936500
16131012130731103937300
16131012130731103938000
16131012130731103938800
16131012130731103939600
16131012130731103940300
16131012130731103941100
16131012130731103941800
16131012130731103942600
16131012130731103943300
16131012130731103944100
16131012130731103944800
16131012130731103945600
16131012130731103946300
16131012130731103947100
16131012130731103948000
16131012130731103948800
16131012130731103949700
16131012130731103950600
16131012130731103951600
16131012130731103952500
16131012130731103953500
16131012130731103954500
16131012130731103955500
16131012130731103956400
16131012130731103957400
16131012130731103958300
16131012130731103959200
16131012130731104000200
16131012130731104001100
16131012130731104002000
16131012130731104002900
16131012130731104003800
16131012130731104004700
16131012130731104005700
16131012130731104006800
16131012130731104007900
16131012130731104009000
16131012130731104010000
16131012130731104011000
16131012130731104012000
16131012130731104013000
16131012130731104013900
16131012130731104014800
16131012130731104015700
16131012130731104016600
16131012130731104017500
16131012130731104018400
16131012130731104019300
16131012130731104020100
16131012130731104021000
16131012130731104021900
16131012130731104022700
16131012130731104023600
16131012130731104024500
16131012130731104025400
16131012130731104026300
16131012130731104027200
16131012130731104028100
16131012130731104028900
16131012130731104029800
16131012130731104030600
16131012130731104031400
16131012130731104032300
16131012130731104033100
16131012130731104033900
16131012130731104034700
16131012130731104035500
16131012130731104036300
16131012130731104037200
16131012130731104038000
16131012130731104038800
16131012130731104039600
16131012130731104040400
16131012130731104041300
16131012130731104042200
16131012130731104043200
16131012130731104044400
16131012130731104045600
16131012130731104046800
16131012130731104048000
16131012130731104049100
16131012130731104050200
16131012130731104051200
16131012130731104052300
16131012130731104053200
16131012130731104054200
16131012130731104055200
16131012130731104056100
16131012130731104057000
16131012130731104057900
16131012130731104058900
16131012130731104059900
16131012130731104101000
16131012130731104102000
16131012130731104103200
16131012130731104104400
16131012130731104105600
16131012130731104106700
16131012130731104107800
16131012130731104108800
16131012130731104109900
16131012130731104110800
16131012130731104111800
16131012130731104112900
16131012130731104114200
16131012130731104115700
16131012130731104117200
16131012130731104118600
16131012130731104120000
16131012130731104121300
16131012130731104122600
16131012130731104123900
16131012130731104125300
16131012130731104126900
16131012130731104130600
16131012130731104133000
16131012130731104134800
16131012130731104136500
16131012130731104138200
16131012130731104139700
16131012130731104141100
16131012130731104142600
16131012130731104144100
16131012130731104145400
16131012130731104146700
16131012130731104148000
16131012130731104149200
16131012130731104150500
16131012130731104151800
16131012130731104153100
16131012130731104154400
16131012130731104155700
16131012130731104157000
16131012130731104158300
16131012130731104159600
16131012130731104201000
16131012130731104202500
16131012130731104204000
16131012130731104205400
16131012130731104206800
16131012130731104208100
16131012130731104209400
16131012130731104210600
16131012130731104211900
16131012130731104213400
16131012130731104214800
16131012130731104216300
16131012130731104218100
16131012130731104219900
16131012130731104221700
16131012130731104223200
16131012130731104224600
16131012130731104226000
16131012130731104227200
16131012130731104228400
16131012130731104229600
16131012130731104230700
16131012130731104231800
16131012130731104232800
16131012130731104233900
16131012130731104234900
16131012130731104236000
16131012130731104237000
16131012130731104238000
16131012130731104239100
16131012130731104240100
16131012130731104241000
16131012130731104242000
16131012130731104243000
16131012130731104244000
16131012130731104245000
16131012130731104245900
16131012130731104246900
16131012130731104247900
16131012130731104249000
16131012130731104250200
16131012130731104251400
16131012130731104252600
16131012130731104253800
16131012130731104254900
16131012130731104256100
16131012130731104257200
16131012130731104258300
16131012130731104259500
16131012130731104300600
16131012130731104301700
16131012130731104302800
16131012130731104303900
16131012130731104304900
16131012130731104306000
16131012130731104307100
16131012130731104308200
16131012130731104309300
16131012130731104310400
16131012130731104311500
16131012130731104312600
16131012130731104313700
16131012130731104314700
16131012130731104315800
16131012130731104316900
16131012130731104317900
16131012130731104319000
16131012130731104320000
16131012130731104321000
16131012130731104322100
16131012130731104323100
16131012130731104324200
16131012130731104325300
16131012130731104326300
16131012130731104327400
16131012130731104328500
16131012130731104329800
16131012130731104331100
16131012130731104332400
16131012130731104333700
16131012130731104334900
16131012130731104336100
16131012130731104337200
16131012130731104338300
16131012130731104339400
16131012130731104340600
16131012130731104341900
16131012130731104343300
16131012130731104344600
16131012130731104345900
16131012130731104347200
16131012130731104348500
16131012130731104349700
16131012130731104350900
16131012130731104352200
16131012130731104353600
16131012130731104355100
16131012130731104356400
16131012130731104357800
16131012130731104359000
16131012130731104400300
16131012130731104401500
16131012130731104402700
16131012130731104403800
16131012130731104405000
16131012130731104406100
16131012130731104407300
16131012130731104408400
16131012130731104409600
16131012130731104410700
16131012130731104411900
16131012130731104413100
16131012130731104414500
16131012130731104416300
16131012130731104543500
16131012130731104548400
16131012130731104552300
16131012130731104554900
16131012130731104557000
16131012130731104558700
16131012130731104600400
16131012130731104601900
16131012130731104603500
16131012130731104605400
16131012130731104607300
16131012130731104609000
16131012130731104610700
16131012130731104612200
16131012130731104613700
16131012130731104615100
16131012130731104616500
16131012130731104617800
16131012130731104619000
16131012130731104620300
16131012130731104621500
16131012130731104622700
16131012130731104623900
16131012130731104625100
16131012130731104626300
16131012130731104627400
16131012130731104628600
16131012130731104629800
16131012130731104631000
16131012130731104632300
16131012130731104633700
16131012130731104635000
16131012130731104636300
16131012130731104637700
16131012130731104639100
16131012130731104640400
16131012130731104641700
16131012130731104642900
16131012130731104644200
16131012130731104645600
16131012130731104647200
16131012130731104648700
16131012130731104650200
16131012130731104651700
16131012130731104653300
16131012130731104654900
16131012130731104656700
16131012130731104658400
16131012130731104659900
16131012130731104701400
16131012130731104702800
16131012130731104704300
16131012130731104705800
16131012130731104707200
16131012130731104708600
16131012130731104710100
16131012130731104711600
16131012130731104712900
16131012130731104714300
16131012130731104715500
16131012130731104716800
16131012130731104718000
16131012130731104719200
16131012130731104720400
16131012130731104721600
16131012130731104722700
16131012130731104723900
16131012130731104725100
16131012130731104726200
16131012130731104727300
16131012130731104728500
16131012130731104729700
16131012130731104730900
16131012130731104732100
16131012130731104733300
16131012130731104734500
16131012130731104735700
16131012130731104737000
16131012130731104738300
16131012130731104739500
16131012130731104740800
16131012130731104742000
16131012130731104743300
16131012130731104744500
16131012130731104745700
16131012130731104747000
16131012130731104748200
16131012130731104749400
16131012130731104750700
16131012130731104751900
16131012130731104753200
16131012130731104754500
16131012130731104755800
16131012130731104757200
16131012130731104758600
16131012130731104759900
16131012130731104801200
16131012130731104802500
16131012130731104803800
16131012130731104805000
16131012130731104806300
16131012130731104807700
16131012130731104809300
16131012130731104810700
16131012130731104812000
16131012130731104813300
16131012130731104814400
16131012130731104815600
16131012130731104816800
16131012130731104818000
16131012130731104819200
16131012130731104820300
16131012130731104821400
16131012130731104822600
16131012130731104823800
16131012130731104825000
16131012130731104826100
16131012130731104827300
16131012130731104828400
16131012130731104829500
16131012130731104830500
16131012130731104831500
16131012130731104832500
16131012130731104833500
16131012130731104834500
16131012130731104835600
16131012130731104836700
16131012130731104838000
16131012130731104839200
16131012130731104840300
16131012130731104841400
16131012130731104842500
16131012130731104843500
16131012130731104844500
16131012130731104845500
16131012130731104846600
16131012130731104847700
16131012130731105124600
16131012130731105131400
16131012130731105133600
16131012130731105135500
16131012130731105137200
16131012130731105138800
16131012130731105140800
16131012130731105142800
16131012130731105144500
16131012130731105146000
16131012130731105147500
16131012130731105148900
16131012130731105150300
16131012130731105151700
16131012130731105152900
16131012130731105154300
16131012130731105155600
16131012130731105157000
16131012130731105158400
16131012130731105159900
16131012130731105201300
16131012130731105202700
16131012130731105204000
16131012130731105205200
16131012130731105206400
16131012130731105207500
16131012130731105208700
16131012130731105209900
16131012130731105211100
16131012130731105212300
16131012130731105213400
16131012130731105214600
16131012130731105215600
16131012130731105216700
16131012130731105217700
16131012130731105218800
16131012130731105219800
16131012130731105221000
16131012130731105222100
16131012130731105223200
16131012130731105224300
16131012130731105225400
16131012130731105226400
16131012130731105227400
16131012130731105228500
16131012130731105229400
16131012130731105230400
16131012130731105231400
16131012130731105232400
16131012130731105233400
16131012130731105234400
16131012130731105235300
16131012130731105236300
16131012130731105237300
16131012130731105238400
16131012130731105239500
16131012130731105240600
16131012130731105241600
16131012130731105242700
16131012130731105243700
16131012130731105244700
16131012130731105245700
16131012130731105246700
16131012130731105247700
16131012130731105248700
16131012130731105249600
16131012130731105250600
16131012130731105251600
16131012130731105252700
16131012130731105253900
16131012130731105255100
16131012130731105256300
16131012130731105257400
16131012130731105258500
16131012130731105259500
16131012130731105300600
16131012130731105301600
16131012130731105302600
16131012130731105303500
16131012130731105304500
16131012130731105305400
16131012130731105306300
16131012130731105307200
16131012130731105308100
16131012130731105309000
16131012130731105310000
16131012130731105311100
16131012130731105312400
16131012130731105313700
16131012130731105315000
16131012130731105316300
16131012130731105317500
16131012130731105318900
16131012130731105320400
16131012130731105321900
16131012130731105323300
16131012130731105324700
16131012130731105326100
16131012130731105327500
16131012130731105328800
16131012130731105330100
16131012130731105331500
16131012130731105333200
16131012130731105334800
16131012130731105336300
16131012130731105337700
16131012130731105339200
16131012130731105340900
16131012130731105342500
16131012130731105344000
16131012130731105345400
16131012130731105346700
16131012130731105347900
16131012130731105349100
16131012130731105350300
16131012130731105351500
16131012130731105352600
16131012130731105353700
16131012130731105354800
16131012130731105355900
16131012130731105357000
16131012130731105358100
16131012130731105359200
16131012130731105400400
16131012130731105401600
16131012130731105402900
16131012130731105404200
16131012130731105406000
16131012130731105407900
16131012130731105409700
16131012130731105411400
16131012130731105413100
16131012130731105414900
16131012130731105416700
16131012130731105418500
16131012130731105420300
16131012130731105422000
16131012130731105423700
16131012130731105425300
16131012130731105426800
16131012130731105428300
16131012130731105429800
16131012130731105431200
16131012130731105432800
16131012130731105434300
16131012130731105435700
16131012130731105437100
16131012130731105438600
16131012130731105440000
16131012130731105441400
16131012130731105442900
16131012130731105444300
16131012130731105445800
16131012130731105447200
16131012130731105448700
16131012130731105450300
16131012130731105452000
16131012130731105453600
16131012130731105455100
16131012130731105456600
16131012130731105458100
16131012130731105459800
16131012130731105501300
16131012130731105503000
16131012130731105504600
16131012130731105506200
16131012130731105507900
16131012130731105509700
16131012130731105511400
16131012130731105513100
16131012130731105514800
16131012130731105516300
16131012130731105517700
16131012130731105519100
16131012130731105520500
16131012130731105521800
16131012130731105523000
16131012130731105524200
16131012130731105525300
16131012130731105526300
16131012130731105527400
16131012130731105528500
16131012130731105529800
16131012130731105531000
16131012130731105532300
16131012130731105533600
16131012130731105534800
16131012130731105536000
16131012130731105537200
16131012130731105538400
16131012130731105539500
16131012130731105540600
16131012130731105541700
16131012130731105542800
16131012130731105544000
16131012130731105545100
16131012130731105546200
16131012130731105547300
16131012130731105548400
16131012130731105549500
16131012130731105550600
16131012130731105551700
16131012130731105552800
16131012130731105553900
16131012130731105555200
16131012130731105556400
16131012130731105557600
16131012130731105558700
16131012130731105559800
16131012130731105601000
16131012130731105602000
16131012130731105603100
16131012130731105604200
16131012130731105605200
16131012130731105606200
16131012130731105607200
16131012130731105608300
16131012130731105609300
16131012130731105610400
16131012130731105611400
16131012130731105612600
16131012130731105613600
16131012130731105614700
16131012130731105615700
16131012130731105616800
16131012130731105617700
16131012130731105618700
16131012130731105619700
16131012130731105620700
16131012130731105621800
16131012130731105622800
16131012130731105623800
16131012130731105624800
16131012130731105625800
16131012130731105626800
16131012130731105627700
16131012130731105628700
16131012130731105629600
16131012130731105630600
16131012130731105631500
16131012130731105632400
16131012130731105633400
16131012130731105634400
16131012130731105635300
16131012130731105636400
16131012130731105637400
16131012130731105638500
16131012130731105639600
16131012130731105640600
16131012130731105641600
16131012130731105642500
16131012130731105643500
16131012130731105644400
16131012130731105645400
16131012130731105646400
16131012130731105647300
16131012130731105648300
16131012130731105649200
16131012130731105650100
16131012130731105651100
16131012130731105652000
16131012130731105652900
16131012130731105653800
16131012130731105654700
16131012130731105655600
16131012130731105656600
16131012130731105657600
16131012130731105658500
16131012130731105659500
16131012130731105700400
16131012130731105701500
16131012130731105702500
16131012130731105703700
16131012130731105704800
16131012130731105705900
16131012130731105707000
16131012130731105708000
16131012130731105709100
16131012130731105710100
16131012130731105711200
16131012130731105712300
16131012130731105713800
16131012130731105716400
16131012130731105718600
16131012130731105720300
16131012130731105722100
16131012130731105724500
16131012130731105726300
16131012130731105727800
16131012130731105729200
16131012130731105730900
16131012130731105733200
16131012130731105736000
16131012130731105739300
16131012130731105742700
16131012130731105745600
16131012130731105747800
16131012130731105749600
16131012130731105751400
16131012130731105753200
16131012130731105754900
16131012130731105756500
16131012130731105758200
16131012130731105759900
16131012130731105801600
16131012130731105803400
16131012130731105805000
16131012130731105806500
16131012130731105807900
16131012130731105809200
16131012130731105810600
16131012130731105811800
16131012130731105813000
16131012130731105814200
16131012130731105815300
16131012130731105816400
16131012130731105817400
16131012130731105818500
16131012130731105819500
16131012130731105820500
16131012130731105821600
16131012130731105822600
16131012130731105823700
16131012130731105824800
16131012130731105825900
16131012130731105827100
16131012130731105828400
16131012130731105829600
16131012130731105830900
16131012130731105832100
16131012130731105833200
16131012130731105834400
16131012130731105835500
16131012130731105836600
16131012130731105837800
16131012130731105838900
16131012130731105840100
16131012130731105841200
16131012130731105842400
16131012130731105843600
16131012130731105844700
16131012130731105845800
16131012130731105846900
16131012130731105848000
16131012130731105849100
16131012130731105850100
16131012130731105851100
16131012130731105852200
16131012130731105853200
16131012130731105854300
16131012130731105855400
16131012130731105856400
16131012130731105857500
16131012130731105858500
16131012130731105859600
16131012130731105900800
16131012130731105901900
16131012130731105903100
16131012130731105904200
16131012130731105905300
16131012130731105906400
16131012130731105907400
16131012130731105908500
16131012130731105909500
16131012130731105910500
16131012130731105911700
16131012130731105912800
16131012130731105914000
16131012130731105915300
16131012130731105916500
16131012130731105917800
16131012130731105919000
16131012130731105920200
16131012130731105921500
16131012130731105922700
16131012130731105923900
16131012130731105925100
16131012130731105926300
16131012130731105927600
16131012130731105928700
16131012130731105929900
16131012130731105931100
16131012130731105932200
16131012130731105933300
16131012130731105934500
16131012130731105935600
16131012130731105936700
16131012130731105938000
16131012130731105939300
16131012130731105940600
16131012130731105941800
16131012130731105943000
16131012130731105944200
16131012130731105945300
16131012130731105946400
16131012130731105947500
16131012130731105948700
16131012130731105949900
16131012130731105951200
16131012130731105952500
16131012130731105953800
16131012130731105955000
16131012130731105956300
16131012130731105957500
16131012130731105958800
16131012130731110000000
16131012130731110001100
16131012130731110002300
16131012130731110003400
16131012130731110004600
16131012130731110005800
16131012130731110007000
16131012130731110008300
16131012130731110009700
16131012130731110011200
16131012130731110012500
16131012130731110013800
16131012130731110015200
16131012130731110016900
16131012130731110018800
16131012130731110020700
16131012130731110022700
16131012130731110024400
16131012130731110026000
16131012130731110027500
16131012130731110029000
16131012130731110031300
16131012130731110158700
16131012130731110200900
16131012130731110202900
16131012130731110204600
16131012130731110206500
16131012130731110208300
16131012130731110209900
16131012130731110211300
16131012130731110212700
16131012130731110213900
16131012130731110215100
16131012130731110216200
16131012130731110217300
16131012130731110218500
16131012130731110219800
16131012130731110221200
16131012130731110222500
16131012130731110223900
16131012130731110225100
16131012130731110226300
16131012130731110227500
16131012130731110228700
16131012130731110229900
16131012130731110231200
16131012130731110232600
16131012130731110234000
16131012130731110235600
16131012130731110237200
16131012130731110238700
16131012130731110240200
16131012130731110241700
16131012130731110243400
16131012130731110245100
16131012130731110247000
16131012130731110248800
16131012130731110251100
16131012130731110253500
16131012130731110256100
16131012130731110258300
16131012130731110300300
16131012130731110302400
16131012130731110304100
16131012130731110305700
16131012130731110307100
16131012130731110308500
16131012130731110309800
16131012130731110311200
16131012130731110312400
16131012130731110313700
16131012130731110314900
16131012130731110316200
16131012130731110317500
16131012130731110318800
16131012130731110320200
16131012130731110321700
16131012130731110323200
16131012130731110324700
16131012130731110326300
16131012130731110328300
16131012130731110330200
16131012130731110332000
16131012130731110333600
16131012130731110335100
16131012130731110336700
16131012130731110338600
16131012130731110340500
16131012130731110342500
16131012130731110345300
16131012130731110351400
16131012130731110354500
16131012130731110356900
16131012130731110359200
16131012130731110401300
16131012130731110403200
16131012130731110404800
16131012130731110406200
16131012130731110407600
16131012130731110408900
16131012130731110410200
16131012130731110411500
16131012130731110413100
16131012130731110414600
16131012130731110416000
16131012130731110417400
16131012130731110418700
16131012130731110420300
16131012130731110422400
16131012130731110424500
16131012130731110427100
16131012130731110428000
16131012130731112305400
16131012130731112308600
16131012130731112311300
16131012130731112313700
16131012130731112316100
16131012130731112332900
16131012130731112336000
16131012130731112338200
16131012130731112340100
16131012130731112341800
16131012130731112343500
16131012130731112345200
16131012130731112347000
16131012130731112348800
16131012130731112350500
16131012130731112352100
16131012130731112353800
16131012130731112355400
16131012130731112356900
16131012130731112358400
16131012130731112400300
16131012130731112402800
16131012130731112406000
16131012130731112408200
16131012130731112410200
16131012130731112412400
16131012130731112414700
16131012130731112417000
16131012130731112420400
16131012130731112422600
16131012130731112424400
16131012130731112425900
16131012130731112427500
16131012130731112429000
16131012130731112430500
16131012130731112432000
16131012130731112433500
16131012130731112434900
16131012130731112436200
16131012130731112437500
16131012130731112438700
16131012130731112439900
16131012130731112441100
16131012130731112442200
16131012130731112443400
16131012130731112444500
16131012130731112445800
16131012130731112447000
16131012130731112448300
16131012130731112449600
16131012130731112451100
16131012130731112453000
16131012130731112454900
16131012130731112456600
16131012130731112458300
16131012130731112500100
16131012130731112501700
16131012130731112503200
16131012130731112504600
16131012130731112506000
16131012130731112507300
16131012130731112508500
16131012130731112509800
16131012130731112511000
16131012130731112512300
16131012130731112513700
16131012130731112515400
16131012130731112517200
16131012130731112519100
16131012130731112521000
16131012130731112522800
16131012130731112524600
16131012130731112526300
16131012130731112527900
16131012130731112529400
16131012130731112530900
16131012130731112532500
16131012130731112534300
16131012130731112536100
16131012130731112537700
16131012130731112539400
16131012130731112542100
16131012130731112544300
16131012130731112546100
16131012130731112547900
16131012130731112549700
16131012130731112551300
16131012130731112552800
16131012130731112554300
16131012130731112555700
16131012130731112557000
16131012130731112558200
16131012130731112559500
16131012130731112600800
16131012130731112602000
16131012130731112603400
16131012130731112604800
16131012130731112606300
16131012130731112607800
16131012130731112609200
16131012130731112610600
16131012130731112612000
16131012130731112613400
16131012130731112614900
16131012130731112616400
16131012130731112618100
16131012130731112620000
16131012130731112621900
16131012130731112623500
16131012130731112625000
16131012130731112626400
16131012130731112627700
16131012130731112629000
16131012130731112630200
16131012130731112631300
16131012130731112632500
16131012130731112633700
16131012130731112635000
16131012130731112636400
16131012130731112637800
16131012130731112639100
16131012130731112640300
16131012130731112641600
16131012130731112642800
16131012130731112643900
16131012130731112645000
16131012130731112646100
16131012130731112647200
16131012130731112648200
16131012130731112649300
16131012130731112650500
16131012130731112651700
16131012130731112652900
16131012130731112654100
16131012130731112655300
16131012130731112656500
16131012130731112657800
16131012130731112659100
16131012130731112700400
16131012130731112701600
16131012130731112702800
16131012130731112704000
16131012130731112705200
16131012130731112706500
16131012130731112707900
16131012130731112709300
16131012130731112710700
16131012130731112712100
16131012130731112713800
16131012130731112715500
16131012130731112717000
16131012130731112718500
16131012130731112719800
16131012130731112721100
16131012130731112722400
16131012130731112723500
16131012130731112724700
16131012130731112725800
16131012130731112727000
16131012130731112728200
16131012130731112729300
16131012130731112730600
16131012130731112731900
16131012130731112733400
16131012130731112734800
16131012130731112736300
16131012130731112737600
16131012130731112738900
16131012130731112740100
16131012130731112741300
16131012130731112742400
16131012130731112743600
16131012130731112744600
16131012130731112745700
16131012130731112746800
16131012130731112747800
16131012130731112748900
16131012130731112749900
16131012130731112751000
16131012130731112752000
16131012130731112753100
16131012130731112754300
16131012130731112755400
16131012130731112756600
16131012130731112757700
16131012130731112758900
16131012130731112800000
16131012130731112801100
16131012130731112802200
16131012130731112803300
16131012130731112804400
16131012130731112805500
16131012130731112806600
16131012130731112807800
16131012130731112809000
16131012130731112810400
16131012130731112811900
16131012130731112813600
16131012130731112815200
16131012130731112816700
16131012130731112818100
16131012130731112819400
16131012130731112820700
16131012130731112821800
16131012130731112823000
16131012130731112824100
16131012130731112825200
16131012130731112826200
16131012130731112827200
16131012130731112828300
16131012130731112829400
16131012130731112830600
16131012130731112831900
16131012130731112833100
16131012130731112834500
16131012130731112836100
16131012130731112837700
16131012130731112839100
16131012130731112840500
16131012130731112841800
16131012130731112843100
16131012130731112844300
16131012130731112845400
16131012130731112846700
16131012130731112847900
16131012130731112849000
16131012130731112850200
16131012130731112851400
16131012130731112852700
16131012130731112854200
16131012130731112855600
16131012130731112857000
16131012130731112858300
16131012130731112859500
16131012130731112900800
16131012130731112902100
16131012130731112903300
16131012130731112904500
16131012130731112905800
16131012130731112907600
16131012130731112909400
16131012130731112911000
16131012130731112912500
16131012130731112914000
16131012130731112915500
16131012130731112917000
16131012130731112918400
16131012130731112920000
16131012130731112921500
16131012130731112923000
16131012130731112924300
16131012130731112925900
16131012130731112927600
16131012130731112929200
16131012130731112930700
16131012130731112932000
16131012130731112933300
16131012130731112934400
16131012130731112935600
16131012130731112936800
16131012130731112938000
16131012130731112939100
16131012130731112940200
16131012130731112941300
16131012130731112942400
16131012130731112943500
16131012130731112944600
16131012130731112945700
16131012130731112946700
16131012130731112947800
16131012130731112948900
16131012130731112950100
16131012130731112951200
16131012130731112952300
16131012130731112953400
16131012130731112954500
16131012130731112955500
16131012130731112956600
16131012130731112957600
16131012130731112958600
16131012130731112959700
16131012130731113000700
16131012130731113001600
16131012130731113002600
16131012130731113003600
16131012130731113004500
16131012130731113005500
16131012130731113006400
16131012130731113007400
16131012130731113008300
16131012130731113009200
16131012130731113010100
16131012130731113011000
16131012130731113011900
16131012130731113012800
16131012130731113013800
16131012130731113014800
16131012130731113015700
16131012130731113016700
16131012130731113017800
16131012130731113019000
16131012130731113020400
16131012130731113022200
16131012130731113023900
16131012130731113025500
16131012130731113026900
16131012130731113028200
16131012130731113029400
16131012130731113030600
16131012130731113031700
16131012130731113032700
16131012130731113033800
16131012130731113034800
16131012130731113035700
16131012130731113036700
16131012130731113037600
16131012130731113038500
16131012130731113039400
16131012130731113040300
16131012130731113041200
16131012130731113042100
16131012130731113043000
16131012130731113043900
16131012130731113044800
16131012130731113045700
16131012130731113046600
16131012130731113047500
16131012130731113048400
16131012130731113049400
16131012130731113050500
16131012130731113051700
16131012130731113053000
16131012130731113054300
16131012130731113055500
16131012130731113056700
16131012130731113057900
16131012130731113059100
16131012130731113100200
16131012130731113101300
16131012130731113102400
16131012130731113103400
16131012130731113104400
16131012130731113105400
16131012130731113106400
16131012130731113107400
16131012130731113108600
16131012130731113110000
16131012130731113111600
16131012130731113113300
16131012130731113114800
16131012130731113116100
16131012130731113117400
16131012130731113118600
16131012130731113119800
16131012130731113121200
16131012130731113122900
16131012130731113124400
16131012130731113126000
16131012130731113127800
16131012130731113129400
16131012130731113130900
16131012130731113132300
16131012130731113133700
16131012130731113134900
16131012130731113136100
16131012130731113137300
16131012130731113138500
16131012130731113139800
16131012130731113141100
16131012130731113142500
16131012130731113144100
16131012130731113145600
16131012130731113147200
16131012130731113148800
16131012130731113150500
16131012130731113152000
16131012130731113153500
16131012130731113154800
16131012130731113156400
16131012130731113157900
16131012130731113159400
16131012130731113200700
16131012130731113202000
16131012130731113203200
16131012130731113204400
16131012130731113205600
16131012130731113206700
16131012130731113207700
16131012130731113208800
16131012130731113209800
16131012130731113210900
16131012130731113212100
16131012130731113213300
16131012130731113214400
16131012130731113215500
16131012130731113216700
16131012130731113217800
16131012130731113218900
16131012130731113220000
16131012130731113221100
16131012130731113222400
16131012130731113223700
16131012130731113225000
16131012130731113226300
16131012130731113227600
16131012130731113228800
16131012130731113230000
16131012130731113231100
16131012130731113232200
16131012130731113233300
16131012130731113234400
16131012130731113235400
16131012130731113236400
16131012130731113237400
16131012130731113238400
16131012130731113239300
16131012130731113240300
16131012130731113241300
16131012130731113242300
16131012130731113243300
16131012130731113244300
16131012130731113245300
16131012130731113246300
16131012130731113247300
16131012130731113248300
16131012130731113249300
16131012130731113250300
16131012130731113251200
16131012130731113252200
16131012130731113253200
16131012130731113254100
16131012130731113255100
16131012130731113256200
16131012130731113257200
16131012130731113258400
16131012130731113259600
16131012130731113300900
16131012130731113302100
16131012130731113303300
16131012130731113304400
16131012130731113305500
16131012130731113306600
16131012130731113307600
16131012130731113308700
16131012130731113309700
16131012130731113310600
16131012130731113311600
16131012130731113312600
16131012130731113313600
16131012130731113314600
16131012130731113315500
16131012130731113316500
16131012130731113317400
16131012130731113318400
16131012130731113319300
16131012130731113320300
16131012130731113321300
16131012130731113322200
16131012130731113323200
16131012130731113324200
16131012130731113325200
16131012130731113326200
16131012130731113327200
16131012130731113328100
16131012130731113329100
16131012130731113330100
16131012130731113331100
16131012130731113332000
16131012130731113333000
16131012130731113333900
16131012130731113334900
16131012130731113335800
16131012130731113336700
16131012130731113337700
16131012130731113338600
16131012130731113339600
16131012130731113340500
16131012130731113341500
16131012130731113342400
16131012130731113343400
16131012130731113344300
16131012130731113345200
16131012130731113346100
16131012130731113347000
16131012130731113347800
16131012130731113348700
16131012130731113349600
16131012130731113350400
16131012130731113351300
16131012130731113352100
16131012130731113353000
16131012130731113353900
16131012130731113354800
16131012130731113355700
16131012130731113356600
16131012130731113357500
16131012130731113358400
16131012130731113359300
16131012130731113400200
16131012130731113401100
16131012130731113402100
16131012130731113403000
16131012130731113403900
16131012130731113404900
16131012130731113405900
16131012130731113406900
16131012130731113408100
16131012130731113409200
16131012130731113410300
16131012130731113411300
16131012130731113412400
16131012130731113413400
16131012130731113414400
16131012130731113415500
16131012130731113416500
16131012130731113417500
16131012130731113418500
16131012130731113419400
16131012130731113420400
16131012130731113421400
16131012130731113422400
16131012130731113423400
16131012130731113424300
16131012130731113425300
16131012130731113426200
16131012130731113427100
16131012130731113428000
16131012130731113429000
16131012130731113429900
16131012130731113430800
16131012130731113431700
16131012130731113432600
16131012130731113433500
16131012130731113434400
16131012130731113435300
16131012130731113436200
16131012130731113437200
16131012130731113438200
16131012130731113439300
16131012130731113440400
16131012130731113441400
16131012130731113442500
16131012130731113443500
16131012130731113444500
16131012130731113445500
16131012130731113446400
16131012130731113447400
16131012130731113448300
16131012130731113449300
16131012130731113450300
16131012130731113451500
16131012130731113452800
16131012130731113454100
16131012130731113455500
16131012130731113456900
16131012130731113458200
16131012130731113459400
16131012130731113500700
16131012130731113502000
16131012130731113503200
16131012130731113504300
16131012130731113505600
16131012130731113507000
16131012130731113508400
16131012130731113509700
16131012130731113511000
16131012130731113512200
16131012130731113513400
16131012130731113514500
16131012130731113515700
16131012130731113516800
16131012130731113518000
16131012130731113519100
16131012130731113520200
16131012130731113521300
16131012130731113522400
16131012130731113523400
16131012130731113524500
16131012130731113525500
16131012130731113526500
16131012130731113527500
16131012130731113528500
16131012130731113529500
16131012130731113530400
16131012130731113531400
16131012130731113532300
16131012130731113533300
16131012130731113534200
16131012130731113535100
16131012130731113536200
16131012130731113537400
16131012130731113538600
16131012130731113539800
16131012130731113541000
16131012130731113542100
16131012130731113543200
16131012130731113544300
16131012130731113545400
16131012130731113546500
16131012130731113547500
16131012130731113548500
16131012130731113549500
16131012130731113550500
16131012130731113551500
16131012130731113552400
16131012130731113553400
16131012130731113554300
16131012130731113555300
16131012130731113556200
16131012130731113557100
16131012130731113558000
16131012130731113558900
16131012130731113559800
16131012130731113600700
16131012130731113601600
16131012130731113602500
16131012130731113603400
16131012130731113604300
16131012130731113605200
16131012130731113606100
16131012130731113607000
16131012130731113607900
16131012130731113608800
16131012130731113609700
16131012130731113610600
16131012130731113611500
16131012130731113612400
16131012130731113613400
16131012130731113614500
16131012130731113615700
16131012130731113616800
16131012130731113618000
16131012130731113619100
16131012130731113620100
16131012130731113621200
16131012130731113622300
16131012130731113623300
16131012130731113624300
16131012130731113625400
16131012130731113626400
16131012130731113627400
16131012130731113628400
16131012130731113629500
16131012130731113630400
16131012130731113631400
16131012130731113632400
16131012130731113633300
16131012130731113634300
16131012130731113635200
16131012130731113636200
16131012130731113637100
16131012130731113638000
16131012130731113639100
16131012130731113640200
16131012130731113641400
16131012130731113642600
16131012130731113643700
16131012130731113644800
16131012130731113645900
16131012130731113647000
16131012130731113648100
16131012130731113649100
16131012130731113650200
16131012130731113651200
16131012130731113652200
16131012130731113653200
16131012130731113654300
16131012130731113655300
16131012130731113656400
16131012130731113657400
16131012130731113658500
16131012130731113659600
16131012130731113700800
16131012130731113701900
16131012130731113703000
16131012130731113704100
16131012130731113705200
16131012130731113706300
16131012130731113707500
16131012130731113708700
16131012130731113709800
16131012130731113710900
16131012130731113711900
16131012130731113713000
16131012130731113714000
16131012130731113715000
16131012130731113716000
16131012130731113717000
16131012130731113717900
16131012130731113718900
16131012130731113719800
16131012130731113720700
16131012130731113721600
16131012130731113722500
16131012130731113723300
16131012130731113724200
16131012130731113725100
16131012130731113725900
16131012130731113726800
16131012130731113727600
16131012130731113728400
16131012130731113729300
16131012130731113730100
16131012130731113730900
16131012130731113731700
16131012130731113732600
16131012130731113733400
16131012130731113734200
16131012130731113735100
16131012130731113736000
16131012130731113736900
16131012130731113737900
16131012130731113738900
16131012130731113739800
16131012130731113740800
16131012130731113741800
16131012130731113742700
16131012130731113743700
16131012130731113744700
16131012130731113745700
16131012130731113746600
16131012130731113747600
16131012130731113748500
16131012130731113749500
16131012130731113750400
16131012130731113751400
16131012130731113752400
16131012130731113753600
16131012130731113754700
16131012130731113755800
16131012130731113756900
16131012130731113758000
16131012130731113759100
16131012130731113800200
16131012130731113801200
16131012130731113802400
16131012130731113803500
16131012130731113804700
16131012130731113805900
16131012130731113807100
16131012130731113808400
16131012130731113809700
16131012130731113810900
16131012130731113812200
16131012130731113813400
16131012130731113814600
16131012130731113815800
16131012130731113816900
16131012130731113818000
16131012130731113819100
16131012130731113820200
16131012130731113821200
16131012130731113822200
16131012130731113823200
16131012130731113824200
16131012130731113825200
16131012130731113826200
16131012130731113827100
16131012130731113828100
16131012130731113829000
16131012130731113830000
16131012130731113831000
16131012130731113832400
16131012130731113833800
16131012130731113835200
16131012130731113836500
16131012130731113837800
16131012130731113839000
16131012130731113840300
16131012130731113841800
16131012130731113843300
16131012130731113844900
16131012130731113846600
16131012130731113848500
16131012130731113850100
16131012130731113851600
16131012130731113853000
16131012130731113854300
16131012130731113855600
16131012130731113856900
16131012130731113859000
16131012130731113902000
16131012130731113904000
16131012130731113905700
16131012130731113907200
16131012130731113908600
16131012130731113910000
16131012130731113911300
16131012130731113912500
16131012130731113913700
16131012130731113914800
16131012130731113915900
16131012130731113917000
16131012130731113918000
16131012130731113919000
16131012130731113920000
16131012130731113920900
16131012130731113921800
16131012130731113922800
16131012130731113923700
16131012130731113924600
16131012130731113925500
16131012130731113926400
16131012130731113927300
16131012130731113928100
16131012130731113929000
16131012130731113929900
16131012130731113930700
16131012130731113931600
16131012130731113932400
16131012130731113933300
16131012130731113934100
16131012130731113935000
16131012130731113935800
16131012130731113936600
16131012130731113937500
16131012130731113938300
16131012130731113939100
16131012130731113939900
16131012130731113940700
16131012130731113941500
16131012130731113942300
16131012130731113943100
16131012130731113944000
16131012130731113944800
16131012130731113945700
16131012130731113946500
16131012130731113947400
16131012130731113948200
16131012130731113949100
16131012130731113950000
16131012130731113950800
16131012130731113951700
16131012130731113952500
16131012130731113953400
16131012130731113954300
16131012130731113955200
16131012130731113956100
16131012130731113957000
16131012130731113957900
16131012130731113958800
16131012130731113959700
16131012130731114000600
16131012130731114001400
16131012130731114002300
16131012130731114003300
16131012130731114004300
16131012130731114005400
16131012130731114005900
16131012130731114022200
16131012130731114023300
16131012130731114040400
16131012130731114051500
16131012130731114055400
16131012130731114057600
16131012130731114059400
16131012130731114101000
16131012130731114102500
16131012130731114103900
16131012130731114105200
16131012130731114106400
16131012130731114107700
16131012130731114108800
16131012130731114109900
16131012130731114111000
16131012130731114112100
16131012130731114113200
16131012130731114114300
16131012130731114115400
16131012130731114116500
16131012130731114117700
16131012130731114119000
16131012130731114120300
16131012130731114121600
16131012130731114122800
16131012130731114124000
16131012130731114125500
16131012130731114126900
16131012130731114128200
16131012130731114129500
16131012130731114130700
16131012130731114131900
16131012130731114133000
16131012130731114134100
16131012130731114135200
16131012130731114136300
16131012130731114137400
16131012130731114138400
16131012130731114139500
16131012130731114140600
16131012130731114141600
16131012130731114142600
16131012130731114143600
16131012130731114144600
16131012130731114145600
16131012130731114146600
16131012130731114147600
16131012130731114148600
16131012130731114149700
16131012130731114150800
16131012130731114152000
16131012130731114153100
16131012130731114154200
16131012130731114155300
16131012130731114156400
16131012130731114157600
16131012130731114159000
16131012130731114200300
16131012130731114201600
16131012130731114202900
16131012130731114204100
16131012130731114205200
16131012130731114206400
16131012130731114207500
16131012130731114208600
16131012130731114209600
16131012130731114210600
16131012130731114211700
16131012130731114212700
16131012130731114213800
16131012130731114214800
16131012130731114215800
16131012130731114216900
16131012130731114217900
16131012130731114218900
16131012130731114219900
16131012130731114220900
16131012130731114221900
16131012130731114222900
16131012130731114223800
16131012130731114224800
16131012130731114225800
16131012130731114226800
16131012130731114227800
16131012130731114228800
16131012130731114229800
16131012130731114230800
16131012130731114231700
16131012130731114232700
16131012130731114233600
16131012130731114234600
16131012130731114235500
16131012130731114236500
16131012130731114237500
16131012130731114238500
16131012130731114239500
16131012130731114240600
16131012130731114241800
16131012130731114243000
16131012130731114244200
16131012130731114245400
16131012130731114246500
16131012130731114247600
16131012130731114248800
16131012130731114249900
16131012130731114251000
16131012130731114252000
16131012130731114253100
16131012130731114254100
16131012130731114255100
16131012130731114256200
16131012130731114257200
16131012130731114258200
16131012130731114259200
16131012130731114300200
16131012130731114301200
16131012130731114302200
16131012130731114303100
16131012130731114304100
16131012130731114305100
16131012130731114306000
16131012130731114307000
16131012130731114307900
16131012130731114308800
16131012130731114309800
16131012130731114310700
16131012130731114311600
16131012130731114312500
16131012130731114313500
16131012130731114314400
16131012130731114315300
16131012130731114316300
16131012130731114317300
16131012130731114318400
16131012130731114319700
16131012130731114321500
16131012130731114323800
16131012130731114325800
16131012130731114327400
16131012130731114328900
16131012130731114330200
16131012130731114331500
16131012130731114332800
16131012130731114334100
16131012130731114335300
16131012130731114336600
16131012130731114337800
16131012130731114338900
16131012130731114340100
16131012130731114341200
16131012130731114342300
16131012130731114343400
16131012130731114344400
16131012130731114345500
16131012130731114346600
16131012130731114347700
16131012130731114348800
16131012130731114349900
16131012130731114350900
16131012130731114352000
16131012130731114353100
16131012130731114354200
16131012130731114355400
16131012130731114356600
16131012130731114357700
16131012130731114358800
16131012130731114359900
16131012130731114401000
16131012130731114402000
16131012130731114403100
16131012130731114404100
16131012130731114405100
16131012130731114406100
16131012130731114407200
16131012130731114408200
16131012130731114409200
16131012130731114410300
16131012130731114411300
16131012130731114412300
16131012130731114413300
16131012130731114414300
16131012130731114415300
16131012130731114416300
16131012130731114417300
16131012130731114418300
16131012130731114419300
16131012130731114420300
16131012130731114421300
16131012130731114422300
16131012130731114423300
16131012130731114424300
16131012130731114425300
16131012130731114426300
16131012130731114427300
16131012130731114428300
16131012130731114429400
16131012130731114430400
16131012130731114431400
16131012130731114432400
16131012130731114433400
16131012130731114434400
16131012130731114435400
16131012130731114436300
16131012130731114437300
16131012130731114438300
16131012130731114439300
16131012130731114440300
16131012130731114441300
16131012130731114442300
16131012130731114443200
16131012130731114444200
16131012130731114445200
16131012130731114446100
16131012130731114447100
16131012130731114448100
16131012130731114449000
16131012130731114450000
16131012130731114450900
16131012130731114451900
16131012130731114452900
16131012130731114453800
16131012130731114454800
16131012130731114455700
16131012130731114456700
16131012130731114457700
16131012130731114458700
16131012130731114459600
16131012130731114500600
16131012130731114501600
16131012130731114502600
16131012130731114503600
16131012130731114504600
16131012130731114505700
16131012130731114507000
16131012130731114508700
16131012130731114555100
16131012130731114619500
16131012130731114625200
16131012130731114627400
16131012130731114629300
16131012130731114631100
16131012130731114632700
16131012130731114634300
16131012130731114635700
16131012130731114637200
16131012130731114638500
16131012130731114639800
16131012130731114641000
16131012130731114642200
16131012130731114643400
16131012130731114644600
16131012130731114645800
16131012130731114646900
16131012130731114648100
16131012130731114649200
16131012130731114650300
16131012130731114651400
16131012130731114652500
16131012130731114653600
16131012130731114654600
16131012130731114655700
16131012130731114656700
16131012130731114657800
16131012130731114658800
16131012130731114659900
16131012130731114700900
16131012130731114702000
16131012130731114703000
16131012130731114704000
16131012130731114705100
16131012130731114706100
16131012130731114707100
16131012130731114708100
16131012130731114709100
16131012130731114710100
16131012130731114711100
16131012130731114712100
16131012130731114713100
16131012130731114714000
16131012130731114715000
16131012130731114715900
16131012130731114716800
16131012130731114717700
16131012130731114718500
16131012130731114719400
16131012130731114720300
16131012130731114721200
16131012130731114722000
16131012130731114722900
16131012130731114723800
16131012130731114724600
16131012130731114725500
16131012130731114726400
16131012130731114727400
16131012130731114728500
16131012130731114729500
16131012130731114730500
16131012130731114731600
16131012130731114732600
16131012130731114733700
16131012130731114734700
16131012130731114735700
16131012130731114736700
16131012130731114737700
16131012130731114738700
16131012130731114739700
16131012130731114740700
16131012130731114741700
16131012130731114742600
16131012130731114743600
16131012130731114744500
16131012130731114745500
16131012130731114746400
16131012130731114747400
16131012130731114748300
16131012130731114749200
16131012130731114750100
16131012130731114751100
16131012130731114752000
16131012130731114752900
16131012130731114753800
16131012130731114754800
16131012130731114755700
16131012130731114756700
16131012130731114757700
16131012130731114758800
16131012130731114759900
16131012130731114801100
16131012130731114802200
16131012130731114803300
16131012130731114804300
16131012130731114805400
16131012130731114806400
16131012130731114807400
16131012130731114808400
16131012130731114809400
16131012130731114810400
16131012130731114811400
16131012130731114812400
16131012130731114813400
16131012130731114814400
16131012130731114815400
16131012130731114816300
16131012130731114817300
16131012130731114818300
16131012130731114819200
16131012130731114820200
16131012130731114821100
16131012130731114822100
16131012130731114823000
16131012130731114824000
16131012130731114824900
16131012130731114825800
16131012130731114826700
16131012130731114827600
16131012130731114828500
16131012130731114829400
16131012130731114830300
16131012130731114831200
16131012130731114832100
16131012130731114833000
16131012130731114833900
16131012130731114834800
16131012130731114835700
16131012130731114836600
16131012130731114837500
16131012130731114838400
16131012130731114839300
16131012130731114840200
16131012130731114841100
16131012130731114842000
16131012130731114842900
16131012130731114843900
16131012130731114845000
16131012130731114846100
16131012130731114847200
16131012130731114848400
16131012130731114849600
16131012130731114850800
16131012130731114851900
16131012130731114853100
16131012130731114854200
16131012130731114855300
16131012130731114856600
16131012130731114858100
16131012130731114859400
16131012130731114900900
16131012130731114903300
16131012130731114905600
16131012130731114907300
16131012130731114908900
16131012130731114910400
16131012130731114912000
16131012130731114913800
16131012130731114915400
16131012130731114916900
16131012130731114918500
16131012130731114920300
16131012130731114921900
16131012130731114923400
16131012130731114925000
16131012130731114926500
16131012130731114927800
16131012130731114929200
16131012130731114930500
16131012130731114931900
16131012130731114933100
16131012130731114934300
16131012130731114935500
16131012130731114936600
16131012130731114937700
16131012130731114938800
16131012130731114939900
16131012130731114940900
16131012130731114941900
16131012130731114943000
16131012130731114944400
16131012130731114945900
16131012130731114947400
16131012130731114949000
16131012130731114950400
16131012130731114951900
16131012130731114953300
16131012130731114954700
16131012130731114956200
16131012130731114957500
16131012130731114958800
16131012130731115000400
16131012130731115002200
16131012130731115003800
16131012130731115005300
16131012130731115006700
16131012130731115008000
16131012130731115009200
16131012130731115010400
16131012130731115011700
16131012130731115012900
16131012130731115014100
16131012130731115015300
16131012130731115016500
16131012130731115017600
16131012130731115018700
16131012130731115019800
16131012130731115020900
16131012130731115022000
16131012130731115023100
16131012130731115024300
16131012130731115025700
16131012130731115027000
16131012130731115028300
16131012130731115029600
16131012130731115030800
16131012130731115032000
16131012130731115033100
16131012130731115034300
16131012130731115035400
16131012130731115036500
16131012130731115037600
16131012130731115038900
16131012130731115040400
16131012130731115041800
16131012130731115043100
16131012130731115044400
16131012130731115045600
16131012130731115046800
16131012130731115047900
16131012130731115049000
16131012130731115050000
16131012130731115051100
16131012130731115052100
16131012130731115053200
16131012130731115054200
16131012130731115055300
16131012130731115056700
16131012130731115058200
16131012130731115059500
16131012130731115100900
16131012130731115102200
16131012130731115103400
16131012130731115104700
16131012130731115105900
16131012130731115107100
16131012130731115108300
16131012130731115109600
16131012130731115110800
16131012130731115112100
16131012130731115113300
16131012130731115114500
16131012130731115115700
16131012130731115116900
16131012130731115118100
16131012130731115119200
16131012130731115120400
16131012130731115121500
16131012130731115122600
16131012130731115123800
16131012130731115125000
16131012130731115126200
16131012130731115127600
16131012130731115129500
16131012130731115131300
16131012130731115133000
16131012130731115134500
16131012130731115136700
16131012130731115139200
16131012130731115141200
16131012130731115143000
16131012130731115144500
16131012130731115145900
16131012130731115147200
16131012130731115148400
16131012130731115149700
16131012130731115150900
16131012130731115152100
16131012130731115153700
16131012130731115155700
16131012130731115157400
16131012130731115159000
16131012130731115200400
16131012130731115201700
16131012130731115203000
16131012130731115204200
16131012130731115205700
16131012130731115207600
16131012130731115209400
16131012130731115211000
16131012130731115212700
16131012130731115214300
16131012130731115215800
16131012130731115217200
16131012130731115218500
16131012130731115219800
16131012130731115221000
16131012130731115222200
16131012130731115223500
16131012130731115224800
16131012130731115226200
16131012130731115227700
16131012130731115229200
16131012130731115230600
16131012130731115231900
16131012130731115233400
16131012130731115235600
16131012130731115237500
16131012130731115239300
16131012130731115241000
16131012130731115242700
16131012130731115244600
16131012130731115246300
16131012130731115247800
16131012130731115249300
16131012130731115250800
16131012130731115252200
16131012130731115253900
16131012130731115255500
16131012130731115257100
16131012130731115259100
16131012130731115301000
16131012130731115302800
16131012130731115304600
16131012130731115306300
16131012130731115307800
16131012130731115309200
16131012130731115310700
16131012130731115312400
16131012130731115314000
16131012130731115315400
16131012130731115316700
16131012130731115318000
16131012130731115319400
16131012130731115320700
16131012130731115322200
16131012130731115323600
16131012130731115325000
16131012130731115326600
16131012130731115328300
16131012130731115330000
16131012130731115331500
16131012130731115332900
16131012130731115334200
16131012130731115335600
16131012130731115337300
16131012130731115339100
16131012130731115340800
16131012130731115342400
16131012130731115344000
16131012130731115345500
16131012130731115347000
16131012130731115348500
16131012130731115350100
16131012130731115351600
16131012130731115353100
16131012130731115354500
16131012130731115355900
16131012130731115357600
16131012130731115359200
16131012130731115400700
16131012130731115402100
16131012130731115403400
16131012130731115404700
16131012130731115405900
16131012130731115407100
16131012130731115408300
16131012130731115409600
16131012130731115410800
16131012130731115412000
16131012130731115413200
16131012130731115414400
16131012130731115415700
16131012130731115417100
16131012130731115418600
16131012130731115420000
16131012130731115421300
16131012130731115422600
16131012130731115424300
16131012130731115426400
16131012130731115428200
16131012130731115429800
16131012130731115431200
16131012130731115432500
16131012130731115433800
16131012130731115435100
16131012130731115436300
16131012130731115437500
16131012130731115438800
16131012130731115440400
16131012130731115441900
16131012130731115443400
16131012130731115444700
16131012130731115446000
16131012130731115447300
16131012130731115448700
16131012130731115450200
16131012130731115451700
16131012130731115453100
16131012130731115454700
16131012130731115456300
16131012130731115457900
16131012130731115459500
16131012130731115501600
16131012130731115503600
16131012130731115505400
16131012130731115507000
16131012130731115508600
16131012130731115510600
16131012130731115512500
16131012130731115514200
16131012130731115515800
16131012130731115517300
16131012130731115518800
16131012130731115520100
16131012130731115521500
16131012130731115522900
16131012130731115524300
16131012130731115525600
16131012130731115527100
16131012130731115528500
16131012130731115530300
16131012130731115532100
16131012130731115533800
16131012130731115535600
16131012130731115537300
16131012130731115539100
16131012130731115541200
16131012130731115543100
16131012130731115544800
16131012130731115546600
16131012130731115548800
16131012130731115551000
16131012130731115553200
16131012130731115555000
16131012130731115556700
16131012130731115558300
16131012130731115600100
16131012130731115602000
16131012130731115603900
16131012130731115605600
16131012130731115607200
16131012130731115608800
16131012130731115610400
16131012130731115611900
16131012130731115613600
16131012130731115615200
16131012130731115616700
16131012130731115618100
16131012130731115619700
16131012130731115621700
16131012130731115623500
16131012130731115625100
16131012130731115626600
16131012130731115628200
16131012130731115629800
16131012130731115631600
16131012130731115633300
16131012130731115635000
16131012130731115636600
16131012130731115638100
16131012130731115639700
16131012130731115641500
16131012130731115643600
16131012130731115645500
16131012130731115647200
16131012130731115649100
16131012130731115650800
16131012130731115652400
16131012130731115653900
16131012130731115655400
16131012130731115656700
16131012130731115658100
16131012130731115659500
16131012130731115701200
16131012130731115703100
16131012130731115705100
16131012130731115706900
16131012130731115708500
16131012130731115710000
16131012130731115711400
16131012130731115712800
16131012130731115714100
16131012130731115715400
16131012130731115716600
16131012130731115717900
16131012130731115719300
16131012130731115721400
16131012130731115723500
16131012130731115725200
16131012130731115726800
16131012130731115728300
16131012130731115729700
16131012130731115731000
16131012130731115732200
16131012130731115733400
16131012130731115734600
16131012130731115735800
16131012130731115736900
16131012130731115738000
16131012130731115739100
16131012130731115740200
16131012130731115741300
16131012130731115742400
16131012130731115743600
16131012130731115744800
16131012130731115745900
16131012130731115747100
16131012130731115748400
16131012130731115749700
16131012130731115751000
16131012130731115752400
16131012130731115753900
16131012130731115755400
16131012130731115756800
16131012130731115758300
16131012130731115759700
16131012130731115801200
16131012130731115802700
16131012130731115804400
16131012130731115806100
16131012130731115807700
16131012130731115809300
16131012130731115810800
16131012130731115812100
16131012130731115813600
16131012130731115815500
16131012130731115817700
16131012130731115819700
16131012130731115821600
16131012130731115823600
16131012130731115825500
16131012130731115827300
16131012130731115828900
16131012130731115830300
16131012130731115831700
16131012130731115833300
16131012130731115835000
16131012130731115836500
16131012130731115838100
16131012130731115839900
16131012130731115841800
16131012130731115843500
16131012130731115845100
16131012130731115846700
16131012130731115848100
16131012130731115849500
16131012130731115850800
16131012130731115852100
16131012130731115853400
16131012130731115854600
16131012130731115855800
16131012130731115857000
16131012130731115858300
16131012130731115859800
16131012130731115901300
16131012130731115902800
16131012130731115904600
16131012130731115906400
16131012130731115908100
16131012130731115909800
16131012130731115911300
16131012130731115912800
16131012130731115914300
16131012130731115915900
16131012130731115917400
16131012130731115918900
16131012130731115920400
16131012130731115922100
16131012130731115923800
16131012130731115925400
16131012130731115926900
16131012130731115928300
16131012130731115929700
16131012130731115930900
16131012130731115932200
16131012130731115933500
16131012130731115934800
16131012130731115936100
16131012130731115937500
16131012130731115939100
16131012130731115940800
16131012130731115942500
16131012130731115944200
16131012130731115945900
16131012130731115947500
16131012130731115949100
16131012130731115950600
16131012130731115952100
16131012130731115953500
16131012130731115954900
16131012130731115956300
16131012130731115957800
16131012130731115959300
16131012130731120000700
16131012130731120002300
16131012130731120004200
16131012130731120006100
16131012130731120007800
16131012130731120009400
16131012130731120010800
16131012130731120012200
16131012130731120013800
16131012130731120015600
16131012130731120017300
16131012130731120018900
16131012130731120020400
16131012130731120021800
16131012130731120023200
16131012130731120024600
16131012130731120026000
16131012130731120027300
16131012130731120028600
16131012130731120029800
16131012130731120031000
16131012130731120032300
16131012130731120033700
16131012130731120035000
16131012130731120036300
16131012130731120037600
16131012130731120038800
16131012130731120040100
16131012130731120041400
16131012130731120042700
16131012130731120044100
16131012130731120046000
16131012130731120048100
16131012130731120049900
16131012130731120051600
16131012130731120053200
16131012130731120054700
16131012130731120056200
16131012130731120057600
16131012130731120059000
16131012130731120100300
16131012130731120101600
16131012130731120102900
16131012130731120104200
16131012130731120105500
16131012130731120107400
16131012130731120829300
16131012130731120831800
16131012130731120838800
16131012130731120841500
16131012130731120843700
16131012130731120845500
16131012130731120847200
16131012130731120848800
16131012130731120850300
16131012130731120851700
16131012130731120853100
16131012130731120854400
16131012130731120855700
16131012130731120856900
16131012130731120858200
16131012130731120859400
16131012130731120900600
16131012130731120901900
16131012130731120903100
16131012130731120904400
16131012130731120905700
16131012130731120907000
16131012130731120908200
16131012130731120909500
16131012130731120910800
16131012130731120912300
16131012130731120913900
16131012130731120915700
16131012130731120917700
16131012130731120919400
16131012130731120921100
16131012130731120922800
16131012130731120924500
16131012130731120926200
16131012130731120927900
16131012130731120929800
16131012130731120931500
16131012130731120933200
16131012130731120934800
16131012130731120936400
16131012130731120938100
16131012130731120940000
16131012130731120941900
16131012130731120943700
16131012130731120945200
16131012130731120946700
16131012130731120948100
16131012130731120949400
16131012130731120950700
16131012130731120952000
16131012130731120953400
16131012130731120954800
16131012130731120956200
16131012130731120957700
16131012130731120959300
16131012130731121000800
16131012130731121002200
16131012130731121003600
16131012130731121005100
16131012130731121006700
16131012130731121008200
16131012130731121009600
16131012130731121010900
16131012130731121012300
16131012130731121013900
16131012130731121015400
16131012130731121016900
16131012130731121018500
16131012130731121020100
16131012130731121022400
16131012130731121024800
16131012130731121027600
16131012130731121030300
16131012130731121032300
16131012130731121034000
16131012130731121035900
16131012130731121037500
16131012130731121038900
16131012130731121040300
16131012130731121041600
16131012130731121042800
16131012130731121044000
16131012130731121045200
16131012130731121046400
16131012130731121047700
16131012130731121049000
16131012130731121050300
16131012130731121051500
16131012130731121052700
16131012130731121053800
16131012130731121055100
16131012130731121056500
16131012130731121058000
16131012130731121059600
16131012130731121101400
16131012130731121103100
16131012130731121104700
16131012130731121106200
16131012130731121107500
16131012130731121108700
16131012130731121109900
16131012130731121111000
16131012130731121112200
16131012130731121113400
16131012130731121114600
16131012130731121115900
16131012130731121117100
16131012130731121118200
16131012130731121119300
16131012130731121120400
16131012130731121121500
16131012130731121122500
16131012130731121123600
16131012130731121124700
16131012130731121125800
16131012130731121126800
16131012130731121127800
16131012130731121128800
16131012130731121129900
16131012130731121131200
16131012130731121132900
16131012130731121134800
16131012130731121136500
16131012130731121138100
16131012130731121139700
16131012130731121141200
16131012130731121142600
16131012130727122535500
16131012130727122536600
16131012130727122537600
16131012130727122538600
16131012130727122539600
16131012130727122540500
16131012130727122541500
16131012130727122542400
16131012130727122543300
16131012130727122544200
16131012130727122545000
16131012130727122545900
16131012130727122546800
16131012130727122547700
16131012130727122548600
16131012130727122549400
16131012130727122550300
16131012130727122551100
16131012130727122552000
16131012130727122552800
16131012130727122553600
16131012130727122554400
16131012130727122555300
16131012130727122556100
16131012130727122556900
16131012130727122557700
16131012130727122558500
16131012130727122559300
16131012130727122600100
16131012130727122601000
16131012130727122601800
16131012130727122602800
16131012130727122603700
16131012130727122604900
16131012130727122606000
16131012130727122607200
16131012130727122608300
16131012130727122609300
16131012130727122610400
16131012130727122611400
16131012130727122612500
16131012130727122613600
16131012130727122614700
16131012130727122616100
16131012130727122618000
16131012130727122619500
16131012130727122620900
16131012130727122622100
16131012130727122623200
16131012130727122624200
16131012130727122625200
16131012130727122626200
16131012130727122627200
16131012130727122628100
16131012130727122629000
16131012130727122629900
16131012130727122630700
16131012130727122631600
16131012130727122632500
16131012130727122633400
16131012130727122634200
16131012130727122635100
16131012130727122636000
16131012130727122637300
16131012130727122639100
16131012130727131404200
16131012130727131406600
16131012130727131408100
16131012130727131409500
16131012130727131410700
16131012130727131411800
16131012130727131412800
16131012130727131413800
16131012130727131414700
16131012130727131415600
16131012130727131416500
16131012130727131417400
16131012130727131418200
16131012130727131419000
16131012130727131419800
16131012130727131420600
16131012130727131421400
16131012130727131422300
16131012130727131423200
16131012130727131424000
16131012130727131424900
16131012130727131425900
16131012130727131427000
16131012130727131428300
16131012130727131429700
16131012130727131431100
16131012130727131432400
16131012130727131433500
16131012130727131434600
16131012130727131435700
16131012130727131436900
16131012130727131438000
16131012130727131439100
16131012130727131440100
16131012130727131441200
16131012130727131442200
16131012130727131443300
16131012130727131444900
16131012130727131446700
16131012130727131448200
16131012130727131449500
16131012130727131450700
16131012130727131452000
16131012130727131453200
16131012130727131454300
16131012130727131455300
16131012130727131456300
16131012130727131457300
16131012130727131458400
16131012130727131459500
16131012130727131500600
16131012130727131501600
16131012130727131502700
16131012130727131503700
16131012130727131504700
16131012130727131505700
16131012130727131506700
16131012130727131507700
16131012130727131508700
16131012130727131509700
16131012130727131510600
16131012130727131511600
16131012130727131512500
16131012130727131513500
16131012130727131514500
16131012130727131515400
16131012130727131516300
16131012130727131517200
16131012130727131518000
16131012130727131518800
16131012130727131519700
16131012130727131520500
16131012130727131521300
16131012130727131522100
16131012130727131522900
16131012130727131523700
16131012130727131524500
16131012130727131525200
16131012130727131526000
16131012130727131526700
16131012130727131527500
16131012130727131528200
16131012130727131529000
16131012130727131529700
16131012130727131530500
16131012130727131531200
16131012130727131531900
16131012130727131532600
16131012130727131533300
16131012130727131534000
16131012130727131534700
16131012130727131535500
16131012130727131536400
16131012130727131537200
16131012130727131538000
16131012130727131538800
16131012130727131539700
16131012130727131540500
16131012130727131541300
16131012130727131542200
16131012130727131543000
16131012130727131543900
16131012130727131544800
16131012130727131545600
16131012130727131546400
16131012130727131547300
16131012130727131548100
16131012130727131549000
16131012130727131549900
16131012130727131550700
16131012130727131551600
16131012130727131552500
16131012130727131553300
16131012130727131554200
16131012130727131555100
16131012130727131555900
16131012130727131556800
16131012130727131557700
16131012130727131558500
16131012130727131559400
16131012130727131600200
16131012130727131601100
16131012130727131601900
16131012130727131602800
16131012130727131603700
16131012130727131604600
16131012130727131605600
16131012130727131606600
16131012130727131607500
16131012130727131608500
16131012130727131609400
16131012130727131610300
16131012130727131611200
16131012130727131612100
16131012130727131613000
16131012130727131613800
16131012130727131614700
16131012130727131615500
16131012130727131616300
16131012130727131617100
16131012130727131618000
16131012130727131618800
16131012130727131619600
16131012130727131620400
16131012130727131621200
16131012130727131621900
16131012130727131622700
16131012130727131623500
16131012130727131624300
16131012130727131625200
16131012130727131626000
16131012130727131626900
16131012130727131627800
16131012130727131628600
16131012130727131629500
16131012130727131630300
16131012130727131631100
16131012130727131632000
16131012130727131632800
16131012130727131633600
16131012130727131634400
16131012130727131635200
16131012130727131636100
16131012130727131637000
16131012130727131637900
16131012130727131638800
16131012130727131639700
16131012130727131640700
16131012130727131641800
16131012130727131642800
16131012130727131643800
16131012130727131644700
16131012130727131645600
16131012130727131646400
16131012130727131647300
16131012130727131648100
16131012130727131648900
16131012130727131649700
16131012130727131650500
16131012130727131651200
16131012130727131652000
16131012130727131652800
16131012130727131653500
16131012130727131654200
16131012130727131655000
16131012130727131655700
16131012130727131656400
16131012130727131657100
16131012130727131657800
16131012130727131658500
16131012130727131659300
16131012130727131700100
16131012130727131701000
16131012130727131701800
16131012130727131702600
16131012130727131703500
16131012130727131704400
16131012130727131705300
16131012130727131706200
16131012130727131707100
16131012130727131708000
16131012130727131708900
16131012130727131709900
16131012130727131710800
16131012130727131711700
16131012130727131712700
16131012130727131713700
16131012130727131714600
16131012130727131715500
16131012130727131716500
16131012130727131717400
16131012130727131718300
16131012130727131719200
16131012130727131720000
16131012130727131720900
16131012130727131721700
16131012130727131722600
16131012130727131723400
16131012130727131724300
16131012130727131725100
16131012130727131725900
16131012130727131726800
16131012130727131727600
16131012130727131728500
16131012130727131729300
16131012130727131730200
16131012130727131731100
16131012130727131732000
16131012130727131732900
16131012130727131733800
16131012130727131734600
16131012130727131735500
16131012130727131736400
16131012130727131737300
16131012130727131738200
16131012130727131739200
16131012130727131740200
16131012130727131741100
16131012130727131742100
16131012130727131743100
16131012130727131744100
16131012130727131745200
16131012130727131746300
16131012130727131747600
16131012130727131749100
16131012130718102440500
16131012130718102441400
16131012130718102442400
16131012130718102443200
16131012130718102444100
16131012130718102445000
16131012130718102445900
16131012130718102446700
16131012130718102447600
16131012130718102448500
16131012130718102449500
16131012130718102450400
16131012130718102451300
16131012130718102452300
16131012130718102453300
16131012130718102454300
16131012130718102455300
16131012130718102456300
16131012130718102457300
16131012130718102458400
16131012130718102459400
16131012130718102500400
16131012130718102501500
16131012130718102502500
16131012130718102503600
16131012130718102504700
16131012130718102505800
16131012130718102506900
16131012130718102507900
16131012130718102509000
16131012130718102510000
16131012130718102511000
16131012130718102512000
16131012130718102513000
16131012130718102513900
16131012130718102514900
16131012130718102515800
16131012130718102516800
16131012130718102517800
16131012130718102518700
16131012130718102519700
16131012130718102520600
16131012130718102521600
16131012130718102522500
16131012130718102523500
16131012130718102524400
16131012130718102525400
16131012130718102526400
16131012130718102527300
16131012130718102528300
16131012130718102529300
16131012130718102530300
16131012130718102531200
16131012130718102532200
16131012130718102533300
16131012130718102534400
16131012130718102535500
16131012130718102536600
16131012130718102537700
16131012130718102538800
16131012130718102539800
16131012130718103114500
16131012130718103116200
16131012130718103117600
16131012130718103118900
16131012130718103120000
16131012130718103121000
16131012130718103122100
16131012130718103123300
16131012130718103124500
16131012130718103126100
16131012130718103128400
16131012130718103130600
16131012130718103132300
16131012130718103133800
16131012130718103135000
16131012130718103136200
16131012130718103137500
16131012130718103138800
16131012130718103140000
16131012130718103141100
16131012130718103142200
16131012130718103143300
16131012130718103144300
16131012130718103145300
16131012130718103146200
16131012130718103147200
16131012130718103148100
16131012130718103149000
16131012130718103149800
16131012130718103150700
16131012130718103151600
16131012130718103152400
16131012130718103153300
16131012130718103154200
16131012130718103155000
16131012130718103155800
16131012130718103156700
16131012130718103157500
16131012130718103158300
16131012130718103159100
16131012130718103200000
16131012130718103200800
16131012130718103201600
16131012130718103202500
16131012130718103203300
16131012130718103204200
16131012130718103205000
16131012130718103205900
16131012130718103206800
16131012130718103207600
16131012130718103208500
16131012130718103209300
16131012130718103210100
16131012130718103210900
16131012130718103211700
16131012130718103212600
16131012130718103213400
16131012130718103214300
16131012130718103215100
16131012130718103216000
16131012130718103216900
16131012130718103217800
16131012130718103218900
16131012130718103219900
16131012130718103220900
16131012130718103221900
16131012130718103222900
16131012130718103223900
16131012130718103224800
16131012130718103225800
16131012130718103226600
16131012130718103227500
16131012130718103228300
16131012130718103229200
16131012130718103230000
16131012130718103230800
16131012130718103231600
16131012130718103232400
16131012130718103233200
16131012130718103234000
16131012130718103234800
16131012130718103235600
16131012130718103236400
16131012130718103237200
16131012130718103238100
16131012130718103239000
16131012130718103239900
16131012130718103240900
16131012130718103241900
16131012130718103243000
16131012130718103244200
16131012130718103245600
16131012130718103247200
16131012130720104032800
16131012130720104034300
16131012130720104035600
16131012130720104036900
16131012130720104038300
16131012130720104039700
16131012130720104041100
16131012130720104042600
16131012130720104044200