16131012130711103845300
16131012130711103849600
16131012130711103852000
16131012130711103854300
16131012130711103856600
16131012130711103859100
16131012130711103901600
16131012130711103903800
16131012130711103905900
16131012130711103907900
16131012130711103909700
16131012130711103911400
16131012130711103913100
16131012130711103914700
16131012130711103916300
16131012130711103917900
16131012130711103919500
16131012130711103921000
16131012130711103922400
16131012130711103923900
16131012130711103925700
16131012130711103930600
16131012130711103931000
16131012130711104627300
16131012130711104631600
16131012130711104635300
16131012130711104638900
16131012130711104642100
16131012130711104644700
16131012130711104648000
16131012130711104650900
16131012130711105400600
16131012130711105409500
16131012130711105411700
16131012130711105413400
16131012130711105415100
16131012130711105416700
16131012130711105418400
16131012130711105420100
16131012130711105421800
16131012130711105423500
16131012130711105425100
16131012130711105426600
16131012130711105428000
16131012130711105429400
16131012130711105430600
16131012130711105431800
16131012130711105433200
16131012130711105434800
16131012130711105436800
16131012130711105438600
16131012130711105440100
16131012130711105441600
16131012130711105443000
16131012130711105444300
16131012130711105445600
16131012130711105447000
16131012130711105448400
16131012130711105449800
16131012130711105451200
16131012130711105452500
16131012130711105453800
16131012130711105455100
16131012130711105456600
16131012130711105457900
16131012130711105459200
16131012130711105500500
16131012130711105501800
16131012130711105503100
16131012130711105504300
16131012130711105505600
16131012130711105506800
16131012130711105508300
16131012130711105509900
16131012130711105511500
16131012130711105513500
16131012130711105515400
16131012130711105517700
16131012130711105520200
16131012130711105713900
16131012130711105718900
16131012130711105722900
16131012130711105725700
16131012130711105728900
16131012130711105732400
16131012130711105734700
16131012130711105737600
16131012130711105741100
16131012130711105744300
16131012130711105747700
16131012130711105752400
16131012130711105757300
16131012130711105801200
16131012130711105804500
16131012130711105807200
16131012130711105810400
16131012130711105815600
16131012130711105821300
16131012130711105828600
16131012130711105909200
16131012130711105915700
16131012130711105924600
16131012130711105942900
16131012130711105952600
16131012130711110008700
16131012130711110014900
16131012130711110018300
16131012130711110020900
16131012130711110024200
16131012130711110028500
16131012130711110035700
16131012130711134644100
16131012130711134647700
16131012130711134650500
16131012130711134652700
16131012130711134654900
16131012130711134657500
16131012130711134701800
16131012130711134704400
16131012130711134707000
16131012130711134709200
16131012130711134711400
16131012130711134715200
16131012130711134719100
16131012130711134722100
16131012130711134724500
16131012130711134727100
16131012130711134732400
16131012130711134737800
16131012130711134816900
16131012130711134819700
16131012130711134822200
16131012130711134824400
16131012130711134826400
16131012130711134829200
16131012130711134831800
16131012130711134833800
16131012130711134835500
16131012130711134837500
16131012130711134839600
16131012130711134841600
16131012130711134843700
16131012130711134846100
16131012130711134848600
16131012130711134851800
16131012130711134856000
16131012130711143526600
16131012130711143530800
16131012130711143535000
16131012130711145418500
16131012130711145420100
16131012130711145425400
16131012130711145428700
16131012130711145432900
16131012130711145436200
16131012130711145438700
16131012130711145441100
16131012130711145443500
16131012130711145445900
16131012130711145448800
16131012130711145451600
16131012130711145454100
16131012130711145456400
16131012130711145458800
16131012130711145502600
16131012130711145505000
16131012130711145507200
16131012130711145509700
16131012130711145512100
16131012130711145514600
16131012130711145517000
16131012130711145521100
16131012130711145804200
16131012130711145806300
16131012130711145808300
16131012130711145810100
16131012130711145811700
16131012130711145813200
16131012130711145814600
16131012130711145816000
16131012130711145817400
16131012130711145818700
16131012130711145820000
16131012130711145821300
16131012130711145822700
16131012130711145824000
16131012130711145825300
16131012130711145826600
16131012130711145827900
16131012130711145829200
16131012130711145830400
16131012130711145831500
16131012130711145832600
16131012130711145833700
16131012130711145834700
16131012130711145835700
16131012130711145836800
16131012130711145838000
16131012130711145842400
16131012130711145846300
16131012130711145849400
16131012130711145853500
16131012130711145858600
16131012130711145901300
16131012130711145903100
16131012130711145907500
16131012130711145914300
16131012130711145920400
16131012130711145925400
16131012130711145930500
16131012130711145934300
16131012130711145942000
16131012130711145947900
16131012130711145951400
16131012130711145955600
16131012130711145957600
16131012130711151407900
16131012130711151410200
16131012130711151413000
16131012130711151415400
16131012130711151417500
16131012130711151419600
16131012130711151421600
16131012130711151423400
16131012130711151425300
16131012130711151427400
16131012130711151429100
16131012130711151433500
16131012130711151435900
16131012130711151437600
16131012130711151439300
16131012130711151441300
16131012130711151443300
16131012130711151445400
16131012130711151447200
16131012130711151449000
16131012130711151450800
16131012130711151452800
16131012130711151455800
16131012130711151502300
16131012130711151506400
16131012130711151508800
16131012130711151510900
16131012130711151513000
16131012130711151515000
16131012130711151516900
16131012130711151518900
16131012130711151520700
16131012130711151522700
16131012130711151524700
16131012130711151526700
16131012130711151529800
16131012130711151535200
16131012130711151543200
16131012130711151550400
16131012130711151552500
16131012130711151554800
16131012130711151557200
16131012130711151602700
16131012130711151608200
16131012130711151617700
16131012130711151620100
16131012130711151621700
16131012130711151623500
16131012130711151628800
16131012130711151637300
16131012130711151641600
16131012130711151643800
16131012130711151645800
16131012130711151647700
16131012130711151650100
16131012130711151652000
16131012130711151653900
16131012130711151656000
16131012130711151658300
16131012130711151700500
16131012130711151702400
16131012130711151704400
16131012130711151706400
16131012130711151708000
16131012130711151710100
16131012130711151712200
16131012130711151713900
16131012130711151715700
16131012130711151717600
16131012130711151719500
16131012130711151721100
16131012130711151722800
16131012130711151724600
16131012130711151726700
16131012130711151729200
16131012130711151950200
16131012130711151953100
16131012130711151955000
16131012130711151956800
16131012130711151958600
16131012130711152000800
16131012130711152003100
16131012130711152005200
16131012130711152007300
16131012130711152009300
16131012130711152011800
16131012130711152014500
16131012130712095533900
16131012130712095534800
16131012130712095535700
16131012130712095536600
16131012130712095537500
16131012130712095538300
16131012130712095539200
16131012130712095540000
16131012130712095540900
16131012130712095541700
16131012130712095542600
16131012130712095543500
16131012130712095544400
16131012130712095545300
16131012130712095546100
16131012130712095547000
16131012130712095547800
16131012130712095548700
16131012130712095549500
16131012130712095550300
16131012130712095551100
16131012130712095551900
16131012130712095552600
16131012130712095553400
16131012130712095554200
16131012130712095555000
16131012130712095555800
16131012130712095556500
16131012130712095557300
16131012130712095558100
16131012130712095558900
16131012130712095559700
16131012130712095600400
16131012130712095601200
16131012130712095601900
16131012130712095602700
16131012130712095603500
16131012130712095604300
16131012130712095605100
16131012130712095605900
16131012130712095606700
16131012130712095607500
16131012130712095608300
16131012130712095609200
16131012130712095610000
16131012130712095610800
16131012130712095611600
16131012130712095612400
16131012130712095613200
16131012130712095614000
16131012130712095614800
16131012130712095615500
16131012130712095616300
16131012130712095617100
16131012130712095617800
16131012130712095618600
16131012130712095619400
16131012130712095620200
16131012130712095620900
16131012130712095621700
16131012130712095622500
16131012130712095623200
16131012130712095624100
16131012130712095624900
16131012130712095625700
16131012130712095626500
16131012130712095627300
16131012130712095628100
16131012130712095628800
16131012130712095629600
16131012130712095630500
16131012130712095631300
16131012130712095632100
16131012130712095632900
16131012130712095633700
16131012130712095634500
16131012130712095635400
16131012130712095636200
16131012130712095637000
16131012130712095637900
16131012130712095638700
16131012130712095639500
16131012130712095640300
16131012130712095641100
16131012130712095641900
16131012130712095642700
16131012130712095643600
16131012130712095644400
16131012130712095645200
16131012130712095646100
16131012130712095646900
16131012130712095647800
16131012130712095648700
16131012130712095649600
16131012130712095650400
16131012130712095651200
16131012130712095652100
16131012130712095652900
16131012130712095653600
16131012130712095654400
16131012130712095655200
16131012130712095656000
16131012130712095656700
16131012130712095657500
16131012130712095658300
16131012130712095659100
16131012130712095700000
16131012130712095700800
16131012130712095701600
16131012130712095702400
16131012130712095703200
16131012130712095704100
16131012130712095704900
16131012130712095705700
16131012130712095706500
16131012130712095707200
16131012130712095708000
16131012130712095708800
16131012130712095709600
16131012130712095710600
16131012130712095711700
16131012130712095713100
16131012130712095714700
16131012130712095716100
16131012130712095717500
16131012130712095718900
16131012130712095720100
16131012130712095721100
16131012130712095722000
16131012130712095723000
16131012130712095723900
16131012130712095724800
16131012130712095725700
16131012130712095726700
16131012130712095727600
16131012130712095728500
16131012130712095729500
16131012130712095730400
16131012130712095731500
16131012130712095732500
16131012130712095733500
16131012130712095734500
16131012130712095735500
16131012130712095736500
16131012130712095737600
16131012130712095738600
16131012130712095739600
16131012130712095740500
16131012130712095741500
16131012130712095742400
16131012130712095743400
16131012130712095744400
16131012130712095745400
16131012130712095746400
16131012130712095747400
16131012130712095748600
16131012130712095749700
16131012130712095750800
16131012130712095751900
16131012130712095753000
16131012130712095754100
16131012130712095755200
16131012130712095756300
16131012130712095757300
16131012130712095758300
16131012130712095759300
16131012130712095800200
16131012130712095801200
16131012130712095802100
16131012130712095803000
16131012130712095804000
16131012130712095805000
16131012130712095805900
16131012130712095806900
16131012130712095807900
16131012130712095809000
16131012130712095810100
16131012130712095811200
16131012130712095812400
16131012130712095813500
16131012130712095814600
16131012130712095815600
16131012130712095816600
16131012130712095817500
16131012130712095818500
16131012130712095819400
16131012130712095820300
16131012130712095821300
16131012130712095822200
16131012130712095823200
16131012130712095824200
16131012130712095825200
16131012130712095826300
16131012130712095827500
16131012130712095828700
16131012130712095829900
16131012130712095831000
16131012130712095832100
16131012130712095833300
16131012130712095834400
16131012130712095835500
16131012130712095836600
16131012130712095837700
16131012130712095838700
16131012130712095839700
16131012130712095840700
16131012130712095841700
16131012130712095842600
16131012130712095843600
16131012130712095844500
16131012130712095845300
16131012130712095846300
16131012130712095847300
16131012130712095848400
16131012130712095849600
16131012130712095851200
16131012130712095853200
16131012130712095854600
16131012130712095855800
16131012130712095857000
16131012130712095858200
16131012130712095859400
16131012130712095900500
16131012130712095901700
16131012130712095902900
16131012130712095904200
16131012130712095905600
16131012130712095907000
16131012130712095908900
16131012130712095911200
16131012130712095913900
16131012130712095920900
16131012130712100250400
16131012130712100253100
16131012130712100255200
16131012130712100257300
16131012130712100300400
16131012130712100303000
16131012130712100305400
16131012130712100307600
16131012130712100309700
16131012130712100311900
16131012130712100314200
16131012130712100317400
16131012130712100320400
16131012130712100322900
16131012130712100325100
16131012130712100327200
16131012130712100329500
16131012130712100333700
16131012130712100337400
16131012130712100339600
16131012130712100342100
16131012130712100344300
16131012130712100346200
16131012130712100348000
16131012130712100350000
16131012130712100352200
16131012130712100354400
16131012130712100358300
16131012130712100401500
16131012130712100406500
16131012130712100410000
16131012130712100417300
16131012130712100420900
16131012130712100423500
16131012130712100425900
16131012130712100428200
16131012130712100431100
16131012130712100434300
16131012130712100437300
16131012130712100442600
16131012130712100447900
16131012130712100451400
16131012130712100455700
16131012130712100459300
16131012130712100503000
16131012130712100508400
16131012130712100513700
16131012130712100517400
16131012130712100521800
16131012130712100526400
16131012130712100535500
16131012130712100540900
16131012130712100544500
16131012130712100549400
16131012130712100551900
16131012130712100554700
16131012130712100557900
16131012130712100601200
16131012130712100605700
16131012130712100610000
16131012130712100615800
16131012130712100652600
16131012130712100656700
16131012130712100659500
16131012130712100702400
16131012130712100705800
16131012130712100709200
16131012130712100716800
16131012130712100727600
16131012130712100742700
16131012130712100748600
16131012130712100754000
16131012130712100757900
16131012130712100759700
16131012130712101324400
16131012130712101326800
16131012130712101328400
16131012130712101329800
16131012130712101331000
16131012130712101332200
16131012130712101333300
16131012130712101334300
16131012130712101335400
16131012130712101336400
16131012130712101337600
16131012130712101339800
16131012130712101343400
16131012130712101345300
16131012130712101346800
16131012130712101348100
16131012130712101349300
16131012130712101350400
16131012130712101351500
16131012130712101352400
16131012130712101353400
16131012130712101354300
16131012130712101355200
16131012130712101356200
16131012130712101357300
16131012130712101358400
16131012130712101359600
16131012130712101400900
16131012130712101402100
16131012130712101403400
16131012130712101404500
16131012130712101405700
16131012130712101406800
16131012130712101408000
16131012130712101409100
16131012130712101410400
16131012130712101411600
16131012130712101412800
16131012130712101414000
16131012130712101415200
16131012130712101416400
16131012130712101417500
16131012130712101418700
16131012130712101419900
16131012130712101421100
16131012130712101422400
16131012130712101423700
16131012130712101424900
16131012130712101426100
16131012130712101427400
16131012130712101428700
16131012130712101430100
16131012130712101431500
16131012130712101433400
16131012130712101436600
16131012130712101439400
16131012130712101441700
16131012130712101445200
16131012130712101448600
16131012130712101451200
16131012130712101455000
16131012130712101457100
16131012130712101459200
16131012130712101503400
16131012130712101656900
16131012130712101659100
16131012130712101701100
16131012130712101702900
16131012130712101704600
16131012130712101706300
16131012130712101707900
16131012130712101709600
16131012130712101711000
16131012130712101712500
16131012130712101714500
16131012130712101716400
16131012130712101717900
16131012130712101719300
16131012130712101720600
16131012130712101721900
16131012130712101723100
16131012130712101724300
16131012130712101725500
16131012130712101726800
16131012130712101728300
16131012130712101730200
16131012130712101733700
16131012130712101736400
16131012130712101738800
16131012130712101752800
16131012130712101756200
16131012130712101805600
16131012130712101916400
16131012130712101919100
16131012130712101921000
16131012130712101922700
16131012130712101924400
16131012130712101926000
16131012130712101927600
16131012130712101929000
16131012130712101930400
16131012130712101931800
16131012130712101933100
16131012130712101934500
16131012130712101935700
16131012130712101937000
16131012130712101938200
16131012130712101939400
16131012130712101940500
16131012130712101941700
16131012130712101942800
16131012130712101944000
16131012130712101945500
16131012130712101947600
16131012130712102255200
16131012130712102257900
16131012130712102259700
16131012130712102301300
16131012130712102302700
16131012130712102304100
16131012130712102305500
16131012130712102306800
16131012130712102308100
16131012130712102309400
16131012130712102310700
16131012130712102311900
16131012130712102313100
16131012130712102314300
16131012130712102315500
16131012130712102316700
16131012130712102317800
16131012130712102318900
16131012130712102320000
16131012130712102321100
16131012130712102322100
16131012130712102323200
16131012130712102324300
16131012130712102325400
16131012130712102326500
16131012130712102327600
16131012130712102328700
16131012130712102329700
16131012130712102330700
16131012130712102331700
16131012130712102332600
16131012130712102333500
16131012130712102334300
16131012130712102335200
16131012130712102336100
16131012130712102336900
16131012130712102337800
16131012130712102338700
16131012130712102339600
16131012130712102340600
16131012130712102341600
16131012130712102342800
16131012130712102344400
16131012130712102347700
16131012130712102349500
16131012130712102350900
16131012130712102352100
16131012130712102353300
16131012130712102354600
16131012130712102355800
16131012130712102357000
16131012130712102358200
16131012130712102359800
16131012130712102401300
16131012130712102402700
16131012130712102403900
16131012130712102405100
16131012130712102406200
16131012130712102407300
16131012130712102408500
16131012130712102409600
16131012130712102410700
16131012130712102411800
16131012130712102413200
16131012130712102415100
16131012130712102416900
16131012130712102418400
16131012130712102419800
16131012130712102421100
16131012130712102422400
16131012130712102423800
16131012130712102425100
16131012130712102426300
16131012130712102427400
16131012130712102428500
16131012130712102429600
16131012130712102430600
16131012130712102431700
16131012130712102433200
16131012130712102435300
16131012130712102437400
16131012130712102439200
16131012130712102440800
16131012130712102442500
16131012130712102444000
16131012130712102445300
16131012130712102446600
16131012130712102447800
16131012130712102449000
16131012130712102450200
16131012130712102451500
16131012130712102452700
16131012130712102454100
16131012130712102455500
16131012130712102456900
16131012130712102458300
16131012130712102459700
16131012130712102500900
16131012130712102502200
16131012130712102503500
16131012130712102504700
16131012130712102506000
16131012130712102507100
16131012130712102508300
16131012130712102509500
16131012130712102510600
16131012130712102511800
16131012130712102512900
16131012130712102514100
16131012130712102515500
16131012130712102516900
16131012130712102518200
16131012130712102519500
16131012130712102520800
16131012130712102522500
16131012130712102524100
16131012130712102525400
16131012130712102526600
16131012130712102527700
16131012130712102528700
16131012130712102529700
16131012130712102530800
16131012130712102531800
16131012130712102532800
16131012130712102533700
16131012130712102534700
16131012130712102535700
16131012130712102536900
16131012130712102538000
16131012130712102539100
16131012130712102540200
16131012130712102541300
16131012130712102542300
16131012130712102543400
16131012130712102544500
16131012130712102545600
16131012130712102546800
16131012130712102548100
16131012130712102549400
16131012130712102550500
16131012130712102551800
16131012130712102553000
16131012130712102554400
16131012130712102555700
16131012130712102557000
16131012130712102558300
16131012130712102559500
16131012130712102600700
16131012130712102601900
16131012130712102603100
16131012130712102604400
16131012130712102605700
16131012130712102606900
16131012130712102608100
16131012130712102609200
16131012130712102610400
16131012130712102611600
16131012130712102612900
16131012130712102614500
16131012130712102616400
16131012130712102618100
16131012130712102620100
16131012130712102621200
16131012130712102625000
16131012130712102626800
16131012130712102628200
16131012130712102629600
16131012130712102630800
16131012130712102632500
16131012130712102635200
16131012130712102637300
16131012130712102638900
16131012130712102640300
16131012130712102641800
16131012130712102643300
16131012130712102644900
16131012130712102646400
16131012130712102647800
16131012130712102649200
16131012130712102650600
16131012130712102651900
16131012130712102653200
16131012130712102654500
16131012130712102655900
16131012130712102657400
16131012130712102658800
16131012130712102700500
16131012130712102703200
16131012130712102706100
16131012130712102708000
16131012130712102709800
16131012130712102712800
16131012130712102718100
16131012130712102721900
16131012130712102724100
16131012130712102726800
16131012130712102728600
16131012130712102730100
16131012130712102732000
16131012130712102733800
16131012130712102735200
16131012130712102736400
16131012130712102737600
16131012130712102738600
16131012130712102739700
16131012130712102740700
16131012130712102741700
16131012130712102742600
16131012130712102743500
16131012130712102744400
16131012130712102745300
16131012130712102746100
16131012130712102747000
16131012130712102748000
16131012130712102749300
16131012130712102751300
16131012130712102754400
16131012130712102800100
16131012130712102801800
16131012130712102803200
16131012130712102804400
16131012130712102805600
16131012130712102806600
16131012130712102807600
16131012130712102808500
16131012130712102809400
16131012130712102810300
16131012130712102811200
16131012130712102812200
16131012130712102813200
16131012130712102814300
16131012130712102815400
16131012130712102816400
16131012130712102817300
16131012130712102818300
16131012130712102819200
16131012130712102820000
16131012130712102820800
16131012130712102821600
16131012130712102822400
16131012130712102823200
16131012130712102824000
16131012130712102824700
16131012130712102825500
16131012130712102826200
16131012130712102827000
16131012130712102827700
16131012130712102828400
16131012130712102829200
16131012130712102830000
16131012130712102830800
16131012130712102831600
16131012130712102832400
16131012130712102833200
16131012130712102834000
16131012130712102834800
16131012130712102835600
16131012130712102836400
16131012130712102837200
16131012130712102838000
16131012130712102838900
16131012130712102839700
16131012130712102840600
16131012130712102841400
16131012130712102842200
16131012130712102843000
16131012130712102843800
16131012130712102844600
16131012130712102845300
16131012130712102846100
16131012130712102846900
16131012130712102847600
16131012130712102848400
16131012130712102849200
16131012130712102849900
16131012130712102850700
16131012130712102851500
16131012130712102852300
16131012130712102853100
16131012130712102854000
16131012130712102854800
16131012130712102855500
16131012130712102856300
16131012130712102857100
16131012130712102857900
16131012130712102858700
16131012130712102859600
16131012130712102900600
16131012130712102901500
16131012130712102902500
16131012130712102903700
16131012130712102904900
16131012130712102906000
16131012130712102907100
16131012130712102908100
16131012130712102909000
16131012130712102909800
16131012130712102910700
16131012130712102911400
16131012130712102912200
16131012130712102912900
16131012130712102913700
16131012130712102914400
16131012130712102915200
16131012130712102915900
16131012130712102916700
16131012130712102917400
16131012130712102918100
16131012130712102918800
16131012130712102919500
16131012130712102920200
16131012130712102921000
16131012130712102921800
16131012130712102922500
16131012130712102923300
16131012130712102924100
16131012130712102924900
16131012130712102925600
16131012130712102926400
16131012130712102927200
16131012130712102928000
16131012130712102928800
16131012130712102929500
16131012130712102930300
16131012130712102931100
16131012130712102931800
16131012130712102932600
16131012130712102933300
16131012130712102934100
16131012130712102934900
16131012130712102935700
16131012130712102936500
16131012130712102937200
16131012130712102938000
16131012130712102938700
16131012130712102939400
16131012130712102940200
16131012130712102940900
16131012130712102941600
16131012130712102942300
16131012130712102943000
16131012130712102943800
16131012130712102944600
16131012130712102945300
16131012130712102946100
16131012130712102946900
16131012130712102947700
16131012130712102948500
16131012130712102949300
16131012130712102950100
16131012130712102950900
16131012130712102951700
16131012130712102952500
16131012130712102953300
16131012130712102954100
16131012130712102954800
16131012130712102955600
16131012130712102956400
16131012130712102957200
16131012130712102957900
16131012130712102958700
16131012130712102959500
16131012130712103000300
16131012130712103001100
16131012130712103001900
16131012130712103002700
16131012130712103003500
16131012130712103004300
16131012130712103005100
16131012130712103005900
16131012130712103006700
16131012130712103007600
16131012130712103008400
16131012130712103009200
16131012130712103010100
16131012130712103011000
16131012130712103011800
16131012130712103012700
16131012130712103013600
16131012130712103014600
16131012130712103015500
16131012130712103016400
16131012130712103017400
16131012130712103018500
16131012130712103019700
16131012130712103021000
16131012130712103022400
16131012130712103024100
16131012130712103026300
16131012130712103029800
16131012130712103031600
16131012130712103216500
16131012130712103220100
16131012130712103222900
16131012130712103225000
16131012130712103227100
16131012130712103228900
16131012130712103230600
16131012130712103232600
16131012130712103235200
16131012130712103239200
16131012130712103242000
16131012130712103244700
16131012130712103247000
16131012130712103249400
16131012130712103251400
16131012130712103253700
16131012130712103256200
16131012130712103258900
16131012130712103301800
16131012130712103304000
16131012130712103305900
16131012130712103308300
16131012130712103311200
16131012130712103313600
16131012130712103316400
16131012130712103319000
16131012130712103321200
16131012130712103323400
16131012130712103325600
16131012130712103327900
16131012130712103330700
16131012130712103333300
16131012130712103335500
16131012130712103338800
16131012130712103341000
16131012130712103342800
16131012130712103344800
16131012130712103346600
16131012130712103348300
16131012130712103350200
16131012130712103352000
16131012130712103353500
16131012130712103355000
16131012130712103356400
16131012130712103358400
16131012130712103400400
16131012130712103402400
16131012130712103404900
16131012130712103407000
16131012130712103408600
16131012130712103410100
16131012130712103411500
16131012130712103412700
16131012130712103414000
16131012130712103415800
16131012130712103418100
16131012130712103420300
16131012130712103426800
16131012130712103430200
16131012130712103432100
16131012130712103433800
16131012130712103435700
16131012130712103438100
16131012130712103441300
16131012130712103445200
16131012130712103448900
16131012130712103451700
16131012130712103454800
16131012130712103457400
16131012130712103500300
16131012130712103506100
16131012130712103509800
16131012130712103514600
16131012130712103519000
16131012130712103523100
16131012130712103526300
16131012130712103528900
16131012130712103531600
16131012130712103542000
16131012130712103547600
16131012130712103550600
16131012130712103553300
16131012130712103555700
16131012130712103558100
16131012130712103600500
16131012130712103606800
16131012130712103611900
16131012130712103616600
16131012130712103619700
16131012130712103622000
16131012130712103624400
16131012130712103627400
16131012130712103632500
16131012130712103635600
16131012130712103640300
16131012130712103643700
16131012130712103647100
16131012130712103650000
16131012130712103651900
16131012130712103653500
16131012130712103655100
16131012130712103656700
16131012130712103658200
16131012130712103659700
16131012130712103701100
16131012130712103702400
16131012130712103703600
16131012130712103705000
16131012130712103706300
16131012130712103707600
16131012130712103708900
16131012130712103710700
16131012130712103712900
16131012130712103714700
16131012130712103716200
16131012130712103717500
16131012130712103719000
16131012130712103721600
16131012130712103723600
16131012130712103725200
16131012130712103726900
16131012130712103728700
16131012130712103730300
16131012130712103732000
16131012130712103734100
16131012130712103735800
16131012130712103737600
16131012130712103739200
16131012130712103742300
16131012130712103746000
16131012130712103752700
16131012130712103755500
16131012130712103759800
16131012130712103802100
16131012130712103804000
16131012130712103806200
16131012130712103810800
16131012130712103816700
16131012130712103823200
16131012130712103835000
16131012130712103847100
16131012130712103857100
16131012130712103902100
16131012130712103905400
16131012130712103911100
16131012130712103918300
16131012130712103923100
16131012130712103926100
16131012130712103929500
16131012130712103932800
16131012130712103935600
16131012130712103938500
16131012130712103943400
16131012130712103946900
16131012130712103949200
16131012130712103951700
16131012130712103954100
16131012130712103956100
16131012130712103958700
16131012130712104001100
16131012130712104003600
16131012130712104007000
16131012130712104009200
16131012130712104012200
16131012130712104016300
16131012130712104020000
16131012130712104023500
16131012130712104027200
16131012130712104031200
16131012130712104039400
16131012130712104046500
16131012130712104050600
16131012130712104056300
16131012130712104103100
16131012130712104108300
16131012130712104112000
16131012130712104114300
16131012130712104117000
16131012130712104119700
16131012130712104122600
16131012130712104126100
16131012130712104129400
16131012130712104133000
16131012130712104137200
16131012130712104141300
16131012130712104144900
16131012130712104148500
16131012130712104151700
16131012130712104154500
16131012130712104157000
16131012130712104159800
16131012130712104202100
16131012130712104204100
16131012130712104206000
16131012130712104207800
16131012130712104209400
16131012130712104211200
16131012130712104213000
16131012130712104216300
16131012130712104219100
16131012130712104221200
16131012130712104226300
16131012130712104229700
16131012130712104232700
16131012130712104236000
16131012130712104239800
16131012130712104242200
16131012130712104244800
16131012130712104247900
16131012130712104252100
16131012130712104255300
16131012130712104257800
16131012130712104259900
16131012130712104302200
16131012130712104304200
16131012130712104306200
16131012130712104308900
16131012130712104313200
16131012130712104315800
16131012130712104318100
16131012130712104321000
16131012130712104323800
16131012130712104326800
16131012130712104330700
16131012130712104334300
16131012130712104337000
16131012130712104339900
16131012130712104342800
16131012130712104345200
16131012130712104348500
16131012130712104352600
16131012130712104355000
16131012130712104357600
16131012130712104400700
16131012130712104402900
16131012130712104405000
16131012130712104407000
16131012130712104408900
16131012130712104410900
16131012130712104413000
16131012130712104415000
16131012130712104417200
16131012130712104419900
16131012130712104423100
16131012130712104425800
16131012130712104428700
16131012130712104431200
16131012130712104433400
16131012130712104436100
16131012130712104438400
16131012130712104440600
16131012130712104442900
16131012130712104446800
16131012130712104449300
16131012130712104451900
16131012130712104454400
16131012130712104457400
16131012130712104500600
16131012130712104514500
16131012130712104522300
16131012130712104530400
16131012130712104537800
16131012130712104543700
16131012130712104548300
16131012130712104551600
16131012130712104554600
16131012130712104557200
16131012130712104603600
16131012130712104606500
16131012130712104608800
16131012130712104610900
16131012130712104613400
16131012130712104616900
16131012130712104619900
16131012130712104623400
16131012130712104627300
16131012130712104634900
16131012130712104638100
16131012130712104645200
16131012130712104648700
16131012130712104651100
16131012130712104654400
16131012130712104700500
16131012130712104706800
16131012130712104712700
16131012130712104718400
16131012130712104723400
16131012130712104727700
16131012130712104731600
16131012130712104734400
16131012130712104737400
16131012130712104745700
16131012130712104750100
16131012130712104753200
16131012130712104756900
16131012130712104800900
16131012130712104805100
16131012130712104808000
16131012130712104810800
16131012130712104814200
16131012130712104817400
16131012130712104820600
16131012130712104824500
16131012130712104827700
16131012130712104832100
16131012130712104835600
16131012130712104839700
16131012130712104842800
16131012130712104845800
16131012130712104849600
16131012130712104855300
16131012130712104858900
16131012130712104902400
16131012130712104920200
16131012130712104927400
16131012130712104935700
16131012130712104944200
16131012130712104949800
16131012130712104955000
16131012130712104959800
16131012130712105004600
16131012130712105011300
16131012130712105016100
16131012130712105020500
16131012130712105024600
16131012130712105028000
16131012130712105031900
16131012130712105036000
16131012130712105040600
16131012130712105043900
16131012130712105046300
16131012130712110055600
16131012130712110101300
16131012130712110103600
16131012130712110105700
16131012130712110107800
16131012130712110109700
16131012130712110111200
16131012130712110112600
16131012130712110113900
16131012130712110115200
16131012130712110116400
16131012130712110117600
16131012130712110118700
16131012130712110119900
16131012130712110121900
16131012130712110125000
16131012130712110127300
16131012130712110129400
16131012130712110131400
16131012130712110133400
16131012130712110135100
16131012130712110136600
16131012130712110138100
16131012130712110139700
16131012130712110141400
16131012130712110143300
16131012130712110145100
16131012130712110147100
16131012130712110148800
16131012130712110150500
16131012130712110152300
16131012130712111900300
16131012130712111903200
16131012130712111906100
16131012130712111908500
16131012130712111910400
16131012130712111912100
16131012130712111913800
16131012130712111915600
16131012130712111917400
16131012130712111919000
16131012130712111920400
16131012130712111921900
16131012130712111923300
16131012130712111924600
16131012130712111926000
16131012130712111927500
16131012130712111928900
16131012130712111930300
16131012130712111931800
16131012130712111933300
16131012130712111936700
16131012130712111940900
16131012130712111943100
16131012130712111944800
16131012130712111946700
16131012130712111949600
16131012130712111951400
16131012130712111953100
16131012130712111955000
16131012130712111957300
16131012130712112000200
16131012130712112002900
16131012130712112439400
16131012130712112516700
16131012130712112520500
16131012130712112522900
16131012130712112525200
16131012130712112528300
16131012130712112532800
16131012130712112536600
16131012130712112540900
16131012130712112543800
16131012130712112546700
16131012130712112553000
16131012130712112558200
16131012130712112644000
16131012130712112648600
16131012130712112651300
16131012130712112653800
16131012130712112657900
16131012130712112821400
16131012130712112824600
16131012130712112826800
16131012130712112828600
16131012130712112830300
16131012130712112832000
16131012130712112833900
16131012130712112835900
16131012130712112837500
16131012130712112838900
16131012130712112840100
16131012130712112841400
16131012130712112842800
16131012130712112844100
16131012130712112845500
16131012130712112847000
16131012130712112849200
16131012130712112851900
16131012130712112854200
16131012130712112856000
16131012130712112857500
16131012130712112858800
16131012130712112900100
16131012130712112901300
16131012130712112902600
16131012130712112904300
16131012130712112906300
16131012130712112908100
16131012130712112910200
16131012130712112912700
16131012130712112915100
16131012130712112917200
16131012130712112919300
16131012130712112921700
16131012130712112924300
16131012130712112927100
16131012130712112930700
16131012130712112933400
16131012130712112936000
16131012130712112938600
16131012130712112940700
16131012130712112942800
16131012130712112944700
16131012130712112946400
16131012130712112948100
16131012130712112949900
16131012130712112952500
16131012130712114149700
16131012130712114153200
16131012130712114156900
16131012130712114201800
16131012130712114205400
16131012130712114208700
16131012130712114211300
16131012130712114214700
16131012130712114216900
16131012130712114219100
16131012130712114221100
16131012130712114224000
16131012130712114230400
16131012130712114233400
16131012130712114236500
16131012130712114241300
16131012130712114244700
16131012130712114301700
16131012130712114304300
16131012130712114306200
16131012130712114307800
16131012130712114309300
16131012130712114310700
16131012130712114312300
16131012130712114313900
16131012130712114315900
16131012130712114318100
16131012130712114319800
16131012130712114321400
16131012130712114322800
16131012130712114324200
16131012130712114325600
16131012130712114327200
16131012130712114329400
16131012130712114333600
16131012130712114634100
16131012130712114642300
16131012130712114644200
16131012130712114645900
16131012130712114647400
16131012130712114648900
16131012130712114650500
16131012130712114651900
16131012130712114653200
16131012130712114654500
16131012130712114655700
16131012130712114656900
16131012130712114658200
16131012130712114659400
16131012130712114700600
16131012130712114701800
16131012130712114702900
16131012130712114703900
16131012130712114704900
16131012130712114706000
16131012130712114707100
16131012130712114708200
16131012130712114709400
16131012130712114710800
16131012130712114712500
16131012130712114714100
16131012130712114715400
16131012130712114716700
16131012130712114717900
16131012130712114719000
16131012130712114720300
16131012130712114721800
16131012130712114724100
16131012130712114726100
16131012130712114727700
16131012130712114730000
16131012130712114731700
16131012130712114733400
16131012130712114734900
16131012130712114736400
16131012130712114737700
16131012130712114738900
16131012130712114740100
16131012130712114741100
16131012130712114742200
16131012130712114743200
16131012130712114744200
16131012130712114745200
16131012130712114746300
16131012130712114747300
16131012130712114748400
16131012130712114749400
16131012130712114750500
16131012130712114751500
16131012130712114752500
16131012130712114753500
16131012130712114754400
16131012130712114755400
16131012130712114756400
16131012130712114757400
16131012130712114758400
16131012130712114759400
16131012130712114800300
16131012130712114801300
16131012130712114802300
16131012130712114803300
16131012130712114804300
16131012130712114805300
16131012130712114806300
16131012130712114807300
16131012130712114808300
16131012130712114809400
16131012130712114810600
16131012130712114811800
16131012130712114813000
16131012130712114814200
16131012130712114815300
16131012130712114816400
16131012130712114817500
16131012130712114818500
16131012130712114819600
16131012130712114820700
16131012130712114822000
16131012130712114823200
16131012130712114824400
16131012130712114825500
16131012130712114826800
16131012130712114828300
16131012130712114830400
16131012130712114833800
16131012130712114838500
16131012130712114840400
16131012130712114841900
16131012130712114843500
16131012130712114845900
16131012130712115157100
16131012130712115203600
16131012130712115205800
16131012130712115207600
16131012130712115209400
16131012130712115211600
16131012130712115213700
16131012130712115215800
16131012130712115217700
16131012130712115219600
16131012130712115221400
16131012130712115223200
16131012130712115225100
16131012130712115226800
16131012130712115228600
16131012130712115230900
16131012130712115233200
16131012130712115235300
16131012130712115237100
16131012130712115238800
16131012130712115240500
16131012130712115242300
16131012130712115244000
16131012130712115245700
16131012130712115247400
16131012130712115249000
16131012130712115250700
16131012130712115252200
16131012130712115253800
16131012130712115255500
16131012130712115257000
16131012130712115258400
16131012130712115259800
16131012130712115301200
16131012130712115302700
16131012130712115304400
16131012130712115306400
16131012130712115308400
16131012130712115310600
16131012130712115312500
16131012130712115314400
16131012130712115316200
16131012130712115318000
16131012130712115319600
16131012130712115321300
16131012130712115323100
16131012130712115325100
16131012130712115327200
16131012130712115329300
16131012130712115331200
16131012130712115333100
16131012130712115335300
16131012130712115337600
16131012130712115339500
16131012130712115341900
16131012130712115344500
16131012130712115346600
16131012130712115348400
16131012130712115350200
16131012130712115351900
16131012130712115353500
16131012130712115355200
16131012130712115356900
16131012130712115358400
16131012130712115359900
16131012130712115401300
16131012130712115402800
16131012130712115404300
16131012130712115405800
16131012130712115407200
16131012130712115408600
16131012130712115410000
16131012130712115411500
16131012130712115413000
16131012130712115414500
16131012130712115416000
16131012130712115417600
16131012130712115419300
16131012130712115421000
16131012130712115422800
16131012130712115424700
16131012130712115426700
16131012130712115428400
16131012130712115429900
16131012130712115431300
16131012130712115432700
16131012130712115434200
16131012130712115435900
16131012130712115438200
16131012130712115440400
16131012130712115442600
16131012130712115446200
16131012130712115449500
16131012130712115451500
16131012130712115453400
16131012130712115455100
16131012130712115457100
16131012130712115459200
16131012130712115501400
16131012130712115503300
16131012130712115505200
16131012130712115507100
16131012130712115509000
16131012130712115510900
16131012130712115513500
16131012130712115517500
16131012130712115523700
16131012130712120114300
16131012130712120115500
16131012130712120116700
16131012130712120118000
16131012130712120119300
16131012130712120120700
16131012130712120122100
16131012130712120123500
16131012130712120124900
16131012130712120126300
16131012130712120127700
16131012130712120129000
16131012130712120130300
16131012130712120131600
16131012130712120133000
16131012130712120134500
16131012130712120136000
16131012130712120137700
16131012130712120139400
16131012130712120141100
16131012130712120142600
16131012130712120144200
16131012130712120145700
16131012130712120147100
16131012130712120148400
16131012130712120149800
16131012130712120151200
16131012130712120152600
16131012130712120154200
16131012130712120155900
16131012130712120157400
16131012130712120159100
16131012130712120206100
16131012130712120332100
16131012130712120336400
16131012130712120340400
16131012130712120343600
16131012130712120346100
16131012130712120348600
16131012130712120352100
16131012130712120355300
16131012130712120358700
16131012130712120402900
16131012130712121419500
16131012130712121422400
16131012130712121426800
16131012130712121428900
16131012130712121430500
16131012130712121431900
16131012130712121433100
16131012130712121434300
16131012130712121435500
16131012130712121436600
16131012130712121437800
16131012130712121439100
16131012130712121440500
16131012130712121442400
16131012130712123626800
16131012130712123629700
16131012130712123632000
16131012130712123634300
16131012130712123640700
16131012130712123647200
16131012130712123650300
16131012130712123653400
16131012130712123655400
16131012130712123657600
16131012130712123700700
16131012130712123723700
16131012130712123726200
16131012130712123729000
16131012130712123735600
16131012130712123739300
16131012130712123741600
16131012130712123744000
16131012130712123746100
16131012130712123748400
16131012130712123753700
16131012130712123812800
16131012130712123816500
16131012130712123819000
16131012130712123821100
16131012130712123823200
16131012130712123825200
16131012130712123829000
16131012130712123835200
16131012130712123838200
16131012130712123842900
16131012130712123847500
16131012130712123917300
16131012130712123920500
16131012130712123923200
16131012130712123926600
16131012130712123929900
16131012130712123952600
16131012130712123958900
16131012130712124004200
16131012130712124007900
16131012130712124013300
16131012130712124017900
16131012130712124020700
16131012130712124343700
16131012130712124347300
16131012130712124350000
16131012130712124352900
16131012130712124505700
16131012130712124509100
16131012130712124511900
16131012130712124514700
16131012130712124517500
16131012130712124520400
16131012130712124523700
16131012130712124526700
16131012130712124529200
16131012130712124531600
16131012130712124533700
16131012130712124536100
16131012130712124538300
16131012130712124540800
16131012130712124544100
16131012130712124546700
16131012130712124647000
16131012130712124650600
16131012130712124653200
16131012130712124655600
16131012130712124659300
16131012130712124702600
16131012130712124705000
16131012130712124707200
16131012130712124709200
16131012130712124711200
16131012130712124713400
16131012130712124717400
16131012130712124724300
16131012130712124818400
16131012130712124824900
16131012130712124827700
16131012130712124829600
16131012130712124831200
16131012130712124832700
16131012130712124834200
16131012130712124835600
16131012130712124837200
16131012130712124839200
16131012130712124845600
16131012130712124943900
16131012130712124947000
16131012130712124948900
16131012130712124950500
16131012130712124952000
16131012130712124953400
16131012130712124954700
16131012130712124956100
16131012130712124957700
16131012130712125000600
16131012130712125003000
16131012130712125004600
16131012130712125006000
16131012130712125007400
16131012130712125009000
16131012130712125010500
16131012130712125012500
16131012130712125015200
16131012130712125018800
16131012130712125021000
16131012130712125022600
16131012130712125024100
16131012130712125025600
16131012130712125027900
16131012130712125222000
16131012130712125225900
16131012130712125230500
16131012130712125233300
16131012130712125235100
16131012130712125236900
16131012130712125238900
16131012130712125241400
16131012130712125244200
16131012130712125246100
16131012130712125247700
16131012130712125249300
16131012130712125250900
16131012130712125252400
16131012130712125254000
16131012130712125255500
16131012130712125257300
16131012130712125300300
16131012130712125302500
16131012130712125304500
16131012130712125306500
16131012130712125309900
16131012130712125312700
16131012130712125318700
16131012130712125323900
16131012130712125326200
16131012130712125328300
16131012130712125330900
16131012130712125346300
16131012130712125349300
16131012130712125351100
16131012130712125352700
16131012130712125354300
16131012130712125356000
16131012130712125358300
16131012130712125400200
16131012130712130706600
16131012130712130709700
16131012130712130711300
16131012130712130712700
16131012130712130714000
16131012130712130715300
16131012130712130716500
16131012130712130717700
16131012130712130718900
16131012130712130720200
16131012130712130721600
16131012130712130723200
16131012130712130725500
16131012130712130727800
16131012130712130730100
16131012130712130732100
16131012130712130733800
16131012130712130735400
16131012130712130736900
16131012130712130738600
16131012130712130740400
16131012130712130742000
16131012130712130744100
16131012130712130746800
16131012130712130749400
16131012130712130752000
16131012130712130753800
16131012130712130755300
16131012130712130756800
16131012130712130758200
16131012130712130759700
16131012130712130801200
16131012130712130802900
16131012130712130804500
16131012130712130806100
16131012130712131346900
16131012130712131347700
16131012130712131348400
16131012130712131349200
16131012130712131350000
16131012130712131350800
16131012130712131351600
16131012130712131352400
16131012130712131353200
16131012130712131353900
16131012130712131354700
16131012130712131355400
16131012130712131356200
16131012130712131357000
16131012130712131357700
16131012130712131358400
16131012130712131359100
16131012130712131359900
16131012130712131400600
16131012130712131401400
16131012130712131402100
16131012130712131402900
16131012130712131403600
16131012130712131404400
16131012130712131405100
16131012130712131405900
16131012130712131406600
16131012130712131407400
16131012130712131408100
16131012130712131408900
16131012130712131409600
16131012130712131410400
16131012130712131411100
16131012130712131411800
16131012130712131412600
16131012130712131413300
16131012130712131414100
16131012130712131414800
16131012130712131415600
16131012130712131416300
16131012130712131417100
16131012130712131417900
16131012130712131418700
16131012130712131419500
16131012130712131420300
16131012130712131421000
16131012130712131421800
16131012130712131422600
16131012130712131423400
16131012130712131424100
16131012130712131424900
16131012130712131425600
16131012130712131426400
16131012130712131427200
16131012130712131427900
16131012130712131428700
16131012130712131429500
16131012130712131430200
16131012130712131431000
16131012130712131431700
16131012130712131432500
16131012130712131433300
16131012130712131433900
16131012130712131434700
16131012130712131435500
16131012130712131436300
16131012130712131437000
16131012130712131437800
16131012130712131438500
16131012130712131439200
16131012130712131440000
16131012130712131440700
16131012130712131441500
16131012130712131442200
16131012130712131443000
16131012130712131443700
16131012130712131444400
16131012130712131445200
16131012130712131445900
16131012130712131446600
16131012130712131447400
16131012130712131448100
16131012130712131448900
16131012130712131449600
16131012130712131450300
16131012130712131451100
16131012130712131451800
16131012130712131452600
16131012130712131453300
16131012130712131454000
16131012130712131454800
16131012130712131455500
16131012130712131456200
16131012130712131457000
16131012130712131457700
16131012130712131458500
16131012130712131459200
16131012130712131500000
16131012130712131500700
16131012130712131501500
16131012130712131502200
16131012130712131502900
16131012130712131503700
16131012130712131504500
16131012130712131505300
16131012130712131511000
16131012130712131511800
16131012130712131512600
16131012130712131513400
16131012130712131514200
16131012130712131515000
16131012130712131515800
16131012130712131516600
16131012130712131517400
16131012130712131518100
16131012130712131518900
16131012130712131519700
16131012130712131520500
16131012130712131521200
16131012130712131522000
16131012130712131522800
16131012130712131523600
16131012130712131524400
16131012130712131525200
16131012130712131525900
16131012130712131526700
16131012130712131527500
16131012130712131528200
16131012130712131529000
16131012130712131529700
16131012130712131530500
16131012130712131531200
16131012130712131532000
16131012130712131532700
16131012130712131533500
16131012130712131534200
16131012130712131535000
16131012130712131535800
16131012130712131536600
16131012130712131537400
16131012130712131538200
16131012130712131539000
16131012130712131539800
16131012130712131540600
16131012130712131541400
16131012130712131542100
16131012130712131542900
16131012130712131543700
16131012130712131544500
16131012130712131545300
16131012130712131546000
16131012130712131546800
16131012130712131547600
16131012130712131548300
16131012130712131549100
16131012130712131549900
16131012130712131550700
16131012130712131551500
16131012130712131552300
16131012130712131553200
16131012130712131554000
16131012130712131554800
16131012130712131555600
16131012130712131556500
16131012130712131557300
16131012130712131558100
16131012130712131559000
16131012130712131559800
16131012130712131600600
16131012130712131601400
16131012130712131717600
16131012130712131718400
16131012130712131719300
16131012130712131720200
16131012130712131721000
16131012130712131721900
16131012130712131722700
16131012130712131723500
16131012130712131724500
16131012130712131725500
16131012130712131726700
16131012130712131727500
16131012130712131835500
16131012130712131837200
16131012130712131838700
16131012130712131839900
16131012130712131840900
16131012130712131841900
16131012130712131842800
16131012130712131843600
16131012130712131844500
16131012130712131845300
16131012130712131846100
16131012130712131846800
16131012130712131847600
16131012130712131848400
16131012130712131849200
16131012130712131849900
16131012130712131850700
16131012130712131851500
16131012130712131852300
16131012130712131853000
16131012130712131853800
16131012130712131854500
16131012130712131855200
16131012130712131855900
16131012130712131856600
16131012130712131857300
16131012130712131858100
16131012130712131858900
16131012130712131859700
16131012130712131900500
16131012130712131901200
16131012130712131902000
16131012130712131902800
16131012130712131903500
16131012130712131904300
16131012130712131905100
16131012130712131905800
16131012130712131906600
16131012130712131907300
16131012130712131908100
16131012130712131908800
16131012130712131909500
16131012130712131910300
16131012130712131911100
16131012130712131911800
16131012130712131912600
16131012130712131913400
16131012130712131914200
16131012130712131915000
16131012130712131915900
16131012130712131916700
16131012130712131917500
16131012130712131918300
16131012130712131919100
16131012130712131919900
16131012130712131920700
16131012130712131921500
16131012130712131922300
16131012130712131923100
16131012130712131923900
16131012130712131924700
16131012130712131925500
16131012130712131926200
16131012130712131927100
16131012130712131927900
16131012130712131928600
16131012130712131929400
16131012130712131930200
16131012130712131931000
16131012130712131931800
16131012130712131932600
16131012130712131933400
16131012130712131934100
16131012130712131934900
16131012130712131935700
16131012130712131936500
16131012130712131937300
16131012130712131938100
16131012130712131938900
16131012130712131939700
16131012130712131940500
16131012130712131941300
16131012130712131942100
16131012130712131943000
16131012130712131943800
16131012130712131944600
16131012130712131945400
16131012130712131946300
16131012130712131947100
16131012130712131948000
16131012130712131948900
16131012130712131949700
16131012130712131950600
16131012130712131951500
16131012130712131952400
16131012130712131953400
16131012130712131954300
16131012130712131955300
16131012130712131956200
16131012130712131957200
16131012130712131958300
16131012130712131959500
16131012130712132001000
16131012130712132003600
16131012130712132055400
16131012130712132641000
16131012130712132641900
16131012130712132642700
16131012130712132643600
16131012130712132644400
16131012130712132645200
16131012130712132646000
16131012130712132646900
16131012130712132647700
16131012130712132648600
16131012130712132649400
16131012130712132650200
16131012130712132651000
16131012130712132651800
16131012130712132652600
16131012130712132653400
16131012130712132654200
16131012130712132655000
16131012130712132655800
16131012130712132656500
16131012130712132657300
16131012130712132658200
16131012130712132659000
16131012130712132659900
16131012130712132700700
16131012130712132701600
16131012130712132702500
16131012130712132708400
16131012130712132710500
16131012130712132712000
16131012130712132713300
16131012130712132714500
16131012130712132715700
16131012130712132716700
16131012130712132717800
16131012130712132718900
16131012130712132719900
16131012130712132720900
16131012130712132721900
16131012130712132722800
16131012130712132723800
16131012130712132724700
16131012130712132725600
16131012130712132726500
16131012130712132727400
16131012130712132728300
16131012130712132729300
16131012130712132730300
16131012130712132731600
16131012130712132733300
16131012130712132736400
16131012130712132738800
16131012130712132740400
16131012130712132741800
16131012130712132743100
16131012130712132744500
16131012130712132746400
16131012130712132752000
16131012130712132754400
16131012130712132756200
16131012130712132757700
16131012130712132759000
16131012130712132800200
16131012130712132801300
16131012130712132802400
16131012130712132803500
16131012130712132804500
16131012130712132805600
16131012130712132807000
16131012130712132809000
16131012130712132811100
16131012130712132812600
16131012130712132813900
16131012130712132815200
16131012130712132816900
16131012130712132841200
16131012130712132843400
16131012130712132845100
16131012130712132846500
16131012130712132847700
16131012130712132848800
16131012130712132849800
16131012130712132850900
16131012130712132851900
16131012130712132853100
16131012130712132854200
16131012130712132855600
16131012130712132857400
16131012130712133031900
16131012130712133034000
16131012130712133035400
16131012130712133036700
16131012130712133038200
16131012130712133039800
16131012130712133041200
16131012130712133046800
16131012130712133048700
16131012130712133050500
16131012130712133103900
16131012130712133105200
16131012130712133106400
16131012130712133107500
16131012130712133108600
16131012130712133109800
16131012130712133111100
16131012130712133112600
16131012130712133114500
16131012130712133116400
16131012130712133118200
16131012130712133120300
16131012130712133122500
16131012130712134106900
16131012130712134128200
16131012130712134130000
16131012130712134131700
16131012130712134133200
16131012130712134134700
16131012130712134136600
16131012130712134508400
16131012130712134510800
16131012130712134512500
16131012130712134513900
16131012130712134515100
16131012130712134516200
16131012130712134517300
16131012130712134518300
16131012130712134519300
16131012130712134520300
16131012130712134521300
16131012130712134522300
16131012130712134523300
16131012130712134524300
16131012130712134525300
16131012130712134526400
16131012130712134527400
16131012130712134528400
16131012130712134529400
16131012130712134530400
16131012130712134531400
16131012130712134532400
16131012130712134533400
16131012130712134534400
16131012130712134535300
16131012130712134536300
16131012130712134537200
16131012130712134538100
16131012130712134539000
16131012130712134539900
16131012130712134540800
16131012130712134541700
16131012130712134542600
16131012130712134543400
16131012130712134544300
16131012130712134545100
16131012130712134546000
16131012130712134546900
16131012130712134547800
16131012130712134548700
16131012130712134549700
16131012130712134550700
16131012130712134551700
16131012130712134552800
16131012130712134553800
16131012130712134554800
16131012130712134555700
16131012130712134556700
16131012130712134557700
16131012130712134558900
16131012130712134600500
16131012130712134602300
16131012130712134604100
16131012130712134605600
16131012130712134606900
16131012130712134608200
16131012130712134609400
16131012130712134610500
16131012130712134611600
16131012130712134612700
16131012130712134613700
16131012130712134614700
16131012130712134615800
16131012130712134616800
16131012130712134617900
16131012130712134619000
16131012130712134620000
16131012130712134621100
16131012130712134622100
16131012130712134623200
16131012130712134624300
16131012130712134625400
16131012130712134626400
16131012130712134627400
16131012130712134628400
16131012130712134629300
16131012130712134630300
16131012130712134631300
16131012130712134632200
16131012130712134633100
16131012130712134634100
16131012130712134635000
16131012130712134635900
16131012130712134636800
16131012130712134637600
16131012130712134638500
16131012130712134639300
16131012130712134640200
16131012130712134641000
16131012130712134641900
16131012130712134642700
16131012130712134643500
16131012130712134644300
16131012130712134645100
16131012130712134645900
16131012130712134646700
16131012130712134647400
16131012130712134648200
16131012130712134649000
16131012130712134649700
16131012130712134650500
16131012130712134651200
16131012130712134651900
16131012130712134652700
16131012130712134653400
16131012130712134654200
16131012130712134654900
16131012130712134655700
16131012130712134656400
16131012130712134657200
16131012130712134657900
16131012130712134658700
16131012130712134659400
16131012130712134700100
16131012130712134700800
16131012130712134701500
16131012130712134702300
16131012130712134703000
16131012130712134703700
16131012130712134704400
16131012130712134705100
16131012130712134705800
16131012130712134706500
16131012130712134707300
16131012130712134708000
16131012130712134708700
16131012130712134709500
16131012130712134710300
16131012130712134711200
16131012130712134712000
16131012130712134712900
16131012130712134713800
16131012130712134714600
16131012130712134715500
16131012130712134716400
16131012130712134717300
16131012130712134718100
16131012130712134719000
16131012130712134719800
16131012130712134720700
16131012130712134721600
16131012130712134722400
16131012130712134723300
16131012130712134724100
16131012130712134725000
16131012130712134725800
16131012130712134726600
16131012130712134727500
16131012130712134728300
16131012130712134729200
16131012130712134730000
16131012130712134730800
16131012130712134731700
16131012130712134732600
16131012130712134733500
16131012130712134734400
16131012130712134735300
16131012130712134736200
16131012130712134737100
16131012130712134738000
16131012130712134738900
16131012130712134739800
16131012130712134740800
16131012130712134741700
16131012130712134742600
16131012130712134743500
16131012130712134744500
16131012130712134745400
16131012130712134746400
16131012130712134747300
16131012130712134748300
16131012130712134749300
16131012130712134750300
16131012130712134751400
16131012130712134752400
16131012130712134753400
16131012130712134754300
16131012130712134755300
16131012130712134756200
16131012130712134757100
16131012130712134758000
16131012130712134758900
16131012130712134759800
16131012130712134800700
16131012130712134801500
16131012130712134802400
16131012130712134803200
16131012130712134804100
16131012130712134804900
16131012130712134805800
16131012130712134806700
16131012130712134807600
16131012130712134808600
16131012130712134809500
16131012130712134810400
16131012130712134811400
16131012130712134812300
16131012130712134813200
16131012130712134814100
16131012130712134815000
16131012130712134815900
16131012130712134816800
16131012130712134817700
16131012130712134818600
16131012130712134819500
16131012130712134820400
16131012130712134821300
16131012130712134822200
16131012130712134823000
16131012130712134823900
16131012130712134824800
16131012130712134825700
16131012130712134826600
16131012130712134827600
16131012130712134828500
16131012130712134829500
16131012130712134830500
16131012130712134831500
16131012130712134832500
16131012130712134833500
16131012130712134834400
16131012130712134835400
16131012130712134836400
16131012130712134837300
16131012130712134838300
16131012130712134839200
16131012130712134840200
16131012130712134841100
16131012130712134842000
16131012130712134842900
16131012130712134843800
16131012130712134844700
16131012130712134845500
16131012130712134846400
16131012130712134847200
16131012130712134848000
16131012130712134848800
16131012130712134849600
16131012130712134850400
16131012130712134851200
16131012130712134852000
16131012130712134852900
16131012130712134853700
16131012130712134854500
16131012130712134855300
16131012130712134856100
16131012130712134856900
16131012130712134857700
16131012130712134858500
16131012130712134859400
16131012130712134900200
16131012130712134901000
16131012130712134901800
16131012130712134902600
16131012130712134903300
16131012130712134904100
16131012130712134904900
16131012130712134905700
16131012130712134906600
16131012130712134907400
16131012130712134908300
16131012130712134909200
16131012130712134910200
16131012130712134911200
16131012130712134912200
16131012130712134913100
16131012130712134914100
16131012130712134915100
16131012130712134916100
16131012130712134917000
16131012130712134917900
16131012130712134918800
16131012130712134919700
16131012130712134920500
16131012130712134921400
16131012130712134922200
16131012130712134923000
16131012130712134923900
16131012130712134924700
16131012130712134925600
16131012130712134926400
16131012130712134927200
16131012130712134928000
16131012130712134928900
16131012130712134929700
16131012130712134930500
16131012130712134931300
16131012130712134932100
16131012130712134932900
16131012130712134933700
16131012130712134934600
16131012130712134935400
16131012130712134936200
16131012130712134937000
16131012130712134937900
16131012130712134938700
16131012130712134939600
16131012130712134940500
16131012130712134941400
16131012130712134942200
16131012130712134943100
16131012130712134943900
16131012130712134944800
16131012130712134945700
16131012130712134946600
16131012130712134947500
16131012130712134948400
16131012130712134949200
16131012130712134950100
16131012130712134950900
16131012130712134951800
16131012130712134952600
16131012130712134953400
16131012130712134954200
16131012130712134955100
16131012130712134955900
16131012130712134956700
16131012130712134957500
16131012130712134958400
16131012130712134959200
16131012130712135000000
16131012130712135000900
16131012130712135001700
16131012130712135002500
16131012130712135003400
16131012130712135004200
16131012130712135005000
16131012130712135005800
16131012130712135006600
16131012130712135007500
16131012130712135008300
16131012130712135009200
16131012130712135010000
16131012130712135010900
16131012130712135011800
16131012130712135012600
16131012130712135013600
16131012130712135014500
16131012130712135015500
16131012130712135016500
16131012130712135017500
16131012130712135018400
16131012130712135019400
16131012130712135020300
16131012130712135021200
16131012130712135022100
16131012130712135022900
16131012130712135023800
16131012130712135024700
16131012130712135025600
16131012130712135026400
16131012130712135027300
16131012130712135028100
16131012130712135029000
16131012130712135029900
16131012130712135030700
16131012130712135031600
16131012130712135032400
16131012130712135033300
16131012130712135034200
16131012130712135035100
16131012130712135036000
16131012130712135036800
16131012130712135037700
16131012130712135038600
16131012130712135039400
16131012130712135040300
16131012130712135041200
16131012130712135042100
16131012130712135043000
16131012130712135043900
16131012130712135044900
16131012130712135045900
16131012130712135046900
16131012130712135047900
16131012130712135049400
16131012130712135052300
16131012130712135054600
16131012130712135056400
16131012130712135058000
16131012130712135059900
16131012130712135102900
16131012130712135106300
16131012130712135108200
16131012130712135110000
16131012130712135111500
16131012130712135112900
16131012130712135114200
16131012130712135115400
16131012130712135116600
16131012130712135117700
16131012130712135118900
16131012130712135120100
16131012130712135121400
16131012130712135122800
16131012130712135124500
16131012130712135128200
16131012130712135132300
16131012130712135134500
16131012130712135136300
16131012130712135138300
16131012130712135140100
16131012130712135141600
16131012130712135143000
16131012130712135144400
16131012130712135145800
16131012130712135147300
16131012130712135154700
16131012130712135156900
16131012130712135217000
16131012130712135220000
16131012130712135222900
16131012130712135228500
16131012130712135231700
16131012130712135233500
16131012130712135235300
16131012130712135237200
16131012130712135239300
16131012130712135241600
16131012130712135245200
16131012130712135249500
16131012130712135251700
16131012130712135255000
16131012130712135257500
16131012130712135929300
16131012130712135931700
16131012130712135933400
16131012130712135934900
16131012130712135936200
16131012130712135937400
16131012130712135938500
16131012130712135939600
16131012130712135940700
16131012130712135941800
16131012130712135942800
16131012130712135943900
16131012130712135944900
16131012130712135945800
16131012130712135946700
16131012130712135947600
16131012130712135948600
16131012130712135949500
16131012130712135950400
16131012130712135951200
16131012130712135952100
16131012130712135953000
16131012130712135953800
16131012130712135954700
16131012130712135955600
16131012130712135956500
16131012130712135957400
16131012130712135958300
16131012130712135959300
16131012130712140000400
16131012130712140001500
16131012130712140002600
16131012130712140003800
16131012130712140005000
16131012130712140006300
16131012130712140007500
16131012130712140008800
16131012130712140010300
16131012130712140011900
16131012130712140014200
16131012130712140026200
16131012130712140029300
16131012130712140317200
16131012130712140320000
16131012130712140322100
16131012130712140323900
16131012130712140325500
16131012130712140327100
16131012130712140328700
16131012130712140330300
16131012130712140331700
16131012130712140333000
16131012130712140334300
16131012130712140335600
16131012130712140336800
16131012130712140338000
16131012130712140339000
16131012130712140340200
16131012130712140341300
16131012130712140342400
16131012130712140343600
16131012130712140345000
16131012130712140347000
16131012130712140350100
16131012130712140355700
16131012130713093632200
16131012130713093634100
16131012130713093636100
16131012130713093637700
16131012130713093639100
16131012130713093640500
16131012130713093642000
16131012130713093643500
16131012130713094529000
16131012130713094531600
16131012130713094533800
16131012130713094535500
16131012130713094537000
16131012130713094538400
16131012130713094539800
16131012130713094541100
16131012130713094542300
16131012130713094543500
16131012130713094544700
16131012130713094545900
16131012130713094547100
16131012130713094548300
16131012130713094549400
16131012130713094550600
16131012130713094551600
16131012130713094552600
16131012130713094553500
16131012130713094554400
16131012130713094555300
16131012130713094556200
16131012130713094557000
16131012130713094557900
16131012130713094558800
16131012130713094559800
16131012130713094600800
16131012130713094601800
16131012130713094602700
16131012130713094603700
16131012130713094604600
16131012130713094605500
16131012130713094606300
16131012130713094607200
16131012130713094608000
16131012130713094608900
16131012130713094609800
16131012130713094610600
16131012130713094611500
16131012130713094612300
16131012130713094613100
16131012130713094613900
16131012130713094614700
16131012130713094615500
16131012130713094616300
16131012130713094617100
16131012130713094617900
16131012130713094618700
16131012130713094619500
16131012130713094620300
16131012130713094621200
16131012130713094622100
16131012130713094623000
16131012130713094623900
16131012130713094624700
16131012130713094625500
16131012130713094626200
16131012130713094627000
16131012130713094627700
16131012130713094628500
16131012130713094629200
16131012130713094629900
16131012130713094630700
16131012130713094631400
16131012130713094632100
16131012130713094632800
16131012130713094633500
16131012130713094634200
16131012130713094634900
16131012130713094635700
16131012130713094636500
16131012130713094637300
16131012130713094638100
16131012130713094638900
16131012130713094639700
16131012130713094640600
16131012130713094641400
16131012130713094642200
16131012130713094643100
16131012130713094643900
16131012130713094644800
16131012130713094645700
16131012130713094646600
16131012130713094647400
16131012130713094648300
16131012130713094649100
16131012130713094649900
16131012130713094650700
16131012130713094651500
16131012130713094652300
16131012130713094653000
16131012130713094653800
16131012130713094654500
16131012130713094655300
16131012130713094656100
16131012130713094656800
16131012130713094657600
16131012130713094658400
16131012130713094659100
16131012130713094659900
16131012130713094700600
16131012130713094701400
16131012130713094702200
16131012130713094702900
16131012130713094703700
16131012130713094704400
16131012130713094705200
16131012130713094705900
16131012130713094706700
16131012130713094707500
16131012130713094708300
16131012130713094709100
16131012130713094709900
16131012130713094710700
16131012130713094711400
16131012130713094712200
16131012130713094713100
16131012130713094714000
16131012130713094714800
16131012130713094715700
16131012130713094716500
16131012130713094717400
16131012130713094718200
16131012130713094719000
16131012130713094719700
16131012130713094720500
16131012130713094721200
16131012130713094721900
16131012130713094722700
16131012130713094723400
16131012130713094724100
16131012130713094724900
16131012130713094725600
16131012130713094726300
16131012130713094727000
16131012130713094727700
16131012130713094728500
16131012130713094729200
16131012130713094730000
16131012130713094730800
16131012130713094731600
16131012130713094732400
16131012130713094733300
16131012130713094734300
16131012130713094735300
16131012130713094736200
16131012130713094737200
16131012130713094738200
16131012130713094739200
16131012130713094740200
16131012130713094741200
16131012130713094742200
16131012130713094743200
16131012130713094744200
16131012130713094745100
16131012130713094746100
16131012130713094747000
16131012130713094747900
16131012130713094748800
16131012130713094749600
16131012130713094750500
16131012130713094751300
16131012130713094752200
16131012130713094753000
16131012130713094753800
16131012130713094754600
16131012130713094755400
16131012130713094756300
16131012130713094757100
16131012130713094757900
16131012130713094758700
16131012130713094759600
16131012130713094800400
16131012130713094801200
16131012130713094802100
16131012130713094802900
16131012130713094803800
16131012130713094804700
16131012130713094805600
16131012130713094806500
16131012130713094807500
16131012130713094808500
16131012130713094809500
16131012130713094810500
16131012130713094811400
16131012130713094812400
16131012130713094813300
16131012130713094814300
16131012130713094815200
16131012130713094816100
16131012130713094817000
16131012130713094817900
16131012130713094818800
16131012130713094819800
16131012130713094820700
16131012130713094821600
16131012130713094822500
16131012130713094823300
16131012130713094824200
16131012130713094825100
16131012130713094825900
16131012130713094826800
16131012130713094827600
16131012130713094828500
16131012130713094829300
16131012130713094830200
16131012130713094831100
16131012130713094831900
16131012130713094832800
16131012130713094833600
16131012130713094834400
16131012130713094835300
16131012130713094836100
16131012130713094837000
16131012130713094837800
16131012130713094838700
16131012130713094839600
16131012130713094840400
16131012130713094841300
16131012130713094842200
16131012130713094843000
16131012130713094843900
16131012130713094844800
16131012130713094845700
16131012130713094846500
16131012130713094847400
16131012130713094848200
16131012130713094849100
16131012130713094850000
16131012130713094850800
16131012130713094851700
16131012130713094852500
16131012130713094853400
16131012130713094854200
16131012130713094855000
16131012130713094855900
16131012130713094856700
16131012130713094857500
16131012130713094858400
16131012130713094859200
16131012130713094900000
16131012130713094900800
16131012130713094901600
16131012130713094902500
16131012130713094903300
16131012130713094904200
16131012130713094905100
16131012130713094906000
16131012130713094907100
16131012130713094908700
16131012130713094910200
16131012130713094911500
16131012130713094912800
16131012130713094914100
16131012130713094915300
16131012130713094916500
16131012130713094917600
16131012130713094918800
16131012130713094920200
16131012130713094923800
16131012130713094928000
16131012130713094930200
16131012130713094931700
16131012130713094933200
16131012130713094934700
16131012130713094936200
16131012130713094937600
16131012130713094939200
16131012130713094941900
16131012130713094944700
16131012130713094946700
16131012130713094948700
16131012130713094950300
16131012130713094951700
16131012130713094953000
16131012130713094954100
16131012130713094955200
16131012130713094956200
16131012130713094957100
16131012130713094958000
16131012130713094958900
16131012130713094959800
16131012130713095000700
16131012130713095001600
16131012130713095002500
16131012130713095003300
16131012130713095004200
16131012130713095005100
16131012130713095005900
16131012130713095006800
16131012130713095007600
16131012130713095008500
16131012130713095009300
16131012130713095010200
16131012130713095011000
16131012130713095011900
16131012130713095012700
16131012130713095013600
16131012130713095014500
16131012130713095015300
16131012130713095016200
16131012130713095017000
16131012130713095017900
16131012130713095018700
16131012130713095019500
16131012130713095020400
16131012130713095021200
16131012130713095022000
16131012130713095022900
16131012130713095023700
16131012130713095024500
16131012130713095025300
16131012130713095026100
16131012130713095027000
16131012130713095027800
16131012130713095028600
16131012130713095029400
16131012130713095030300
16131012130713095031100
16131012130713095031900
16131012130713095032800
16131012130713095033600
16131012130713095034400
16131012130713095035200
16131012130713095036000
16131012130713095036800
16131012130713095037600
16131012130713095038400
16131012130713095039200
16131012130713095040000
16131012130713095040700
16131012130713095041600
16131012130713095042400
16131012130713095043100
16131012130713095043900
16131012130713095044700
16131012130713095045500
16131012130713095046300
16131012130713095047100
16131012130713095047900
16131012130713095048700
16131012130713095049500
16131012130713095050300
16131012130713095051100
16131012130713095051900
16131012130713095052700
16131012130713095053500
16131012130713095054300
16131012130713095055100
16131012130713095055900
16131012130713095056700
16131012130713095057400
16131012130713095058200
16131012130713095059000
16131012130713095059700
16131012130713095100500
16131012130713095101300
16131012130713095102000
16131012130713095102800
16131012130713095103600
16131012130713095104300
16131012130713095105100
16131012130713095105900
16131012130713095106700
16131012130713095107500
16131012130713095108300
16131012130713095109100
16131012130713095109900
16131012130713095110700
16131012130713095111500
16131012130713095112300
16131012130713095113100
16131012130713095113900
16131012130713095114800
16131012130713095115600
16131012130713095116400
16131012130713095117300
16131012130713095118100
16131012130713095119000
16131012130713095119900
16131012130713095120700
16131012130713095121600
16131012130713095122400
16131012130713095123300
16131012130713095124100
16131012130713095125000
16131012130713095125800
16131012130713095126600
16131012130713095127400
16131012130713095128200
16131012130713095129100
16131012130713095129900
16131012130713095130700
16131012130713095131500
16131012130713095132300
16131012130713095133200
16131012130713095134000
16131012130713095134800
16131012130713095135700
16131012130713095136500
16131012130713095137300
16131012130713095138100
16131012130713095138900
16131012130713095139800
16131012130713095140600
16131012130713095141400
16131012130713095142200
16131012130713095143000
16131012130713095143800
16131012130713095144700
16131012130713095145500
16131012130713095146300
16131012130713095147100
16131012130713095148000
16131012130713095148800
16131012130713095149600
16131012130713095150400
16131012130713095151200
16131012130713095152000
16131012130713095152800
16131012130713095153600
16131012130713095154400
16131012130713095155200
16131012130713095156100
16131012130713095156900
16131012130713095157800
16131012130713095158600
16131012130713095159400
16131012130713095200300
16131012130713095201100
16131012130713095202000
16131012130713095202800
16131012130713095203700
16131012130713095204500
16131012130713095205300
16131012130713095206200
16131012130713095207100
16131012130713095207900
16131012130713095208800
16131012130713095209600
16131012130713095210600
16131012130713095211500
16131012130713095212500
16131012130713095213600
16131012130713095214600
16131012130713095215600
16131012130713095216700
16131012130713095217900
16131012130713095219500
16131012130713095426100
16131012130713095433500
16131012130713095436100
16131012130713095438200
16131012130713095439900
16131012130713095441700
16131012130713095443800
16131012130713095445800
16131012130713095448200
16131012130713095451000
16131012130713095453300
16131012130713095455500
16131012130713095458000
16131012130713095500400
16131012130713095502600
16131012130713095505200
16131012130713095507700
16131012130713095509900
16131012130713095511700
16131012130713095513600
16131012130713095515700
16131012130713095532700
16131012130713095535700
16131012130713095538000
16131012130713095539700
16131012130713095541400
16131012130713095543000
16131012130713095544700
16131012130713095546700
16131012130713095549500
16131012130713095551800
16131012130713095553800
16131012130713095556000
16131012130713095558200
16131012130713095559900
16131012130713095601700
16131012130713095603500
16131012130713095605500
16131012130713095607600
16131012130713095609700
16131012130713100155800
16131012130713100158400
16131012130713100159900
16131012130713100201100
16131012130713100202200
16131012130713100203200
16131012130713100204200
16131012130713100205100
16131012130713100206000
16131012130713100206900
16131012130713100207800
16131012130713100208700
16131012130713100209500
16131012130713100210300
16131012130713100211100
16131012130713100212000
16131012130713100212800
16131012130713100213600
16131012130713100214500
16131012130713100215400
16131012130713100216300
16131012130713100217400
16131012130713100218500
16131012130713100219500
16131012130713100220500
16131012130713100221400
16131012130713100222300
16131012130713100223100
16131012130713100224000
16131012130713100224800
16131012130713100225600
16131012130713100226300
16131012130713100227100
16131012130713100227800
16131012130713100228500
16131012130713100229200
16131012130713100229900
16131012130713100230600
16131012130713100231300
16131012130713100232000
16131012130713100232800
16131012130713100233500
16131012130713100234300
16131012130713100235200
16131012130713100236100
16131012130713100237000
16131012130713100237800
16131012130713100238700
16131012130713100239500
16131012130713100240400
16131012130713100241200
16131012130713100242000
16131012130713100242900
16131012130713100243700
16131012130713100244500
16131012130713100245300
16131012130713100246100
16131012130713100246900
16131012130713100247700
16131012130713100248500
16131012130713100249400
16131012130713100250200
16131012130713100251000
16131012130713100251900
16131012130713100252700
16131012130713100253500
16131012130713100254300
16131012130713100255200
16131012130713100256000
16131012130713100256800
16131012130713100257600
16131012130713100258400
16131012130713100259300
16131012130713100300100
16131012130713100300900
16131012130713100301600
16131012130713100302400
16131012130713100303200
16131012130713100304000
16131012130713100304700
16131012130713100305500
16131012130713100306300
16131012130713100307100
16131012130713100307800
16131012130713100308600
16131012130713100309400
16131012130713100310100
16131012130713100310900
16131012130713100311600
16131012130713100312400
16131012130713100313200
16131012130713100313900
16131012130713100314700
16131012130713100315500
16131012130713100316300
16131012130713100317000
16131012130713100317800
16131012130713100318500
16131012130713100319300
16131012130713100320100
16131012130713100320800
16131012130713100321600
16131012130713100322400
16131012130713100323200
16131012130713100324000
16131012130713100324800
16131012130713100325600
16131012130713100326500
16131012130713100327300
16131012130713100328200
16131012130713100329000
16131012130713100329900
16131012130713100330700
16131012130713100331500
16131012130713100332300
16131012130713100333200
16131012130713100334000
16131012130713100334800
16131012130713100335600
16131012130713100336400
16131012130713100337200
16131012130713100337900
16131012130713100338700
16131012130713100339600
16131012130713100340500
16131012130713100341400
16131012130713100342300
16131012130713100343400
16131012130713100344800
16131012130713100346200
16131012130713100542300
16131012130713100543600
16131012130713100544700
16131012130713100545700
16131012130713100546600
16131012130713100547500
16131012130713100548300
16131012130713100549200
16131012130713100550000
16131012130713100550800
16131012130713100551600
16131012130713100552400
16131012130713100553200
16131012130713100554000
16131012130713100554700
16131012130713100555500
16131012130713100556200
16131012130713100557000
16131012130713100557700
16131012130713100558500
16131012130713100559300
16131012130713100600100
16131012130713100600800
16131012130713100601600
16131012130713100602300
16131012130713100603100
16131012130713100603800
16131012130713100604600
16131012130713100605400
16131012130713100606100
16131012130713100606800
16131012130713100607600
16131012130713100608300
16131012130713100609100
16131012130713100609800
16131012130713100610600
16131012130713100611300
16131012130713100612000
16131012130713100612800
16131012130713100613500
16131012130713100614300
16131012130713100615000
16131012130713100615800
16131012130713100616600
16131012130713100617400
16131012130713100618100
16131012130713100618900
16131012130713100619700
16131012130713100620500
16131012130713100621300
16131012130713100622100
16131012130713100622900
16131012130713100623700
16131012130713100624400
16131012130713100625200
16131012130713100626000
16131012130713100626800
16131012130713100627600
16131012130713100628400
16131012130713100629200
16131012130713100630000
16131012130713100630800
16131012130713100631600
16131012130713100632300
16131012130713100633100
16131012130713100633900
16131012130713100634700
16131012130713100635500
16131012130713100636300
16131012130713100637100
16131012130713100637900
16131012130713100638700
16131012130713100639400
16131012130713100640200
16131012130713100641000
16131012130713100641800
16131012130713100642600
16131012130713100643300
16131012130713100644100
16131012130713100644900
16131012130713100645600
16131012130713100646400
16131012130713100647100
16131012130713100647800
16131012130713100648600
16131012130713100649300
16131012130713100650100
16131012130713100650800
16131012130713100651500
16131012130713100652300
16131012130713100653100
16131012130713100653900
16131012130713100654600
16131012130713100655400
16131012130713100656200
16131012130713100657000
16131012130713100657800
16131012130713100658600
16131012130713100659400
16131012130713100700200
16131012130713100701100
16131012130713100701900
16131012130713100702700
16131012130713100703500
16131012130713100704300
16131012130713100705000
16131012130713100705800
16131012130713100706600
16131012130713100707400
16131012130713100708200
16131012130713100708900
16131012130713100709700
16131012130713100710500
16131012130713100711300
16131012130713100712100
16131012130713100713000
16131012130713100713900
16131012130713100714800
16131012130713100715700
16131012130713100716600
16131012130713100717500
16131012130713100718400
16131012130713100719400
16131012130713100720400
16131012130713100721500
16131012130713100722500
16131012130713100723600
16131012130713100724600
16131012130713100725700
16131012130713100726900
16131012130713100737700
16131012130713100739800
16131012130713100741300
16131012130713100742500
16131012130713100743700
16131012130713100744800
16131012130713100745900
16131012130713100746900
16131012130713100747900
16131012130713100748900
16131012130713100749900
16131012130713100750800
16131012130713100751800
16131012130713100752800
16131012130713100753700
16131012130713100754600
16131012130713100755500
16131012130713100756400
16131012130713100757200
16131012130713100758100
16131012130713100759000
16131012130713100759800
16131012130713100800700
16131012130713100801500
16131012130713100802300
16131012130713100803100
16131012130713100804000
16131012130713100804800
16131012130713100805600
16131012130713100806400
16131012130713100807200
16131012130713100807900
16131012130713100808700
16131012130713100809400
16131012130713100810200
16131012130713100810900
16131012130713100811700
16131012130713100812400
16131012130713100813200
16131012130713100814000
16131012130713100814700
16131012130713100815500
16131012130713100816200
16131012130713100817000
16131012130713100817700
16131012130713100818500
16131012130713100819200
16131012130713100820000
16131012130713100820700
16131012130713100821400
16131012130713100822100
16131012130713100822900
16131012130713100823600
16131012130713100824400
16131012130713100825200
16131012130713100825900
16131012130713100826700
16131012130713100827400
16131012130713100828100
16131012130713100828900
16131012130713100829600
16131012130713100830400
16131012130713100831200
16131012130713100832000
16131012130713100832800
16131012130713100833600
16131012130713100834400
16131012130713100835100
16131012130713100835900
16131012130713100836700
16131012130713100837500
16131012130713100838300
16131012130713100839100
16131012130713100839900
16131012130713100840800
16131012130713100841600
16131012130713100842400
16131012130713100843300
16131012130713100844100
16131012130713100844900
16131012130713100845700
16131012130713100846500
16131012130713100847300
16131012130713100848100
16131012130713100848800
16131012130713100849600
16131012130713100850400
16131012130713100851200
16131012130713100851900
16131012130713100852700
16131012130713100853500
16131012130713100854300
16131012130713100855100
16131012130713100855900
16131012130713100856700
16131012130713100857500
16131012130713100858300
16131012130713100859100
16131012130713100859900
16131012130713100900700
16131012130713100901500
16131012130713100902300
16131012130713100903200
16131012130713100904000
16131012130713100904800
16131012130713100905700
16131012130713100906500
16131012130713100907300
16131012130713100908100
16131012130713100909000
16131012130713100909800
16131012130713100910600
16131012130713100911400
16131012130713100912200
16131012130713100913000
16131012130713100913800
16131012130713100914600
16131012130713100915400
16131012130713100916200
16131012130713100917000
16131012130713100917800
16131012130713100918700
16131012130713100919500
16131012130713100920300
16131012130713100921100
16131012130713100921900
16131012130713100922700
16131012130713100923600
16131012130713100924600
16131012130713100925700
16131012130713100926900
16131012130713100928100
16131012130713101115500
16131012130713101116600
16131012130713101117700
16131012130713101118700
16131012130713101119700
16131012130713101120600
16131012130713101121600
16131012130713101122400
16131012130713101123300
16131012130713101124100
16131012130713101124900
16131012130713101125600
16131012130713101126400
16131012130713101127200
16131012130713101127900
16131012130713101128600
16131012130713101129400
16131012130713101130100
16131012130713101130800
16131012130713101131600
16131012130713101132300
16131012130713101133000
16131012130713101133700
16131012130713101134400
16131012130713101135200
16131012130713101136000
16131012130713101137000
16131012130713101138100
16131012130713101139200
16131012130713101140200
16131012130713101141100
16131012130713101141900
16131012130713101142700
16131012130713101143500
16131012130713101144300
16131012130713101145100
16131012130713101145900
16131012130713101146600
16131012130713101147400
16131012130713101148000
16131012130713101148800
16131012130713101149500
16131012130713101150300
16131012130713101151000
16131012130713101151700
16131012130713101152500
16131012130713101153300
16131012130713101154000
16131012130713101154800
16131012130713101155600
16131012130713101156400
16131012130713101157200
16131012130713101158000
16131012130713101158800
16131012130713101159600
16131012130713101200500
16131012130713101201300
16131012130713101202100
16131012130713101202900
16131012130713101203600
16131012130713101204400
16131012130713101205200
16131012130713101206000
16131012130713101206700
16131012130713101207500
16131012130713101208300
16131012130713101209000
16131012130713101209800
16131012130713101210600
16131012130713101211300
16131012130713101212100
16131012130713101212900
16131012130713101213700
16131012130713101214500
16131012130713101215300
16131012130713101216100
16131012130713101216900
16131012130713101217800
16131012130713101218600
16131012130713101219400
16131012130713101220200
16131012130713101221000
16131012130713101221800
16131012130713101222600
16131012130713101223400
16131012130713101224100
16131012130713101224900
16131012130713101225600
16131012130713101226400
16131012130713101227100
16131012130713101227800
16131012130713101228500
16131012130713101229200
16131012130713101229900
16131012130713101230700
16131012130713101231400
16131012130713101232200
16131012130713101232900
16131012130713101233700
16131012130713101234500
16131012130713101235300
16131012130713101236100
16131012130713101236900
16131012130713101237800
16131012130713101238600
16131012130713101239400
16131012130713101240200
16131012130713101241000
16131012130713101241900
16131012130713101242700
16131012130713101243600
16131012130713101244400
16131012130713101245200
16131012130713101246000
16131012130713101246900
16131012130713101247700
16131012130713101248600
16131012130713101249400
16131012130713101250400
16131012130713101251300
16131012130713101252200
16131012130713101253200
16131012130713101254200
16131012130713101255200
16131012130713101256200
16131012130713101257300
16131012130713101258500
16131012130713101300100
16131012130713101302500
16131012130713103716400
16131012130713103718400
16131012130713103719700
16131012130713103724800
16131012130713103726700
16131012130713103728100
16131012130713103729400
16131012130713103730700
16131012130713103731900
16131012130713103733100
16131012130713103734300
16131012130713103735500
16131012130713103736700
16131012130713103737900
16131012130713103739100
16131012130713103740300
16131012130713103741500
16131012130713103742700
16131012130713103743900
16131012130713103745100
16131012130713103746400
16131012130713103747700
16131012130713103749200
16131012130713103751000
16131012130713103754200
16131012130713103756600
16131012130713103758200
16131012130713103759600
16131012130713103800900
16131012130713103802200
16131012130713103803300
16131012130713103804500
16131012130713103805700
16131012130713103806800
16131012130713103808000
16131012130713103809100
16131012130713103810200
16131012130713103811300
16131012130713103812400
16131012130713103813500
16131012130713103814500
16131012130713103815600
16131012130713103816800
16131012130713103818000
16131012130713103819500
16131012130713103822600
16131012130713103825800
16131012130713103827800
16131012130713103829300
16131012130713103830800
16131012130713103832200
16131012130713103833500
16131012130713103834800
16131012130713103836100
16131012130713103837400
16131012130713103838600
16131012130713103839700
16131012130713103840800
16131012130713103841900
16131012130713103843000
16131012130713103844000
16131012130713103845100
16131012130713103846200
16131012130713103847300
16131012130713103848400
16131012130713103849500
16131012130713103850600
16131012130713103851800
16131012130713103853000
16131012130713103854200
16131012130713103855400
16131012130713103856600
16131012130713103918000
16131012130713103920400
16131012130713103922200
16131012130713103923600
16131012130713103924900
16131012130713103926300
16131012130713103927600
16131012130713103928900
16131012130713103930300
16131012130713103931800
16131012130713103936100
16131012130713103937400
16131012130713103938800
16131012130713103940000
16131012130713103941300
16131012130713103942500
16131012130713103943700
16131012130713103944900
16131012130713103946200
16131012130713103947700
16131012130713103949400
16131012130713104012300
16131012130713104014400
16131012130713104017400
16131012130713104019900
16131012130713104022200
16131012130713104023600
16131012130713104040500
16131012130713104042700
16131012130713104044300
16131012130713104045600
16131012130713104046900
16131012130713104048100
16131012130713104049300
16131012130713104050500
16131012130713104051600
16131012130713104052800
16131012130713104053900
16131012130713104055000
16131012130713104056200
16131012130713104057300
16131012130713104058500
16131012130713104059700
16131012130713104100900
16131012130713104102200
16131012130713104103500
16131012130713104104900
16131012130713104106500
16131012130713104107200
16131012130713104111100
16131012130713104113700
16131012130713104115500
16131012130713104117000
16131012130713104118400
16131012130713104119900
16131012130713104121500
16131012130713104122900
16131012130713104124200
16131012130713104125500
16131012130713104126700
16131012130713104129600
16131012130713104132200
16131012130713104134200
16131012130713104135700
16131012130713104137000
16131012130713104138300
16131012130713104139500
16131012130713104140600
16131012130713104141700
16131012130713104142800
16131012130713104143800
16131012130713104144900
16131012130713104145900
16131012130713104146900
16131012130713104148000
16131012130713104149000
16131012130713104150100
16131012130713104151200
16131012130713104152300
16131012130713104153400
16131012130713104154400
16131012130713104155500
16131012130713104156500
16131012130713104157600
16131012130713104158700
16131012130713104159800
16131012130713104201000
16131012130713104202100
16131012130713104203100
16131012130713104204200
16131012130713104205300
16131012130713104206400
16131012130713104207400
16131012130713104208400
16131012130713104209400
16131012130713104210400
16131012130713104211400
16131012130713104212500
16131012130713104213700
16131012130713104214900
16131012130713104216100
16131012130713104217400
16131012130713104219000
16131012130713104222900
16131012130713104225700
16131012130713104227900
16131012130713104230300
16131012130713104233500
16131012130713104236400
16131012130713104239500
16131012130713104243800
16131012130713104245700
16131012130713104247100
16131012130713104248500
16131012130713104249700
16131012130713104250900
16131012130713104252200
16131012130713104253500
16131012130713104254700
16131012130713104255900
16131012130713104257000
16131012130713104258200
16131012130713104259300
16131012130713104300400
16131012130713104301500
16131012130713104302500
16131012130713104303500
16131012130713104304500
16131012130713104305600
16131012130713104306600
16131012130713104307600
16131012130713104308600
16131012130713104309600
16131012130713104310800
16131012130713104312200
16131012130713104316300
16131012130713104418500
16131012130713104421200
16131012130713104422900
16131012130713104424400
16131012130713104425600
16131012130713104426900
16131012130713104428300
16131012130713104429700
16131012130713104431000
16131012130713104432200
16131012130713104433300
16131012130713104434300
16131012130713104435300
16131012130713104436400
16131012130713104437400
16131012130713104438400
16131012130713104439400
16131012130713104440300
16131012130713104441300
16131012130713104442300
16131012130713104443400
16131012130713104444700
16131012130713104446300
16131012130713104448700
16131012130713104449600
16131012130713104716500
16131012130713104719600
16131012130713104721600
16131012130713104723400
16131012130713104725000
16131012130713104726400
16131012130713104727700
16131012130713104729100
16131012130713104730400
16131012130713104731700
16131012130713104733000
16131012130713104734300
16131012130713104735700
16131012130713104737000
16131012130713104738400
16131012130713104739800
16131012130713104741100
16131012130713104742300
16131012130713104743600
16131012130713104744800
16131012130713104746000
16131012130713104747500
16131012130713104749600
16131012130713104751200
16131012130713104752800
16131012130713104754200
16131012130713104755400
16131012130713104756600
16131012130713104757700
16131012130713104758700
16131012130713104759800
16131012130713104800900
16131012130713104801900
16131012130713104803000
16131012130713104804200
16131012130713104805500
16131012130713104807000
16131012130713104808600
16131012130713104809900
16131012130713104811100
16131012130713104812300
16131012130713104813400
16131012130713104814400
16131012130713104815500
16131012130713104816600
16131012130713104817700
16131012130713104818800
16131012130713104819900
16131012130713104821000
16131012130713104822100
16131012130713104823200
16131012130713104824200
16131012130713104825200
16131012130713104826200
16131012130713104827200
16131012130713104828100
16131012130713104829100
16131012130713104830000
16131012130713104831000
16131012130713104831900
16131012130713104832900
16131012130713104834000
16131012130713104835100
16131012130713104836200
16131012130713104837200
16131012130713104838300
16131012130713104839400
16131012130713104840600
16131012130713104841900
16131012130713104843200
16131012130713104844500
16131012130713104845700
16131012130713104846800
16131012130713104847800
16131012130713104848900
16131012130713104849900
16131012130713104850900
16131012130713104851800
16131012130713104852800
16131012130713104853700
16131012130713104854700
16131012130713104855700
16131012130713104856900
16131012130713104858700
16131012130713104901500
16131012130713104905200
16131012130713104907200
16131012130713104908800
16131012130713104910600
16131012130713104913200
16131012130713104915200
16131012130713104917000
16131012130713104920000
16131012130713104922800
16131012130713104924500
16131012130713104925800
16131012130713104927100
16131012130713104928300
16131012130713104929400
16131012130713104930500
16131012130713104931600
16131012130713104932700
16131012130713104933800
16131012130713104934900
16131012130713104936000
16131012130713104937000
16131012130713104938100
16131012130713104939200
16131012130713104940300
16131012130713104941500
16131012130713104942500
16131012130713104943600
16131012130713104944900
16131012130713104946300
16131012130713104947600
16131012130713104948800
16131012130713104950000
16131012130713104951100
16131012130713104952300
16131012130713104953500
16131012130713104954700
16131012130713104955900
16131012130713104957100
16131012130713104958300
16131012130713104959500
16131012130713105000600
16131012130713105001700
16131012130713105002800
16131012130713105003900
16131012130713105005100
16131012130713105006400
16131012130713105007800
16131012130713105009400
16131012130713105010900
16131012130713105012200
16131012130713105013500
16131012130713105014700
16131012130713105015900
16131012130713105017100
16131012130713105018300
16131012130713105019400
16131012130713105020500
16131012130713105021600
16131012130713105022600
16131012130713105023700
16131012130713105024700
16131012130713105025800
16131012130713105026900
16131012130713105027900
16131012130713105028900
16131012130713105030000
16131012130713105031200
16131012130713105032400
16131012130713105033600
16131012130713105034700
16131012130713105035900
16131012130713105036900
16131012130713105038100
16131012130713105039800
16131012130713105043500
16131012130713105045500
16131012130713105047100
16131012130713105048500
16131012130713105049700
16131012130713105050800
16131012130713105051900
16131012130713105052900
16131012130713105053900
16131012130713105054900
16131012130713105055900
16131012130713105057300
16131012130713105058800
16131012130713105139000
16131012130713105141800
16131012130713105143500
16131012130713105144900
16131012130713105146200
16131012130713105147400
16131012130713105148600
16131012130713105149700
16131012130713105150800
16131012130713105151700
16131012130713105152600
16131012130713105153600
16131012130713105154600
16131012130713105155900
16131012130713105157600
16131012130713105158300
16131012130713105233200
16131012130713105235000
16131012130713105236600
16131012130713105237900
16131012130713105239200
16131012130713105240400
16131012130713105241500
16131012130713105242600
16131012130713105243600
16131012130713105244600
16131012130713105245500
16131012130713105246500
16131012130713105247500
16131012130713105248500
16131012130713105249500
16131012130713105250700
16131012130713105252100
16131012130713105253900
16131012130713105257000
16131012130713105257600
16131012130713105442100
16131012130713105443800
16131012130713105445200
16131012130713105446400
16131012130713105447400
16131012130713105448500
16131012130713105449400
16131012130713105450400
16131012130713105451300
16131012130713105452300
16131012130713105453200
16131012130713105454200
16131012130713105455100
16131012130713105456100
16131012130713105457000
16131012130713105457900
16131012130713105458900
16131012130713105459900
16131012130713105500900
16131012130713105502100
16131012130713105504500
16131012130713105507300
16131012130713105721500
16131012130713105724300
16131012130713105726400
16131012130713105728800
16131012130713105730400
16131012130713105731800
16131012130713105733100
16131012130713105734400
16131012130713105735500
16131012130713105736800
16131012130713105738000
16131012130713105739300
16131012130713105740800
16131012130713105742300
16131012130713105744300
16131012130713105747800
16131012130713105750600
16131012130713105753500
16131012130713105755500
16131012130713105757200
16131012130713105759200
16131012130713105800900
16131012130713105802500
16131012130713105806100
16131012130713105808500
16131012130713105847300
16131012130713105851200
16131012130713105853100
16131012130713105854800
16131012130713105856900
16131012130713105859400
16131012130713105901600
16131012130713105903400
16131012130713105905300
16131012130713105907300
16131012130713105909200
16131012130713105911200
16131012130713105913200
16131012130713105915100
16131012130713105917200
16131012130713105920000
16131012130713105923800
16131012130713105925900
16131012130713105927500
16131012130713105929000
16131012130713105930400
16131012130713105931900
16131012130713105934100
16131012130713105959000
16131012130713110002800
16131012130713110005200
16131012130713110007200
16131012130713110009000
16131012130713110010800
16131012130713110012500
16131012130713110016000
16131012130713110020200
16131012130713110022400
16131012130713110024300
16131012130713110026200
16131012130713110028100
16131012130713110030100
16131012130713110032100
16131012130713110034800
16131012130713110203500
16131012130713110206800
16131012130713110208700
16131012130713110210300
16131012130713110212000
16131012130713110213900
16131012130713110215800
16131012130713110218400
16131012130713110220200
16131012130713110221800
16131012130713110223300
16131012130713110224600
16131012130713110226000
16131012130713110227400
16131012130713110228900
16131012130713110231000
16131012130713110300900
16131012130713110303300
16131012130713110305000
16131012130713110306400
16131012130713110307600
16131012130713110308700
16131012130713110309900
16131012130713110311000
16131012130713110312200
16131012130713110313300
16131012130713110314400
16131012130713110315500
16131012130713110316600
16131012130713110317600
16131012130713110318500
16131012130713110319500
16131012130713110320500
16131012130713110321500
16131012130713110322500
16131012130713110323700
16131012130713110324900
16131012130713110326200
16131012130713110327700
16131012130713110329200
16131012130713110331000
16131012130713110333200
16131012130713110347200
16131012130713111824200
16131012130713111827200
16131012130713111828800
16131012130713111830200
16131012130713111831400
16131012130713111832500
16131012130713111833600
16131012130713111834700
16131012130713111835800
16131012130713111837000
16131012130713111838400
16131012130713111840000
16131012130713111841500
16131012130713112201100
16131012130713112205300
16131012130713112208300
16131012130713112210200
16131012130713112212000
16131012130713112213800
16131012130713112215900
16131012130713112217500
16131012130713112218900
16131012130713112220400
16131012130713112221800
16131012130713112223100
16131012130713112224700
16131012130713112226300
16131012130713112227900
16131012130713112230700
16131012130713112234600
16131012130713112238000
16131012130713112909000
16131012130713112910600
16131012130713112912100
16131012130713112914400
16131012130713112918600
16131012130713112921200
16131012130713112922500
16131012130713113746200
16131012130713113748800
16131012130713113750400
16131012130713113751800
16131012130713113753000
16131012130713113754300
16131012130713113756100
16131012130713113758800
16131012130713113800600
16131012130713113802100
16131012130713113803600
16131012130713113805000
16131012130713113806300
16131012130713113808000
16131012130713113810400
16131012130713113813800
16131012130713113816500
16131012130713113818200
16131012130713113820000
16131012130713113821600
16131012130713113824000
16131012130713113826000
16131012130713113827700
16131012130713113829300
16131012130713113830800
16131012130713113832400
16131012130713113834000
16131012130713113835600
16131012130713113837200
16131012130713113838700
16131012130713113840200
16131012130713113841600
16131012130713113843100
16131012130713113844800
16131012130713113847900
16131012130713113850800
16131012130713113853500
16131012130713113856900
16131012130713113900700
16131012130713113903900
16131012130713113906200
16131012130713113913600
16131012130713113916400
16131012130713113918400
16131012130713113920200
16131012130713113922900
16131012130713113925400
16131012130713113928600
16131012130713113931400
16131012130713113933700
16131012130713113936000
16131012130713113938600
16131012130713113941900
16131012130713113944500
16131012130713113946400
16131012130713113948500
16131012130713113952200
16131012130713113955000
16131012130713113957600
16131012130713114000600
16131012130713114002900
16131012130713114005000
16131012130713114007300
16131012130713114009300
16131012130713114011400
16131012130713114014300
16131012130713114018300
16131012130713114020300
16131012130713114022500
16131012130713114026300
16131012130713114029700
16131012130713114034100
16131012130713114037100
16131012130713114040300
16131012130713114109700
16131012130713114116200
16131012130713114129400
16131012130713114132500
16131012130713114134900
16131012130713114137000
16131012130713114138800
16131012130713114140500
16131012130713114142200
16131012130713114144400
16131012130713114147500
16131012130713114150600
16131012130713114153200
16131012130713114155400
16131012130713114157400
16131012130713114159900
16131012130713114205400
16131012130713114208600
16131012130713114210400
16131012130713114211900
16131012130713114213400
16131012130713114214900
16131012130713114216300
16131012130713114217700
16131012130713114219200
16131012130713114220800
16131012130713114222300
16131012130713114223600
16131012130713114224800
16131012130713114226200
16131012130713114227800
16131012130713114229100
16131012130713114230300
16131012130713114231500
16131012130713114232900
16131012130713114234200
16131012130713114235600
16131012130713114237100
16131012130713114238300
16131012130713114239500
16131012130713114240500
16131012130713114241500
16131012130713114242600
16131012130713114243700
16131012130713114244800
16131012130713114246000
16131012130713114247100
16131012130713114248100
16131012130713114249200
16131012130713114250200
16131012130713114251300
16131012130713114252800
16131012130713114256000
16131012130713114302000
16131012130713114304000
16131012130713114308500
16131012130713114313000
16131012130713114318300
16131012130713114322000
16131012130713114615400
16131012130713114618500
16131012130713114620400
16131012130713114621900
16131012130713114623400
16131012130713114624900
16131012130713114626700
16131012130713114632000
16131012130713114635100
16131012130713114638700
16131012130713114640500
16131012130713114642000
16131012130713114643200
16131012130713114644400
16131012130713114645600
16131012130713114647100
16131012130713114648700
16131012130713114650300
16131012130713114651800
16131012130713114653100
16131012130713114654200
16131012130713114655300
16131012130713114656500
16131012130713114657800
16131012130713114659900
16131012130713114702400
16131012130713114704500
16131012130713114711500
16131012130713114715200
16131012130713114718600
16131012130713114720200
16131012130713114721700
16131012130713114723100
16131012130713114724500
16131012130713114725900
16131012130713114727500
16131012130713114729800
16131012130713114732600
16131012130713114734300
16131012130713114735600
16131012130713114736700
16131012130713114737900
16131012130713114739100
16131012130713114740700
16131012130713114742600
16131012130713114744500
16131012130713114745900
16131012130713114747200
16131012130713114748400
16131012130713114749500
16131012130713114750600
16131012130713114751800
16131012130713114752900
16131012130713114754200
16131012130713114755400
16131012130713114756900
16131012130713114758700
16131012130713114801900
16131012130713114804600
16131012130713114806700
16131012130713114813900
16131012130711143537600
16131012130711143539700
16131012130711143541600
16131012130711143543600
16131012130711143545400
16131012130711143547000
16131012130711143548200
16131012130711143549400
16131012130711143550600
16131012130711143551800
16131012130711143553000
16131012130711143554300
16131012130711143555900
16131012130711143557400
16131012130711143558700
16131012130711143559800
16131012130711143600900
16131012130711143601900
16131012130711143603000
16131012130711143604000
16131012130711143604900
16131012130711143605900
16131012130711143606800
16131012130711143607700
16131012130711143608600
16131012130711143609600
16131012130711143610500
16131012130711143611600
16131012130711143612600
16131012130711143613700
16131012130711143614700
16131012130711143615700
16131012130711143616700
16131012130711143617600
16131012130711143618500
16131012130711143619400
16131012130711143620300
16131012130711143621100
16131012130711143622000
16131012130711143622800
16131012130711143623700
16131012130711143624600
16131012130711143625500
16131012130711143626300
16131012130711143627200
16131012130711143628000
16131012130711143628900
16131012130711143629700
16131012130711143630500
16131012130711143631400
16131012130711143632200
16131012130711143633100
16131012130711143633900
16131012130711143634800
16131012130711143635600
16131012130711143636400
16131012130711143637300
16131012130711143638100
16131012130711143638900
16131012130711143639700
16131012130711143640500
16131012130711143641400
16131012130711143642400
16131012130711143643400
16131012130711143644500
16131012130711143645500
16131012130711143646500
16131012130711143647400
16131012130711143648400
16131012130711143649400
16131012130711143650400
16131012130711143651400
16131012130711143652500
16131012130711143653500
16131012130711143654600
16131012130711143655500
16131012130711143656500
16131012130711143657500
16131012130711143658500
16131012130711143659600
16131012130711143700600
16131012130711143701600
16131012130711143702600
16131012130711143703500
16131012130711143704400
16131012130711143705300
16131012130711143706200
16131012130711143707200
16131012130711143708200
16131012130711143709300
16131012130711143710900
16131012130711143714400
16131012130711143722800
16131012130711143725400
16131012130711143727300
16131012130711143729200
16131012130711143730900
16131012130711143732600
16131012130711143734300
16131012130711143735700
16131012130711143737100
16131012130711143738700
16131012130711143740100
16131012130711143741600
16131012130711143743100
16131012130711143744600
16131012130711143746400
16131012130711143748300
16131012130711143749900
16131012130711143751400
16131012130711143752800
16131012130711143754100
16131012130711143755500
16131012130711143756900
16131012130711143758300
16131012130711143759600
16131012130711143800900
16131012130711143802200
16131012130711143803400
16131012130711143804600
16131012130711143805700
16131012130711143806800
16131012130711143807800
16131012130711143808900
16131012130711143810000
16131012130711143811100
16131012130711143812200
16131012130711143813300
16131012130711143814300
16131012130711143815300
16131012130711143816400
16131012130711143817500
16131012130711143818600
16131012130711143819600
16131012130711143820700
16131012130711143821800
16131012130711143822900
16131012130711143824000
16131012130711143825000
16131012130711143826000
16131012130711143826900
16131012130711143827800
16131012130711143828700
16131012130711143829700
16131012130711143831000
16131012130711143832600
16131012130711143834600
16131012130711143836700
16131012130711143838200
16131012130711143839500
16131012130711143840600
16131012130711143841600
16131012130711143842600
16131012130711143843500
16131012130711143844400
16131012130711143845200
16131012130711143846100
16131012130711143847000
16131012130711143847800
16131012130711143848700
16131012130711143849600
16131012130711143850600
16131012130711143851500
16131012130711143852300
16131012130711143853200
16131012130711143854100
16131012130711143855000
16131012130711143856000
16131012130711143857000
16131012130711143858100
16131012130711143859100
16131012130711143900100
16131012130711143901100
16131012130711143902100
16131012130711143903100
16131012130711143904000
16131012130711143904900
16131012130711143905800
16131012130711143906700
16131012130711143907600
16131012130711143908500
16131012130711143909500
16131012130711143910500
16131012130711143911600
16131012130711143912800
16131012130711143914100
16131012130711143915600
16131012130711143917500
16131012130711143920300
16131012130711143924400
16131012130711143927100
16131012130711143929300
16131012130711143931000
16131012130711143950500
16131012130711143951900
16131012130711143953200
16131012130711143954500
16131012130711143955900
16131012130711143957300
16131012130711143958800
16131012130711144000600
16131012130711144002300
16131012130711144003800
16131012130711144005100
16131012130711144006300
16131012130711144007400
16131012130711144008500
16131012130711144009500
16131012130711144010400
16131012130711144011500
16131012130711144012500
16131012130711144013500
16131012130711144014500
16131012130711144015500
16131012130711144016500
16131012130711144017500
16131012130711144018400
16131012130711144019400
16131012130711144020300
16131012130711144021200
16131012130711144022200
16131012130711144023100
16131012130711144024100
16131012130711144025000
16131012130711144026000
16131012130711144026900
16131012130711144027800
16131012130711144028800
16131012130711144029700
16131012130711144030700
16131012130711144031600
16131012130711144032500
16131012130711144033400
16131012130711144034400
16131012130711144035400
16131012130711144036300
16131012130711144037300
16131012130711144038300
16131012130711144039200
16131012130711144040100
16131012130711144040900
16131012130711144041800
16131012130711144042800
16131012130711144043700
16131012130711144044600
16131012130711144045600
16131012130711144046500
16131012130711144047400
16131012130711144048300
16131012130711144049200
16131012130711144050300
16131012130711144051600
16131012130711144052900
16131012130711144054200
16131012130711144055500
16131012130711144056700
16131012130711144057800
16131012130711144058900
16131012130711144100000
16131012130711144101200
16131012130711144102300
16131012130711144103300
16131012130711144104400
16131012130711144105400
16131012130711144106400
16131012130711144107400
16131012130711144108300
16131012130711144109300
16131012130711144110400
16131012130711144111400
16131012130711144112400
16131012130711144113400
16131012130711144114400
16131012130711144115400
16131012130711144116400
16131012130711144117400
16131012130711144118600
16131012130711144119700
16131012130711144121000
16131012130711144122300
16131012130711144123600
16131012130711144124900
16131012130711144126300
16131012130711144127900
16131012130711144131000
16131012130711144144500
16131012130711144147600
16131012130711144149600
16131012130711144151500
16131012130711144153100
16131012130711144154500
16131012130711144155800
16131012130711144157000
16131012130711144158100
16131012130711144159200
16131012130711144200400
16131012130711144201500
16131012130711144202600
16131012130711144203800
16131012130711144205000
16131012130711144206100
16131012130711144207200
16131012130711144208300
16131012130711144209400
16131012130711144210400
16131012130711144211500
16131012130711144212600
16131012130711144213700
16131012130711144214800
16131012130711144215900
16131012130711144217000
16131012130711144218100
16131012130711144219400
16131012130711144220700
16131012130711144221900
16131012130711144223200
16131012130711144224400
16131012130711144225600
16131012130711144226800
16131012130711144228000
16131012130711144229200
16131012130711144230400
16131012130711144231500
16131012130711144232600
16131012130711144233700
16131012130711144234800
16131012130711144235800
16131012130711144236700
16131012130711144237700
16131012130711144238600
16131012130711144239600
16131012130711144240600
16131012130711144241600
16131012130711144242600
16131012130711144243600
16131012130711144244600
16131012130711144245500
16131012130711144246500
16131012130711144247400
16131012130711144248400
16131012130711144249300
16131012130711144250200
16131012130711144251200
16131012130711144252100
16131012130711144253000
16131012130711144254000
16131012130711144255000
16131012130711144255900
16131012130711144256900
16131012130711144258000
16131012130711144259200
16131012130711144300700
16131012130711144302900
16131012130711144305200
16131012130711144307200
16131012130711144308800
16131012130711144310100
16131012130711144311300
16131012130711144312400
16131012130711144313500
16131012130711144314600
16131012130711144315600
16131012130711144316600
16131012130711144317500
16131012130711144318500
16131012130711144319500
16131012130711144320400
16131012130711144321400
16131012130711144322300
16131012130711144323300
16131012130711144324100
16131012130711144325000
16131012130711144325900
16131012130711144326800
16131012130711144327600
16131012130711144328500
16131012130711144329300
16131012130711144330200
16131012130711144331100
16131012130711144331900
16131012130711144332900
16131012130711144333800
16131012130711144334800
16131012130711144335900
16131012130711144337500
16131012130711144338500
16131012130712113723300
16131012130712113727300
16131012130712113729600
16131012130712113731700
16131012130712113734300
16131012130712113736700
16131012130712113739100
16131012130712113752100
16131012130712113757800
16131012130712113802500
16131012130712113807300
16131012130712124741100
16131012130712124743400
16131012130712124745300
16131012130712124747200
16131012130712124749700
16131012130712124751800
16131012130712124753800
16131012130712124755500
16131012130712124757000
16131012130712124758300
16131012130712124759600
16131012130712124800900
16131012130712124802100
16131012130712124803300
16131012130712124804600
16131012130712124805900
16131012130712124807200
16131012130712124808600
16131012130712124809900
16131012130712124811400
16131012130712124812700
16131012130712124814100
16131012130712124815900
16131012130712121001800
16131012130712121004700
16131012130712121006600
16131012130712121008200
16131012130712121009800
16131012130712121011300
16131012130712121012900
16131012130712121014400
16131012130712121015700
16131012130712121017000
16131012130712121018400
16131012130712121019800
16131012130712121021000
16131012130712121022200
16131012130712121023400
16131012130712121024900
16131012130712121027400
16131012130712121028200
16131012130711134429600
16131012130711134432100
16131012130711134433700
16131012130711134435000
16131012130711134436200
16131012130711134437300
16131012130711134438300
16131012130711134439300
16131012130711134440200
16131012130711134441200
16131012130711134442200
16131012130711134443300
16131012130711134444600
16131012130711134446200
16131012130711134448500
16131012130711134452000
16131012130711134455000
16131012130711134457000
16131012130711134458700
16131012130711134500400
16131012130711134502300
16131012130711134504200
16131012130711134505700
16131012130711134507200
16131012130711134508400
16131012130711134509600
16131012130711134511000
16131012130711134512300
16131012130711134513600
16131012130711134515000
16131012130711134516600
16131012130711134518700
16131012130711134521800
16131012130711134528100
16131012130711134531500
16131012130712114414600
16131012130712114418500
16131012130712114421900
16131012130712114424400
16131012130712114426500
16131012130712114428400
16131012130712114430100
16131012130712114431900
16131012130712114433400
16131012130712114434800
16131012130712114436200
16131012130712114437600
16131012130712114439100
16131012130712114440800
16131012130712114443000
16131012130712114445600
16131012130712114449700
16131012130712114452900
16131012130712113955300
16131012130712113958300
16131012130712114000500
16131012130712114002300
16131012130712114003800
16131012130712114005300
16131012130712114006700
16131012130712114008100
16131012130712114009600
16131012130712114011000
16131012130712114012400
16131012130712114013800
16131012130712114015100
16131012130712114016500
16131012130712114017800
16131012130712114019300
16131012130712114020700
16131012130712114022400
16131012130712114025000
16131012130712114027700
16131012130712114029500
16131012130712114031000
16131012130712114032500
16131012130712114033900
16131012130712114035400
16131012130712114036800
16131012130712114038100
16131012130712114039500
16131012130712114040800
16131012130712114042300
16131012130712114044000
16131012130712114045900
16131012130712114048100
16131012130712114051700
16131012130712114103700
16131012130712114106200
16131012130712114108000
16131012130712114109500
16131012130712114110900
16131012130712114112100
16131012130712114113500
16131012130712114115700
16131012130712114118800
16131012130712114120800
16131012130712114122300
16131012130712114123600
16131012130712114124900
16131012130712114126100
16131012130712114127500
16131012130712114129300
16131012130712114133600
16131012130712114137700
16131012130712114454800
16131012130712114456500
16131012130712114458000
16131012130712114459300
16131012130712114500500
16131012130712114501700
16131012130712114502800
16131012130712114503800
16131012130712114504800
16131012130712114505800
16131012130712114506700
16131012130712114507700
16131012130712114508600
16131012130712114509600
16131012130712114510600
16131012130712114511500
16131012130712114512500
16131012130712114513500
16131012130712114514500
16131012130712114515500
16131012130712114516500
16131012130712114517500
16131012130712114518600
16131012130712114519700
16131012130712114520800
16131012130712114521900
16131012130712114523100
16131012130712114524200
16131012130712114525400
16131012130712114526600
16131012130712114527900
16131012130712114529200
16131012130712114530500
16131012130712114531900
16131012130712114533300
16131012130712114534800
16131012130712114536200
16131012130712114537700
16131012130712114539100
16131012130712114540600
16131012130712114542000
16131012130712114543400
16131012130712114544800
16131012130712114546100
16131012130712114547300
16131012130712114548600
16131012130712114549700
16131012130712114550900
16131012130712114552000
16131012130712114553100
16131012130712114554200
16131012130712114555300
16131012130712114556500
16131012130712114557900
16131012130712114559400
16131012130712114601200
16131012130712114603000
16131012130712114604700
16131012130712114606200
16131012130712114607600
16131012130712114608900
16131012130712114610200
16131012130712114611500
16131012130712114612800
16131012130712114614100
16131012130712114615300
16131012130712114616500
16131012130712114617800
16131012130712114619000
16131012130712114620300
16131012130712114621500
16131012130712114622800
16131012130712114624500
16131012130712114626100
16131012130712114627300
16131012130712114628500
16131012130712114629600
16131012130712114630900
16131012130712114632200
16131012130712120036200
16131012130712120037900
16131012130712120039500
16131012130712120040900
16131012130712120042200
16131012130712120043500
16131012130712120044800
16131012130712120046100
16131012130712120047400
16131012130712120048800
16131012130712120050100
16131012130712120051500
16131012130712120052900
16131012130712120054100
16131012130712120055400
16131012130712120056700
16131012130712120058000
16131012130712120059200
16131012130712120100400
16131012130712120113100
16131012130712120506000
16131012130712120508100
16131012130712120509700
16131012130712120511200
16131012130712120512500
16131012130712120513900
16131012130712120515200
16131012130712120516500
16131012130712120517800
16131012130712120519200
16131012130712120520700
16131012130712120522300
16131012130712120523700
16131012130712120525100
16131012130712120526400
16131012130712120527800
16131012130712120529100
16131012130712120530300
16131012130712120531500
16131012130712120532600
16131012130712120533700
16131012130712120534800
16131012130712120535900
16131012130712120537000
16131012130712120538100
16131012130712120539300
16131012130712120540400
16131012130712120541500
16131012130712120542700
16131012130712120544400
16131012130712120546200
16131012130712120548200
16131012130712120550100
16131012130712120551800
16131012130712120553600
16131012130712120555400
16131012130712120557100
16131012130712120558600
16131012130712120559900
16131012130712120601300
16131012130712120602800
16131012130712120604400
16131012130712120605900
16131012130712120607500
16131012130712120608900
16131012130712120610400
16131012130712120612200
16131012130712120614100
16131012130712120616100
16131012130712120618100
16131012130712120620200
16131012130712120622600
16131012130712120624800
16131012130712120627600
16131012130712120634600
16131012130712120637300
16131012130712120639200
16131012130712120641300
16131012130712120643400
16131012130712120644900
16131012130712120646400
16131012130712120647900
16131012130712120649400
16131012130712120650800
16131012130712120652100
16131012130712120653400
16131012130712120654600
16131012130712120655800
16131012130712120657000
16131012130712120658200
16131012130712120659500
16131012130712120700700
16131012130712120702000
16131012130712120703900
16131012130712120723800
16131012130712120726100
16131012130712120728500
16131012130712120730200
16131012130712120731600
16131012130712120733000
16131012130712120734200
16131012130712120735500
16131012130712120736700
16131012130712120737900
16131012130712120739000
16131012130712120740200
16131012130712120741300
16131012130712120742400
16131012130712120743400
16131012130712120744500
16131012130712120745700
16131012130712120746900
16131012130712120748300
16131012130712120749600
16131012130712120750900
16131012130712120752100
16131012130712120753300
16131012130712120754500
16131012130712120755900
16131012130712120757400
16131012130712120759300
16131012130712120801300
16131012130712120802900
16131012130712120804300
16131012130712120805700
16131012130712120806900
16131012130712120808200
16131012130712120809500
16131012130712120811100
16131012130712120813300
16131012130712120816400
16131012130712120819000
16131012130712120820700
16131012130712120822200
16131012130712120823700
16131012130712120825100
16131012130712120826500
16131012130712120827700
16131012130712120829000
16131012130712120830200
16131012130712120831400
16131012130712120832500
16131012130712120833700
16131012130712120835200
16131012130712120837000
16131012130712120838900
16131012130712120840700
16131012130712120842300
16131012130712120843900
16131012130712120845300
16131012130712120846700
16131012130712120847900
16131012130712120849200
16131012130712120850600
16131012130712120852900
16131012130712120856500
16131012130712120900000
16131012130712120903200
16131012130712120905500
16131012130712120907300
16131012130712120909100
16131012130712120911100
16131012130712120914000
16131012130712120916200
16131012130711142608200
16131012130711142609800
16131012130711142611300
16131012130711142612600
16131012130711142613800
16131012130711142614900
16131012130711142616000
16131012130711142617100
16131012130711142618200
16131012130711142619300
16131012130711142620400
16131012130711142621500
16131012130711142622700
16131012130711142624000
16131012130711142625400
16131012130711142626800
16131012130711142628400
16131012130711142630100
16131012130711142631600
16131012130711142633000
16131012130711142634400
16131012130711142635700
16131012130711142637100
16131012130711142638700
16131012130711142640400
16131012130711142642400
16131012130711142644400
16131012130711142646000
16131012130711142647700
16131012130711142649300
16131012130711142651000
16131012130711142653500
16131012130711142657000
16131012130711142508300
16131012130711142511200
16131012130711142513700
16131012130711142516100
16131012130711142518000
16131012130711142519600
16131012130711142521000
16131012130711142522400
16131012130711142523800
16131012130711142525300
16131012130711142526700
16131012130711142528100
16131012130711142529600
16131012130711142531000
16131012130711142532500
16131012130711142534200
16131012130711142536300
16131012130711142538400
16131012130711142540300
16131012130711142541900
16131012130711142543300
16131012130711142544900
16131012130711142546600
16131012130711142548200
16131012130711142549800
16131012130711142551300
16131012130711142552800
16131012130711142554400
16131012130711142555900
16131012130711142557300
16131012130711142558600
16131012130711142559900
16131012130711142601200
16131012130711142602700
16131012130711142605600
16131012130712111728000
16131012130712111729400
16131012130712111730500
16131012130712111731600
16131012130712111732600
16131012130712111738600
16131012130712111739600
16131012130712111740700
16131012130712111741900
16131012130712111743000
16131012130712111744100
16131012130712111745200
16131012130712111746200
16131012130712111747200
16131012130712111748200
16131012130712111749300
16131012130712111750300
16131012130712111751500
16131012130712111752800
16131012130712111754600
16131012130712111757300
16131012130712111800600
16131012130712111804400
16131012130712111806600
16131012130712111808600
16131012130712111810400
16131012130712111812000
16131012130712111813400
16131012130712111814800
16131012130712111816100
16131012130712111817500
16131012130712111818800
16131012130712111820100
16131012130712111821500
16131012130712111822800
16131012130712111824100
16131012130712111825400
16131012130712111826800
16131012130712111828100
16131012130712111829600
16131012130712111831100
16131012130712111832600
16131012130712111834100
16131012130712111835500
16131012130712111836900
16131012130712111839400
16131012130712111840500
16131012130712140851700
16131012130712140853800
16131012130712140855400
16131012130712140856600
16131012130712140857800
16131012130712140858800
16131012130712140859700
16131012130712140900600
16131012130712140901500
16131012130712140902400
16131012130712140903300
16131012130712140904200
16131012130712140905100
16131012130712140905900
16131012130712140906800
16131012130712140907700
16131012130712140908600
16131012130712140909400
16131012130712140910300
16131012130712140911100
16131012130712140911900
16131012130712140912800
16131012130712140913600
16131012130712140914500
16131012130712140915300
16131012130712140916200
16131012130712140917100
16131012130712140918000
16131012130712140918900
16131012130712140919700
16131012130712140920600
16131012130712140921400
16131012130712140922200
16131012130712140923100
16131012130712140923900
16131012130712140924800
16131012130712140925800
16131012130712140926800
16131012130712140927800
16131012130712140928800
16131012130712140929800
16131012130712140930700
16131012130712140931700
16131012130712140932600
16131012130712140933400
16131012130712140934300
16131012130712140935100
16131012130712140936000
16131012130712140936800
16131012130712140937600
16131012130712140938400
16131012130712140939100
16131012130712140939900
16131012130712140940700
16131012130712140941500
16131012130712140942200
16131012130712140943000
16131012130712140943900
16131012130712140944700
16131012130712140945500
16131012130712140946300
16131012130712140947200
16131012130712140948000
16131012130712140948800
16131012130712140949700
16131012130712140950600
16131012130712140951600
16131012130712140952500
16131012130712140953400
16131012130712140954400
16131012130712140955500
16131012130712140956600
16131012130712140957600
16131012130712140958700
16131012130712140959800
16131012130712141000900
16131012130712141002000
16131012130712141003200
16131012130712141004300
16131012130712141005500
16131012130712141006600
16131012130712141007600
16131012130712141008700
16131012130712141009600
16131012130712141010600
16131012130712141011400
16131012130712141012300
16131012130712141013200
16131012130712141014000
16131012130712141014800
16131012130712141015600
16131012130712141016300
16131012130712141017100
16131012130712141017800
16131012130712141018600
16131012130712141019300
16131012130712141020000
16131012130712141020700
16131012130712141021400
16131012130712141022200
16131012130712141022900
16131012130712141023600
16131012130712141024400
16131012130712141025200
16131012130712141026100
16131012130712141027000
16131012130712141027900
16131012130712141028700
16131012130712141029500
16131012130712141030300
16131012130712141031100
16131012130712141031900
16131012130712141032800
16131012130712141033600
16131012130712141034300
16131012130712141035100
16131012130712141035900
16131012130712141036800
16131012130712141037600
16131012130712141038500
16131012130712141039400
16131012130712141040300
16131012130712141041200
16131012130712141042200
16131012130712141043200
16131012130712141044300
16131012130712141045500
16131012130712141046700
16131012130712141048000
16131012130712141049300
16131012130712141050800
16131012130712141052200
16131012130712141053800
16131012130712141055900
16131012130712141058600
16131012130712141102300
16131012130712141106200
16131012130712125700000
16131012130712125703000
16131012130712125705700
16131012130712125708000
16131012130712125709700
16131012130712125711400
16131012130712125713700
16131012130712125718500
16131012130712125720800
16131012130712125723800
16131012130712125727200
16131012130712125730300
16131012130712125732500
16131012130712125734800
16131012130712125738100
16131012130712125740600
16131012130712125743300
16131012130712125747300
16131012130712125749900
16131012130712125752500
16131012130712125754500
16131012130712125756000
16131012130712125757300
16131012130712125758700
16131012130712125800000
16131012130712125801400
16131012130712125802800
16131012130712125804600
16131012130712125806300
16131012130712125807800
16131012130712125809200
16131012130712125810600
16131012130712125812000
16131012130712125813900
16131012130712125816000
16131012130712125818700
16131012130712125824200
16131012130712125831400
16131012130712125834000
16131012130712125836100
16131012130712125838100
16131012130712125839900
16131012130712125841700
16131012130712125843200
16131012130712125844600
16131012130712125846200
16131012130712125848000
16131012130712125849500
16131012130712125851700
16131012130712125853600
16131012130712125855500
16131012130712125858400
16131012130712125900900
16131012130712125902900
16131012130712125904500
16131012130712125906200
16131012130712125908600
16131012130712125916700
16131012130712125928900
16131012130712125937500
16131012130712125944500
16131012130712125950600
16131012130712125956300
16131012130712130002100
16131012130712130006100
16131012130712130011800
16131012130712130016800
16131012130712130021700
16131012130712130025300
16131012130712130028500
16131012130712130032800
16131012130712130036500
16131012130712130039600
16131012130712130045000
16131012130712130052200
16131012130712130056700
16131012130712130102300
16131012130712130106900
16131012130712130116100
16131012130712130122600
16131012130712130125100
16131012130712130127400
16131012130712130129700
16131012130712130132400
16131012130712130135400
16131012130712130138300
16131012130712130142600
16131012130712130150300
16131012130712130202800
16131012130713110722000
16131012130713110725400
16131012130713110728400
16131012130713110730500
16131012130713110732400
16131012130713110734300
16131012130713110737400
16131012130713112012800
16131012130713112015000
16131012130713112016400
16131012130713112017700
16131012130713112018900
16131012130713112020000
16131012130713112021300
16131012130713112022600
16131012130713112024100
16131012130713112025600
16131012130713112027000
16131012130713112028700
16131012130713112030800
16131012130713112032500
16131012130713112035100
16131012130713112037000
16131012130713112038400
16131012130713112039600
16131012130713112040800
16131012130713112042100
16131012130713112043500
16131012130713112044800
16131012130713112046100
16131012130713112047300
16131012130713112048500
16131012130713112049700
16131012130713112050800
16131012130713112051900
16131012130713112053000
16131012130713112054600
16131012130713112056200
16131012130713112057500
16131012130713112058700
16131012130713112059900
16131012130713112101000
16131012130713112102100
16131012130713112103100
16131012130713112104100
16131012130713112105100
16131012130713112106200
16131012130713112107400
16131012130713112109000
16131012130713112112400
16131012130713112114300
16131012130713112115600
16131012130713112116800
16131012130713112117900
16131012130713112119000
16131012130713112120000
16131012130713112121100
16131012130713112122600
16131012130713112124000
16131012130713112125300
16131012130713112126500
16131012130713112127700
16131012130713112128900
16131012130713112130000
16131012130713112131100
16131012130713112132200
16131012130713112133200
16131012130713112134200
16131012130713112135300
16131012130713112136300
16131012130713112137400
16131012130713112138500
16131012130713112139600
16131012130713112140700
16131012130713112141800
16131012130713112143000
16131012130713112144300
16131012130713112145500
16131012130713112146600
16131012130713112147700
16131012130713112148700
16131012130713112149900
16131012130713112151200
16131012130713112152600
16131012130713112154200
16131012130713112156800
16131012130711110042500
16131012130711110118700
16131012130711110122900
16131012130711110126400
16131012130711110130900
16131012130711110134900
16131012130711110137500
16131012130711110139900
16131012130711110142400
16131012130711110148700
16131012130711110154800
16131012130711110158400
16131012130711110201300
16131012130711110203000
16131012130711110204500
16131012130711110205800
16131012130711110207100
16131012130711110208300
16131012130711110209500
16131012130711110210700
16131012130711110211900
16131012130711110213000
16131012130711110214200
16131012130711110215300
16131012130711110216500
16131012130711110217600
16131012130711110218700
16131012130711110220100
16131012130711110221800
16131012130711110224800
16131012130711110233000
16131012130711110235300
16131012130711110237000
16131012130711110238500
16131012130711110239900
16131012130711110241400
16131012130711110242900
16131012130711110244400
16131012130711110245900
16131012130711110247400
16131012130711110248900
16131012130711110250400
16131012130711110252100
16131012130711110255300
16131012130711110258900
16131012130711110300700
16131012130711110303800
16131012130711110305600
16131012130711110307200
16131012130711110308600
16131012130711110309900
16131012130711110311100
16131012130711110312300
16131012130711110313400
16131012130711110314500
16131012130711110315600
16131012130711110316600
16131012130711110317600
16131012130711110318600
16131012130711110319600
16131012130711110320600
16131012130711110321600
16131012130711110322600
16131012130711110323500
16131012130711110324600
16131012130711110325700
16131012130711110326800
16131012130711110327900
16131012130711110329000
16131012130711110330100
16131012130711110331200
16131012130711110332300
16131012130711110333400
16131012130711110334400
16131012130711110335500
16131012130711110336700
16131012130711110337800
16131012130711110339000
16131012130711110340100
16131012130711110341300
16131012130711110342400
16131012130711110343500
16131012130711110344600
16131012130711110345700
16131012130711110346700
16131012130711110347800
16131012130711110348800
16131012130711110349900
16131012130711110351000
16131012130711110352000
16131012130711110353200
16131012130711110354300
16131012130711110355500
16131012130711110356800
16131012130711110358100
16131012130711110359400
16131012130711110400800
16131012130711110402200
16131012130711110403800
16131012130711110405600
16131012130711110407500
16131012130711110409200
16131012130711110410900
16131012130711110412400
16131012130711110413800
16131012130711110415200
16131012130711110416400
16131012130711110417700
16131012130711110419000
16131012130711110420200
16131012130711110421400
16131012130711110422600
16131012130711110424000
16131012130711110425500
16131012130711110426900
16131012130711110428200
16131012130711110429400
16131012130711110430600
16131012130711110431900
16131012130711110433100
16131012130711110434600
16131012130711110436500
16131012130711110438800
16131012130711110441400
16131012130711110443400
16131012130711110445100
16131012130711110446600
16131012130711110448000
16131012130711110449300
16131012130711110450700
16131012130711110452100
16131012130711110453700
16131012130711110455400
16131012130711110457400
16131012130711110501500
16131012130711110504500
16131012130712130443300
16131012130712130446800
16131012130712130449000
16131012130712130450800
16131012130712130452500
16131012130712130454200
16131012130712130455800
16131012130712130457400
16131012130712130459000
16131012130712130500400
16131012130712130501800
16131012130712130503200
16131012130712130504500
16131012130712130505900
16131012130712130507200
16131012130712130508500
16131012130712130509700
16131012130712130510800
16131012130712130512000
16131012130712130513100
16131012130712130514300
16131012130712130515500
16131012130712130516700
16131012130712130517900
16131012130712130519200
16131012130712130520600
16131012130712130522600
16131012130712130525500
16131012130712130527800
16131012130712130530000
16131012130712130532100
16131012130712130534200
16131012130712130536100
16131012130712130538000
16131012130712130540100
16131012130713111303000
16131012130713111307100
16131012130713111309900
16131012130713111311500
16131012130713111313000
16131012130713111314400
16131012130713111315800
16131012130713111317200
16131012130713111318500
16131012130713111319700
16131012130713111320900
16131012130713111322200
16131012130713111323700
16131012130713111325300
16131012130713111326700
16131012130713111328200
16131012130713111329800
16131012130713111331300
16131012130713111332700
16131012130713111334000
16131012130713111335200
16131012130713111337100
16131012130713111339400
16131012130713111341200
16131012130713111342600
16131012130713111347800
16131012130713111348900
16131012130713111350100
16131012130713111358400
16131012130713111359800
16131012130713111401200
16131012130713111402600
16131012130713111403800
16131012130713111404800
16131012130713111406000
16131012130713111408000
16131012130712113024300
16131012130712113025500
16131012130712113026700
16131012130712113027800
16131012130712113029000
16131012130712113030200
16131012130712113031400
16131012130712113032700
16131012130712113034000
16131012130712113035600
16131012130712113117200
16131012130712113120900
16131012130712113123600
16131012130712113125400
16131012130712113126900
16131012130712113128200
16131012130712113129400
16131012130712113130500
16131012130712113131600
16131012130712113132700
16131012130712113133800
16131012130712113134900
16131012130712113139700
16131012130712113141300
16131012130712113142900
16131012130712113144600
16131012130712113146700
16131012130712113149300
16131012130712113456500
16131012130712113457800
16131012130712113459600
16131012130712113501800
16131012130712113503500
16131012130712113505100
16131012130712113506800
16131012130712113534400
16131012130712113539700
16131012130712113542600
16131012130712113545200
16131012130712113547700
16131012130712113550200
16131012130712113552300
16131012130712113554400
16131012130712113556600
16131012130712113558700
16131012130712113600300
16131012130712113601700
16131012130712113602800
16131012130712113603900
16131012130712113605100
16131012130712113606200
16131012130712113607300
16131012130712113608600
16131012130712113610100
16131012130712113612000
16131012130712113614400
16131012130712113617200
16131012130712113618800
16131012130712113620200
16131012130712113621400
16131012130712113622700
16131012130712113624200
16131012130712113625800
16131012130712113627500
16131012130712113628900
16131012130712113630400
16131012130712113631900
16131012130712113633600
16131012130712113635500
16131012130712113637600
16131012130712113639900
16131012130712113641700
16131012130712113643800
16131012130712113645800
16131012130712113648400
16131012130712121150800
16131012130712121153400
16131012130712121155000
16131012130712121156300
16131012130712121157500
16131012130712121158600
16131012130712121159700
16131012130712121200700
16131012130712121201700
16131012130712121202700
16131012130712121203700
16131012130712121204800
16131012130712121206000
16131012130712121207200
16131012130712121208400
16131012130712121209400
16131012130712121210500
16131012130712121211500
16131012130712121212700
16131012130712121213800
16131012130712121215200
16131012130712121221000
16131012130712121230900
16131012130712121232700
16131012130712121234000
16131012130712121235200
16131012130712121236300
16131012130712121237200
16131012130712121238200
16131012130712121239300
16131012130712121240500
16131012130712121241700
16131012130712121243000
16131012130712121244400
16131012130712121245700
16131012130712121247000
16131012130712121248200
16131012130712121249500
16131012130712121250700
16131012130712121251900
16131012130712121253000
16131012130712121254100
16131012130712121255200
16131012130712121256400
16131012130712121257800
16131012130712121300100
16131012130712121303100
16131012130712121305100
16131012130712121306600
16131012130712121308200
16131012130712121309900
16131012130712121312000
16131012130712121314400
16131012130712121449200
16131012130712121451500
16131012130712121453000
16131012130712121454300
16131012130712121455400
16131012130712121456500
16131012130712121457800
16131012130712121459500
16131012130712121501200
16131012130712121502600
16131012130712121503900
16131012130712121505100
16131012130712121506400
16131012130712121507500
16131012130712121508800
16131012130712121510000
16131012130712121511200
16131012130712121512500
16131012130712121513800
16131012130712121515200
16131012130712121516400
16131012130712121517600
16131012130712121518700
16131012130712121519900
16131012130712121521000
16131012130712121522100
16131012130712121523200
16131012130712121524300
16131012130712121525600
16131012130712121527000
16131012130712121528300
16131012130712121529400
16131012130712121530500
16131012130712121531700
16131012130712121533100
16131012130712121534400
16131012130712121535700
16131012130712121537000
16131012130712121538300
16131012130712121539600
16131012130712121540900
16131012130712121542100
16131012130712121543300
16131012130712121544500
16131012130712121545800
16131012130712121547300
16131012130712121549800
16131012130712121552200
16131012130712121553900
16131012130712121555200
16131012130712121556500
16131012130712121557600
16131012130712121558700
16131012130712121559800
16131012130712121600900
16131012130712121602100
16131012130712121603400
16131012130712121604600
16131012130712121606200
16131012130712121607700
16131012130712121609300
16131012130712121610700
16131012130712121612100
16131012130712121613500
16131012130712121616700
16131012130712121623000
16131012130712121625500
16131012130712121627700
16131012130712121629600
16131012130712121632500
16131012130712121634800
16131012130712121636600
16131012130712121638600
16131012130712121640700
16131012130712121643200
16131012130712121646500
16131012130712121648700
16131012130712121650600
16131012130712121652600
16131012130712121654700
16131012130712121656600
16131012130712121658200
16131012130712121659900
16131012130712121702000
16131012130712121705800
16131012130712121710800
16131012130712121713100
16131012130712121714900
16131012130712121716500
16131012130712121717900
16131012130712121719300
16131012130712121720800
16131012130712121722100
16131012130712121723500
16131012130712121725100
16131012130712121727900
16131012130712121731600
16131012130712121733000
16131012130712122106900
16131012130712122111000
16131012130712122112700
16131012130712122114200
16131012130712122115500
16131012130712122116700
16131012130712122117900
16131012130712122119000
16131012130712122120200
16131012130712122121700
16131012130712122123900
16131012130712122126300
16131012130712122128600
16131012130712122130400
16131012130712122132100
16131012130712122133600
16131012130712122135000
16131012130712122136300
16131012130712122137400
16131012130712122138400
16131012130712122139400
16131012130712122140400
16131012130712122141400
16131012130712122142500
16131012130712122143700
16131012130712122146000
16131012130712122148400
16131012130712122150000
16131012130712122152700
16131012130712122155000
16131012130712122156600
16131012130712122158000
16131012130712122159600
16131012130712122201200
16131012130712122202600
16131012130712122203900
16131012130712122205200
16131012130712122206600
16131012130712122208100
16131012130712122209500
16131012130712122211000
16131012130712122212700
16131012130712122214200
16131012130712122215500
16131012130712122216800
16131012130712122218100
16131012130712122219500
16131012130712122221300
16131012130712122224100
16131012130712122226500
16131012130712122229000
16131012130712122230700
16131012130712122232200
16131012130712122233600
16131012130712122235100
16131012130712122236600
16131012130712122237800
16131012130712122239000
16131012130712122240100
16131012130712122241300
16131012130712122242500
16131012130712122243700
16131012130712122244900
16131012130712122246100
16131012130712122247300
16131012130712122248400
16131012130712122249400
16131012130712122250300
16131012130712122251300
16131012130712122252100
16131012130712122253000
16131012130712122253900
16131012130712122254800
16131012130712122255600
16131012130712122256500
16131012130712122257500
16131012130712122258600
16131012130712122300200
16131012130712122305600
16131012130712122307800
16131012130712122310100
16131012130712122332300
16131012130712122336700
16131012130712122339600
16131012130712122342200
16131012130712122344000
16131012130712122345500
16131012130712122347200
16131012130712122349000
16131012130712122350400
16131012130712122351800
16131012130712122353500
16131012130712122356700
16131012130712122358400
16131012130712122359800
16131012130712122401100
16131012130712122402600
16131012130712122404500
16131012130712122407100
16131012130712122409400
16131012130712122411900
16131012130712122413900
16131012130712122415700
16131012130712122417500
16131012130712122419200
16131012130712122421100
16131012130712122422800
16131012130712122424300
16131012130712122425600
16131012130712122426800
16131012130712122428000
16131012130712122429200
16131012130712122430300
16131012130712122431400
16131012130712122432600
16131012130712122433800
16131012130712122435100
16131012130712122436300
16131012130712122437600
16131012130712122439000
16131012130712122440600
16131012130712122442800
16131012130712122445800
16131012130712122448400
16131012130712122452000
16131012130712122454100
16131012130712122459300
16131012130712122503400
16131012130712122511900
16131012130712122521000
16131012130712122523900
16131012130712122526900
16131012130712122529200
16131012130712122531300
16131012130712122533100
16131012130712122534600
16131012130712122536000
16131012130712122537500
16131012130712122542900
16131012130712122545200
16131012130712122546700
16131012130712122548000
16131012130712122549200
16131012130712122550600
16131012130712122552500
16131012130712122556100
16131012130712122601800
16131012130712122610900
16131012130712122615300
16131012130712122618100
16131012130712122621800
16131012130712122624600
16131012130712122626500
16131012130712122628400
16131012130712122630100
16131012130712122631500
16131012130712122632700
16131012130712122633900
16131012130712122635100
16131012130712122637000
16131012130712122638700
16131012130712122640200
16131012130712122641500
16131012130712122642900
16131012130712122644400
16131012130712122646300
16131012130712122648100
16131012130712122649600
16131012130712122651200
16131012130712122652900
16131012130712122654300
16131012130712122655800
16131012130712122657200
16131012130712122658400
16131012130712122659500
16131012130712122700600
16131012130712122701800
16131012130712122703000
16131012130712122707200
16131012130712122710900
16131012130712122712600
16131012130712122714400
16131012130712122716800
16131012130712122719700
16131012130712122721700
16131012130712122724500
16131012130712122727300
16131012130712122728900
16131012130712122730300
16131012130712122731700
16131012130712122733100
16131012130712122734300
16131012130712122735500
16131012130712122736700
16131012130712122737800
16131012130712122738900
16131012130712122740000
16131012130712122741100
16131012130712122742300
16131012130712122743500
16131012130712122744600
16131012130712122745700
16131012130712122746700
16131012130712122747700
16131012130712122748700
16131012130712122749700
16131012130712122750700
16131012130712122751700
16131012130712122752600
16131012130712122753600
16131012130712122754500
16131012130712122755500
16131012130712122756400
16131012130712122757300
16131012130712122758200
16131012130712122759100
16131012130712122800000
16131012130712122800900
16131012130712122801800
16131012130712122802700
16131012130712122803600
16131012130712122804600
16131012130712122805600
16131012130712122806600
16131012130712122807600
16131012130712122808600
16131012130712122809600
16131012130712122810700
16131012130712122811800
16131012130712122813000
16131012130712122814300
16131012130712122815800
16131012130712122817200
16131012130712122818500
16131012130712122819600
16131012130712122820700
16131012130712122821700
16131012130712122822800
16131012130712122823900
16131012130712122825000
16131012130712122826400
16131012130712122827700
16131012130712122828900
16131012130712122830000
16131012130712122831100
16131012130712122832200
16131012130712122833300
16131012130712122834400
16131012130712122835600
16131012130712122836800
16131012130712122838100
16131012130712122839300
16131012130712122840400
16131012130712122841400
16131012130712122842500
16131012130712122843500
16131012130712122844500
16131012130712122845400
16131012130712122846400
16131012130712122847400
16131012130712122848300
16131012130712122849300
16131012130712122850300
16131012130711135629300
16131012130711135632000
16131012130711135634000
16131012130711135637000
16131012130711135639200
16131012130711135641000
16131012130711135643400
16131012130711135645600
16131012130711135648600
16131012130711135650900
16131012130711135653700
16131012130711135656700
16131012130711135659100
16131012130711135701600
16131012130711135705600
16131012130711135710600
16131012130711135712700
16131012130711135715800
16131012130711135720100
16131012130711135722400
16131012130711135724500
16131012130711135727100
16131012130711135730800
16131012130711135734200
16131012130711135737600
16131012130711135739300
16131012130711135741200
16131012130711135743900
16131012130711135746600
16131012130711135748900
16131012130711135751000
16131012130711135752900
16131012130711135755300
16131012130711135758000
16131012130711135800600
16131012130711135802400
16131012130711135804000
16131012130711135805700
16131012130711135808200
16131012130711135810500
16131012130711135812500
16131012130711135814300
16131012130711135815800
16131012130711135817100
16131012130711135818500
16131012130711135820000
16131012130711135821500
16131012130711135824000
16131012130711135827500
16131012130711135832000
16131012130711135837400
16131012130711135840300
16131012130711135841900
16131012130711135843200
16131012130711135844400
16131012130711135845400
16131012130711135846400
16131012130711135847300
16131012130711135848200
16131012130711135849000
16131012130711135849900
16131012130711135850700
16131012130711135851600
16131012130711135852500
16131012130711135853400
16131012130711135854300
16131012130711135855200
16131012130711135856100
16131012130711135857000
16131012130711135857900
16131012130711135858800
16131012130711135859800
16131012130711135900800
16131012130711135901800
16131012130711135902800
16131012130711135904000
16131012130711135905200
16131012130711135906700
16131012130711135908600
16131012130711135916900
16131012130711135919300
16131012130711135920900
16131012130711135922700
16131012130711135924500
16131012130711135926300
16131012130711135928000
16131012130711135929500
16131012130711135930900
16131012130711135932200
16131012130711135933600
16131012130711135936200
16131012130711103945000
16131012130711103948100
16131012130711103949800
16131012130711103951400
16131012130711103952900
16131012130711103954400
16131012130711103955700
16131012130711103957000
16131012130711103958600
16131012130711104000700
16131012130711104002700
16131012130711104004300
16131012130711104005800
16131012130711104007200
16131012130711104008700
16131012130711104010100
16131012130711104011600
16131012130711104013000
16131012130711104014400
16131012130711104015800
16131012130711104017200
16131012130711104018700
16131012130711104020100
16131012130711104021600
16131012130711104023100
16131012130711104024500
16131012130711104026000
16131012130711104027500
16131012130711104029000
16131012130711104030600
16131012130711104032100
16131012130711104033500
16131012130711104034900
16131012130711104036300
16131012130711104037800
16131012130711104039200
16131012130711104040500
16131012130711104041800
16131012130711104043100
16131012130711104044400
16131012130711104045600
16131012130711104046800
16131012130711104048000
16131012130711104049200
16131012130711104050400
16131012130711104051500
16131012130711104052600
16131012130711104053800
16131012130711104055100
16131012130711104056500
16131012130711104058600
16131012130711104103900
16131012130711104107200
16131012130711144614200
16131012130711144615700
16131012130711144617200
16131012130711144618500
16131012130711144619900
16131012130711144621800
16131012130711144623900
16131012130711144625400
16131012130711144626800
16131012130711144628700
16131012130711144630600
16131012130711144631900
16131012130711144633100
16131012130711144634200
16131012130711144635300
16131012130711144636400
16131012130711144637400
16131012130711144638500
16131012130711144639500
16131012130711144640500
16131012130711144641600
16131012130711144642600
16131012130711144643700
16131012130711144644800
16131012130711144645900
16131012130711144647000
16131012130711144648200
16131012130711144649500
16131012130711144650900
16131012130711144652400
16131012130711144653700
16131012130711144655000
16131012130711144656400
16131012130711144657900
16131012130711144659400
16131012130711144701100
16131012130711144703100
16131012130711144706900
16131012130711144949800
16131012130711144953000
16131012130711144954800
16131012130711144956300
16131012130711144957700
16131012130711144959100
16131012130711145000300
16131012130711145001600
16131012130711145002900
16131012130711145004000
16131012130711145005200
16131012130711145006300
16131012130711145007300
16131012130711145008400
16131012130711145009500
16131012130711145010600
16131012130711145011800
16131012130711145013000
16131012130711145014500
16131012130711145016100
16131012130711145017500
16131012130711145018800
16131012130711145020000
16131012130711145021400
16131012130711145022800
16131012130711145024000
16131012130711145025200
16131012130711145026500
16131012130711145027700
16131012130711145028900
16131012130711145030100
16131012130711145031200
16131012130711145032300
16131012130711145033300
16131012130711145034400
16131012130711145035400
16131012130711145036500
16131012130711145037600
16131012130711145038700
16131012130711145039800
16131012130711145040900
16131012130711145041900
16131012130711145042800
16131012130711145043800
16131012130711145044800
16131012130711145045700
16131012130711145046700
16131012130711145047900
16131012130711145049300
16131012130711145050800
16131012130711145052700
16131012130711145055000
16131012130711145056700
16131012130711145058200
16131012130711145059500
16131012130711145100700
16131012130711145101900
16131012130711145103100
16131012130711145104300
16131012130711145105500
16131012130711145106600
16131012130711145107700
16131012130711145108800
16131012130711145110100
16131012130711145111500
16131012130711145112800
16131012130711145114100
16131012130711145115400
16131012130711145116600
16131012130711145117700
16131012130711145118700
16131012130711145119800
16131012130711145120800
16131012130711145121800
16131012130711145123000
16131012130711145124500
16131012130711145126300
16131012130711145128500
16131012130711145131100
16131012130711145133400
16131012130711150222200
16131012130711150224300
16131012130711150225900
16131012130711150227300
16131012130711150228600
16131012130711150229700
16131012130711150230800
16131012130711150231900
16131012130711150233000
16131012130711150234100
16131012130711150235200
16131012130711150236200
16131012130711150237300
16131012130711150238400
16131012130711150239500
16131012130711150240700
16131012130711150241900
16131012130711150243300
16131012130711150245300
16131012130711150247400
16131012130711150250400
16131012130711150254400
16131012130711150256300
16131012130711150257700
16131012130711150259000
16131012130711150300200
16131012130711150301300
16131012130711150302400
16131012130711150303600
16131012130711150305000
16131012130711150306400
16131012130711150307500
16131012130711150308600
16131012130711150309700
16131012130711150310800
16131012130711150311800
16131012130711150312900
16131012130711150313900
16131012130711150315000
16131012130711150316100
16131012130711150317300
16131012130711150318400
16131012130711150319600
16131012130711150321000
16131012130711150322900
16131012130711150348700
16131012130711150352900
16131012130711150356500
16131012130711150359200
16131012130711150401300
16131012130711150402900
16131012130711150404200
16131012130711150405500
16131012130711150406600
16131012130711150407700
16131012130711150408800
16131012130711150409800
16131012130711150410900
16131012130711150411900
16131012130711150412900
16131012130711150414000
16131012130711150415000
16131012130711150416000
16131012130711150417000
16131012130711150418000
16131012130711150419000
16131012130711150419900
16131012130711150421000
16131012130711150422000
16131012130711150423000
16131012130711150424000
16131012130711150425000
16131012130711150426000
16131012130711150427000
16131012130711150428000
16131012130711150429000
16131012130711150429900
16131012130711150430900
16131012130711150431900
16131012130711150432800
16131012130711150433800
16131012130711150434800
16131012130711150435800
16131012130711150436800
16131012130711150437800
16131012130711150438800
16131012130711150440000
16131012130711150441500
16131012130711150443200
16131012130711150444700
16131012130711150446200
16131012130711150447600
16131012130711150448900
16131012130711150450100
16131012130711150451100
16131012130711150452200
16131012130711150453200
16131012130711150454200
16131012130711150455200
16131012130711150456200
16131012130711150457200
16131012130711150458200
16131012130711150459200
16131012130711150500300
16131012130711150501300
16131012130711150502500
16131012130711150503600
16131012130711150504700
16131012130711150505800
16131012130711150506900
16131012130711150508000
16131012130711150509200
16131012130711150510400
16131012130711150511700
16131012130711150513000
16131012130711150514400
16131012130711150515900
16131012130711150518000
16131012130711150532100
16131012130711150535500
16131012130711150537800
16131012130711150540100
16131012130711150542400
16131012130711150544400
16131012130711150546300
16131012130711150548500
16131012130711150550600
16131012130711150554500
16131012130711150557400
16131012130711150600100
16131012130711150602300
16131012130711150604100
16131012130711150605700
16131012130711150607100
16131012130711150608500
16131012130711150609900
16131012130711150611300
16131012130711150612800
16131012130711150614600
16131012130711150617300
16131012130711150619300
16131012130711150620900
16131012130711150622800
16131012130711150624400
16131012130711150626000
16131012130711150627200
16131012130711150628600
16131012130711150630500
16131012130711150634100
16131012130711150635900
16131012130711151133100
16131012130711151134800
16131012130711151136200
16131012130711151137600
16131012130711151138900
16131012130711151140300
16131012130711151141700
16131012130711151143500
16131012130711151145800
16131012130711151147500
16131012130711151149200
16131012130711151150800
16131012130711151152200
16131012130711151153600
16131012130711151155300
16131012130711151156900
16131012130711151158400
16131012130711151159800
16131012130711151201400
16131012130711151203900
16131012130711151207600
16131012130711151209400
16131012130711151211400
16131012130711151215800
16131012130711151217700
16131012130711151219300
16131012130711151221100
16131012130711151222900
16131012130711151224900
16131012130712121316400
16131012130712121318800
16131012130712121321000
16131012130712121323100
16131012130712121324900
16131012130712121326900
16131012130712121329100
16131012130712121330800
16131012130712121332500
16131012130712121334100
16131012130712121335800
16131012130712121337600
16131012130712121339200
16131012130712121341500
16131012130712121344900
16131012130712121355600
16131012130712121408600
16131012130712121410900
16131012130712121412600
16131012130712121414200
16131012130712121415700
16131012130712121417400
16131012130712105450100
16131012130712105451800
16131012130712105453200
16131012130712105454500
16131012130712105455600
16131012130712105456800
16131012130712105457800
16131012130712105458900
16131012130712105459900
16131012130712105500900
16131012130712105501900
16131012130712105503000
16131012130712105504200
16131012130712105505500
16131012130712105506700
16131012130712105507800
16131012130712105508900
16131012130712105509900
16131012130712105510900
16131012130712105511900
16131012130712105512900
16131012130712105513900
16131012130712105514900
16131012130712105515900
16131012130712105517000
16131012130712105518200
16131012130712105519500
16131012130712105520800
16131012130712105522200
16131012130712105524000
16131012130712105525800
16131012130712105527300
16131012130712105528900
16131012130712105530400
16131012130712105531900
16131012130712105533300
16131012130712105534800
16131012130712105536400
16131012130712105538200
16131012130712105539700
16131012130711133844700
16131012130711133846500
16131012130711133848000
16131012130711133849500
16131012130711133851000
16131012130711133852400
16131012130711133854000
16131012130711133855500
16131012130711133856900
16131012130711133858300
16131012130711133859700
16131012130711133901100
16131012130711133902300
16131012130711133903600
16131012130711133904800
16131012130711133906100
16131012130711133907400
16131012130711133908900
16131012130711133912700
16131012130711133918500
16131012130711133922200
16131012130711133924200
16131012130711133926100
16131012130711133927700
16131012130711133929300
16131012130711133930700
16131012130711133932000
16131012130711133933400
16131012130711133934700
16131012130711133936000
16131012130711133937300
16131012130711133938600
16131012130711133939900
16131012130711133941200
16131012130711133942500
16131012130711133943800
16131012130711133945000
16131012130711133946200
16131012130711133947400
16131012130711133948500
16131012130711133949700
16131012130711133950900
16131012130711133952100
16131012130711133953500
16131012130711133954800
16131012130711133956200
16131012130711133957600
16131012130711133959000
16131012130711134000400
16131012130711134002500
16131012130711134004900
16131012130711134007100
16131012130711134009400
16131012130711134012400
16131012130711134024600
16131012130711134026400
16131012130713101358500
16131012130713101402300
16131012130713101404900
16131012130713101406800
16131012130713101408400
16131012130713101409900
16131012130713101411300
16131012130713101412700
16131012130713101414400
16131012130713101416100
16131012130713101418000
16131012130713101420300
16131012130713101422300
16131012130713101424000
16131012130713101425800
16131012130713101427700
16131012130713101429500
16131012130713101431900
16131012130713101433700
16131012130713101435500
16131012130713101437200
16131012130713101438800
16131012130713101440600
16131012130713101442600
16131012130713101444700
16131012130713101446400
16131012130713101447800
16131012130713101449400
16131012130713101451700
16131012130713101455300
16131012130713101500500
16131012130713101511300
16131012130713101513200
16131012130713101514700
16131012130713101516100
16131012130713101517300
16131012130713101518500
16131012130713101519600
16131012130713101520700
16131012130713101521800
16131012130713101523000
16131012130713101524100
16131012130713101525400
16131012130713101527100
16131012130713101528800
16131012130713101530300
16131012130713101531600
16131012130713101532900
16131012130713101534100
16131012130713101535400
16131012130713101536700
16131012130713101537900
16131012130713101539200
16131012130713101540400
16131012130713101541400
16131012130713101542500
16131012130713101543500
16131012130713101544500
16131012130713101545600
16131012130713101546500
16131012130713101547600
16131012130713101548700
16131012130713101549800
16131012130713101550900
16131012130713101552100
16131012130713101553300
16131012130713101555000
16131012130713101558100
16131012130713101600100
16131012130713101601500
16131012130713101602700
16131012130713101603800
16131012130713101604900
16131012130713101606000
16131012130713101607100
16131012130713101608300
16131012130713101609500
16131012130713101610700
16131012130713101611900
16131012130713101613200
16131012130713101614600
16131012130713101616300
16131012130713101617800
16131012130713101619200
16131012130713101620600
16131012130713101623200
16131012130713101627200
16131012130713101631700
16131012130713101635800
16131012130713101638600
16131012130713101641200
16131012130713101645200
16131012130713101648400
16131012130713101650700
16131012130713101652500
16131012130713101654000
16131012130713101655400
16131012130713101657700
16131012130713101704400
16131012130713101706500
16131012130713101707900
16131012130713101709500
16131012130713101711000
16131012130713101712400
16131012130713101713700
16131012130713101714900
16131012130713101716200
16131012130713101717500
16131012130713101718700
16131012130713101720000
16131012130713101721100
16131012130713101722300
16131012130713101723500
16131012130713101725100
16131012130713101727200
16131012130713101730200
16131012130713101731900
16131012130713101733600
16131012130713101735200
16131012130713101736600
16131012130713101737900
16131012130713101739400
16131012130713101740700
16131012130713101741900
16131012130713101743000
16131012130713101744000
16131012130713101745100
16131012130713101746100
16131012130713101747100
16131012130713101748000
16131012130713101749000
16131012130713101750000
16131012130713101751100
16131012130713101752800
16131012130713101755500
16131012130713101758000
16131012130713101759700
16131012130713101801100
16131012130713101802400
16131012130713101803600
16131012130713101804700
16131012130713101806000
16131012130713101809300
16131012130713101816200
16131012130713101821900
16131012130713101828400
16131012130713101845100
16131012130713101847800
16131012130713101849600
16131012130713101851000
16131012130713101852200
16131012130713101853400
16131012130713101854400
16131012130713101855500
16131012130713101856700
16131012130713101858000
16131012130713101900200
16131012130713101907000
16131012130713101910100
16131012130713101911800
16131012130713101913100
16131012130713101914300
16131012130713101915500
16131012130713101916700
16131012130713101918100
16131012130713101919700
16131012130713101921400
16131012130713101922900
16131012130713101924300
16131012130713101925600
16131012130713101926900
16131012130713101928800
16131012130713101931700
16131012130713101934500
16131012130713101939300
16131012130713101948500
16131012130713101953000
16131012130713101957200
16131012130713102000100
16131012130713102004700
16131012130713102009000
16131012130713102010800
16131012130713102012700
16131012130713102014200
16131012130713102015700
16131012130713102017100
16131012130713102018700
16131012130713102020300
16131012130713102022100
16131012130713102023800
16131012130713102025200
16131012130713102026400
16131012130713102027600
16131012130713102028700
16131012130713102029800
16131012130713102030900
16131012130713102032100
16131012130713102033400
16131012130713102034800
16131012130713102036300
16131012130713102037700
16131012130713102038900
16131012130713102040100
16131012130713102041400
16131012130713102042900
16131012130713102045000
16131012130713102048200
16131012130713102054400
16131012130713111649500
16131012130713111651700
16131012130713111653500
16131012130713111655000
16131012130713111656500
16131012130713111658300
16131012130713111702600
16131012130713111704200
16131012130713111705500
16131012130713111706700
16131012130713111707700
16131012130713111708700
16131012130713111709600
16131012130713111710500
16131012130713111711400
16131012130713111712300
16131012130713111713200
16131012130713111714100
16131012130713111715200
16131012130713111716300
16131012130713111717300
16131012130713111718400
16131012130713111719400
16131012130713111720600
16131012130713111721800
16131012130713111723700
16131012130713111726400
16131012130713111728000
16131012130713111729200
16131012130713111730300
16131012130713111731300
16131012130713111732200
16131012130713111733000
16131012130713111733900
16131012130713111734800
16131012130713111735700
16131012130713111736600
16131012130713111737600
16131012130713111738700
16131012130713111740000
16131012130713111741800
16131012130713111746400
16131012130713111749000
16131012130713111749700
16131012130712130807800
16131012130712130809400
16131012130712130810900
16131012130712130813300
16131012130712130817000
16131012130712130819600
16131012130712130822100
16131012130712130824400
16131012130712130826300
16131012130712130827700
16131012130712130829000
16131012130712130830200
16131012130712130831400
16131012130712130832500
16131012130712130833500
16131012130712130834500
16131012130712130835500
16131012130712130836500
16131012130712130837500
16131012130712130838400
16131012130712130839400
16131012130712130840300
16131012130712130841300
16131012130712130842200
16131012130712130843100
16131012130712130844100
16131012130712130845100
16131012130712130846000
16131012130712130847000
16131012130712130848000
16131012130712130848900
16131012130712130849900
16131012130712130850900
16131012130712130851900
16131012130712130852900
16131012130712130854900
16131012130712130855900
16131012130712130856900
16131012130712130857800
16131012130712130858700
16131012130712130859600
16131012130712130900400
16131012130712130901200
16131012130712130902000
16131012130712130902800
16131012130712130903600
16131012130712130904400
16131012130712130905200
16131012130712130906000
16131012130712130906900
16131012130712130907700
16131012130712130908600
16131012130712130909500
16131012130712130910400
16131012130712130911300
16131012130712130912200
16131012130712130913100
16131012130712130913900
16131012130712130914700
16131012130712130915500
16131012130712130916300
16131012130712130917100
16131012130712130917800
16131012130712130918600
16131012130712130919300
16131012130712130920100
16131012130712130920900
16131012130712130921700
16131012130712130922500
16131012130712130923300
16131012130712130924100
16131012130712130924800
16131012130712130925600
16131012130712130926400
16131012130712130927200
16131012130712130927900
16131012130712130928700
16131012130712130929500
16131012130712130930300
16131012130712130931100
16131012130712130931800
16131012130712130932600
16131012130712130933300
16131012130712130934100
16131012130712130934800
16131012130712130935500
16131012130712130936300
16131012130712130937000
16131012130712130937700
16131012130712130938400
16131012130712130939200
16131012130712130940000
16131012130712130940900
16131012130712130941800
16131012130712130942900
16131012130713100347400
16131012130713100348500
16131012130713100349600
16131012130713100350600
16131012130713100351500
16131012130713100352500
16131012130713100353400
16131012130713100354400
16131012130713100355300
16131012130713100356200
16131012130713100357100
16131012130713100358000
16131012130713100358800
16131012130713100359700
16131012130713100400600
16131012130713100401400
16131012130713100402200
16131012130713100403100
16131012130713100403900
16131012130713100404700
16131012130713100405500
16131012130713100406300
16131012130713100407100
16131012130713100408000
16131012130713100408800
16131012130713100409600
16131012130713100410500
16131012130713100411300
16131012130713100412100
16131012130713100412900
16131012130713100413700
16131012130713100414500
16131012130713100415300
16131012130713100416100
16131012130713100416900
16131012130713100417800
16131012130713100418600
16131012130713100419400
16131012130713100420200
16131012130713100421100
16131012130713100421900
16131012130713100422700
16131012130713100423500
16131012130713100424400
16131012130713100425200
16131012130713100426000
16131012130713100426800
16131012130713100427600
16131012130713100428400
16131012130713100429200
16131012130713100430000
16131012130713100430800
16131012130713100431700
16131012130713100432500
16131012130713100433300
16131012130713100434100
16131012130713100434900
16131012130713100435700
16131012130713100436500
16131012130713100437300
16131012130713100438000
16131012130713100438800
16131012130713100439600
16131012130713100440300
16131012130713100441100
16131012130713100441800
16131012130713100442600
16131012130713100443300
16131012130713100444100
16131012130713100444800
16131012130713100445600
16131012130713100446400
16131012130713100447200
16131012130713100447900
16131012130713100448700
16131012130713100449400
16131012130713100450200
16131012130713100450900
16131012130713100451700
16131012130713100452500
16131012130713100453300
16131012130713100454000
16131012130713100454800
16131012130713100455500
16131012130713100456300
16131012130713100457100
16131012130713100457900
16131012130713100458600
16131012130713100459400
16131012130713100500200
16131012130713100501000
16131012130713100501700
16131012130713100502500
16131012130713100503300
16131012130713100504100
16131012130713100504900
16131012130713100505800
16131012130713100506600
16131012130713100507400
16131012130713100508300
16131012130713100509100
16131012130713100510000
16131012130713100510800
16131012130713100511700
16131012130713100512600
16131012130713100513400
16131012130713100514300
16131012130713100515200
16131012130713100516000
16131012130713100516900
16131012130713100517800
16131012130713100518600
16131012130713100519400
16131012130713100520200
16131012130713100521000
16131012130713100521800
16131012130713100522600
16131012130713100523500
16131012130713100524200
16131012130713100525000
16131012130713100525800
16131012130713100526600
16131012130713100527500
16131012130713100528300
16131012130713100529200
16131012130713100530000
16131012130713100531000
16131012130713100531900
16131012130713100532900
16131012130713100534400
16131012130713100536100
16131012130713100538700
16131012130713100540800
16131012130713100929200
16131012130713100930200
16131012130713100931200
16131012130713100932100
16131012130713100933000
16131012130713100933800
16131012130713100934600
16131012130713100935400
16131012130713100936200
16131012130713100937000
16131012130713100937800
16131012130713100938600
16131012130713100939400
16131012130713100940200
16131012130713100940900
16131012130713100941700
16131012130713100942500
16131012130713100943300
16131012130713100944000
16131012130713100944800
16131012130713100945600
16131012130713100946400
16131012130713100947200
16131012130713100948000
16131012130713100948800
16131012130713100949600
16131012130713100950400
16131012130713100951200
16131012130713100952000
16131012130713100952800
16131012130713100953600
16131012130713100954400
16131012130713100955200
16131012130713100956000
16131012130713100956800
16131012130713100957600
16131012130713100958300
16131012130713100959100
16131012130713100959900
16131012130713101000600
16131012130713101001400
16131012130713101002100
16131012130713101002900
16131012130713101003600
16131012130713101004400
16131012130713101005200
16131012130713101006000
16131012130713101006800
16131012130713101007600
16131012130713101008400
16131012130713101009200
16131012130713101010000
16131012130713101010700
16131012130713101011500
16131012130713101012300
16131012130713101013100
16131012130713101013900
16131012130713101014700
16131012130713101015400
16131012130713101016200
16131012130713101017000
16131012130713101017800
16131012130713101018600
16131012130713101019300
16131012130713101020100
16131012130713101020900
16131012130713101021700
16131012130713101022500
16131012130713101023200
16131012130713101024000
16131012130713101024800
16131012130713101025500
16131012130713101026300
16131012130713101027100
16131012130713101027900
16131012130713101028700
16131012130713101029400
16131012130713101030200
16131012130713101031000
16131012130713101031800
16131012130713101032600
16131012130713101033400
16131012130713101034200
16131012130713101035100
16131012130713101035900
16131012130713101036700
16131012130713101037500
16131012130713101038400
16131012130713101039200
16131012130713101040000
16131012130713101040900
16131012130713101041700
16131012130713101042500
16131012130713101043400
16131012130713101044200
16131012130713101045000
16131012130713101045900
16131012130713101046700
16131012130713101047500
16131012130713101048400
16131012130713101049200
16131012130713101050000
16131012130713101050900
16131012130713101051700
16131012130713101052500
16131012130713101053300
16131012130713101054100
16131012130713101054900
16131012130713101055700
16131012130713101056400
16131012130713101057200
16131012130713101058000
16131012130713101058700
16131012130713101059500
16131012130713101100200
16131012130713101101000
16131012130713101101700
16131012130713101102400
16131012130713101103200
16131012130713101103900
16131012130713101104700
16131012130713101105500
16131012130713101106300
16131012130713101107100
16131012130713101107900
16131012130713101108700
16131012130713101109600
16131012130713101110500
16131012130713101111400
16131012130713101112400
16131012130713101113400
16131012130713101114500
16131012130713093645000
16131012130713093646600
16131012130713093648100
16131012130713093649900
16131012130713093652200
16131012130713093654700
16131012130713093658700
16131012130713093701400
16131012130713093703900
16131012130713093706200
16131012130713093708600
16131012130713093711200
16131012130713093713800
16131012130713093716800
16131012130713093719900
16131012130713093723100
16131012130713093726900
16131012130713093731300
16131012130713093736300
16131012130713093742400
16131012130713093745700
16131012130713093749800
16131012130713093753300
16131012130713093758200
16131012130713093803000
16131012130713093806800
16131012130713093811100
16131012130713093814500
16131012130713093817100
16131012130713093819600
16131012130713093824600
16131012130713093827100
16131012130713093828900
16131012130713093830700
16131012130713093832300
16131012130713093834000
16131012130713093835700
16131012130713093837300
16131012130713093838800
16131012130713093840400
16131012130713093842000
16131012130713093843600
16131012130713093845300
16131012130713093847000
16131012130713093848600
16131012130713093850500
16131012130713093852500
16131012130713093854200
16131012130713093856100
16131012130713093858400
16131012130713093900600
16131012130713093902500
16131012130713093904300
16131012130713093905900
16131012130713093907600
16131012130713093909100
16131012130713093910600
16131012130713093912400
16131012130713093914400
16131012130713093916000
16131012130713093917600
16131012130713093919000
16131012130713093920500
16131012130713093922000
16131012130713093923400
16131012130713093924800
16131012130713093926300
16131012130713093927700
16131012130713093929000
16131012130713093930400
16131012130713093931800
16131012130713093933400
16131012130713093934900
16131012130713093936400
16131012130713093937900
16131012130713093939400
16131012130713093941100
16131012130713093943300
16131012130713093946100
16131012130713093948500
16131012130713093950400
16131012130713093952700
16131012130713093955500
16131012130713093957500
16131012130713094002600
16131012130713094004500
16131012130713094006300
16131012130713094008000
16131012130713094009600
16131012130713094011000
16131012130713094012500
16131012130713094014000
16131012130713094015500
16131012130713094016900
16131012130713094018200
16131012130713094019500
16131012130713094020900
16131012130713094026600
16131012130713094027900
16131012130713094029300
16131012130713094030700
16131012130713094031900
16131012130713094033200
16131012130713094034500
16131012130713094035900
16131012130713094037200
16131012130713094038600
16131012130713094039900
16131012130713094041200
16131012130713094042500
16131012130713094043900
16131012130713094045300
16131012130713094046800
16131012130713094048200
16131012130713094049500
16131012130713094050800
16131012130713094052100
16131012130713094053300
16131012130713094054500
16131012130713094055700
16131012130713094056800
16131012130713094058000
16131012130713094059300
16131012130713094100600
16131012130713094101900
16131012130713094103100
16131012130713094104400
16131012130713094105700
16131012130713094107100
16131012130713094108300
16131012130713094109500
16131012130713094116800
16131012130713094118500
16131012130713094120600
16131012130713094124500
16131012130713094127700
16131012130713094129600
16131012130713094131100
16131012130713094132400
16131012130713094133800
16131012130713094135000
16131012130713094136200
16131012130713094137300
16131012130713094138300
16131012130713094139200
16131012130713094140100
16131012130713094141100
16131012130713094142000
16131012130713094143100
16131012130713094144400
16131012130713094145900
16131012130713094147200
16131012130713094148300
16131012130713094149400
16131012130713094150300
16131012130713094151300
16131012130713094152100
16131012130713094153000
16131012130713094153900
16131012130713094154800
16131012130713094155700
16131012130713094156500
16131012130713094157400
16131012130713094158400
16131012130713094159400
16131012130713094200600
16131012130713094202100
16131012130713094204800
16131012130713095930200
16131012130713095931900
16131012130713095933300
16131012130713095934500
16131012130713095935500
16131012130713095936500
16131012130713095937400
16131012130713095938200
16131012130713095939100
16131012130713095939900
16131012130713095940700
16131012130713095941500
16131012130713095942300
16131012130713095943100
16131012130713095943900
16131012130713095944700
16131012130713095945500
16131012130713095946400
16131012130713095947400
16131012130713095948400
16131012130713095949400
16131012130713095950600
16131012130713095951800
16131012130713095953100
16131012130713095954400
16131012130713095955700
16131012130713095957000
16131012130713095958600
16131012130713100000400
16131012130713100002300
16131012130713100004500
16131012130713112905800
16131012130713112907300
16131012130711112357200
16131012130711112359100
16131012130711112400800
16131012130711112402300
16131012130711112403700
16131012130711112405100
16131012130711112406800
16131012130711112408300
16131012130711112409600
16131012130711112410800
16131012130711112412000
16131012130711112413200
16131012130711112414500
16131012130711112416000
16131012130711112417500
16131012130711112418800
16131012130711112420100
16131012130711112421300
16131012130711112422500
16131012130711112423600
16131012130711112424600
16131012130711112425600
16131012130711112426500
16131012130711112427400
16131012130711112428400
16131012130711112429500
16131012130711112430900
16131012130711112432400
16131012130711112434000
16131012130711112435300
16131012130711112436600
16131012130711112437800
16131012130711112438900
16131012130711112439900
16131012130711112440900
16131012130711112441800
16131012130711112442700
16131012130711112443600
16131012130711112444600
16131012130711112445500
16131012130711112446600
16131012130711112447600
16131012130711112448600
16131012130711112449700
16131012130711112450700
16131012130711112451700
16131012130711112452800
16131012130711112453800
16131012130711112454700
16131012130711112455700
16131012130711112456700
16131012130711112457700
16131012130711112458700
16131012130711112459700
16131012130711112500800
16131012130711112501800
16131012130711112502800
16131012130711112503700
16131012130711112504700
16131012130711112505700
16131012130711112506700
16131012130711112507700
16131012130711112508700
16131012130711112509600
16131012130711112510600
16131012130711112511500
16131012130711112512400
16131012130711112513300
16131012130711112514200
16131012130711112515100
16131012130711112515900
16131012130711112516800
16131012130711112517600
16131012130711112518400
16131012130711112519200
16131012130711112520000
16131012130711112520800
16131012130711112521600
16131012130711112522400
16131012130711112523300
16131012130711112524100
16131012130711112525000
16131012130711112525800
16131012130711112526700
16131012130711112527700
16131012130711112528900
16131012130711112530500
16131012130711112532100
16131012130711112533400
16131012130711112534500
16131012130711112535500
16131012130711112536500
16131012130711112537400
16131012130711112538300
16131012130711112539200
16131012130711112540100
16131012130711112541300
16131012130711112542800
16131012130711112544400
16131012130711112545800
16131012130711112547200
16131012130711112548900
16131012130711112550900
16131012130711112553200
16131012130711112555500
16131012130711112605600
16131012130711112609000
16131012130711112610900
16131012130711112612500
16131012130711112614000
16131012130711112615500
16131012130711112616800
16131012130711112618000
16131012130711112619100
16131012130711112620200
16131012130711112621300
16131012130711112622400
16131012130711112623600
16131012130711112624600
16131012130711112625700
16131012130711112626800
16131012130711112627800
16131012130711112628800
16131012130711112629800
16131012130711112630900
16131012130711112632000
16131012130711112633200
16131012130711112634400
16131012130711112635700
16131012130711112637000
16131012130711112638300
16131012130711112639500
16131012130711112640800
16131012130711112642000
16131012130711112643200
16131012130711112644400
16131012130711112645800
16131012130711112647300
16131012130711112648800
16131012130711112650300
16131012130711112651600
16131012130711112653000
16131012130711112654300
16131012130711112655700
16131012130711112657100
16131012130711112658400
16131012130711112659700
16131012130711112701000
16131012130711112702300
16131012130711112703700
16131012130711112705200
16131012130711112706900
16131012130711112708900
16131012130711112710900
16131012130711112712900
16131012130711112715600
16131012130711112718100
16131012130711112720500
16131012130711112723000
16131012130711112725000
16131012130711112726600
16131012130711112728300
16131012130711112729900
16131012130711112731300
16131012130711112732800
16131012130711112734400
16131012130711112736300
16131012130711112737900
16131012130711112739400
16131012130711112740800
16131012130711112742200
16131012130711112743600
16131012130711112745100
16131012130711112746600
16131012130711112748000
16131012130711112749400
16131012130711112750900
16131012130711112752400
16131012130711112753800
16131012130711112755200
16131012130711112756600
16131012130711112758100
16131012130711112759800
16131012130711112801600
16131012130711112803300
16131012130711112804900
16131012130711112806900
16131012130711112808900
16131012130711112811200
16131012130711112813700
16131012130711112816200
16131012130711112818700
16131012130711112822300
16131012130711112824700
16131012130711112907300
16131012130711112912300
16131012130711112914900
16131012130711112917300
16131012130711112919500
16131012130711112921600
16131012130711112923500
16131012130711112925200
16131012130711112926800
16131012130711112928300
16131012130711112929700
16131012130711112931100
16131012130711112932700
16131012130711112934500
16131012130711112936400
16131012130711112938300
16131012130711112939700
16131012130711112940800
16131012130711112941800
16131012130711112942700
16131012130711112943600
16131012130711112944400
16131012130711112945200
16131012130711112946000
16131012130711112946800
16131012130711112947600
16131012130711112948500
16131012130711112949400
16131012130711112950300
16131012130711112951200
16131012130711112952200
16131012130711112953400
16131012130711112954800
16131012130711113004100
16131012130711113007400
16131012130711113009800
16131012130711113011800
16131012130711113013300
16131012130711113014500
16131012130711113015500
16131012130711113016500
16131012130711113017500
16131012130711113018600
16131012130711113019600
16131012130711113020800
16131012130711113022300
16131012130711113024900
16131012130711113027600
16131012130711113029100
16131012130711113030400
16131012130711113031500
16131012130711113032500
16131012130711113033400
16131012130711113034300
16131012130711113035200
16131012130711113036200
16131012130711113037200
16131012130711113038300
16131012130711113039300
16131012130711113040200
16131012130711113041100
16131012130711113042000
16131012130711113042900
16131012130711113043900
16131012130711113044800
16131012130711113045800
16131012130711113046900
16131012130711113048100
16131012130711113049400
16131012130711113050700
16131012130711113051900
16131012130711113053100
16131012130711113054300
16131012130711113055300
16131012130711113056300
16131012130711113057300
16131012130711113058300
16131012130711113059500
16131012130711113100800
16131012130711113102200
16131012130711113103600
16131012130711113105100
16131012130711113106600
16131012130711113107900
16131012130711113109400
16131012130711113110700
16131012130711113111800
16131012130711113112900
16131012130711113114100
16131012130711113115200
16131012130711113116400
16131012130711113117500
16131012130711113118500
16131012130711113119400
16131012130711113120400
16131012130711113121300
16131012130711113122500
16131012130711113124500
16131012130711113135700
16131012130711113137800
16131012130711113139200
16131012130711113140400
16131012130712131008000
16131012130712131008900
16131012130712131009800
16131012130712131010600
16131012130712131011400
16131012130712131012200
16131012130712131013000
16131012130712131013700
16131012130712131014400
16131012130712131015100
16131012130712131015800
16131012130712131016500
16131012130712131017200
16131012130712131018000
16131012130712131018700
16131012130712131019400
16131012130712131020200
16131012130712131021000
16131012130712131021800
16131012130712131022500
16131012130712131023300
16131012130712131024100
16131012130712131024900
16131012130712131025700
16131012130712131026500
16131012130712131027200
16131012130712131028000
16131012130712131028800
16131012130712131029600
16131012130712131030300
16131012130712131031100
16131012130712131031900
16131012130712131032700
16131012130712131033500
16131012130712131034300
16131012130712131035100
16131012130712131035900
16131012130712131036700
16131012130712131037400
16131012130712131038200
16131012130712131039000
16131012130712131039800
16131012130712131040600
16131012130712131041400
16131012130712131042100
16131012130712131042900
16131012130712131043700
16131012130712131044500
16131012130712131045300
16131012130712131046100
16131012130712131046900
16131012130712131047700
16131012130712131048500
16131012130712131049300
16131012130712131050100
16131012130712131050900
16131012130712131051700
16131012130712131052500
16131012130712131053300
16131012130712131054000
16131012130712131054800
16131012130712131055600
16131012130712131056300
16131012130712131057100
16131012130712131057900
16131012130712131058700
16131012130712131059500
16131012130712131100300
16131012130712131101000
16131012130712131101800
16131012130712131102600
16131012130712131103400
16131012130712131104200
16131012130712131105000
16131012130712131105800
16131012130712131106600
16131012130712131107400
16131012130712131108200
16131012130712131109000
16131012130712131109800
16131012130712131110600
16131012130712131111400
16131012130712131112200
16131012130712131113000
16131012130712131113700
16131012130712131114500
16131012130712131115300
16131012130712131116000
16131012130712131116700
16131012130712131117500
16131012130712131118200
16131012130712131119000
16131012130712131119700
16131012130712131120500
16131012130712131121300
16131012130712131122000
16131012130712131122800
16131012130712131123600
16131012130712131124300
16131012130712131125100
16131012130712131125900
16131012130712131126700
16131012130712131127500
16131012130712131128300
16131012130712131129100
16131012130712131129900
16131012130712131130700
16131012130712131131500
16131012130712131132300
16131012130712131133100
16131012130712131133800
16131012130712131134600
16131012130712131135400
16131012130712131136200
16131012130712131137000
16131012130712131137800
16131012130712131138700
16131012130712131139500
16131012130712131140300
16131012130712131141100
16131012130712131141900
16131012130712131142800
16131012130712131143600
16131012130712131147800
16131012130712131148600
16131012130712131149400
16131012130712131150200
16131012130712131151000
16131012130712131151800
16131012130712131152600
16131012130712131153400
16131012130712131154100
16131012130712131155000
16131012130712131155800
16131012130712131156600
16131012130712131157500
16131012130712131158300
16131012130712131159200
16131012130712131200000
16131012130712131200800
16131012130712131201600
16131012130712131202400
16131012130712131203200
16131012130712131204000
16131012130712131204700
16131012130712131205500
16131012130712131206300
16131012130712131207000
16131012130712131207800
16131012130712131208600
16131012130712131209200
16131012130712131210000
16131012130712131210800
16131012130712131211600
16131012130712131212600
16131012130712131213500
16131012130712131214500
16131012130712131215300
16131012130712131216200
16131012130712131217100
16131012130712131217900
16131012130712131218700
16131012130712131219400
16131012130712131220200
16131012130712131221100
16131012130712131221900
16131012130712131222700
16131012130712131223600
16131012130712131224400
16131012130712131225200
16131012130712131226000
16131012130712131226900
16131012130712131227700
16131012130712131228500
16131012130712131229300
16131012130712131230100
16131012130712131230900
16131012130712131231700
16131012130712131232500
16131012130712131233200
16131012130712131234000
16131012130712131234700
16131012130712131235500
16131012130712131236300
16131012130712131237000
16131012130712131237800
16131012130712131238500
16131012130712131239300
16131012130712131240100
16131012130712131240800
16131012130712131241600
16131012130712131242400
16131012130712131243100
16131012130712131243800
16131012130712131244600
16131012130712131245300
16131012130712131246100
16131012130712131246900
16131012130712131247700
16131012130712131248500
16131012130712131249300
16131012130712131250100
16131012130712131250800
16131012130712131251600
16131012130712131252300
16131012130712131253100
16131012130712131253800
16131012130712131254600
16131012130712131255300
16131012130712131256100
16131012130712131256800
16131012130712131257600
16131012130712131258300
16131012130712131259100
16131012130712131259800
16131012130712131300500
16131012130712131301300
16131012130712131302000
16131012130712131302800
16131012130712131303600
16131012130712131304300
16131012130712131305100
16131012130712131305900
16131012130712131306700
16131012130712131307500
16131012130712131308300
16131012130712131309100
16131012130712131309900
16131012130712131310700
16131012130712131311400
16131012130712131312200
16131012130712131313000
16131012130712131313700
16131012130712131314500
16131012130712131315300
16131012130712131316100
16131012130712131316900
16131012130712131317700
16131012130712131318500
16131012130712131319200
16131012130712131320000
16131012130712131320800
16131012130712131321600
16131012130712131322300
16131012130712131323100
16131012130712131323900
16131012130712131324700
16131012130712131325500
16131012130712131326300
16131012130712131327000
16131012130712131327800
16131012130712131328600
16131012130712131329300
16131012130712131330100
16131012130712131330900
16131012130712131331700
16131012130712131332500
16131012130712131333300
16131012130712131334000
16131012130712131334800
16131012130712131335600
16131012130712131336300
16131012130712131337100
16131012130712131337900
16131012130712131338700
16131012130712131339500
16131012130712131340200
16131012130712131341000
16131012130712131341700
16131012130712131342500
16131012130712131343200
16131012130712131343900
16131012130712131344700
16131012130712131345400
16131012130712131346200
16131012130712131602200
16131012130712131603100
16131012130712131603900
16131012130712131604700
16131012130712131605500
16131012130712131606300
16131012130712131607100
16131012130712131607900
16131012130712131608800
16131012130712131609600
16131012130712131610400
16131012130712131611200
16131012130712131612000
16131012130712131612800
16131012130712131613600
16131012130712131614400
16131012130712131615200
16131012130712131616000
16131012130712131616800
16131012130712131617500
16131012130712131618300
16131012130712131619100
16131012130712131619900
16131012130712131620700
16131012130712131621500
16131012130712131622300
16131012130712131623000
16131012130712131623800
16131012130712131624500
16131012130712131625300
16131012130712131626100
16131012130712131626900
16131012130712131627700
16131012130712131628500
16131012130712131629300
16131012130712131630000
16131012130712131630800
16131012130712131631600
16131012130712131632400
16131012130712131633200
16131012130712131633900
16131012130712131634700
16131012130712131635400
16131012130712131636200
16131012130712131636900
16131012130712131637700
16131012130712131638400
16131012130712131639200
16131012130712131639900
16131012130712131640700
16131012130712131641400
16131012130712131642200
16131012130712131643000
16131012130712131643700
16131012130712131644500
16131012130712131645200
16131012130712131646000
16131012130712131646800
16131012130712131647600
16131012130712131648300
16131012130712131649100
16131012130712131650000
16131012130712131650900
16131012130712131651800
16131012130712131652800
16131012130712131653800
16131012130712131654900
16131012130712131656100
16131012130712131657200
16131012130712131658300
16131012130712131659500
16131012130712131700600
16131012130712131701700
16131012130712131702800
16131012130712131703800
16131012130712131704700
16131012130712131705700
16131012130712131706600
16131012130712131707500
16131012130712131708400
16131012130712131709400
16131012130712131710300
16131012130712131711200
16131012130712131712200
16131012130712131713100
16131012130712131714000
16131012130712131714900
16131012130712131715800
16131012130712131716700
16131012130712123521500
16131012130712123524600
16131012130712123527600
16131012130712123530500
16131012130712123533500
16131012130712123535600
16131012130712123537500
16131012130712123539300
16131012130712123541300
16131012130712123543200
16131012130712123545000
16131012130712123546700
16131012130712123548400
16131012130712123550700
16131012130712123553000
16131012130712123555000
16131012130712123557100
16131012130712123559300
16131012130712123601700
16131012130712123604100
16131012130712124227900
16131012130712124229800
16131012130712124231700
16131012130712124233800
16131012130712124235900
16131012130712124238400
16131012130712124245200
16131012130712124248200
16131012130712124250900
16131012130712124026000
16131012130712124030800
16131012130712124033800
16131012130712124036200
16131012130712124038300
16131012130712124040200
16131012130712124042100
16131012130712124044000
16131012130712124045900
16131012130712124047700
16131012130712124049600
16131012130712124052100
16131012130712124054800
16131012130712124057700
16131012130712124100200
16131012130712124102600
16131012130712124104800
16131012130712124106900
16131012130712124109100
16131012130712124111500
16131012130712124115400
16131012130712124118500
16131012130712124121100
16131012130712124123500
16131012130712124125500
16131012130712124127200
16131012130712124128700
16131012130712124130100
16131012130712124131600
16131012130712124133100
16131012130712124134700
16131012130712124136300
16131012130712124137900
16131012130712124139400
16131012130712124140900
16131012130712124142500
16131012130712124144300
16131012130712124146900
16131012130712124148500
16131012130713105613600
16131012130713105615900
16131012130713105618000
16131012130713105619600
16131012130713105621000
16131012130713105622300
16131012130713105623400
16131012130713105624500
16131012130713105625500
16131012130713105626500
16131012130713105627500
16131012130713105628400
16131012130713105629400
16131012130713105630300
16131012130713105631300
16131012130713105632400
16131012130713105633500
16131012130713105634800
16131012130713105636500
16131012130713105639400
16131012130713105641300
16131012130712130943900
16131012130712130945000
16131012130712130946100
16131012130712130947200
16131012130712130948300
16131012130712130949400
16131012130712130950400
16131012130712130951400
16131012130712130952300
16131012130712130953300
16131012130712130954200
16131012130712130955100
16131012130712130956000
16131012130712130956900
16131012130712130957900
16131012130712130958800
16131012130712130959700
16131012130712131000600
16131012130712131001400
16131012130712131002200
16131012130712131003000
16131012130712131003800
16131012130712131004600
16131012130712131005400
16131012130712131006300
16131012130712131007200
16131012130713103539100
16131012130713103542600
16131012130713103544200
16131012130713103545600
16131012130713103546900
16131012130713103548000
16131012130713103549100
16131012130713103550100
16131012130713103551100
16131012130713103552100
16131012130713103553100
16131012130713103554000
16131012130713103555000
16131012130713103555900
16131012130713103556800
16131012130713103557700
16131012130713103558600
16131012130713103559500
16131012130713103600400
16131012130713103601400
16131012130713103602300
16131012130713103603200
16131012130713103604200
16131012130713103605200
16131012130713103606200
16131012130713103607400
16131012130713103609100
16131012130713103612100
16131012130713103620400
16131012130713103622900
16131012130713103624600
16131012130713103625900
16131012130713103627100
16131012130713103628200
16131012130713103629300
16131012130713103630300
16131012130713103631300
16131012130713103632200
16131012130713103633200
16131012130713103634200
16131012130713103635300
16131012130713103636300
16131012130713103637300
16131012130713103638300
16131012130713103639300
16131012130713103640300
16131012130713103641200
16131012130713103642100
16131012130713103643100
16131012130713103644100
16131012130713103645000
16131012130713103646000
16131012130713103647100
16131012130713103648500
16131012130713103651000
16131012130713103653100
16131012130711144342000
16131012130711144344200
16131012130711144345900
16131012130711144351300
16131012130711144352500
16131012130711144353800
16131012130711144355100
16131012130711144356400
16131012130711144357600
16131012130711144358800
16131012130711144400000
16131012130711144401300
16131012130711144403000
16131012130711144405300
16131012130711144408400
16131012130711144410500
16131012130711144412100
16131012130711144413600
16131012130711144414900
16131012130711144416200
16131012130711144417500
16131012130711144418800
16131012130711144420100
16131012130711144421500
16131012130711144422900
16131012130711144424200
16131012130711144425500
16131012130711144426900
16131012130711144428700
16131012130711144508300
16131012130711144509900
16131012130711144511500
16131012130711144513100
16131012130711144514500
16131012130711144516100
16131012130711144517700
16131012130711144519000
16131012130711144520200
16131012130711144521300
16131012130711144522300
16131012130711144523400
16131012130711144524400
16131012130711144525400
16131012130711144526400
16131012130711144527200
16131012130711144528200
16131012130711144529100
16131012130711144530000
16131012130711144531000
16131012130711144531900
16131012130711144532800
16131012130711144533700
16131012130711144534600
16131012130711144535500
16131012130711144536300
16131012130711144537200
16131012130711144538100
16131012130711144538900
16131012130711144539700
16131012130711144540600
16131012130711144541400
16131012130711144542200
16131012130711144543100
16131012130711144543900
16131012130711144544800
16131012130711144545800
16131012130711144546800
16131012130711144547900
16131012130711144549000
16131012130711144550200
16131012130711144551300
16131012130711144552400
16131012130711144553500
16131012130711144554600
16131012130711144555600
16131012130711144556600
16131012130711144557600
16131012130711144558600
16131012130711144559500
16131012130711144600400
16131012130711144601400
16131012130711144602300
16131012130711144603400
16131012130711144604600
16131012130711144606000
16131012130711144607700
16131012130711144609800
16131012130711144611400
16131012130711144612800
16131012130712105320500
16131012130712105323300
16131012130712105325900
16131012130712105329200
16131012130712105331300
16131012130712105333300
16131012130712105335300
16131012130712105337000
16131012130712105338500
16131012130712105340000
16131012130712105341400
16131012130712105342700
16131012130712105344000
16131012130712105345200
16131012130712105346400
16131012130712105347600
16131012130712105348700
16131012130712105349800
16131012130712105350900
16131012130712105352000
16131012130712105353100
16131012130712105354200
16131012130712105355200
16131012130712105356300
16131012130712105357500
16131012130712105358700
16131012130712105400100
16131012130712105401500
16131012130712105403000
16131012130712105404400
16131012130712105405500
16131012130712105406600
16131012130712105407800
16131012130712105408900
16131012130712105410000
16131012130712105411300
16131012130712105412500
16131012130712105413900
16131012130712105415300
16131012130712105416600
16131012130712105418100
16131012130712105419500
16131012130712105420900
16131012130712105422300
16131012130712105423700
16131012130712105425100
16131012130712105426500
16131012130712105427800
16131012130712105429200
16131012130712105430500
16131012130712105431800
16131012130712105433500
16131012130712105436700
16131012130712105439000
16131012130712105441100
16131012130712105443600
16131012130712105447300
16131012130713103109500
16131012130713103111700
16131012130713103113300
16131012130713103114500
16131012130713103115600
16131012130713103116600
16131012130713103117600
16131012130713103118700
16131012130713103119600
16131012130713103120600
16131012130713103121500
16131012130713103122400
16131012130713103123300
16131012130713103124200
16131012130713103125100
16131012130713103125900
16131012130713103126800
16131012130713103127600
16131012130713103128500
16131012130713103129300
16131012130713103130200
16131012130713103131100
16131012130713103132100
16131012130713103133200
16131012130713103134500
16131012130713103135900
16131012130713103137700
16131012130713103141800
16131012130713103147500
16131012130713103149600
16131012130713103151400
16131012130713103153300
16131012130713103155200
16131012130713103156900
16131012130713103158200
16131012130713103159500
16131012130713103200700
16131012130713103201800
16131012130713103203000
16131012130713103204100
16131012130713103205200
16131012130713103206200
16131012130713103207200
16131012130713103208300
16131012130713103209300
16131012130713103210200
16131012130713103211200
16131012130713103212200
16131012130713103213300
16131012130713103214300
16131012130713103215500
16131012130713103217000
16131012130713103218600
16131012130713103220900
16131012130713103225600
16131012130713103227800
16131012130713103229800
16131012130713103231900
16131012130713103234200
16131012130713103240200
16131012130713111842900
16131012130713111844100
16131012130713111845300
16131012130713111846300
16131012130713111847300
16131012130713111848300
16131012130713111849300
16131012130713111850200
16131012130713111851100
16131012130713111852100
16131012130713111853100
16131012130713111854000
16131012130713111854900
16131012130713111855800
16131012130713111856800
16131012130713111857900
16131012130713111858900
16131012130713111900000
16131012130713111901000
16131012130713111901900
16131012130713111902800
16131012130713111903700
16131012130713111904600
16131012130713111905400
16131012130713111906200
16131012130713111907000
16131012130713111907800
16131012130713111908700
16131012130713111909500
16131012130713111910300
16131012130713111911100
16131012130713111911900
16131012130713111912700
16131012130713111913500
16131012130713111914300
16131012130713111915100
16131012130713111915800
16131012130713111916600
16131012130713111917400
16131012130713111918300
16131012130713111919200
16131012130713111920200
16131012130713111921900
16131012130713111922900
16131012130711160638400
16131012130711160641500
16131012130711160643400
16131012130711160644900
16131012130711160646300
16131012130711160647500
16131012130711160648700
16131012130711160650000
16131012130711160651500
16131012130711160652900
16131012130711160654200
16131012130711160655500
16131012130711160656800
16131012130711160658100
16131012130711160659400
16131012130711160701800
16131012130711160702900
16131012130711160704100
16131012130711160705300
16131012130711160706600
16131012130711160707900
16131012130711160709000
16131012130711160710100
16131012130711160711200
16131012130711160712200
16131012130711160713200
16131012130711160714200
16131012130711160715200
16131012130711160716200
16131012130711160717300
16131012130711160718400
16131012130711160719500
16131012130711160720600
16131012130711160721700
16131012130711160722700
16131012130711160723700
16131012130711160724600
16131012130711160725600
16131012130711160726500
16131012130711160727600
16131012130711160729100
16131012130711160731200
16131012130711160733000
16131012130711160734500
16131012130711160735800
16131012130711160737000
16131012130711160738000
16131012130711160739100
16131012130711160740200
16131012130711160741300
16131012130711160742600
16131012130711160744000
16131012130711160745400
16131012130711160746700
16131012130711160747900
16131012130711160749100
16131012130711160750500
16131012130711160751800
16131012130711160753100
16131012130711160754400
16131012130711160755600
16131012130711160756800
16131012130711160757900
16131012130711160759200
16131012130711160800500
16131012130711160801900
16131012130711160803700
16131012130711160807000
16131012130711160810600
16131012130711160813000
16131012130711160814900
16131012130711160816900
16131012130711160820500
16131012130711160823300
16131012130711160825400
16131012130711160827300
16131012130711160829400
16131012130711160832000
16131012130711160833800
16131012130711160835300
16131012130711160836700
16131012130711160838100
16131012130711160840800
16131012130711160846900
16131012130711160851000
16131012130711160854400
16131012130711160858100
16131012130711160900100
16131012130711160901800
16131012130711160906600
16131012130711160910600
16131012130711160915000
16131012130711160917400
16131012130711160919400
16131012130711160921900
16131012130711160925100
16131012130711160928200
16131012130711160931100
16131012130711160951700
16131012130711160954300
16131012130711160956200
16131012130711160958300
16131012130711161000700
16131012130711161002800
16131012130711161004700
16131012130711161006700
16131012130711161009000
16131012130711161010900
16131012130711161013500
16131012130711161016700
16131012130711161020000
16131012130711161022200
16131012130711161023800
16131012130711161025300
16131012130711161026600
16131012130711161027800
16131012130711161029000
16131012130711161030300
16131012130711161031600
16131012130711161032800
16131012130711161033900
16131012130711161035100
16131012130711161036400
16131012130711161038300
16131012130711161040700
16131012130711161042300
16131012130711161043600
16131012130711161044700
16131012130711161045800
16131012130711161046800
16131012130711161047800
16131012130711161052600
16131012130711161053500
16131012130711161054400
16131012130711161055400
16131012130711161056300
16131012130711161057500
16131012130711161059000
16131012130711161100900
16131012130711161102400
16131012130711161103700
16131012130711161104800
16131012130711161105900
16131012130711161106800
16131012130711161107800
16131012130711161108800
16131012130711161109700
16131012130711161110700
16131012130711161111700
16131012130711161112700
16131012130711161113800
16131012130711161114900
16131012130711161115900
16131012130711161116900
16131012130711161118000
16131012130711161119100
16131012130711161120100
16131012130711161121100
16131012130711161122100
16131012130711161123000
16131012130711161124000
16131012130711161125000
16131012130711161125900
16131012130711161126800
16131012130711161127700
16131012130711161128600
16131012130711161129500
16131012130711161130400
16131012130711161131400
16131012130711161132800
16131012130711161134900
16131012130711161136800
16131012130711161138200
16131012130711161139400
16131012130711161140600
16131012130711161141600
16131012130711161142600
16131012130711161143500
16131012130711161144400
16131012130711161145300
16131012130711161146200
16131012130711161147100
16131012130711161148000
16131012130711161148900
16131012130711161149900
16131012130711161150900
16131012130711161151900
16131012130711161153100
16131012130711161154200
16131012130711161155200
16131012130711161156200
16131012130711161157200
16131012130711161158200
16131012130711161159100
16131012130711161200000
16131012130711161200900
16131012130711161201900
16131012130711161202800
16131012130711161203800
16131012130711161204800
16131012130711161205900
16131012130711161207300
16131012130711161209000
16131012130711161210600
16131012130711135012100
16131012130711135014700
16131012130711135016700
16131012130711135018300
16131012130711135019800
16131012130711135021300
16131012130711135022800
16131012130711135024200
16131012130711135025600
16131012130711135026900
16131012130711135028400
16131012130711135030100
16131012130711135031800
16131012130711135033600
16131012130711135035200
16131012130711135036800
16131012130711135038700
16131012130711135042000
16131012130711135047300
16131012130711135049600
16131012130711135051900
16131012130711135055200
16131012130711135059600
16131012130711135102400
16131012130711135104200
16131012130711135105800
16131012130711135107400
16131012130711135108900
16131012130711135110200
16131012130711135111700
16131012130711135113100
16131012130711135114400
16131012130711135115800
16131012130711135117200
16131012130711135119100
16131012130711135122000
16131012130711135124400
16131012130711135126400
16131012130711135128200
16131012130711135130200
16131012130711135131900
16131012130711135133700
16131012130711135135400
16131012130711135137000
16131012130711135138600
16131012130711135140100
16131012130711135141700
16131012130711135143400
16131012130711135145200
16131012130711135147900
16131012130711135150500
16131012130711135153000
16131012130711152018900
16131012130711152021700
16131012130711152024100
16131012130711152026200
16131012130711152028000
16131012130711152029800
16131012130711152031400
16131012130711152032900
16131012130711152034200
16131012130711152035500
16131012130711152036700
16131012130711152037800
16131012130711152039000
16131012130711152040100
16131012130711152041300
16131012130711152042400
16131012130711152043600
16131012130711152044800
16131012130711152046000
16131012130711152047100
16131012130711152048200
16131012130711152049300
16131012130711152050400
16131012130711152051400
16131012130711152052500
16131012130711152053600
16131012130711152054900
16131012130711152056400
16131012130711152058000
16131012130711152059500
16131012130711152100900
16131012130711152102300
16131012130711152103600
16131012130711152104900
16131012130711152106200
16131012130711152107500
16131012130711152108800
16131012130711152110300
16131012130711152111700
16131012130711152113100
16131012130711152114500
16131012130711152115900
16131012130711152117200
16131012130711152118500
16131012130711152120200
16131012130711152122400
16131012130711152124400
16131012130711152126000
16131012130711152127400
16131012130711152128600
16131012130711152129800
16131012130711152130900
16131012130711152131900
16131012130711152132900
16131012130711152133900
16131012130711152134900
16131012130711152135800
16131012130711152136800
16131012130711152137700
16131012130711152138700
16131012130711152139800
16131012130711152141100
16131012130711152145500
16131012130711152150100
16131012130711152152100
16131012130711152153700
16131012130711152155200
16131012130711152156400
16131012130711152157700
16131012130711152159000
16131012130711152200200
16131012130711152201400
16131012130711152202500
16131012130711152203900
16131012130711152205900
16131012130711152208000
16131012130711152210200
16131012130711152213500
16131012130711152226700
16131012130711152230200
16131012130711152232100
16131012130711152233600
16131012130711152235100
16131012130711152236400
16131012130711152237800
16131012130711152239000
16131012130711152240400
16131012130711152241800
16131012130711152243300
16131012130711152244800
16131012130711152246300
16131012130711152247800
16131012130711152249300
16131012130711152251100
16131012130711152259900
16131012130711152304300
16131012130711152313900
16131012130711152316000
16131012130711133608000
16131012130711133610300
16131012130711133611900
16131012130711133613300
16131012130711133614500
16131012130711133615600
16131012130711133616600
16131012130711133617600
16131012130711133618500
16131012130711133619500
16131012130711133620400
16131012130711133621400
16131012130711133622400
16131012130711133623400
16131012130711133624500
16131012130711133625700
16131012130711133627000
16131012130711133628400
16131012130711133629700
16131012130711133630900
16131012130711133632100
16131012130711133633200
16131012130711133634400
16131012130711133635600
16131012130711133637100
16131012130711133638600
16131012130711133640000
16131012130711133641300
16131012130711133642600
16131012130711133643700
16131012130711133644900
16131012130711133646200
16131012130711133647600
16131012130711133649000
16131012130711133650200
16131012130711133651300
16131012130711133652400
16131012130711133653400
16131012130711133654400
16131012130711133655400
16131012130711133656400
16131012130711133657300
16131012130711133658300
16131012130711133659300
16131012130711133700400
16131012130711133701400
16131012130711133702500
16131012130711133703700
16131012130711133705600
16131012130711133709200
16131012130711133712600
16131012130711133714300
16131012130711133715700
16131012130711133717000
16131012130711133718200
16131012130711133719300
16131012130711133720600
16131012130711133721800
16131012130711133723100
16131012130711133724400
16131012130711133725600
16131012130711133727000
16131012130711133728400
16131012130711133729900
16131012130711133731400
16131012130711133733200
16131012130711133737700
16131012130711133741300
16131012130711133743300
16131012130711133745100
16131012130711133746800
16131012130711133748700
16131012130711133751400
16131012130711133753400
16131012130711133755000
16131012130711133756400
16131012130711133757700
16131012130711133758900
16131012130711133800100
16131012130711133801200
16131012130711133802300
16131012130711133803300
16131012130711133804400
16131012130711133805500
16131012130711133806600
16131012130711133807600
16131012130711133808700
16131012130711133809700
16131012130711133810800
16131012130711133811800
16131012130711133812700
16131012130711133813700
16131012130711133814800
16131012130711133815800
16131012130711133816800
16131012130711133817800
16131012130711133818800
16131012130711133820000
16131012130711133821200
16131012130711133823000
16131012130711133833200
16131012130711133835600
16131012130711133837500
16131012130711133839700
16131012130711133842200
16131012130711104109100
16131012130711104110700
16131012130711104112000
16131012130711104113300
16131012130711104114600
16131012130711104115900
16131012130711104117400
16131012130711104119900
16131012130711104122900
16131012130711104124500
16131012130711104126100
16131012130711104127500
16131012130711104128700
16131012130711104130100
16131012130711104131600
16131012130711104133100
16131012130711104135000
16131012130711104139700
16131012130711104141700
16131012130711104143200
16131012130711104144600
16131012130711104145800
16131012130711104147100
16131012130711104148300
16131012130711104149400
16131012130711104150600
16131012130711104151600
16131012130711104152600
16131012130711104153600
16131012130711104154600
16131012130711104155700
16131012130711104156900
16131012130711104158200
16131012130711104159500
16131012130711104200700
16131012130711104201900
16131012130711104203000
16131012130711104204200
16131012130711104205200
16131012130711104206300
16131012130711104207400
16131012130711104208400
16131012130711104209600
16131012130711104210800
16131012130711104212000
16131012130711104213300
16131012130711104214600
16131012130711104216200
16131012130711104219100
16131012130711104227700
16131012130711104230100
16131012130711104231700
16131012130711104233100
16131012130711104234400
16131012130711104235600
16131012130711104236800
16131012130711104238000
16131012130711104239200
16131012130711104240300
16131012130711104241300
16131012130711104242200
16131012130711104243100
16131012130711104243900
16131012130711104244700
16131012130711104245400
16131012130711104246200
16131012130711104246900
16131012130711104247700
16131012130711104248500
16131012130711104249300
16131012130711104250300
16131012130711104251500
16131012130711104321100
16131012130711104324800
16131012130711104327100
16131012130711104329300
16131012130711104331300
16131012130711104332800
16131012130711104334000
16131012130711104335000
16131012130711104336000
16131012130711104336900
16131012130711104337700
16131012130711104338700
16131012130711104340000
16131012130711104344700
16131012130711104346500
16131012130711104347900
16131012130711104349200
16131012130711104350900
16131012130711104353300
16131012130711104358700
16131012130711104406800
16131012130711104409200
16131012130711104410800
16131012130711104412300
16131012130711104413600
16131012130711104414900
16131012130711104416100
16131012130711104417300
16131012130711104418400
16131012130711104419500
16131012130711104420800
16131012130711104422400
16131012130711104424100
16131012130711104425700
16131012130711104427000
16131012130711104428100
16131012130711104429200
16131012130711104430300
16131012130711104431300
16131012130711104432400
16131012130711104433500
16131012130711104434600
16131012130711104435800
16131012130711104437100
16131012130711104439500
16131012130711104444900
16131012130711104446700
16131012130711104448100
16131012130711104449400
16131012130711104450600
16131012130711104452000
16131012130711104453400
16131012130711104502100
16131012130711104504500
16131012130711104506200
16131012130711104507700
16131012130711104509100
16131012130711104510500
16131012130711104512500
16131012130711104514500
16131012130711104516100
16131012130711104517800
16131012130711104519700
16131012130711104521400
16131012130711104523200
16131012130711104524900
16131012130711104526600
16131012130711104533300
16131012130711104539100
16131012130711104544100
16131012130711104547100
16131012130711104549300
16131012130711104554200
16131012130711104557600
16131012130711104600700
16131012130711104603000
16131012130711104605400
16131012130711104611100
16131012130711104613700
16131012130711104616000
16131012130711104618100
16131012130711104620200
16131012130711104622200
16131012130711104624200
16131012130711104750300
16131012130711104754300
16131012130711104756700
16131012130711104758500
16131012130711104800000
16131012130711104801500
16131012130711104802900
16131012130711104804300
16131012130711104805600
16131012130711104806900
16131012130711104808200
16131012130711104809400
16131012130711104810800
16131012130711104812300
16131012130711104814200
16131012130711104817200
16131012130711104821100
16131012130711104823400
16131012130711104826100
16131012130711104830200
16131012130711104833700
16131012130711104838000
16131012130711104840700
16131012130711104842800
16131012130711104845500
16131012130711104847300
16131012130711104848900
16131012130711104850400
16131012130711104852200
16131012130711104855000
16131012130711104901100
16131012130711104911000
16131012130711104921800
16131012130711104935800
16131012130711104944200
16131012130711104951300
16131012130711104959600
16131012130711105003600
16131012130711105007700
16131012130711105018200
16131012130711105021100
16131012130711105024400
16131012130711105028100
16131012130711105030100
16131012130711105031800
16131012130711105033600
16131012130711105035600
16131012130711105038700
16131012130711105041200
16131012130711105043200
16131012130711105045200
16131012130711105048200
16131012130711105050500
16131012130711105053900
16131012130711105056100
16131012130711105059600
16131012130711105102400
16131012130711105104800
16131012130711105107400
16131012130711105110100
16131012130711105114700
16131012130711140217600
16131012130711140223000
16131012130711140230100
16131012130711140234700
16131012130711140237500
16131012130711140239900
16131012130711140241800
16131012130711140243500
16131012130711140245300
16131012130711140247100
16131012130711140249000
16131012130711140250700
16131012130711140252200
16131012130711140253800
16131012130711140255300
16131012130711140256800
16131012130711140258400
16131012130711140259900
16131012130711140301200
16131012130711140302500
16131012130711140303700
16131012130711140305100
16131012130711140306400
16131012130711140307800
16131012130711140309100
16131012130711140310300
16131012130711140311700
16131012130711140313100
16131012130711140314400
16131012130711140315800
16131012130711140317100
16131012130711140318500
16131012130711140319900
16131012130711140321200
16131012130711140322600
16131012130711140324300
16131012130711140326800
16131012130711140332400
16131012130711140335800
16131012130711140338800
16131012130711140342200
16131012130711140344100
16131012130711140346100
16131012130711140348200
16131012130711140350000
16131012130711140351600
16131012130711140353200
16131012130711140355000
16131012130711140356600
16131012130711140358100
16131012130711140359500
16131012130711140400800
16131012130711140402100
16131012130711140403400
16131012130711140404700
16131012130711140406000
16131012130711140407300
16131012130711140408500
16131012130711140409800
16131012130711140411100
16131012130711140412800
16131012130711140421400
16131012130711140433700
16131012130711140436900
16131012130711140439400
16131012130711140448700
16131012130711140451000
16131012130711140452800
16131012130711140454800
16131012130711140457000
16131012130711140458800
16131012130711140500500
16131012130711140502300
16131012130711140504000
16131012130711140505900
16131012130711140509100
16131012130711140512100
16131012130711140525400
16131012130711140527600
16131012130711140529500
16131012130711140532000
16131012130711103019300
16131012130711103022500
16131012130711103024600
16131012130711103026400
16131012130711103027900
16131012130711103029300
16131012130711103030500
16131012130711103031700
16131012130711103032800
16131012130711103033800
16131012130711103034800
16131012130711103035900
16131012130711103036900
16131012130711103037900
16131012130711103039000
16131012130711103040000
16131012130711103041000
16131012130711103042100
16131012130711103043200
16131012130711103044400
16131012130711103045600
16131012130711103047100
16131012130711103049300
16131012130711103053600
16131012130711103056600
16131012130711103058500
16131012130711103100300
16131012130711103101800
16131012130711103103200
16131012130711103104400
16131012130711103105700
16131012130711103107000
16131012130711103108300
16131012130711103109900
16131012130711103112000
16131012130711103114100
16131012130711103115700
16131012130711103117100
16131012130711103118300
16131012130711103119600
16131012130711103121000
16131012130711103123900
16131012130711103125800
16131012130711103127300
16131012130711103128700
16131012130711103130000
16131012130711103131300
16131012130711103132500
16131012130711103133700
16131012130711103135000
16131012130711103136500
16131012130711103138300
16131012130711103140100
16131012130711133033600
16131012130711133035800
16131012130711133037400
16131012130711133038700
16131012130711133039800
16131012130711133040900
16131012130711133041900
16131012130711133042900
16131012130711133043900
16131012130711133044900
16131012130711133045800
16131012130711133046700
16131012130711133047700
16131012130711133048600
16131012130711133049500
16131012130711133050400
16131012130711133051300
16131012130711133052100
16131012130711133053000
16131012130711133053900
16131012130711133054700
16131012130711133055600
16131012130711133056400
16131012130711133057300
16131012130711133058100
16131012130711133058900
16131012130711133059800
16131012130711133100600
16131012130711133101500
16131012130711133102400
16131012130711133103300
16131012130711133104300
16131012130711133105200
16131012130711133106100
16131012130711133107100
16131012130711133108100
16131012130711133109100
16131012130711133110000
16131012130711133110900
16131012130711133111800
16131012130711133112700
16131012130711133113500
16131012130711133114400
16131012130711133115300
16131012130711133116300
16131012130711133117300
16131012130711133118200
16131012130711133119200
16131012130711133120300
16131012130711133121400
16131012130711133122800
16131012130711133124800
16131012130711133128700
16131012130711133134900
16131012130711133139100
16131012130711145135500
16131012130711145137800
16131012130711145139700
16131012130711145141700
16131012130711145143400
16131012130711145145000
16131012130711145146400
16131012130711145147800
16131012130711145149100
16131012130711145150400
16131012130711145151700
16131012130711145153000
16131012130711145154400
16131012130711145157000
16131012130711145159100
16131012130711145201100
16131012130711145204100
16131012130711145206100
16131012130711145207600
16131012130711145209000
16131012130711145210300
16131012130711145211600
16131012130711145213000
16131012130711145214300
16131012130711145215600
16131012130711145216900
16131012130711145218100
16131012130711145219300
16131012130711145220400
16131012130711145221600
16131012130711145222800
16131012130711145224200
16131012130711145225700
16131012130711145227300
16131012130711145229200
16131012130711145231500
16131012130711145234200
16131012130711145236800
16131012130711145238800
16131012130711145240500
16131012130711145242600
16131012130711145245100
16131012130711145246700
16131012130711145248300
16131012130711145250300
16131012130711145252300
16131012130711145254600
16131012130711145258900
16131012130711145301200
16131012130711145303100
16131012130711145304700
16131012130711145306300
16131012130711145307900
16131012130711145309400
16131012130711145310700
16131012130711145312100
16131012130711145313600
16131012130711145316500
16131012130711145320800
16131012130711145322500
16131012130711145324200
16131012130711145325800
16131012130711145327200
16131012130711145328600
16131012130711145330100
16131012130711145331700
16131012130711145333200
16131012130711145334700
16131012130711145336200
16131012130711145337700
16131012130711145339100
16131012130711145340400
16131012130711145341600
16131012130711145342700
16131012130711145343800
16131012130711145344800
16131012130711145345800
16131012130711145346800
16131012130711145347800
16131012130711145348800
16131012130711145349800
16131012130711145350800
16131012130711145351800
16131012130711145352800
16131012130711145353900
16131012130711145356100
16131012130711145400800
16131012130711145403100
16131012130711145404700
16131012130711145406200
16131012130711145407600
16131012130711145409700
16131012130711145411600
16131012130711145413100
16131012130711145414500
16131012130711145415800
16131012130711145417100
16131012130712094710800
16131012130712094713400
16131012130712094715600
16131012130712094717500
16131012130712094719300
16131012130712094721200
16131012130712094723000
16131012130712094724700
16131012130712094726300
16131012130712094727700
16131012130712094729100
16131012130712094730400
16131012130712094731600
16131012130712094732800
16131012130712094734000
16131012130712094735100
16131012130712094736300
16131012130712094737500
16131012130712094738600
16131012130712094739700
16131012130712094740900
16131012130712094742000
16131012130712094743200
16131012130712094744400
16131012130712094745500
16131012130712094746700
16131012130712094748000
16131012130712094749200
16131012130712094750500
16131012130712094751800
16131012130712094753000
16131012130712094754200
16131012130712094755400
16131012130712094756600
16131012130712094757700
16131012130712094758900
16131012130712094800000
16131012130712094801100
16131012130712094802100
16131012130712094803200
16131012130712094804200
16131012130712094805300
16131012130712094806400
16131012130712094807500
16131012130712094808600
16131012130712094809700
16131012130712094810800
16131012130712094812000
16131012130712094813100
16131012130712094814400
16131012130712094815700
16131012130712094817000
16131012130712094818300
16131012130712094819600
16131012130712094820800
16131012130712094822000
16131012130712094823200
16131012130712094824400
16131012130712094825600
16131012130712094826700
16131012130712094827900
16131012130712094829100
16131012130712094830200
16131012130712094831400
16131012130712094832600
16131012130712094833700
16131012130712094834800
16131012130712094835900
16131012130712094836900
16131012130712094838000
16131012130712094839000
16131012130712094840100
16131012130712094841100
16131012130712094842200
16131012130712094843200
16131012130712094844300
16131012130712094845400
16131012130712094846400
16131012130712094847500
16131012130712094848700
16131012130712094849800
16131012130712094850900
16131012130712094852000
16131012130712094853000
16131012130712094854200
16131012130712094855600
16131012130712094856900
16131012130712094858200
16131012130712094859400
16131012130712094900600
16131012130712094901800
16131012130712094903000
16131012130712094904100
16131012130712094905100
16131012130712094906100
16131012130712094907000
16131012130712094908000
16131012130712094908900
16131012130712094909700
16131012130712094910600
16131012130712094911500
16131012130712094912400
16131012130712094913200
16131012130712094914100
16131012130712094914900
16131012130712094915800
16131012130712094916700
16131012130712094917500
16131012130712094918300
16131012130712094919200
16131012130712094920100
16131012130712094920900
16131012130712094921800
16131012130712094922600
16131012130712094923500
16131012130712094924300
16131012130712094925200
16131012130712094926200
16131012130712094927100
16131012130712094928100
16131012130712094929100
16131012130712094930200
16131012130712094931300
16131012130712094932400
16131012130712094933600
16131012130712094934700
16131012130712094935900
16131012130712094936900
16131012130712094937900
16131012130712094939000
16131012130712094940000
16131012130712094941100
16131012130712094942200
16131012130712094943300
16131012130712094944400
16131012130712094945500
16131012130712094946900
16131012130712094948500
16131012130712094950000
16131012130712094951200
16131012130712094952200
16131012130712094953200
16131012130712094954100
16131012130712094955000
16131012130712094955900
16131012130712094956700
16131012130712094957500
16131012130712094958300
16131012130712094959100
16131012130712094959900
16131012130712095000700
16131012130712095001500
16131012130712095002300
16131012130712095003200
16131012130712095004000
16131012130712095004900
16131012130712095005700
16131012130712095006600
16131012130712095007400
16131012130712095008300
16131012130712095009200
16131012130712095010100
16131012130712095011000
16131012130712095012000
16131012130712095012900
16131012130712095013900
16131012130712095014800
16131012130712095015700
16131012130712095016500
16131012130712095017400
16131012130712095018200
16131012130712095019100
16131012130712095019900
16131012130712095020700
16131012130712095021500
16131012130712095022300
16131012130712095023100
16131012130712095024000
16131012130712095024800
16131012130712095025700
16131012130712095026600
16131012130712095027400
16131012130712095028300
16131012130712095029100
16131012130712095029900
16131012130712095030700
16131012130712095031500
16131012130712095032300
16131012130712095033100
16131012130712095033800
16131012130712095034600
16131012130712095035300
16131012130712095036100
16131012130712095036900
16131012130712095037700
16131012130712095038400
16131012130712095039200
16131012130712095039900
16131012130712095040700
16131012130712095041500
16131012130712095042300
16131012130712095043000
16131012130712095043800
16131012130712095044700
16131012130712095045400
16131012130712095046200
16131012130712095047000
16131012130712095047800
16131012130712095048600
16131012130712095049400
16131012130712095050200
16131012130712095051000
16131012130712095051800
16131012130712095052700
16131012130712095053500
16131012130712095054300
16131012130712095055200
16131012130712095056100
16131012130712095057000
16131012130712095057800
16131012130712095058700
16131012130712095059500
16131012130712095100400
16131012130712095101200
16131012130712095102100
16131012130712095102900
16131012130712095103700
16131012130712095104500
16131012130712095105300
16131012130712095106100
16131012130712095106900
16131012130712095107800
16131012130712095108600
16131012130712095109400
16131012130712095110200
16131012130712095111000
16131012130712095111800
16131012130712095112600
16131012130712095113400
16131012130712095114200
16131012130712095115000
16131012130712095115800
16131012130712095116700
16131012130712095117500
16131012130712095118300
16131012130712095119100
16131012130712095120000
16131012130712095120800
16131012130712095121700
16131012130712095122600
16131012130712095123400
16131012130712095124400
16131012130712095125200
16131012130712095126100
16131012130712095127000
16131012130712095127800
16131012130712095128700
16131012130712095129500
16131012130712095130300
16131012130712095131200
16131012130712095132100
16131012130712095132900
16131012130712095133800
16131012130712095134600
16131012130712095135500
16131012130712095136300
16131012130712095137100
16131012130712095137900
16131012130712095138600
16131012130712095139400
16131012130712095140200
16131012130712095141000
16131012130712095141800
16131012130712095142600
16131012130712095143400
16131012130712095144200
16131012130712095145100
16131012130712095145900
16131012130712095146700
16131012130712095147500
16131012130712095148400
16131012130712095149200
16131012130712095150000
16131012130712095150900
16131012130712095151700
16131012130712095152600
16131012130712095153400
16131012130712095154300
16131012130712095155200
16131012130712095156000
16131012130712095156800
16131012130712095157600
16131012130712095158400
16131012130712095159300
16131012130712095200100
16131012130712095200900
16131012130712095201700
16131012130712095202500
16131012130712095203300
16131012130712095204000
16131012130712095204800
16131012130712095205600
16131012130712095206400
16131012130712095207200
16131012130712095208100
16131012130712095208900
16131012130712095209700
16131012130712095210500
16131012130712095211300
16131012130712095212100
16131012130712095212900
16131012130712095213700
16131012130712095214500
16131012130712095215300
16131012130712095216000
16131012130712095216800
16131012130712095217600
16131012130712095218400
16131012130712095219200
16131012130712095220000
16131012130712095220900
16131012130712095221700
16131012130712095222500
16131012130712095223300
16131012130712095224200
16131012130712095225000
16131012130712095225900
16131012130712095226800
16131012130712095227600
16131012130712095228500
16131012130712095229300
16131012130712095230100
16131012130712095231000
16131012130712095231800
16131012130712095232600
16131012130712095233400
16131012130712095234200
16131012130712095235000
16131012130712095235800
16131012130712095236700
16131012130712095237500
16131012130712095238400
16131012130712095239300
16131012130712095240100
16131012130712095241000
16131012130712095241900
16131012130712095242800
16131012130712095243600
16131012130712095244400
16131012130712095245200
16131012130712095246100
16131012130712095246900
16131012130712095247700
16131012130712095248500
16131012130712095249300
16131012130712095250100
16131012130712095250900
16131012130712095251700
16131012130712095252500
16131012130712095253300
16131012130712095254100
16131012130712095254900
16131012130712095255800
16131012130712095256600
16131012130712095257400
16131012130712095258200
16131012130712095259100
16131012130712095259900
16131012130712095300800
16131012130712095301600
16131012130712095302500
16131012130712095303300
16131012130712095304200
16131012130712095305100
16131012130712095306000
16131012130712095306900
16131012130712095307800
16131012130712095308600
16131012130712095309500
16131012130712095310400
16131012130712095311200
16131012130712095312100
16131012130712095313000
16131012130712095313800
16131012130712095314700
16131012130712095315500
16131012130712095316400
16131012130712095317200
16131012130712095318100
16131012130712095319000
16131012130712095319800
16131012130712095320700
16131012130712095321600
16131012130712095322500
16131012130712095323400
16131012130712095324300
16131012130712095325200
16131012130712095326000
16131012130712095326900
16131012130712095327700
16131012130712095328600
16131012130712095329400
16131012130712095330200
16131012130712095331000
16131012130712095331800
16131012130712095332600
16131012130712095333400
16131012130712095334200
16131012130712095335000
16131012130712095335800
16131012130712095336600
16131012130712095337400
16131012130712095338100
16131012130712095338900
16131012130712095339700
16131012130712095340500
16131012130712095341400
16131012130712095342200
16131012130712095343000
16131012130712095343900
16131012130712095344700
16131012130712095345600
16131012130712095346400
16131012130712095347200
16131012130712095348100
16131012130712095348900
16131012130712095349800
16131012130712095350600
16131012130712095351500
16131012130712095352300
16131012130712095353200
16131012130712095354100
16131012130712095354900
16131012130712095355800
16131012130712095356700
16131012130712095357500
16131012130712095358400
16131012130712095359200
16131012130712095400100
16131012130712095400900
16131012130712095401800
16131012130712095402600
16131012130712095403400
16131012130712095404300
16131012130712095405100
16131012130712095406000
16131012130712095406900
16131012130712095407800
16131012130712095408800
16131012130712095409700
16131012130712095410700
16131012130712095411600
16131012130712095412500
16131012130712095413400
16131012130712095414500
16131012130712095415900
16131012130712095429900
16131012130712095431900
16131012130712095433500
16131012130712095435000
16131012130712095436400
16131012130712095437800
16131012130712095439000
16131012130712095440300
16131012130712095441500
16131012130712095442500
16131012130712095443500
16131012130712095444500
16131012130712095445400
16131012130712095446300
16131012130712095447200
16131012130712095448100
16131012130712095449000
16131012130712095449800
16131012130712095450700
16131012130712095451500
16131012130712095452400
16131012130712095453200
16131012130712095454000
16131012130712095454700
16131012130712095455500
16131012130712095456300
16131012130712095457100
16131012130712095457900
16131012130712095458700
16131012130712095459400
16131012130712095500200
16131012130712095500900
16131012130712095501700
16131012130712095502500
16131012130712095503200
16131012130712095504000
16131012130712095504700
16131012130712095505500
16131012130712095506300
16131012130712095507100
16131012130712095507900
16131012130712095508600
16131012130712095509400
16131012130712095510200
16131012130712095511000
16131012130712095511800
16131012130712095512600
16131012130712095513500
16131012130712095514300
16131012130712095515100
16131012130712095515900
16131012130712095516700
16131012130712095517500
16131012130712095518300
16131012130712095519100
16131012130712095519900
16131012130712095520700
16131012130712095521500
16131012130712095522400
16131012130712095523200
16131012130712095524100
16131012130712095525000
16131012130712095525900
16131012130712095526800
16131012130712095527700
16131012130712095528500
16131012130712095529400
16131012130712095530300
16131012130712095531200
16131012130712095532100
16131012130712095533000
16131012130712112203800
16131012130712112206600
16131012130712112209300
16131012130712112211700
16131012130712112213500
16131012130712112215300
16131012130712112217700
16131012130712112219500
16131012130712112221000
16131012130712112222700
16131012130712112224900
16131012130712112226600
16131012130712112228000
16131012130712112229300
16131012130712112230800
16131012130712112233900
16131012130712112237200
16131012130712112239600
16131012130712112241200
16131012130712112242700
16131012130712112244400
16131012130712112246800
16131012130712112248900
16131012130712112250900
16131012130712112252800
16131012130712112255100
16131012130712112256900
16131012130712105047800
16131012130712105049200
16131012130712105050500
16131012130712105051700
16131012130712105052800
16131012130712105053900
16131012130712105055000
16131012130712105056100
16131012130712105057200
16131012130712105058400
16131012130712105059700
16131012130712105101100
16131012130712105102400
16131012130712105103600
16131012130712105104900
16131012130712105106200
16131012130712105107500
16131012130712105109000
16131012130712105110400
16131012130712105112300
16131012130712105114000
16131012130712105115400
16131012130712105116700
16131012130712105117900
16131012130712105119100
16131012130712105120300
16131012130712105121400
16131012130712105122500
16131012130712105123500
16131012130712105124600
16131012130712105125600
16131012130712105126600
16131012130712105127500
16131012130712105128400
16131012130712105129300
16131012130712105130200
16131012130712105131200
16131012130712105132100
16131012130712105133000
16131012130712105133900
16131012130712105134800
16131012130712105135700
16131012130712105136600
16131012130712105137500
16131012130712105138400
16131012130712105139400
16131012130712105140500
16131012130712105141500
16131012130712105142600
16131012130712105143500
16131012130712105144500
16131012130712105145400
16131012130712105146400
16131012130712105147300
16131012130712105148300
16131012130712105149200
16131012130712105150100
16131012130712105151000
16131012130712105151900
16131012130712105152800
16131012130712105153700
16131012130712105154600
16131012130712105155500
16131012130712105156400
16131012130712105157400
16131012130712105158400
16131012130712105159700
16131012130712105201500
16131012130712105204000
16131012130712105206800
16131012130712105209800
16131012130711162305600
16131012130711162306700
16131012130711162307800
16131012130711162309000
16131012130711162310100
16131012130711162311200
16131012130711162312300
16131012130711162313600
16131012130711162314900
16131012130711162316300
16131012130711162317500
16131012130711162318700
16131012130711162319800
16131012130711162320800
16131012130711162321800
16131012130711162322800
16131012130711162323700
16131012130711162324600
16131012130711162325500
16131012130711162326300
16131012130711162327300
16131012130711162328300
16131012130711162329400
16131012130711162330500
16131012130711162331700
16131012130711162332900
16131012130711162334000
16131012130711162335100
16131012130711162336100
16131012130711162337200
16131012130711162338200
16131012130711162339200
16131012130711162340200
16131012130711162341300
16131012130711162342300
16131012130711162343300
16131012130711162344300
16131012130711162345400
16131012130711162346500
16131012130711162347500
16131012130711162348500
16131012130711162349500
16131012130711162350500
16131012130711162351400
16131012130711162352300
16131012130711162353200
16131012130711162354100
16131012130711162354900
16131012130711162355800
16131012130711162356600
16131012130711162357500
16131012130711162358300
16131012130711162359100
16131012130711162359900
16131012130711162400800
16131012130711162401600
16131012130711162402400
16131012130711162403200
16131012130711162404100
16131012130711162405000
16131012130711162405900
16131012130711162406700
16131012130711162407600
16131012130711162408600
16131012130711162409600
16131012130711162410600
16131012130711162411600
16131012130711162412700
16131012130711162413900
16131012130711162415000
16131012130711162416200
16131012130711162417500
16131012130711162418800
16131012130711162420100
16131012130711162421400
16131012130711162422800
16131012130711162424100
16131012130711162425400
16131012130711162426700
16131012130711162428000
16131012130711162429300
16131012130711162430600
16131012130711162431800
16131012130711162433000
16131012130711162434200
16131012130711162435300
16131012130711162436600
16131012130711162437800
16131012130711162439000
16131012130711162440200
16131012130711162441400
16131012130711162442600
16131012130711162443800
16131012130711162445000
16131012130711162446200
16131012130711162447400
16131012130711162448600
16131012130711162449800
16131012130711162450900
16131012130711162452000
16131012130711162453100
16131012130711162454200
16131012130711162455300
16131012130711162456400
16131012130711162457500
16131012130711162458600
16131012130711162459600
16131012130711162500600
16131012130711162501600
16131012130711162502600
16131012130711162503600
16131012130711162504600
16131012130711162505500
16131012130711162506500
16131012130711162507400
16131012130711162508400
16131012130711162509300
16131012130711162510300
16131012130711162511200
16131012130711162512100
16131012130711162513000
16131012130711162513900
16131012130711162514800
16131012130711162515700
16131012130711162516600
16131012130711162517500
16131012130711162518400
16131012130711162519300
16131012130711162520300
16131012130711162521100
16131012130711162522000
16131012130711162522900
16131012130711162523700
16131012130711162524600
16131012130711162525500
16131012130711162526300
16131012130711162527200
16131012130711162528100
16131012130711162529000
16131012130711162529800
16131012130711162530700
16131012130711162531500
16131012130711162532400
16131012130711162533300
16131012130711162534100
16131012130711162535000
16131012130711162535900
16131012130711162536800
16131012130711162537700
16131012130711162538700
16131012130711162539600
16131012130711162540500
16131012130711162541400
16131012130711162542400
16131012130711162543300
16131012130711162544200
16131012130711162545200
16131012130711162546200
16131012130711162547200
16131012130711162548200
16131012130711162549200
16131012130711162550200
16131012130711162551200
16131012130711162552200
16131012130711162553200
16131012130711162554200
16131012130711162555200
16131012130711162556300
16131012130711162557300
16131012130711162558300
16131012130711162559400
16131012130711162600400
16131012130711162601400
16131012130711162602500
16131012130711162603500
16131012130711162604500
16131012130711162605400
16131012130711162606400
16131012130711162607400
16131012130711162608400
16131012130711162609300
16131012130711162610300
16131012130711162611300
16131012130711162612200
16131012130711162613200
16131012130711162614200
16131012130711162615200
16131012130711162616200
16131012130711162617200
16131012130711162618200
16131012130711162619300
16131012130711162620400
16131012130711162621500
16131012130711162622500
16131012130711162623500
16131012130711162624600
16131012130711162625600
16131012130711162626600
16131012130711162627600
16131012130711162628500
16131012130711162629500
16131012130711162630500
16131012130711162631600
16131012130711162632700
16131012130711162633700
16131012130711162634800
16131012130711162635900
16131012130711162637000
16131012130711162638000
16131012130711162639000
16131012130711162640100
16131012130711162641100
16131012130711162642100
16131012130711162643100
16131012130711162644100
16131012130711162645100
16131012130711162646100
16131012130711162647000
16131012130711162648000
16131012130711162648900
16131012130711162649700
16131012130711162650600
16131012130711162651500
16131012130711162652300
16131012130711162653200
16131012130711162654000
16131012130711162654800
16131012130711162655700
16131012130711162656500
16131012130711162657300
16131012130711162658200
16131012130711162659000
16131012130711162659800
16131012130711162700600
16131012130711162701400
16131012130711162702200
16131012130711162703000
16131012130711162703800
16131012130711162704600
16131012130711162705400
16131012130711162706200
16131012130711162706900
16131012130711162707700
16131012130711162708500
16131012130711162709300
16131012130711162710000
16131012130711162710800
16131012130711162711500
16131012130711162712300
16131012130711162713000
16131012130711162713800
16131012130711162714600
16131012130711162715400
16131012130711162716200
16131012130711162717000
16131012130711162717800
16131012130711162718700
16131012130711162719500
16131012130711162720300
16131012130711162721200
16131012130711162722100
16131012130711162723000
16131012130711162723900
16131012130711162724800
16131012130711162725800
16131012130711162726700
16131012130711162727600
16131012130711162728600
16131012130711162729500
16131012130711162730400
16131012130711162731400
16131012130711162732200
16131012130711162733100
16131012130711162734000
16131012130711162734800
16131012130711162735600
16131012130711162736400
16131012130711162737300
16131012130711162738200
16131012130711162739000
16131012130711162739900
16131012130711162740700
16131012130711162741600
16131012130711162742400
16131012130711162743300
16131012130711162744200
16131012130711162745000
16131012130711162745900
16131012130711162746700
16131012130711162747600
16131012130711162748500
16131012130711162749300
16131012130711162750200
16131012130711162751100
16131012130711162752000
16131012130711162752800
16131012130711162753700
16131012130711162754500
16131012130711162755400
16131012130711162756300
16131012130711162757100
16131012130711162758000
16131012130711162758800
16131012130711162759700
16131012130711162800500
16131012130711162801300
16131012130711162802200
16131012130711162803000
16131012130711162803800
16131012130711162804600
16131012130711162805400
16131012130711162806200
16131012130711162807000
16131012130711162807800
16131012130711162808600
16131012130711162809300
16131012130711162810200
16131012130711162811000
16131012130711162811800
16131012130711162812600
16131012130711162813400
16131012130711162814300
16131012130711162815100
16131012130711162815900
16131012130711162816700
16131012130711162817500
16131012130711162818300
16131012130711162819100
16131012130711162820000
16131012130711162820800
16131012130711162821600
16131012130711162822400
16131012130711162823200
16131012130711162824000
16131012130711162824800
16131012130711162825600
16131012130711162826400
16131012130711162827200
16131012130711162828000
16131012130711162828800
16131012130711162829600
16131012130711162830400
16131012130711162831200
16131012130711162832000
16131012130711162832800
16131012130711162833600
16131012130711162834400
16131012130711162835200
16131012130711162835900
16131012130711162836700
16131012130711162837500
16131012130711162838300
16131012130711162839000
16131012130711162839800
16131012130711162840600
16131012130711162841400
16131012130711162842100
16131012130711162842900
16131012130711162843600
16131012130711162844300
16131012130711162845100
16131012130711162845800
16131012130711162846600
16131012130711162847300
16131012130711162848100
16131012130711162848800
16131012130711162849600
16131012130711162850400
16131012130711162851200
16131012130711162851900
16131012130711162852700
16131012130711162853400
16131012130711162854200
16131012130711162854900
16131012130711162855700
16131012130711162856400
16131012130711162857200
16131012130711162858000
16131012130711162858700
16131012130711162859500
16131012130711162900300
16131012130711162901000
16131012130711162901800
16131012130711162902600
16131012130711162903400
16131012130711162904200
16131012130711162905000
16131012130711162905800
16131012130711162906500
16131012130711162907300
16131012130711162908100
16131012130711162908800
16131012130711162909700
16131012130711162910500
16131012130711162911300
16131012130711162912200
16131012130711162913000
16131012130711162913800
16131012130711162914700
16131012130711162915500
16131012130711162916300
16131012130711162917100
16131012130711162918000
16131012130711162918800
16131012130711162919600
16131012130711162920500
16131012130711162921300
16131012130711162922100
16131012130711162922900
16131012130711162923800
16131012130711162924600
16131012130711162925400
16131012130711162926200
16131012130711162927000
16131012130711162927800
16131012130711162928700
16131012130711162929500
16131012130711162930300
16131012130711162931100
16131012130711162931900
16131012130711162932700
16131012130711162933500
16131012130711162934300
16131012130711162935100
16131012130711162935900
16131012130711162936700
16131012130711162937500
16131012130711162938200
16131012130711162939000
16131012130711162939800
16131012130711162940600
16131012130711162941400
16131012130711162942100
16131012130711162942900
16131012130711162943700
16131012130711162944400
16131012130711162945200
16131012130711162945900
16131012130711162946700
16131012130711162947500
16131012130711162948200
16131012130711162949000
16131012130711162949700
16131012130711162950500
16131012130711162951200
16131012130711162952000
16131012130711162952800
16131012130711162953500
16131012130711162954300
16131012130711162955000
16131012130711162955800
16131012130711162956600
16131012130711162957400
16131012130711162958200
16131012130711162958900
16131012130711162959700
16131012130711163000500
16131012130711163001300
16131012130711163002100
16131012130711163002800
16131012130711163003600
16131012130711163004400
16131012130711163005100
16131012130711163005900
16131012130711163006600
16131012130711163007400
16131012130711163008100
16131012130711163008800
16131012130711163009500
16131012130711163010300
16131012130711163011000
16131012130711163011700
16131012130711163012400
16131012130711163013200
16131012130711163013900
16131012130711163014700
16131012130711163015400
16131012130711163016200
16131012130711163017000
16131012130711163017700
16131012130711163018500
16131012130711163019300
16131012130711163020000
16131012130711163020800
16131012130711163021500
16131012130711163022300
16131012130711163023100
16131012130711163023900
16131012130711163024600
16131012130711163025400
16131012130711163026100
16131012130711163026900
16131012130711163027700
16131012130711163028400
16131012130711163029200
16131012130711163030000
16131012130711163030700
16131012130711163031500
16131012130711163032200
16131012130711163033000
16131012130711163033800
16131012130711163034600
16131012130711163035400
16131012130711163036100
16131012130711163036900
16131012130711163037700
16131012130711163038500
16131012130711163039200
16131012130711163040000
16131012130711163040700
16131012130711163041500
16131012130711163042200
16131012130711163043000
16131012130711163043700
16131012130711163044500
16131012130711163045200
16131012130711163046000
16131012130711163046800
16131012130711163047500
16131012130711163048300
16131012130711163049100
16131012130711163049800
16131012130711163050600
16131012130711163051400
16131012130711163052200
16131012130711163053100
16131012130711163053800
16131012130711163054600
16131012130711163055400
16131012130711163056200
16131012130711163057000
16131012130711163057800
16131012130711163058600
16131012130711163059400
16131012130711163100200
16131012130711163101000
16131012130711163101800
16131012130711163102600
16131012130711163103500
16131012130711163104300
16131012130711163105200
16131012130711163106000
16131012130711163106900
16131012130711163107700
16131012130711163108600
16131012130711163109400
16131012130711163110300
16131012130711163111100
16131012130711163112000
16131012130711163112900
16131012130711163113800
16131012130711163114800
16131012130711163115800
16131012130711163116900
16131012130711163118000
16131012130711163119200
16131012130711163120400
16131012130711163121800
16131012130711163123200
16131012130711163124800
16131012130711163125900
16131012130711163140900
16131012130711163142400
16131012130711163143700
16131012130711163144800
16131012130711163145900
16131012130711163147000
16131012130711163147900
16131012130711163148900
16131012130711163149800
16131012130711163150700
16131012130711163151500
16131012130711163152400
16131012130711163153300
16131012130711163154100
16131012130711163155000
16131012130711163155800
16131012130711163156700
16131012130711163157500
16131012130711163158400
16131012130711163159200
16131012130711163200100
16131012130711163200900
16131012130711163201700
16131012130711163202600
16131012130711163203400
16131012130711163204200
16131012130711163205000
16131012130711163205800
16131012130711163206600
16131012130711163207400
16131012130711163208200
16131012130711163209100
16131012130711163209900
16131012130711163210800
16131012130711163211700
16131012130711163212500
16131012130711163213400
16131012130711163214200
16131012130711163215100
16131012130711163216000
16131012130711163216800
16131012130711163217600
16131012130711163218500
16131012130711163219300
16131012130711163220100
16131012130711163221000
16131012130711163221800
16131012130711163222600
16131012130711163223400
16131012130711163224200
16131012130711163225000
16131012130711163225800
16131012130711163226600
16131012130711163227300
16131012130711163228100
16131012130711163228900
16131012130711163229600
16131012130711163230400
16131012130711163231200
16131012130711163232000
16131012130711163232800
16131012130711163233600
16131012130711163234500
16131012130711163235400
16131012130711163236200
16131012130711163237100
16131012130711163238100
16131012130711163239000
16131012130711163239900
16131012130711163240800
16131012130711163241700
16131012130711163242500
16131012130711163243400
16131012130711163244200
16131012130711163244900
16131012130711163245700
16131012130711163246500
16131012130711163247300
16131012130711163248100
16131012130711163248900
16131012130711163249700
16131012130711163250500
16131012130711163251300
16131012130711163252100
16131012130711163252900
16131012130711163253700
16131012130711163254500
16131012130711163255400
16131012130711163256200
16131012130711163257100
16131012130711163258000
16131012130711163258800
16131012130711163259700
16131012130711163300500
16131012130711163301400
16131012130711163302300
16131012130711163303100
16131012130711163303900
16131012130711163304700
16131012130711163305600
16131012130711163306400
16131012130711163307200
16131012130711163308100
16131012130711163308900
16131012130711163309700
16131012130711163310600
16131012130711163311400
16131012130711163312300
16131012130711163313100
16131012130711163314000
16131012130711163314800
16131012130711163315600
16131012130711163316500
16131012130711163317300
16131012130711163318100
16131012130711163319000
16131012130711163319800
16131012130711163320600
16131012130711163321500
16131012130711163322300
16131012130711163323200
16131012130711163324000
16131012130711163324800
16131012130711163325700
16131012130711163326500
16131012130711163327400
16131012130711163328200
16131012130711163329100
16131012130711163330000
16131012130711163330900
16131012130711163331800
16131012130711163332700
16131012130711163333600
16131012130711163334500
16131012130711163335300
16131012130711163336200
16131012130711163337200
16131012130711163338100
16131012130711163339000
16131012130711163339900
16131012130711163340800
16131012130711163341800
16131012130711163342700
16131012130711163343600
16131012130711163344600
16131012130711163345500
16131012130711163346400
16131012130711163347300
16131012130711163348100
16131012130711163348900
16131012130711163349700
16131012130711163350500
16131012130711163351200
16131012130711163352000
16131012130711163352700
16131012130711163353600
16131012130711163354500
16131012130711163355500
16131012130711163356600
16131012130711163357600
16131012130711163358700
16131012130711163359600
16131012130711163400600
16131012130711163401300
16131012130711163402200
16131012130711163403000
16131012130711163403800
16131012130711163404700
16131012130711163405500
16131012130711163406400
16131012130711163407200
16131012130711163408100
16131012130711163408900
16131012130711163409700
16131012130711163410500
16131012130711163411300
16131012130711163412000
16131012130711163412800
16131012130711163413500
16131012130711163414300
16131012130711163415200
16131012130711163416200
16131012130711163417300
16131012130711163418400
16131012130711163419400
16131012130711163420400
16131012130711163421400
16131012130711163422300
16131012130711163423100
16131012130711163423800
16131012130711163424600
16131012130711163425300
16131012130711163426000
16131012130711163426700
16131012130711163427400
16131012130711163428200
16131012130711163428900
16131012130711163429700
16131012130711163430400
16131012130711163431200
16131012130711163432000
16131012130711163432800
16131012130711163433500
16131012130711163434300
16131012130711163435000
16131012130711163435700
16131012130711163436500
16131012130711163437200
16131012130711163437900
16131012130711163438600
16131012130711163439300
16131012130711163440000
16131012130711163440700
16131012130711163441400
16131012130711163442100
16131012130711163442900
16131012130711163443600
16131012130711163444300
16131012130711163445100
16131012130711163445800
16131012130711163446600
16131012130711163447300
16131012130711163448100
16131012130711163448900
16131012130711163449600
16131012130711163450400
16131012130711163451200
16131012130711163451900
16131012130711163452700
16131012130711163453400
16131012130711163454200
16131012130711163454900
16131012130711163455600
16131012130711163456400
16131012130711163457100
16131012130711163457800
16131012130711163458600
16131012130711163459300
16131012130711163500000
16131012130711163500700
16131012130711163501500
16131012130711163502200
16131012130711163502900
16131012130711163503600
16131012130711163504300
16131012130711163505100
16131012130711163505900
16131012130711163506600
16131012130711163507400
16131012130711163508200
16131012130711163509000
16131012130711163509800
16131012130711163510600
16131012130711163511300
16131012130711163512100
16131012130711163512900
16131012130711163513600
16131012130711163514400
16131012130711163515100
16131012130711163515900
16131012130711163516700
16131012130711163517500
16131012130711163518300
16131012130711163519100
16131012130711163519900
16131012130711163520700
16131012130711163521600
16131012130711163522500
16131012130711163523300
16131012130711163524200
16131012130711163525100
16131012130711163525900
16131012130711163526800
16131012130711163527600
16131012130711163528500
16131012130711163529400
16131012130711163530200
16131012130711163531000
16131012130711163531800
16131012130711163532700
16131012130711163533400
16131012130711163534300
16131012130711163535100
16131012130711163535900
16131012130711163536700
16131012130711163537400
16131012130711163538200
16131012130711163539100
16131012130711163539900
16131012130711163540700
16131012130711163541600
16131012130711163542500
16131012130711163543300
16131012130711163544200
16131012130711163545000
16131012130711163545800
16131012130711163546700
16131012130711163547500
16131012130711163548300
16131012130711163549100
16131012130711163549900
16131012130711163550700
16131012130711163551600
16131012130711163552400
16131012130711163553200
16131012130711163554000
16131012130711163554800
16131012130711163555600
16131012130711163556300
16131012130711163557100
16131012130711163557900
16131012130711163558600
16131012130711163559400
16131012130711163600100
16131012130711163600900
16131012130711163601600
16131012130711163602400
16131012130711163603200
16131012130711163603900
16131012130711163604700
16131012130711163605500
16131012130711163606300
16131012130711163607200
16131012130711163608000
16131012130711163608800
16131012130711163609600
16131012130711163610400
16131012130711163611200
16131012130711163612000
16131012130711163612700
16131012130711163613500
16131012130711163614300
16131012130711163615000
16131012130711163615800
16131012130711163616500
16131012130711163617300
16131012130711163618100
16131012130711163618800
16131012130711163619600
16131012130711163620400
16131012130711163621100
16131012130711163621900
16131012130711163622700
16131012130711163623400
16131012130711163624200
16131012130711163625000
16131012130711163625800
16131012130711163626600
16131012130711163627400
16131012130711163628200
16131012130711163629000
16131012130711163629800
16131012130711163630600
16131012130711163631500
16131012130711163632300
16131012130711163633100
16131012130711163634000
16131012130711163634800
16131012130711163635600
16131012130711163636400
16131012130711163637200
16131012130711163638000
16131012130711163638800
16131012130711163639400
16131012130711163640200
16131012130711163641000
16131012130711163641800
16131012130711163642500
16131012130711163643300
16131012130711163644100
16131012130711163644800
16131012130711163645600
16131012130711163646400
16131012130711163647100
16131012130711163647900
16131012130711163648700
16131012130711163649500
16131012130711163650300
16131012130711163651000
16131012130711163651800
16131012130711163652600
16131012130711163653400
16131012130711163654200
16131012130711163655000
16131012130711163655800
16131012130711163656600
16131012130711163657400
16131012130711163658300
16131012130711163659100
16131012130711163700000
16131012130711163700800
16131012130711163701700
16131012130711163702600
16131012130711163703500
16131012130711163704400
16131012130711163705300
16131012130711163706300
16131012130711163707200
16131012130711163708100
16131012130711163709000
16131012130711163709900
16131012130711163710800
16131012130711163711700
16131012130711163712500
16131012130711163713300
16131012130711163714100
16131012130711163714900
16131012130711163715700
16131012130711163716500
16131012130711163717400
16131012130711163718200
16131012130711163719000
16131012130711163719700
16131012130711163720500
16131012130711163721200
16131012130711163722000
16131012130711163722700
16131012130711163723500
16131012130711163724300
16131012130711163725000
16131012130711163725800
16131012130711163726600
16131012130711163727300
16131012130711163728100
16131012130711163728800
16131012130711163729600
16131012130711163730300
16131012130711163731100
16131012130711163731900
16131012130711163732600
16131012130711163733400
16131012130711163734100
16131012130711163734900
16131012130711163735700
16131012130711163736400
16131012130711163737200
16131012130711163737900
16131012130711163738600
16131012130711163739400
16131012130711163740100
16131012130711163740800
16131012130711163741500
16131012130711163742300
16131012130711163743100
16131012130711163743800
16131012130711163744700
16131012130711163745500
16131012130711163746300
16131012130711163747100
16131012130711163747900
16131012130711163748700
16131012130711163749500
16131012130711163750400
16131012130711163751200
16131012130711163752000
16131012130711163752900
16131012130711163753700
16131012130711163754600
16131012130711163755400
16131012130711163756200
16131012130711163757100
16131012130711163757900
16131012130711163758700
16131012130711163759500
16131012130711163800300
16131012130711163801100
16131012130711163801900
16131012130711163802700
16131012130711163803500
16131012130711163804300
16131012130711163805100
16131012130711163806000
16131012130711163807300
16131012130711163839300
16131012130711164205800
16131012130711164208700
16131012130711164210500
16131012130711164211900
16131012130711164213100
16131012130711164214300
16131012130711164215500
16131012130711164216600
16131012130711164217800
16131012130711164219100
16131012130711164220400
16131012130711164221500
16131012130711164222600
16131012130711164223600
16131012130711164224600
16131012130711164225600
16131012130711164226500
16131012130711164227500
16131012130711164228300
16131012130711164229200
16131012130711164230000
16131012130711164230900
16131012130711164231700
16131012130711164232500
16131012130711164233300
16131012130711164234100
16131012130711164234900
16131012130711164235700
16131012130711164236400
16131012130711164237200
16131012130711164238000
16131012130711164238800
16131012130711164239500
16131012130711164240300
16131012130711164241100
16131012130711164241800
16131012130711164242600
16131012130711164243300
16131012130711164244100
16131012130711164244900
16131012130711164245700
16131012130711164246400
16131012130711164247200
16131012130711164248000
16131012130711164248700
16131012130711164249400
16131012130711164250200
16131012130711164250900
16131012130711164251700
16131012130711164252400
16131012130711164253200
16131012130711164253900
16131012130711164254700
16131012130711164255400
16131012130711164256200
16131012130711164256900
16131012130711164257700
16131012130711164258500
16131012130711164259200
16131012130711164300000
16131012130711164300800
16131012130711164301600
16131012130711164302400
16131012130711164303200
16131012130711164304100
16131012130711164304900
16131012130711164305800
16131012130711164306600
16131012130711164307500
16131012130711164308300
16131012130711164309200
16131012130711164310000
16131012130711164310900
16131012130711164311700
16131012130711164312500
16131012130711164313400
16131012130711164314200
16131012130711164315000
16131012130711164315800
16131012130711164316600
16131012130711164317400
16131012130711164318200
16131012130711164319000
16131012130711164319800
16131012130711164320800
16131012130711164322000
16131012130711164323700
16131012130711164328600
16131012130711164330200
16131012130712142525300
16131012130712142527300
16131012130712142528800
16131012130712142530100
16131012130712142531200
16131012130712142532200
16131012130712142533200
16131012130712142534200
16131012130712142535200
16131012130712142536100
16131012130712142537000
16131012130712142537900
16131012130712142538700
16131012130712142539600
16131012130712142540400
16131012130712142541200
16131012130712142542000
16131012130712142542700
16131012130712142543500
16131012130712142544300
16131012130712142545100
16131012130712142545800
16131012130712142546500
16131012130712142547300
16131012130712142548000
16131012130712142548700
16131012130712142549400
16131012130712142550100
16131012130712142550800
16131012130712142551600
16131012130712142552500
16131012130712142553300
16131012130712142554100
16131012130712142554900
16131012130712142555700
16131012130712142556500
16131012130712142557400
16131012130712142558200
16131012130712142559000
16131012130712142559800
16131012130712142600700
16131012130712142601500
16131012130712142602300
16131012130712142603000
16131012130712142603800
16131012130712142604600
16131012130712142605400
16131012130712142606200
16131012130712142607000
16131012130712142607900
16131012130712142608700
16131012130712142609500
16131012130712142610300
16131012130712142611100
16131012130712142611900
16131012130712142612700
16131012130712142613500
16131012130712142614300
16131012130712142615100
16131012130712142615900
16131012130712142616700
16131012130712142617500
16131012130712142618300
16131012130712142619100
16131012130712142619900
16131012130712142620700
16131012130712142621500
16131012130712142622400
16131012130712142623200
16131012130712142624000
16131012130712142624700
16131012130712142625500
16131012130712142626300
16131012130712142627100
16131012130712142627900
16131012130712142628700
16131012130712142629400
16131012130712142630200
16131012130712142631000
16131012130712142631800
16131012130712142632600
16131012130712142633400
16131012130712142634100
16131012130712142634900
16131012130712142635600
16131012130712142636400
16131012130712142637200
16131012130712142637900
16131012130712142638700
16131012130712142639500
16131012130712142640300
16131012130712142641100
16131012130712142641900
16131012130712142642700
16131012130712142643500
16131012130712142644300
16131012130712142645100
16131012130712142645900
16131012130712142646700
16131012130712142647500
16131012130712142648300
16131012130712142649100
16131012130712142649900
16131012130712142650700
16131012130712142651500
16131012130712142652300
16131012130712142653100
16131012130712142653900
16131012130712142654700
16131012130712142655500
16131012130712142656200
16131012130712142657000
16131012130712142657800
16131012130712142658600
16131012130712142659400
16131012130712142700200
16131012130712142701000
16131012130712142701900
16131012130712142702600
16131012130712142703400
16131012130712142704200
16131012130712142705000
16131012130712142705800
16131012130712142706600
16131012130712142707400
16131012130712142708200
16131012130712142708900
16131012130712142709700
16131012130712142710500
16131012130712142711300
16131012130712142712100
16131012130712142712900
16131012130712142713700
16131012130712142714500
16131012130712142715300
16131012130712142716100
16131012130712142717000
16131012130712142717800
16131012130712142718700
16131012130712142719500
16131012130712142720400
16131012130712142721300
16131012130712142722100
16131012130712142723000
16131012130712142723900
16131012130712142724800
16131012130712142725600
16131012130712142726400
16131012130712142727300
16131012130712142728000
16131012130712142728900
16131012130712142729700
16131012130712142730600
16131012130712142731400
16131012130712142732300
16131012130712142733100
16131012130712142733900
16131012130712142734700
16131012130712142735600
16131012130712142736400
16131012130712142737200
16131012130712142738100
16131012130712142738900
16131012130712142739800
16131012130712142740600
16131012130712142741400
16131012130712142742300
16131012130712142743100
16131012130712142743900
16131012130712142744700
16131012130712142745600
16131012130712142746400
16131012130712142747200
16131012130712142748000
16131012130712142748800
16131012130712142749600
16131012130712142750400
16131012130712142751200
16131012130712142752000
16131012130712142752800
16131012130712142753600
16131012130712142754400
16131012130712142755200
16131012130712142756000
16131012130712142756800
16131012130712142757600
16131012130712142758400
16131012130712142759200
16131012130712142800000
16131012130712142800800
16131012130712142801500
16131012130712142802300
16131012130712142803100
16131012130712142804000
16131012130712142804800
16131012130712142805500
16131012130712142806300
16131012130712142807100
16131012130712142808000
16131012130712142808800
16131012130712142809700
16131012130712142810500
16131012130712142811400
16131012130712142812200
16131012130712142813100
16131012130712142814000
16131012130712142814800
16131012130712142815700
16131012130712142816600
16131012130712142817400
16131012130712142818300
16131012130712142819100
16131012130712142819900
16131012130712142820800
16131012130712142821600
16131012130712142822500
16131012130712142823400
16131012130712142824300
16131012130712142825200
16131012130712142826100
16131012130712142827000
16131012130712142827800
16131012130712142828700
16131012130712142829600
16131012130712142830500
16131012130712142831300
16131012130712142832200
16131012130712142833000
16131012130712142833800
16131012130712142834700
16131012130712142835500
16131012130712142836400
16131012130712142837200
16131012130712142838100
16131012130712142838900
16131012130712142839700
16131012130712142840600
16131012130712142841400
16131012130712142842300
16131012130712142843100
16131012130712142843900
16131012130712142844800
16131012130712142845600
16131012130712142846400
16131012130712142847300
16131012130712142848100
16131012130712142848900
16131012130712142849800
16131012130712142850600
16131012130712142851500
16131012130712142852400
16131012130712142853200
16131012130712142854000
16131012130712142854900
16131012130712142855700
16131012130712142856600
16131012130712142857400
16131012130712142858200
16131012130712142859100
16131012130712142900000
16131012130712142900900
16131012130712142901800
16131012130712142902700
16131012130712142903600
16131012130712142904500
16131012130712142905400
16131012130712142906300
16131012130712142907200
16131012130712142908100
16131012130712142909000
16131012130712142909900
16131012130712142910800
16131012130712142911700
16131012130712142912600
16131012130712142913500
16131012130712142914400
16131012130712142915200
16131012130712142916100
16131012130712142917000
16131012130712142917800
16131012130712142918700
16131012130712142919500
16131012130712142920400
16131012130712142921300
16131012130712142922100
16131012130712142923000
16131012130712142923800
16131012130712142924700
16131012130712142925500
16131012130712142926400
16131012130712142927300
16131012130712142928100
16131012130712142929000
16131012130712142929800
16131012130712142930700
16131012130712142931600
16131012130712142932500
16131012130712142933300
16131012130712142934200
16131012130712142935100
16131012130712142935900
16131012130712142936800
16131012130712142937600
16131012130712142938500
16131012130712142939300
16131012130712142940100
16131012130712142941000
16131012130712142941800
16131012130712142942700
16131012130712142943500
16131012130712142944300
16131012130712142945200
16131012130712142946000
16131012130712142946900
16131012130712142947700
16131012130712142948500
16131012130712142949400
16131012130712142950200
16131012130712142951100
16131012130712142951900
16131012130712142952700
16131012130712142953400
16131012130712142954200
16131012130712142955100
16131012130712142955900
16131012130712142956800
16131012130712142957600
16131012130712142958500
16131012130712142959300
16131012130712143000100
16131012130712143001000
16131012130712143001800
16131012130712143002700
16131012130712143003500
16131012130712143004400
16131012130712143005200
16131012130712143006000
16131012130712143006900
16131012130712143007700
16131012130712143008500
16131012130712143009400
16131012130712143010200
16131012130712143011000
16131012130712143011800
16131012130712143012600
16131012130712143013500
16131012130712143014300
16131012130712143015100
16131012130712143016000
16131012130712143016900
16131012130712143017700
16131012130712143018500
16131012130712143019400
16131012130712143020200
16131012130712143021000
16131012130712143021800
16131012130712143022600
16131012130712143023300
16131012130712143024100
16131012130712143024900
16131012130712143025700
16131012130712143026500
16131012130712143027400
16131012130712143028200
16131012130712143029000
16131012130712143029800
16131012130712143030600
16131012130712143031500
16131012130712143032300
16131012130712143033100
16131012130712143033900
16131012130712143034700
16131012130712143035400
16131012130712143036200
16131012130712143037000
16131012130712143037700
16131012130712143038500
16131012130712143039200
16131012130712143040000
16131012130712143040700
16131012130712143041500
16131012130712143042300
16131012130712143043100
16131012130712143043800
16131012130712143044600
16131012130712143045400
16131012130712143046200
16131012130712143047000
16131012130712143047800
16131012130712143048600
16131012130712143049400
16131012130712143050100
16131012130712143050900
16131012130712143051700
16131012130712143052400
16131012130712143053200
16131012130712143054000
16131012130712143054700
16131012130712143055500
16131012130712143056200
16131012130712143057000
16131012130712143057700
16131012130712143058600
16131012130712143059400
16131012130712143100300
16131012130712143101100
16131012130712143101900
16131012130712143102700
16131012130712143103500
16131012130712143104300
16131012130712143105100
16131012130712143105900
16131012130712143106700
16131012130712143113300
16131012130712143114000
16131012130712143114700
16131012130712143115400
16131012130712143116100
16131012130712143116800
16131012130712143117600
16131012130712143118300
16131012130712143119000
16131012130712143119700
16131012130712143120500
16131012130712143121300
16131012130712143122000
16131012130712143122800
16131012130712143123500
16131012130712143124300
16131012130712143125000
16131012130712143125700
16131012130712143126500
16131012130712143127200
16131012130712143127900
16131012130712143128600
16131012130712143129400
16131012130712143130200
16131012130712143131000
16131012130712143131800
16131012130712143132600
16131012130712143133400
16131012130712143134200
16131012130712143135000
16131012130712143135800
16131012130712143136600
16131012130712143137400
16131012130712143138200
16131012130712143138900
16131012130712143139700
16131012130712143140400
16131012130712143141100
16131012130712143141900
16131012130712143142600
16131012130712143143400
16131012130712143144100
16131012130712143144900
16131012130712143145600
16131012130712143146400
16131012130712143147200
16131012130712143147900
16131012130712143148700
16131012130712143149500
16131012130712143150300
16131012130712143151000
16131012130712143151800
16131012130712143152600
16131012130712143153300
16131012130712143154100
16131012130712143154900
16131012130712143155700
16131012130712143156500
16131012130712143157300
16131012130712143158100
16131012130712143158900
16131012130712143159700
16131012130712143200500
16131012130712143201300
16131012130712143202200
16131012130712143203000
16131012130712143203800
16131012130712143204600
16131012130712143205400
16131012130712143206200
16131012130712143207000
16131012130712143207800
16131012130712143208600
16131012130712143209300
16131012130712143210100
16131012130712143210900
16131012130712143211600
16131012130712143212400
16131012130712143213100
16131012130712143213900
16131012130712143214600
16131012130712143215300
16131012130712143216100
16131012130712143216800
16131012130712143217400
16131012130712143218100
16131012130712143218800
16131012130712143219600
16131012130712143220300
16131012130712143221000
16131012130712143221700
16131012130712143222400
16131012130712143223200
16131012130712143224000
16131012130712143224800
16131012130712143225600
16131012130712143226400
16131012130712143227200
16131012130712143227900
16131012130712143228700
16131012130712143229500
16131012130712143230300
16131012130712143231100
16131012130712143231900
16131012130712143232700
16131012130712143233500
16131012130712143234400
16131012130712143235200
16131012130712143236000
16131012130712143236800
16131012130712143237700
16131012130712143238500
16131012130712143239300
16131012130712143240100
16131012130712143240900
16131012130712143241700
16131012130712143242500
16131012130712143243300
16131012130712143244100
16131012130712143245000
16131012130712143245800
16131012130712143246600
16131012130712143247400
16131012130712143248200
16131012130712143249000
16131012130712143249800
16131012130712143250600
16131012130712143251300
16131012130712143252100
16131012130712143252900
16131012130712143253700
16131012130712143254500
16131012130712143255300
16131012130712143256100
16131012130712143256900
16131012130712143257800
16131012130712143258600
16131012130712143259500
16131012130712143300400
16131012130712143301400
16131012130712143302300
16131012130712143303300
16131012130712143304200
16131012130712143305200
16131012130712143306200
16131012130712143307200
16131012130712143308200
16131012130712143309200
16131012130712143310200
16131012130712143311200
16131012130712143312200
16131012130712143313200
16131012130712143314100
16131012130712143315100
16131012130712143316000
16131012130712143317000
16131012130712143317900
16131012130712143318700
16131012130712143319600
16131012130712143320500
16131012130712143321400
16131012130712143322300
16131012130712143323100
16131012130712143324000
16131012130712143324800
16131012130712143325600
16131012130712143326400
16131012130712143327200
16131012130712143328100
16131012130712143328900
16131012130712143329700
16131012130712143330500
16131012130712143331300
16131012130712143332100
16131012130712143332900
16131012130712143333700
16131012130712143334500
16131012130712143335300
16131012130712143336100
16131012130712143336800
16131012130712143337600
16131012130712143338300
16131012130712143339000
16131012130712143339800
16131012130712143340500
16131012130712143341200
16131012130712143341900
16131012130712143342700
16131012130712143343400
16131012130712143344100
16131012130712143344800
16131012130712143345500
16131012130712143346200
16131012130712143346900
16131012130712143347700
16131012130712143348600
16131012130712143349500
16131012130712143350500
16131012130712143351400
16131012130712143352300
16131012130712143353200
16131012130712143354000
16131012130712143354900
16131012130712143355800
16131012130712143356600
16131012130712143357400
16131012130712143358200
16131012130712143359100
16131012130712143359900
16131012130712143400700
16131012130712143401500
16131012130712143402400
16131012130712143403200
16131012130712143404000
16131012130712143404800
16131012130712143405600
16131012130712143406400
16131012130712143407200
16131012130712143408000
16131012130712143408800
16131012130712143409700
16131012130712143410500
16131012130712143411400
16131012130712143412200
16131012130712143413000
16131012130712143413800
16131012130712143414700
16131012130712143415500
16131012130712143416300
16131012130712143417200
16131012130712143418000
16131012130712143418800
16131012130712143419600
16131012130712143420400
16131012130712143421200
16131012130712143422000
16131012130712143422900
16131012130712143423700
16131012130712143424600
16131012130712143425400
16131012130712143426200
16131012130712143427100
16131012130712143427900
16131012130712143428800
16131012130712143429600
16131012130712143430500
16131012130712143431400
16131012130712143432300
16131012130712143433200
16131012130712143434000
16131012130712143434900
16131012130712143435700
16131012130712143436600
16131012130712143437400
16131012130712143438200
16131012130712143439000
16131012130712143439800
16131012130712143440600
16131012130712143441300
16131012130712143442100
16131012130712143443000
16131012130712143443800
16131012130712143444600
16131012130712143445500
16131012130712143446400
16131012130712143447300
16131012130712143448200
16131012130712143449200
16131012130712143450100
16131012130712143451000
16131012130712143451800
16131012130712143452700
16131012130712143453500
16131012130712143454300
16131012130712143455100
16131012130712143455900
16131012130712143456700
16131012130712143457500
16131012130712143458300
16131012130712143459000
16131012130712143459800
16131012130712143500600
16131012130712143501400
16131012130712143502200
16131012130712143503000
16131012130712143503700
16131012130712143504500
16131012130712143505300
16131012130712143506100
16131012130712143506900
16131012130712143507700
16131012130712143508500
16131012130712143509300
16131012130712143510200
16131012130712143511000
16131012130712143511800
16131012130712143512600
16131012130712143513400
16131012130712143514200
16131012130712143515100
16131012130712143515900
16131012130712143516700
16131012130712143517600
16131012130712143518400
16131012130712143519300
16131012130712143520200
16131012130712143521100
16131012130712143522100
16131012130712143523000
16131012130712143523900
16131012130712143524900
16131012130712143525800
16131012130712143526800
16131012130712143527800
16131012130712143528700
16131012130712143529700
16131012130712143530600
16131012130712143531600
16131012130712143532500
16131012130712143533500
16131012130712143534400
16131012130712143535300
16131012130712143536200
16131012130712143537000
16131012130712143537900
16131012130712143538700
16131012130712143539500
16131012130712143540300
16131012130712143541200
16131012130712143542000
16131012130712143542900
16131012130712143543700
16131012130712143544600
16131012130712143545500
16131012130712143546300
16131012130712143547200
16131012130712143548100
16131012130712143549000
16131012130712143549800
16131012130712143550700
16131012130712143551500
16131012130712143552400
16131012130712143553200
16131012130712143554000
16131012130712143554900
16131012130712143555700
16131012130712143556500
16131012130712143557300
16131012130712143558100
16131012130712143558900
16131012130712143559700
16131012130712143600500
16131012130712143601300
16131012130712143602100
16131012130712143603000
16131012130712143603800
16131012130712143604600
16131012130712143605500
16131012130712143606300
16131012130712143607100
16131012130712143607900
16131012130712143608700
16131012130712143609500
16131012130712143610300
16131012130712143611100
16131012130712143611800
16131012130712143612600
16131012130712143613300
16131012130712143614100
16131012130712143614900
16131012130712143615600
16131012130712143616400
16131012130712143617100
16131012130712143617900
16131012130712143618700
16131012130712143619500
16131012130712143620200
16131012130712143621000
16131012130712143621700
16131012130712143622500
16131012130712143623300
16131012130712143624100
16131012130712143624900
16131012130712143625700
16131012130712143626500
16131012130712143627300
16131012130712143628000
16131012130712143628800
16131012130712143629600
16131012130712143630300
16131012130712143631000
16131012130712143631800
16131012130712143632500
16131012130712143633300
16131012130712143634000
16131012130712143634800
16131012130712143635500
16131012130712143636300
16131012130712143637100
16131012130712143644600
16131012130712143645400
16131012130712143646300
16131012130712143647100
16131012130712143648000
16131012130712143648900
16131012130712143649700
16131012130712143650600
16131012130712143651400
16131012130712143652200
16131012130712143653100
16131012130712143653900
16131012130712143654700
16131012130712143655500
16131012130712143656300
16131012130712143657000
16131012130712143657800
16131012130712143658600
16131012130712143659400
16131012130712143700100
16131012130712143700900
16131012130712143701700
16131012130712143702500
16131012130712143703300
16131012130712143704100
16131012130712143704900
16131012130712143705600
16131012130712143706400
16131012130712143707200
16131012130712143708000
16131012130712143708800
16131012130712143709600
16131012130712143710300
16131012130712143711100
16131012130712143711900
16131012130712143712700
16131012130712143713500
16131012130712143714300
16131012130712143715000
16131012130712143715800
16131012130712143716600
16131012130712143717400
16131012130712143718200
16131012130712143719000
16131012130712143719800
16131012130712143720500
16131012130712143721300
16131012130712143722100
16131012130712143722900
16131012130712143723600
16131012130712143724400
16131012130712143725200
16131012130712143726000
16131012130712143726700
16131012130712143727500
16131012130712143728300
16131012130712143729100
16131012130712143729900
16131012130712143730700
16131012130712143731500
16131012130712143732200
16131012130712143733000
16131012130712143733800
16131012130712143734700
16131012130712143735600
16131012130712143736400
16131012130712143737200
16131012130712143738000
16131012130712143738800
16131012130712143739600
16131012130712143740400
16131012130712143741200
16131012130712143742000
16131012130712143742800
16131012130712143743600
16131012130712143744400
16131012130712143745200
16131012130712143746000
16131012130712143746800
16131012130712143747600
16131012130712143748300
16131012130712143749100
16131012130712143749900
16131012130712143750700
16131012130712143751500
16131012130712143752300
16131012130712143753000
16131012130712143753800
16131012130712143754600
16131012130712143755400
16131012130712143756300
16131012130712143757100
16131012130712143758000
16131012130712143758800
16131012130712143759700
16131012130712143800500
16131012130712143801400
16131012130712143802300
16131012130712143803200
16131012130712143804100
16131012130712143805000
16131012130712143805900
16131012130712143806700
16131012130712143807600
16131012130712143808500
16131012130712143809400
16131012130712143810200
16131012130712143811100
16131012130712143811900
16131012130712143812700
16131012130712143813600
16131012130712143814400
16131012130712143815200
16131012130712143816000
16131012130712143816800
16131012130712143817500
16131012130712143818300
16131012130712143819100
16131012130712143819800
16131012130712143820600
16131012130712143821400
16131012130712143822200
16131012130712143823000
16131012130712143823800
16131012130712143824600
16131012130712143825400
16131012130712143826200
16131012130712143827000
16131012130712143827800
16131012130712143828600
16131012130712143829400
16131012130712143830200
16131012130712143831000
16131012130712143831800
16131012130712143832600
16131012130712143833400
16131012130712143834200
16131012130712143835000
16131012130712143835800
16131012130712143836600
16131012130712143837400
16131012130712143838200
16131012130712143839000
16131012130712143839800
16131012130712143840600
16131012130712143841400
16131012130712143842100
16131012130712143842900
16131012130712143843600
16131012130712143844300
16131012130712143845100
16131012130712143845900
16131012130712143846600
16131012130712143847400
16131012130712143848200
16131012130712143848900
16131012130712143849600
16131012130712143850400
16131012130712143851100
16131012130712143851900
16131012130712143852700
16131012130712143853400
16131012130712143854200
16131012130712143855000
16131012130712143855700
16131012130712143856500
16131012130712143857200
16131012130712143857900
16131012130712143858700
16131012130712143859400
16131012130712143900200
16131012130712143901000
16131012130712143901800
16131012130712143902500
16131012130712143903300
16131012130712143904100
16131012130712143904800
16131012130712143905600
16131012130712143906300
16131012130712143907100
16131012130712143907800
16131012130712143908500
16131012130712143909300
16131012130712143910100
16131012130712143910800
16131012130712143911600
16131012130712143912400
16131012130712143913100
16131012130712143913900
16131012130712143914700
16131012130712143915500
16131012130712143916200
16131012130712143917000
16131012130712143917800
16131012130712143918500
16131012130712143919300
16131012130712143920000
16131012130712143920800
16131012130712143921600
16131012130712143922400
16131012130712143923200
16131012130712143924000
16131012130712143924800
16131012130712143925600
16131012130712143926400
16131012130712143927300
16131012130712143928100
16131012130712143929000
16131012130712143929800
16131012130712143930700
16131012130712143931500
16131012130712143932300
16131012130712143933100
16131012130712143933900
16131012130712143934700
16131012130712143935500
16131012130712143936300
16131012130712143937100
16131012130712143937900
16131012130712143938700
16131012130712143939500
16131012130712143940300
16131012130712143941100
16131012130712143942000
16131012130712143942800
16131012130712143943600
16131012130712143944400
16131012130712143945200
16131012130712143946000
16131012130712143946800
16131012130712143947600
16131012130712143948400
16131012130712143949300
16131012130712143950100
16131012130712143950900
16131012130712143951700
16131012130712143952500
16131012130712143953400
16131012130712143954200
16131012130712143955000
16131012130712143955800
16131012130712143956600
16131012130712143957300
16131012130712143958100
16131012130712143958800
16131012130712143959500
16131012130712144000300
16131012130712144001000
16131012130712144001700
16131012130712144002400
16131012130712144003100
16131012130712144003900
16131012130712144004600
16131012130712144005300
16131012130712144006100
16131012130712144006900
16131012130712144007700
16131012130712144008600
16131012130712144009400
16131012130712144010200
16131012130712144011000
16131012130712144011800
16131012130712144012700
16131012130712144013500
16131012130712144014300
16131012130712144015100
16131012130712144015800
16131012130712144016600
16131012130712144017400
16131012130712144018200
16131012130712144019000
16131012130712144019700
16131012130712144020500
16131012130712144021300
16131012130712144022100
16131012130712144023000
16131012130712144023800
16131012130712144024600
16131012130712144025500
16131012130712144026300
16131012130712144027000
16131012130712144027800
16131012130712144028600
16131012130712144029300
16131012130712144030100
16131012130712144030900
16131012130712144031600
16131012130712144032300
16131012130712144033100
16131012130712144033800
16131012130712144034500
16131012130712144035200
16131012130712144035900
16131012130712144036700
16131012130712144037500
16131012130712144038200
16131012130712144039000
16131012130712144039800
16131012130712144040600
16131012130712144041400
16131012130712144042200
16131012130712144042900
16131012130712144043700
16131012130712144044400
16131012130712144045100
16131012130712144045900
16131012130712144046700
16131012130712144047500
16131012130712144048200
16131012130712144049000
16131012130712144049800
16131012130712144050600
16131012130712144051400
16131012130712144052100
16131012130712144052900
16131012130712144053700
16131012130712144054400
16131012130712144055200
16131012130712144056000
16131012130712144056700
16131012130712144057500
16131012130712144058300
16131012130712144059000
16131012130712144059800
16131012130712144100600
16131012130712144101400
16131012130712144102100
16131012130712144102900
16131012130712144103700
16131012130712144104500
16131012130712144105300
16131012130712144106000
16131012130712144106800
16131012130712144107600
16131012130712144108400
16131012130712144109200
16131012130712144110000
16131012130712144110800
16131012130712144111500
16131012130712144112300
16131012130712144113100
16131012130712144113900
16131012130712144114600
16131012130712144115400
16131012130712144116200
16131012130712144117000
16131012130712144117800
16131012130712144118600
16131012130712144119400
16131012130712144120100
16131012130712144120900
16131012130712144121700
16131012130712144122400
16131012130712144123200
16131012130712144123900
16131012130712144124700
16131012130712144125400
16131012130712144126200
16131012130712144127000
16131012130712144127700
16131012130712144128500
16131012130712144129300
16131012130712144130000
16131012130712144130800
16131012130712144131600
16131012130712144132300
16131012130712144133100
16131012130712144133900
16131012130712144134600
16131012130712144135300
16131012130712144136000
16131012130712144136800
16131012130712144137500
16131012130712144138300
16131012130712144139000
16131012130712144139800
16131012130712144140500
16131012130712144141300
16131012130712144142000
16131012130712144142700
16131012130712144143500
16131012130712144144300
16131012130712144145100
16131012130712144145900
16131012130712144146700
16131012130712144147500
16131012130712144148200
16131012130712144149000
16131012130712144149800
16131012130712144150600
16131012130712144151300
16131012130712144152100
16131012130712144152900
16131012130712144153700
16131012130712144154500
16131012130712144155300
16131012130712144156000
16131012130712144156800
16131012130712144157500
16131012130712144158300
16131012130712144159000
16131012130712144159700
16131012130712144200500
16131012130712144201300
16131012130712144202000
16131012130712144202800
16131012130712144203600
16131012130712144204400
16131012130712144205200
16131012130712144206000
16131012130712144206900
16131012130712144207700
16131012130712144208500
16131012130712144209400
16131012130712144210200
16131012130712144211100
16131012130712144211900
16131012130712144212700
16131012130712144213600
16131012130712144214400
16131012130712144215300
16131012130712144216100
16131012130712144216900
16131012130712144217800
16131012130712144218600
16131012130712144219400
16131012130712144220200
16131012130712144221100
16131012130712144221900
16131012130712144222700
16131012130712144223500
16131012130712144224300
16131012130712144225000
16131012130712144225900
16131012130712144226600
16131012130712144227400
16131012130712144228200
16131012130712144229000
16131012130712144229800
16131012130712144230600
16131012130712144231300
16131012130712144232100
16131012130712144232900
16131012130712144233700
16131012130712144234500
16131012130712144235300
16131012130712144236100
16131012130712144236900
16131012130712144237600
16131012130712144238400
16131012130712144239200
16131012130712144240000
16131012130712144240800
16131012130712144241600
16131012130712144242400
16131012130712144243200
16131012130712144244000
16131012130712144244800
16131012130712144245600
16131012130712144246400
16131012130712144247200
16131012130712144248000
16131012130712144248800
16131012130712144249600
16131012130712144250400
16131012130712144251200
16131012130712144252000
16131012130712144252800
16131012130712144253600
16131012130712144254400
16131012130712144255200
16131012130712144256000
16131012130712144256800
16131012130712144257500
16131012130712144258300
16131012130712144259100
16131012130712144259900
16131012130712144300700
16131012130712144301500
16131012130712144302200
16131012130712144303000
16131012130712144303800
16131012130712144304600
16131012130712144305300
16131012130712144306100
16131012130712144306900
16131012130712144307700
16131012130712144308400
16131012130712144309200
16131012130712144309900
16131012130712144310700
16131012130712144311400
16131012130712144312100
16131012130712144312900
16131012130712144313600
16131012130712144314300
16131012130712144315100
16131012130712144315800
16131012130712144316600
16131012130712144317400
16131012130712144318100
16131012130712144318900
16131012130712144319700
16131012130712144320500
16131012130712144321300
16131012130712144322100
16131012130712144322800
16131012130712144323600
16131012130712144324300
16131012130712144325100
16131012130712144325800
16131012130712144326600
16131012130712144327400
16131012130712144328200
16131012130712144328900
16131012130712144329700
16131012130712144330500
16131012130712144331200
16131012130712144331900
16131012130712144332700
16131012130712144333400
16131012130712144334200
16131012130712144334900
16131012130712144335700
16131012130712144336500
16131012130712144337200
16131012130712144338000
16131012130712144338900
16131012130712144339700
16131012130712144340500
16131012130712144341300
16131012130712144342100
16131012130712144342900
16131012130712144343700
16131012130712144344400
16131012130712144345200
16131012130712144346000
16131012130712144346800
16131012130712144347600
16131012130712144348400
16131012130712144349200
16131012130712144350000
16131012130712144350800
16131012130712144351600
16131012130712144352400
16131012130712144353200
16131012130712144354000
16131012130712144354800
16131012130712144355600
16131012130712144356400
16131012130712144357200
16131012130712144358000
16131012130712144358800
16131012130712144359700
16131012130712144400500
16131012130712144401300
16131012130712144402100
16131012130712144402800
16131012130712144403600
16131012130712144404400
16131012130712144405200
16131012130712144406000
16131012130712144406700
16131012130712144407500
16131012130712144408300
16131012130712144409100
16131012130712144409900
16131012130712144410700
16131012130712144411500
16131012130712144412300
16131012130712144413100
16131012130712144413900
16131012130712144414500
16131012130712144415300
16131012130712144416100
16131012130712144416900
16131012130712144417600
16131012130712144418400
16131012130712144419200
16131012130712144419900
16131012130712144420700
16131012130712144421500
16131012130712144422200
16131012130712144423000
16131012130712144423800
16131012130712144424500
16131012130712144425300
16131012130712144426100
16131012130712144426900
16131012130712144427700
16131012130712144428400
16131012130712144429200
16131012130712144430000
16131012130712144430800
16131012130712144431600
16131012130712144432400
16131012130712144433100
16131012130712144433900
16131012130712144434700
16131012130712144435500
16131012130712144436200
16131012130712144437000
16131012130712144437700
16131012130712144438500
16131012130712144439300
16131012130712144440000
16131012130712144440800
16131012130712144441600
16131012130712144442400
16131012130712144443200
16131012130712144444000
16131012130712144444800
16131012130712144445600
16131012130712144446400
16131012130712144447200
16131012130712144448000
16131012130712144448800
16131012130712144449500
16131012130712144450300
16131012130712144451000
16131012130712144451800
16131012130712144452500
16131012130712144453300
16131012130712144454100
16131012130712144454800
16131012130712144455600
16131012130712144456400
16131012130712144457100
16131012130712144457900
16131012130712144458700
16131012130712144459400
16131012130712144500200
16131012130712144501000
16131012130712144501800
16131012130712144502500
16131012130712144503300
16131012130712144504100
16131012130712144504800
16131012130712144505600
16131012130712144506400
16131012130712144507200
16131012130712144507900
16131012130712144508700
16131012130712144509500
16131012130712144510300
16131012130712144511100
16131012130712144511900
16131012130712144512700
16131012130712144513600
16131012130712144514400
16131012130712144515300
16131012130712144516100
16131012130712144517000
16131012130712144517800
16131012130712144518600
16131012130712144519400
16131012130712144520300
16131012130712144521100
16131012130712144521900
16131012130712144522700
16131012130712144523600
16131012130712144524400
16131012130712144525300
16131012130712144526100
16131012130712144527000
16131012130712144527800
16131012130712144528700
16131012130712144529600
16131012130712144530500
16131012130712144531400
16131012130712144532300
16131012130712144533200
16131012130712144534100
16131012130712144535000
16131012130712144535800
16131012130712144536700
16131012130712144537700
16131012130712144538600
16131012130712144539600
16131012130712144540500
16131012130712144541500
16131012130712144542400
16131012130712144543400
16131012130712144544300
16131012130712144545300
16131012130712144546300
16131012130712144547300
16131012130712144548300
16131012130712144549400
16131012130712144550400
16131012130712144551500
16131012130712144552600
16131012130712144553700
16131012130712144554800
16131012130712144555800
16131012130712144556900
16131012130712144557900
16131012130712144559000
16131012130712144600000
16131012130712144601000
16131012130712144602000
16131012130712144603000
16131012130712144604000
16131012130712144605000
16131012130712144606000
16131012130712144607000
16131012130712144608000
16131012130712144608900
16131012130712144609900
16131012130712144610800
16131012130712144611800
16131012130712144612700
16131012130712144613600
16131012130712144614400
16131012130712144615300
16131012130712144616200
16131012130712144617000
16131012130712144617800
16131012130712144618700
16131012130712144619600
16131012130712144620400
16131012130712144621300
16131012130712144622200
16131012130712144623000
16131012130712144623900
16131012130712144624700
16131012130712144625600
16131012130712144626400
16131012130712144627300
16131012130712144628200
16131012130712144629000
16131012130712144629800
16131012130712144630700
16131012130712144631500
16131012130712144632300
16131012130712144633200
16131012130712144634000
16131012130712144634800
16131012130712144635700
16131012130712144636400
16131012130712144637300
16131012130712144638200
16131012130712144639100
16131012130712144640000
16131012130712144640800
16131012130712144641700
16131012130712144642600
16131012130712144643500
16131012130712144644400
16131012130712144645300
16131012130712144646200
16131012130712144647000
16131012130712144647900
16131012130712144648800
16131012130712144649600
16131012130712144650500
16131012130712144651300
16131012130712144652200
16131012130712144653000
16131012130712144653900
16131012130712144654700
16131012130712144655500
16131012130712144656300
16131012130712144657100
16131012130712144657900
16131012130712144658600
16131012130712144659400
16131012130712144700200
16131012130712144700900
16131012130712144701700
16131012130712144702400
16131012130712144703200
16131012130712144704000
16131012130712144704800
16131012130712144705600
16131012130712144706400
16131012130712144707300
16131012130712144708100
16131012130712144708900
16131012130712144709800
16131012130712144710600
16131012130712144711400
16131012130712144712200
16131012130712144713000
16131012130712144713900
16131012130712144714700
16131012130712144715500
16131012130712144716300
16131012130712144717200
16131012130712144718000
16131012130712144718800
16131012130712144719500
16131012130712144720300
16131012130712144721100
16131012130712144721800
16131012130712144722600
16131012130712144723400
16131012130712144724100
16131012130712144724900
16131012130712144725700
16131012130712144726500
16131012130712144727300
16131012130712144728100
16131012130712144729000
16131012130712144729800
16131012130712144730600
16131012130712144731400
16131012130712144732300
16131012130712144733100
16131012130712144733900
16131012130712144734800
16131012130712144735600
16131012130712144736400
16131012130712144737300
16131012130712144738100
16131012130712144738900
16131012130712144739800
16131012130712144740600
16131012130712144741400
16131012130712144742200
16131012130712144743000
16131012130712144743800
16131012130712144744600
16131012130712144745400
16131012130712144746200
16131012130712144747000
16131012130712144747800
16131012130712144748600
16131012130712144749400
16131012130712144750100
16131012130712144750900
16131012130712144751600
16131012130712144752300
16131012130712144753100
16131012130712144753800
16131012130712144754600
16131012130712144755400
16131012130712144756200
16131012130712144756900
16131012130712144757700
16131012130712144758500
16131012130712144759300
16131012130712144800100
16131012130712144800900
16131012130712144801700
16131012130712144802500
16131012130712144803300
16131012130712144804100
16131012130712144804900
16131012130712144805700
16131012130712144806600
16131012130712144807400
16131012130712144808200
16131012130712144808900
16131012130712144809700
16131012130712144810500
16131012130712144811300
16131012130712144812100
16131012130712144812900
16131012130712144813700
16131012130712144814500
16131012130712144815300
16131012130712144816100
16131012130712144817000
16131012130712144817900
16131012130712144818800
16131012130712144819700
16131012130712144820500
16131012130712144821400
16131012130712144822300
16131012130712144823100
16131012130712144823900
16131012130712144824800
16131012130712144825600
16131012130712144826400
16131012130712144827200
16131012130712144827900
16131012130712144828700
16131012130712144829500
16131012130712144830300
16131012130712144831100
16131012130712144831800
16131012130712144832600
16131012130712144833400
16131012130712144834200
16131012130712144835000
16131012130712144835800
16131012130712144836600
16131012130712144837400
16131012130712144838200
16131012130712144839100
16131012130712144840000
16131012130712144840800
16131012130712144841700
16131012130712144842500
16131012130712144843300
16131012130712144844100
16131012130712144844900
16131012130712144845700
16131012130712144846600
16131012130712144847400
16131012130712144848200
16131012130712144849000
16131012130712144849900
16131012130712144850700
16131012130712144851500
16131012130712144852300
16131012130712144853200
16131012130712144854000
16131012130712144854800
16131012130712144855600
16131012130712144856400
16131012130712144857200
16131012130712144857900
16131012130712144858700
16131012130712144859500
16131012130712144900400
16131012130712144901300
16131012130712144902200
16131012130712144903100
16131012130712144904000
16131012130712144904900
16131012130712144905800
16131012130712144906800
16131012130712144907700
16131012130712144908600
16131012130712144909500
16131012130712144910500
16131012130712144911400
16131012130712144912300
16131012130712144913200
16131012130712144914200
16131012130712144915100
16131012130712144916000
16131012130712144916900
16131012130712144917800
16131012130712144918800
16131012130712144919700
16131012130712144920600
16131012130712144921500
16131012130712144922400
16131012130712144923300
16131012130712144924200
16131012130712144925100
16131012130712144926000
16131012130712144926900
16131012130712144927800
16131012130712144928700
16131012130712144929600
16131012130712144930500
16131012130712144931300
16131012130712144932200
16131012130712144933100
16131012130712144933900
16131012130712144934800
16131012130712144935600
16131012130712144936500
16131012130712144937400
16131012130712144938300
16131012130712144939200
16131012130712144940000
16131012130712144940900
16131012130712144941700
16131012130712144942500
16131012130712144943300
16131012130712144944100
16131012130712144944900
16131012130712144945700
16131012130712144946500
16131012130712144947300
16131012130712144948100
16131012130712144948900
16131012130712144949800
16131012130712144950600
16131012130712144951400
16131012130712144952200
16131012130712144953000
16131012130712144953800
16131012130712144954600
16131012130712144955400
16131012130712144956200
16131012130712144957000
16131012130712144957700
16131012130712144958500
16131012130712144959300
16131012130712145000100
16131012130712145000900
16131012130712145001700
16131012130712145002500
16131012130712145003300
16131012130712145004100
16131012130712145005000
16131012130712145005800
16131012130712145006700
16131012130712145007500
16131012130712145008400
16131012130712145009200
16131012130712145010000
16131012130712145010900
16131012130711112110300
16131012130711112111200
16131012130711112112200
16131012130711112113300
16131012130711112114500
16131012130711112115700
16131012130711112116800
16131012130711112117900
16131012130711112118900
16131012130711112119900
16131012130711112120900
16131012130711112121800
16131012130711112122700
16131012130711112123500
16131012130711112124400
16131012130711112125200
16131012130711112126100
16131012130711112126900
16131012130711112127700
16131012130711112128500
16131012130711112129300
16131012130711112130000
16131012130711112130800
16131012130711112131600
16131012130711112132400
16131012130711112133200
16131012130711112134000
16131012130711112134900
16131012130711112135700
16131012130711112136600
16131012130711112137400
16131012130711112138300
16131012130711112139100
16131012130711112139900
16131012130711112140700
16131012130711112141500
16131012130711112142300
16131012130711112143000
16131012130711112143800
16131012130711112144600
16131012130711112145400
16131012130711112146200
16131012130711112147000
16131012130711112147800
16131012130711112148600
16131012130711112149400
16131012130711112150100
16131012130711112150900
16131012130711112151600
16131012130711112152300
16131012130711112153100
16131012130711112153800
16131012130711112154500
16131012130711112155300
16131012130711112156000
16131012130711112156800
16131012130711112157500
16131012130711112158300
16131012130711112159100
16131012130711112159900
16131012130711112200700
16131012130711112201500
16131012130711112202200
16131012130711112203000
16131012130711112203800
16131012130711112204600
16131012130711112205500
16131012130711112206200
16131012130711112207000
16131012130711112207800
16131012130711112208600
16131012130711112209300
16131012130711112210100
16131012130711112210900
16131012130711112211700
16131012130711112212400
16131012130711112213200
16131012130711112214000
16131012130711112214800
16131012130711112215500
16131012130711112216400
16131012130711112217200
16131012130711112218100
16131012130711112218900
16131012130711112219700
16131012130711112220500
16131012130711112221300
16131012130711112222100
16131012130711112223000
16131012130711112223800
16131012130711112224600
16131012130711112225400
16131012130711112226200
16131012130711112227000
16131012130711112228000
16131012130711112229600
16131012130711112233100
16131012130711112236200
16131012130711112237900
16131012130711112239400
16131012130711112241000
16131012130711112242900
16131012130711112244800
16131012130711112246500
16131012130711112248000
16131012130711112249200
16131012130711112250400
16131012130711112251500
16131012130711112252500
16131012130711112253500
16131012130711112254500
16131012130711112255500
16131012130711112256400
16131012130711112257400
16131012130711112258300
16131012130711112259300
16131012130711112300200
16131012130711112301200
16131012130711112302100
16131012130711112303000
16131012130711112303900
16131012130711112304800
16131012130711112305700
16131012130711112306600
16131012130711112307400
16131012130711112308300
16131012130711112309100
16131012130711112310000
16131012130711112311000
16131012130711112311900
16131012130711112312800
16131012130711112313700
16131012130711112314600
16131012130711112315400
16131012130711112316300
16131012130711112317300
16131012130711112318200
16131012130711112319400
16131012130711112321400
16131012130711112350500
16131012130711112353700
16131012130711113141500
16131012130711113142500
16131012130711113143400
16131012130711113144300
16131012130711113145100
16131012130711113145900
16131012130711113146600
16131012130711113147400
16131012130711113148100
16131012130711113148900
16131012130711113149600
16131012130711113150400
16131012130711113151100
16131012130711113151900
16131012130711113152600
16131012130711113153300
16131012130711113154100
16131012130711113154900
16131012130711113155700
16131012130711113156400
16131012130711113157200
16131012130711113157900
16131012130711113158600
16131012130711113159400
16131012130711113200200
16131012130711113201000
16131012130711113201800
16131012130711113202700
16131012130711113203500
16131012130711113204300
16131012130711113205200
16131012130711113206100
16131012130711113207400
16131012130711113214500
16131012130711113219100
16131012130711113220800
16131012130711113222000
16131012130711113223100
16131012130711113224100
16131012130711113225100
16131012130711113226000
16131012130711113226900
16131012130711113227800
16131012130711113228700
16131012130711113229600
16131012130711113230500
16131012130711113231300
16131012130711113232200
16131012130711113233100
16131012130711113234200
16131012130711113235200
16131012130711113236300
16131012130711113237800
16131012130711113239300
16131012130711113240600
16131012130711113241700
16131012130711113242600
16131012130711113243600
16131012130711113244500
16131012130711113245400
16131012130711113246300
16131012130711113247200
16131012130711113248100
16131012130711113249000
16131012130711113249800
16131012130711113250700
16131012130711113251600
16131012130711113252500
16131012130711113253500
16131012130711113254500
16131012130711113255400
16131012130711113256400
16131012130711113257200
16131012130711113258000
16131012130711113258800
16131012130711113259600
16131012130711113300300
16131012130711113301100
16131012130711113301800
16131012130711113302600
16131012130711113303300
16131012130711113304000
16131012130711113304800
16131012130711113305600
16131012130711113306300
16131012130711113307100
16131012130711113307800
16131012130711113308600
16131012130711113309300
16131012130711113310100
16131012130711113310800
16131012130711113311600
16131012130711113312400
16131012130711113313100
16131012130711113313900
16131012130711113314700
16131012130711113315400
16131012130711113316200
16131012130711113316900
16131012130711113317700
16131012130711113318400
16131012130711113319200
16131012130711113319900
16131012130711113320700
16131012130711113321400
16131012130711113322100
16131012130711113322900
16131012130711113323600
16131012130711113324300
16131012130711113325100
16131012130711113325800
16131012130711113326600
16131012130711113327300
16131012130711113328100
16131012130711113328900
16131012130711113329600
16131012130711113330400
16131012130711113331100
16131012130711113331900
16131012130711113332600
16131012130711113333400
16131012130711113334200
16131012130711113334900
16131012130711113335700
16131012130711113336500
16131012130711113337300
16131012130711113338000
16131012130711113338800
16131012130711113339600
16131012130711113340300
16131012130711113341100
16131012130711113341900
16131012130711113342600
16131012130711113343400
16131012130711113344100
16131012130711113344900
16131012130711113345600
16131012130711113346300
16131012130711113347100
16131012130711113347800
16131012130711113348600
16131012130711113349300
16131012130711113350000
16131012130711113350800
16131012130711113351600
16131012130711113352200
16131012130711113353000
16131012130711113353700
16131012130711113354500
16131012130711113355200
16131012130711113356000
16131012130711113356800
16131012130711113357500
16131012130711113358300
16131012130711113359000
16131012130711113359700
16131012130711113400500
16131012130711113401200
16131012130711113402000
16131012130711113402700
16131012130711113403400
16131012130711113404200
16131012130711113404900
16131012130711113405600
16131012130711113406300
16131012130711113407100
16131012130711113407800
16131012130711113408600
16131012130711113409300
16131012130711113410100
16131012130711113410800
16131012130711113411600
16131012130711113412400
16131012130711113413100
16131012130711113413900
16131012130711113414700
16131012130711113415500
16131012130711113416300
16131012130711113417000
16131012130711113417800
16131012130711113418600
16131012130711113419300
16131012130711113420100
16131012130711113420900
16131012130711113421600
16131012130711113422400
16131012130711113423200
16131012130711113423900
16131012130711113424700
16131012130711113425500
16131012130711113426200
16131012130711113427000
16131012130711113427800
16131012130711113428600
16131012130711113429300
16131012130711113430100
16131012130711113431000
16131012130711113431800
16131012130711113432600
16131012130711113433400
16131012130711113434300
16131012130711113435200
16131012130711113436100
16131012130711113436900
16131012130711113437800
16131012130711113438600
16131012130711113439400
16131012130711113440300
16131012130711113441100
16131012130711113441900
16131012130711113442700
16131012130711113443500
16131012130711113444300
16131012130711113445100
16131012130711113445900
16131012130711113446700
16131012130711113447400
16131012130711113448200
16131012130711113449000
16131012130711113449700
16131012130711113450500
16131012130711113451200
16131012130711113452000
16131012130711113452800
16131012130711113453600
16131012130711113454400
16131012130711113455100
16131012130711113455900
16131012130711113456600
16131012130711113457400
16131012130711113458200
16131012130711113458900
16131012130711113459700
16131012130711113500400
16131012130711113501100
16131012130711113501900
16131012130711113502700
16131012130711113503500
16131012130711113504300
16131012130711113505000
16131012130711113505800
16131012130711113506600
16131012130711113507400
16131012130711113508100
16131012130711113508900
16131012130711113509600
16131012130711113510300
16131012130711113511100
16131012130711113511800
16131012130711113512500
16131012130711113513300
16131012130711113514000
16131012130711113514700
16131012130711113515400
16131012130711113516200
16131012130711113516900
16131012130711113517700
16131012130711113518400
16131012130711113519100
16131012130711113519900
16131012130711113520600
16131012130711113521400
16131012130711113522100
16131012130711113522800
16131012130711113523600
16131012130711113524300
16131012130711113525100
16131012130711113525900
16131012130711113526600
16131012130711113527400
16131012130711113528200
16131012130711113529000
16131012130711113529800
16131012130711113530600
16131012130711113531500
16131012130711113532400
16131012130711113533300
16131012130711113534300
16131012130711113535300
16131012130711113536300
16131012130711113537600
16131012130711130359100
16131012130711130359800
16131012130711130400500
16131012130711130401300
16131012130711130402000
16131012130711130402800
16131012130711130403500
16131012130711130404300
16131012130711130405200
16131012130711130406100
16131012130711130407000
16131012130711130407900
16131012130711130408700
16131012130711130409500
16131012130711130410300
16131012130711130411100
16131012130711130411800
16131012130711130412600
16131012130711130413300
16131012130711130414000
16131012130711130414800
16131012130711130415500
16131012130711130416200
16131012130711130416900
16131012130711130417600
16131012130711130418300
16131012130711130419100
16131012130711130420000
16131012130711130420800
16131012130711130421600
16131012130711130422300
16131012130711130423100
16131012130711130423900
16131012130711130424800
16131012130711130425600
16131012130711130426200
16131012130711130427000
16131012130711130427800
16131012130711130428600
16131012130711130429400
16131012130711130430200
16131012130711130431000
16131012130711130431900
16131012130711130432900
16131012130711130433900
16131012130711130434900
16131012130711130436000
16131012130711130437100
16131012130711130438100
16131012130711130439100
16131012130711130440000
16131012130711130440900
16131012130711130441800
16131012130711130442700
16131012130711130443500
16131012130711130444300
16131012130711130445100
16131012130711130445900
16131012130711130446600
16131012130711130447400
16131012130711130448100
16131012130711130448900
16131012130711130449600
16131012130711130450400
16131012130711130451100
16131012130711130451900
16131012130711130452600
16131012130711130453300
16131012130711130454100
16131012130711130454800
16131012130711130455500
16131012130711130456300
16131012130711130457000
16131012130711130457800
16131012130711130458600
16131012130711130459300
16131012130711130500100
16131012130711130500900
16131012130711130501700
16131012130711130502500
16131012130711130503200
16131012130711130504000
16131012130711130504700
16131012130711130505500
16131012130711130506300
16131012130711130507000
16131012130711130507800
16131012130711130508500
16131012130711130509300
16131012130711130510100
16131012130711130510900
16131012130711130511600
16131012130711130512400
16131012130711130513100
16131012130711130513900
16131012130711130514700
16131012130711130515500
16131012130711130516300
16131012130711130517100
16131012130711130518000
16131012130711130518800
16131012130711130519600
16131012130711130520400
16131012130711130521200
16131012130711130521900
16131012130711130522700
16131012130711130523500
16131012130711130524200
16131012130711130525000
16131012130711130525800
16131012130711130526600
16131012130711130527400
16131012130711130528200
16131012130711130528900
16131012130711130529700
16131012130711130530400
16131012130711130531100
16131012130711130531900
16131012130711130532600
16131012130711130533400
16131012130711130534100
16131012130711130534800
16131012130711130535600
16131012130711130536400
16131012130711130537200
16131012130711130538000
16131012130711130538800
16131012130711130539600
16131012130711130540400
16131012130711130541100
16131012130711130541900
16131012130711130542600
16131012130711130543400
16131012130711130544200
16131012130711130544900
16131012130711130545700
16131012130711130546400
16131012130711130547100
16131012130711130547900
16131012130711130548600
16131012130711130549300
16131012130711130550100
16131012130711130550800
16131012130711130551600
16131012130711130552400
16131012130711130553100
16131012130711130553800
16131012130711130554600
16131012130711130555300
16131012130711130556100
16131012130711130556900
16131012130711130557700
16131012130711130558400
16131012130711130559200
16131012130711130559900
16131012130711130600700
16131012130711130601500
16131012130711130602300
16131012130711130603100
16131012130711130603900
16131012130711130604700
16131012130711130605500
16131012130711130606300
16131012130711130607100
16131012130711130607900
16131012130711130608700
16131012130711130609500
16131012130711130610300
16131012130711130611100
16131012130711130611900
16131012130711130612700
16131012130711130613500
16131012130711130614300
16131012130711130615100
16131012130711130615900
16131012130711130616700
16131012130711130617500
16131012130711130618300
16131012130711130619100
16131012130711130619900
16131012130711130620600
16131012130711130621500
16131012130711130622300
16131012130711130623100
16131012130711130623800
16131012130711130624600
16131012130711130625400
16131012130711130626100
16131012130711130626900
16131012130711130627600
16131012130711130628400
16131012130711130629200
16131012130711130630000
16131012130711130630800
16131012130711130631600
16131012130711130632400
16131012130711130633200
16131012130711130634000
16131012130711130634700
16131012130711130635500
16131012130711130636200
16131012130711130637000
16131012130711130637700
16131012130711130638500
16131012130711130639300
16131012130711130640100
16131012130711130640900
16131012130711130641700
16131012130711130642500
16131012130711130643200
16131012130711130644000
16131012130711130644900
16131012130711130645700
16131012130711130646500
16131012130711130647300
16131012130711130648100
16131012130711130648900
16131012130711130649800
16131012130711130650600
16131012130711130651400
16131012130711130652200
16131012130711130653000
16131012130711130653800
16131012130711130654700
16131012130711130655600
16131012130711130656400
16131012130711130657300
16131012130711130658200
16131012130711130659000
16131012130711130659900
16131012130711130700800
16131012130711130701700
16131012130711130702600
16131012130711130703500
16131012130711130704400
16131012130711130705200
16131012130711130706100
16131012130711130707000
16131012130711130707900
16131012130711130708800
16131012130711130709700
16131012130711130710600
16131012130711130711400
16131012130711130712300
16131012130711130713200
16131012130711130714000
16131012130711130714900
16131012130711130715700
16131012130711130716600
16131012130711130717400
16131012130711130718300
16131012130711130719100
16131012130711130719900
16131012130711130720700
16131012130711130721500
16131012130711130722300
16131012130711130723100
16131012130711130723900
16131012130711130724700
16131012130711130725500
16131012130711130726300
16131012130711130727100
16131012130711130727900
16131012130711130728700
16131012130711130729500
16131012130711130730300
16131012130711130731100
16131012130711130731900
16131012130711130732700
16131012130711130733500
16131012130711130734400
16131012130711130735200
16131012130711130736000
16131012130711130736900
16131012130711130737700
16131012130711130738500
16131012130711130739300
16131012130711130740000
16131012130711130740800
16131012130711130741600
16131012130711130742400
16131012130711130743100
16131012130711130743900
16131012130711130744700
16131012130711130745500
16131012130711130746300
16131012130711130747100
16131012130711130747800
16131012130711130748600
16131012130711130749400
16131012130711130750200
16131012130711130750900
16131012130711130751700
16131012130711130752500
16131012130711130753200
16131012130711130754000
16131012130711130754700
16131012130711130755500
16131012130711130756300
16131012130711130757000
16131012130711130757800
16131012130711130758500
16131012130711130759300
16131012130711130800100
16131012130711130800800
16131012130711130801600
16131012130711130802400
16131012130711130803200
16131012130711130804000
16131012130711130804800
16131012130711130805600
16131012130711130806400
16131012130711130807100
16131012130711130807900
16131012130711130808600
16131012130711130809400
16131012130711130810100
16131012130711130810900
16131012130711130811700
16131012130711130812400
16131012130711130813200
16131012130711130813900
16131012130711130814600
16131012130711130815400
16131012130711130816100
16131012130711130816900
16131012130711130817600
16131012130711130818400
16131012130711130819200
16131012130711130820000
16131012130711130820800
16131012130711130821600
16131012130711130822500
16131012130711130823300
16131012130711130824100
16131012130711130824900
16131012130711130825600
16131012130711130826400
16131012130711130827200
16131012130711130828000
16131012130711130828700
16131012130711130829400
16131012130711130830100
16131012130711130830900
16131012130711130831700
16131012130711130832400
16131012130711130833200
16131012130711130834000
16131012130711130834700
16131012130711130835500
16131012130711130836300
16131012130711130837000
16131012130711130837800
16131012130711130838500
16131012130711130839300
16131012130711130840100
16131012130711130840800
16131012130711130841600
16131012130711130842400
16131012130711130843100
16131012130711130843900
16131012130711130844600
16131012130711130845400
16131012130711130846200
16131012130711130846900
16131012130711130847700
16131012130711130848500
16131012130711130849300
16131012130711130850100
16131012130711130850800
16131012130711130851600
16131012130711130852400
16131012130711130853200
16131012130711130854000
16131012130711130854800
16131012130711130855500
16131012130711130856300
16131012130711130857100
16131012130711130857900
16131012130711130858700
16131012130711130859500
16131012130711130900300
16131012130711130901100
16131012130711130901900
16131012130711130902700
16131012130711130903500
16131012130711130904300
16131012130711130905100
16131012130711130905900
16131012130711130906700
16131012130711130907600
16131012130711130908400
16131012130711130909300
16131012130711130910300
16131012130711130911200
16131012130711130912300
16131012130711130913300
16131012130711130914400
16131012130711130915600
16131012130711130916900
16131012130711130918200
16131012130711130919700
16131012130711130921300
16131012130711130923000
16131012130711130925100
16131012130711130926800
16131012130711130928100
16131012130711130929300
16131012130711130930400
16131012130711130931500
16131012130711130932600
16131012130711130934700
16131012130711130949400
16131012130711130955800
16131012130711130957500
16131012130711130958900
16131012130711131000100
16131012130711131001200
16131012130711131002200
16131012130711131003200
16131012130711131004200
16131012130711131005100
16131012130711131006100
16131012130711131007000
16131012130711131008000
16131012130711131009000
16131012130711131010000
16131012130711131011000
16131012130711131012100
16131012130711131013100
16131012130711131014200
16131012130711131015200
16131012130711131016200
16131012130711131017200
16131012130711131018200
16131012130711131019200
16131012130711131020100
16131012130711131021000
16131012130711131021900
16131012130711131022900
16131012130711131023800
16131012130711131024700
16131012130711131025600
16131012130711131026500
16131012130711131027400
16131012130711131028300
16131012130711131029200
16131012130711131030000
16131012130711131030900
16131012130711131031800
16131012130711131032600
16131012130711131033500
16131012130711131034300
16131012130711131035200
16131012130711131036100
16131012130711131037000
16131012130711131037800
16131012130711131038700
16131012130711131039600
16131012130711131040400
16131012130711131041300
16131012130711131042100
16131012130711131042900
16131012130711131043800
16131012130711131044700
16131012130711131045500
16131012130711131046300
16131012130711131047000
16131012130711131047800
16131012130711131048500
16131012130711131049200
16131012130711131050000
16131012130711131050700
16131012130711131051500
16131012130711131052300
16131012130711131053200
16131012130711131054000
16131012130711131054800
16131012130711131055600
16131012130711131056300
16131012130711131057100
16131012130711131057900
16131012130711131058700
16131012130711131059500
16131012130711131100300
16131012130711131101000
16131012130711131101800
16131012130711131102600
16131012130711131103400
16131012130711131104200
16131012130711131105000
16131012130711131105800
16131012130711131106600
16131012130711131107500
16131012130711131108300
16131012130711131109100
16131012130711131109900
16131012130711131110700
16131012130711131111500
16131012130711131112200
16131012130711131113000
16131012130711131113800
16131012130711131114500
16131012130711131115300
16131012130711131116100
16131012130711131116800
16131012130711131117600
16131012130711131118400
16131012130711131119100
16131012130711131119900
16131012130711131120600
16131012130711131121400
16131012130711131122100
16131012130711131122900
16131012130711131123600
16131012130711131124400
16131012130711131125100
16131012130711131125900
16131012130711131126700
16131012130711131127400
16131012130711131128200
16131012130711131129000
16131012130711131129900
16131012130711131130700
16131012130711131131500
16131012130711131132400
16131012130711131133200
16131012130711131134000
16131012130711131134900
16131012130711131135700
16131012130711131136500
16131012130711131137300
16131012130711131138200
16131012130711131139000
16131012130711131139800
16131012130711131140600
16131012130711131141500
16131012130711131142500
16131012130711131143800
16131012130711131145100
16131012130711131146600
16131012130711131148200
16131012130711131150100
16131012130711131152300
16131012130711131155100
16131012130711131157200
16131012130711131158700
16131012130711131159900
16131012130711131201100
16131012130711131202100
16131012130711131203100
16131012130711131204100
16131012130711131205100
16131012130711131206100
16131012130711131207100
16131012130711131208200
16131012130711131209300
16131012130711131210500
16131012130711131211800
16131012130711131213200
16131012130711131247000
16131012130711131248000
16131012130711131249200
16131012130711131250400
16131012130711131251500
16131012130711131252500
16131012130711131253500
16131012130711131254500
16131012130711131255500
16131012130711131256400
16131012130711131257400
16131012130711131258300
16131012130711131259100
16131012130711131300000
16131012130711131300800
16131012130711131301600
16131012130711131302400
16131012130711131303200
16131012130711131303900
16131012130711131304700
16131012130711131305500
16131012130711131306200
16131012130711131306900
16131012130711131307700
16131012130711131308400
16131012130711131309100
16131012130711131309800
16131012130711131310600
16131012130711131311300
16131012130711131312000
16131012130711131312700
16131012130711131313400
16131012130711131314300
16131012130711131315000
16131012130711131315900
16131012130711131316800
16131012130711131317600
16131012130711131318400
16131012130711131319300
16131012130711131320100
16131012130711131320900
16131012130711131321700
16131012130711131322500
16131012130711131323300
16131012130711131324000
16131012130711131324800
16131012130711131325600
16131012130711131326300
16131012130711131327100
16131012130711131327900
16131012130711131328700
16131012130711131329500
16131012130711131330200
16131012130711131331000
16131012130711131331800
16131012130711131332600
16131012130711131333400
16131012130711131334200
16131012130711131335000
16131012130711131335900
16131012130711131336700
16131012130711131337500
16131012130711131338400
16131012130711131339200
16131012130711131340100
16131012130711131341000
16131012130711131341900
16131012130711131342800
16131012130711131343700
16131012130711131344600
16131012130711131345400
16131012130711131346300
16131012130711131347200
16131012130711131348000
16131012130711131348800
16131012130711131349600
16131012130711131350500
16131012130711131351300
16131012130711131352100
16131012130711131352800
16131012130711131353600
16131012130711131354400
16131012130711131355200
16131012130711131355900
16131012130711131356700
16131012130711131357400
16131012130711131358200
16131012130711131359000
16131012130711131359700
16131012130711131400500
16131012130711131401300
16131012130711131402000
16131012130711131402800
16131012130711131403600
16131012130711131404300
16131012130711131405100
16131012130711131405900
16131012130711131406600
16131012130711131407400
16131012130711131408100
16131012130711131408900
16131012130711131409600
16131012130711131410400
16131012130711131411100
16131012130711131411900
16131012130711131412700
16131012130711131413500
16131012130711131414200
16131012130711131415000
16131012130711131415700
16131012130711131416400
16131012130711131417200
16131012130711131417900
16131012130711131418600
16131012130711131419400
16131012130711131420100
16131012130711131420900
16131012130711131421600
16131012130711131422400
16131012130711131423200
16131012130711131424000
16131012130711131424800
16131012130711131425600
16131012130711131426500
16131012130711131427300
16131012130711131428100
16131012130711131428900
16131012130711131429700
16131012130711131430500
16131012130711131431300
16131012130711131432100
16131012130711131432800
16131012130711131433500
16131012130711131434300
16131012130711131435000
16131012130711131435700
16131012130711131436400
16131012130711131437200
16131012130711131438000
16131012130711131438700
16131012130711131439500
16131012130711131440300
16131012130711131441100
16131012130711131441900
16131012130711131442700
16131012130711131443500
16131012130711131444300
16131012130711131445100
16131012130711131445800
16131012130711131446600
16131012130711131447400
16131012130711131448200
16131012130711131449000
16131012130711131449700
16131012130711131450500
16131012130711131451300
16131012130711131452100
16131012130711131452800
16131012130711131453600
16131012130711131454400
16131012130711131455200
16131012130711131455900
16131012130711131456700
16131012130711131457400
16131012130711131458200
16131012130711131458900
16131012130711131459700
16131012130711131500400
16131012130711131501200
16131012130711131501900
16131012130711131502700
16131012130711131503400
16131012130711131504100
16131012130711131504900
16131012130711131505600
16131012130711131506400
16131012130711131507100
16131012130711131507900
16131012130711131508600
16131012130711131509400
16131012130711131510200
16131012130711131511000
16131012130711131511800
16131012130711131512500
16131012130711131513300
16131012130711131514100
16131012130711131514800
16131012130711131515500
16131012130711131516200
16131012130711131516900
16131012130711131517600
16131012130711131518400
16131012130711131519200
16131012130711131520000
16131012130711131520800
16131012130711131521600
16131012130711131522400
16131012130711131523200
16131012130711131524000
16131012130711131524800
16131012130711131525600
16131012130711131526400
16131012130711131527200
16131012130711131527900
16131012130711131528600
16131012130711131529400
16131012130711131530100
16131012130711131530900
16131012130711131531700
16131012130711131532500
16131012130711131533300
16131012130711131534100
16131012130711131535000
16131012130711131535800
16131012130711131536700
16131012130711131537500
16131012130711131538400
16131012130711131539300
16131012130711131540200
16131012130711131541000
16131012130711131542000
16131012130711131542900
16131012130711131543800
16131012130711131544700
16131012130711131545700
16131012130711131546700
16131012130711131547700
16131012130711131548700
16131012130711131549800
16131012130711131550900
16131012130711131552000
16131012130711131553000
16131012130711131553900
16131012130711131554800
16131012130711131555600
16131012130711131556300
16131012130711131557100
16131012130711131557800
16131012130711131558600
16131012130711131559400
16131012130711131600200
16131012130711131600900
16131012130711131601700
16131012130711131602400
16131012130711131603200
16131012130711131604000
16131012130711131604800
16131012130711131605500
16131012130711131606200
16131012130711131606900
16131012130711131607700
16131012130711131608400
16131012130711131609200
16131012130711131609900
16131012130711131610600
16131012130711131611400
16131012130711131612200
16131012130711131612900
16131012130711131613600
16131012130711131614300
16131012130711131615000
16131012130711131615700
16131012130711131616400
16131012130711131617200
16131012130711131618000
16131012130711131618800
16131012130711131619700
16131012130711131620500
16131012130711131621300
16131012130711131622100
16131012130711131622900
16131012130711131623700
16131012130711131624400
16131012130711132808400
16131012130711132809200
16131012130711132809900
16131012130711132810600
16131012130711132811400
16131012130711132812100
16131012130711132812800
16131012130711132813500
16131012130711132814300
16131012130711132815100
16131012130711132816000
16131012130711132816800
16131012130711132817700
16131012130711132818600
16131012130711132819500
16131012130711132820400
16131012130711132821300
16131012130711132822200
16131012130711132823100
16131012130711132824100
16131012130711132825000
16131012130711132825900
16131012130711132826700
16131012130711132827600
16131012130711132828600
16131012130711132829500
16131012130711132830400
16131012130711132831200
16131012130711132832100
16131012130711132833100
16131012130711132834000
16131012130711132834900
16131012130711132835900
16131012130711132836700
16131012130711132837600
16131012130711132838500
16131012130711132839300
16131012130711132840100
16131012130711132841000
16131012130711132841800
16131012130711132842700
16131012130711132843500
16131012130711132844300
16131012130711132845100
16131012130711132845900
16131012130711132846700
16131012130711132847500
16131012130711132848300
16131012130711132849200
16131012130711132850000
16131012130711132850800
16131012130711132851600
16131012130711132852400
16131012130711132853200
16131012130711132854000
16131012130711132854800
16131012130711132855600
16131012130711132856400
16131012130711132857200
16131012130711132858000
16131012130711132858800
16131012130711132859600
16131012130711132900400
16131012130711132901200
16131012130711132902000
16131012130711132902800
16131012130711132903700
16131012130711132904600
16131012130711132905600
16131012130711132906500
16131012130711132907500
16131012130711132908500
16131012130711132909700
16131012130711132910800
16131012130711132912100
16131012130711132913500
16131012130711132914900
16131012130711132916200
16131012130711132917400
16131012130711132918500
16131012130711132919600
16131012130711132920800
16131012130711132921800
16131012130711132922800
16131012130711132923700
16131012130711132924600
16131012130711132925500
16131012130711132926400
16131012130711132927300
16131012130711132928200
16131012130711132929000
16131012130711132929800
16131012130711132930700
16131012130711132931500
16131012130711132932300
16131012130711132933200
16131012130711132934000
16131012130711132934900
16131012130711132935700
16131012130711132936600
16131012130711132937400
16131012130711132938200
16131012130711132939100
16131012130711132940000
16131012130711132940800
16131012130711132941700
16131012130711132942600
16131012130711132943400
16131012130711132944300
16131012130711132945200
16131012130711132946200
16131012130711132947300
16131012130711132948500
16131012130711132949800
16131012130711132951300
16131012130711132952900
16131012130711132954500
16131012130711132956000
16131012130711132957200
16131012130711132958300
16131012130711132959200
16131012130711133000200
16131012130711133001100
16131012130711133001900
16131012130711133002800
16131012130711133003600
16131012130711133004400
16131012130711133005300
16131012130711133006100
16131012130711133006900
16131012130711133007800
16131012130711133008600
16131012130711133009500
16131012130711133010400
16131012130711133011300
16131012130711133012100
16131012130711133013000
16131012130711144430600
16131012130711144432200
16131012130711144433600
16131012130711144434800
16131012130711144436000
16131012130711144437000
16131012130711144438000
16131012130711144439000
16131012130711144440000
16131012130711144440900
16131012130711144441800
16131012130711144442700
16131012130711144443600
16131012130711144444600
16131012130711144445500
16131012130711144446500
16131012130711144447500
16131012130711144448600
16131012130711144449600
16131012130711144450600
16131012130711144451600
16131012130711144452500
16131012130711144453500
16131012130711144454400
16131012130711144455300
16131012130711144456200
16131012130711144457100
16131012130711144458000
16131012130711144459000
16131012130711144500000
16131012130711144501000
16131012130711144502000
16131012130711144503200
16131012130711144504500
16131012130711144506300
16131012130711162202900
16131012130711162203600
16131012130711162204400
16131012130711162205200
16131012130711162206100
16131012130711162207100
16131012130711162208000
16131012130711162209000
16131012130711162210000
16131012130711162210900
16131012130711162211900
16131012130711162212800
16131012130711162213800
16131012130711162214800
16131012130711162215700
16131012130711162216700
16131012130711162217600
16131012130711162218500
16131012130711162219500
16131012130711162220400
16131012130711162221300
16131012130711162222200
16131012130711162223200
16131012130711162224100
16131012130711162225000
16131012130711162225900
16131012130711162226800
16131012130711162227700
16131012130711162228600
16131012130711162229500
16131012130711162230400
16131012130711162231300
16131012130711162232200
16131012130711162233100
16131012130711162234000
16131012130711162234800
16131012130711162235700
16131012130711162238400
16131012130711162239300
16131012130711162240200
16131012130711162241200
16131012130711162242100
16131012130711162243000
16131012130711162243900
16131012130711162244800
16131012130711162245600
16131012130711162246500
16131012130711162247400
16131012130711162248200
16131012130711162249100
16131012130711162250100
16131012130711162251000
16131012130711162252000
16131012130711162253000
16131012130711162254000
16131012130711162255200
16131012130711162256300
16131012130711162257400
16131012130711162258500
16131012130711162259700
16131012130711162300900
16131012130711162302100
16131012130711162303300
16131012130711162304500
16131012130711164331400
16131012130711164332600
16131012130711164333600
16131012130711164334600
16131012130711164335500
16131012130711164336400
16131012130711164337300
16131012130711164338100
16131012130711164339000
16131012130711164339800
16131012130711164340700
16131012130711164341500
16131012130711164342300
16131012130711164343100
16131012130711164343900
16131012130711164344700
16131012130711164345500
16131012130711164346300
16131012130711164347100
16131012130711164347900
16131012130711164348700
16131012130711164349500
16131012130711164350200
16131012130711164351000
16131012130711164354800
16131012130711164355600
16131012130711164356400
16131012130711164357100
16131012130711164357900
16131012130711164358600
16131012130711164359400
16131012130711164400100
16131012130711164400900
16131012130711164401600
16131012130711164402400
16131012130711164403100
16131012130711164403800
16131012130711164404600
16131012130711164405300
16131012130711164406100
16131012130711164406800
16131012130711164407500
16131012130711164408200
16131012130711164408900
16131012130711164409600
16131012130711164410300
16131012130711164411100
16131012130711164411900
16131012130711164412700
16131012130711164413500
16131012130711164414300
16131012130711164415000
16131012130711164415800
16131012130711164416600
16131012130711164417400
16131012130711164418200
16131012130711164419000
16131012130711164419300
16131012130712110709400
16131012130712110710600
16131012130712110711700
16131012130712110712700
16131012130712110713800
16131012130712110714800
16131012130712110715700
16131012130712110716700
16131012130712110717700
16131012130712110718600
16131012130712110719600
16131012130712110720500
16131012130712110721500
16131012130712110722400
16131012130712110723400
16131012130712110724300
16131012130712110725200
16131012130712110726000
16131012130712110726900
16131012130712110727700
16131012130712110728500
16131012130712110729200
16131012130712110730000
16131012130712110730700
16131012130712110731500
16131012130712110732200
16131012130712110733000
16131012130712110733700
16131012130712110734500
16131012130712110735300
16131012130712110736000
16131012130712110736800
16131012130712110737600
16131012130712110738400
16131012130712110739200
16131012130712110740000
16131012130712110740800
16131012130712110741600
16131012130712110742400
16131012130712110743300
16131012130712110744100
16131012130712110744900
16131012130712110745800
16131012130712110746600
16131012130712110747400
16131012130712110748200
16131012130712110749000
16131012130712110749800
16131012130712110750600
16131012130712110751400
16131012130712110752200
16131012130712110752900
16131012130712110753700
16131012130712110754500
16131012130712110755300
16131012130712110756100
16131012130712110757000
16131012130712110757900
16131012130712110758800
16131012130712110759700
16131012130712110800500
16131012130712110801400
16131012130712110802300
16131012130712110803200
16131012130712110804000
16131012130712110804900
16131012130712110805700
16131012130712110806600
16131012130712110807500
16131012130712110808300
16131012130712110809200
16131012130712110810000
16131012130712110810900
16131012130712110811800
16131012130712110812700
16131012130712110813500
16131012130712110814400
16131012130712110815300
16131012130712110816200
16131012130712110817100
16131012130712110817900
16131012130712110818800
16131012130712110819600
16131012130712110820500
16131012130712110821300
16131012130712110822100
16131012130712110823000
16131012130712110823800
16131012130712110824600
16131012130712110825400
16131012130712110826300
16131012130712110827200
16131012130712110828000
16131012130712110828900
16131012130712110829800
16131012130712110830600
16131012130712110831500
16131012130712110832400
16131012130712110833400
16131012130712110834300
16131012130712110835200
16131012130712110836200
16131012130712110837200
16131012130712110838300
16131012130712110839400
16131012130712110840700
16131012130712110842200
16131012130712110844700
16131012130712110846700
16131012130712110848100
16131012130712110849300
16131012130712110850300
16131012130712110851200
16131012130712110852100
16131012130712110852900
16131012130712110853700
16131012130712110854600
16131012130712110855400
16131012130712110856200
16131012130712110856900
16131012130712110857700
16131012130712110858500
16131012130712110859300
16131012130712110900100
16131012130712110900900
16131012130712110901700
16131012130712110902500
16131012130712110903400
16131012130712110904200
16131012130712110905000
16131012130712110905800
16131012130712110906600
16131012130712110907500
16131012130712110908500
16131012130712110909600
16131012130712110910700
16131012130712110911800
16131012130712110912800
16131012130712110913800
16131012130712110914700
16131012130712110915600
16131012130712110916600
16131012130712110917500
16131012130712110918500
16131012130712110919500
16131012130712110920400
16131012130712110921300
16131012130712110922200
16131012130712110923100
16131012130712110924000
16131012130712110924900
16131012130712110925800
16131012130712110926700
16131012130712110927600
16131012130712110928400
16131012130712110929300
16131012130712110930200
16131012130712110931200
16131012130712110932100
16131012130712110933200
16131012130712110934200
16131012130712110935300
16131012130712110936400
16131012130712110937500
16131012130712110938400
16131012130712110939400
16131012130712110940300
16131012130712110941100
16131012130712110942000
16131012130712110942800
16131012130712110943700
16131012130712110944600
16131012130712110945600
16131012130712110946800
16131012130712110948000
16131012130712110949300
16131012130712110950400
16131012130712110951500
16131012130712110952600
16131012130712110953700
16131012130712110954800
16131012130712110955900
16131012130712110956900
16131012130712110957800
16131012130712110958800
16131012130712110959800
16131012130712111000900
16131012130712111002200
16131012130712111003500
16131012130712111004800
16131012130712111006100
16131012130712111007300
16131012130712111008600
16131012130712111009700
16131012130712111010700
16131012130712111011700
16131012130712111012600
16131012130712111013600
16131012130712111014500
16131012130712111015500
16131012130712111016400
16131012130712111017300
16131012130712111018100
16131012130712111019000
16131012130712111019800
16131012130712111020600
16131012130712111021400
16131012130712111022200
16131012130712111023000
16131012130712111023800
16131012130712111024600
16131012130712111025400
16131012130712111026200
16131012130712111027100
16131012130712111027900
16131012130712111028700
16131012130712111029500
16131012130712111030400
16131012130712111031200
16131012130712111032100
16131012130712111033000
16131012130712111033900
16131012130712111034800
16131012130712111035700
16131012130712111036600
16131012130712111037700
16131012130712111038800
16131012130712111040100
16131012130712111041600
16131012130712111043300
16131012130712111045600
16131012130712111047500
16131012130712111049800
16131012130712111054400
16131012130712111056300
16131012130712111057700
16131012130712111058900
16131012130712111059900
16131012130712111101000
16131012130712111102100
16131012130712111103300
16131012130712111104500
16131012130712111105800
16131012130712111107100
16131012130712111108400
16131012130712111109500
16131012130712111110700
16131012130712111111700
16131012130712111112700
16131012130712111113600
16131012130712111114600
16131012130712111115800
16131012130712111117000
16131012130712111118400
16131012130712111119900
16131012130712111121200
16131012130712111122500
16131012130712111123700
16131012130712111124800
16131012130712111125900
16131012130712111127000
16131012130712111128100
16131012130712111129200
16131012130712111130400
16131012130712111131500
16131012130712111132700
16131012130712111134000
16131012130712111135200
16131012130712111136600
16131012130712111137900
16131012130712111139300
16131012130712111140700
16131012130712111142200
16131012130712111144800
16131012130712111148500
16131012130712111150900
16131012130712111152900
16131012130712111154600
16131012130712111156000
16131012130712111157400
16131012130712111158800
16131012130712111200200
16131012130712111201600
16131012130712111202900
16131012130712111204300
16131012130712111205700
16131012130712111207100
16131012130712111208500
16131012130712111209800
16131012130712111211100
16131012130712111212400
16131012130712111213800
16131012130712111215300
16131012130712111216800
16131012130712111218300
16131012130712111219600
16131012130712111221000
16131012130712111222400
16131012130712111223900
16131012130712111225400
16131012130712111226700
16131012130712111228000
16131012130712111229300
16131012130712111230400
16131012130712111231600
16131012130712111232800
16131012130712111234100
16131012130712111235500
16131012130712111237300
16131012130712111239600
16131012130712111242800
16131012130712111245400
16131012130712111247300
16131012130712111249100
16131012130712111251200
16131012130712111253700
16131012130712111256300
16131012130712111300100
16131012130712111304300
16131012130712111309800
16131012130712111314200
16131012130712111318600
16131012130712111322300
16131012130712111325400
16131012130712111329400
16131012130712111332500
16131012130712111334900
16131012130712111337400
16131012130712111342500
16131012130712111345600
16131012130712111348100
16131012130712111350100
16131012130712111352100
16131012130712111356000
16131012130712111400700
16131012130712111404000
16131012130712111420100
16131012130712111424000
16131012130712111426800
16131012130712111430900
16131012130712111434200
16131012130712111436500
16131012130712111521100
16131012130712111523400
16131012130712111526100
16131012130712111528400
16131012130712111529900
16131012130712111531400
16131012130712111532700
16131012130712111533900
16131012130712111535100
16131012130712111536200
16131012130712111537300
16131012130712111538300
16131012130712111539300
16131012130712111540300
16131012130712111541200
16131012130712111542200
16131012130712111543200
16131012130712111544200
16131012130712111545200
16131012130712111546200
16131012130712111547300
16131012130712111548300
16131012130712111553000
16131012130712111553900
16131012130712111554900
16131012130712111555800
16131012130712111556800
16131012130712111557800
16131012130712111558800
16131012130712111559900
16131012130712111600900
16131012130712111601900
16131012130712111602800
16131012130712111603800
16131012130712111604600
16131012130712111605500
16131012130712111606400
16131012130712111607300
16131012130712111608100
16131012130712111609000
16131012130712111609800
16131012130712111610700
16131012130712111611600
16131012130712111612400
16131012130712111613200
16131012130712111614100
16131012130712111614900
16131012130712111615800
16131012130712111616700
16131012130712111617500
16131012130712111618400
16131012130712111619300
16131012130712111620300
16131012130712111621200
16131012130712111622200
16131012130712111623100
16131012130712111624300
16131012130712111625700
16131012130712111636800
16131012130712111640800
16131012130712111643500
16131012130712111645700
16131012130712111647700
16131012130712111649700
16131012130712111651800
16131012130712111653400
16131012130712111654700
16131012130712111655900
16131012130712111657000
16131012130712111658100
16131012130712111659100
16131012130712111700100
16131012130712111701100
16131012130712111702000
16131012130712111703000
16131012130712111704000
16131012130712111704900
16131012130712111705900
16131012130712111706900
16131012130712111707900
16131012130712111708900
16131012130712111709800
16131012130712111710800
16131012130712111711800
16131012130712111712800
16131012130712111713800
16131012130712111714700
16131012130712111715600
16131012130712111716600
16131012130712111717500
16131012130712111718600
16131012130712111719600
16131012130712111720800
16131012130712111722500
16131012130712111724500
16131012130712111726500