{"type": "FeatureCollection", "name": "g103-osm-route", "crs": {"type": "name", "properties": {"name": "urn:ogc:def:crs:OGC:1.3:CRS84"}}, "features": [{"type": "Feature", "properties": {"osmWayId": 5218038, "bridge": "yes", "foot": "no", "highway": "trunk", "layer": "1", "name": "国贸桥", "name:en": "Guomao Bridge", "name:zh": "国贸桥", "name:zh-Hans": "国贸桥", "name:zh-Hant": "國貿橋", "oneway": "yes", "ref": "G103", "sourceMembership": "g103-tag"}, "geometry": {"type": "LineString", "coordinates": [[116.4588882, 39.9070945], [116.4570068, 39.9070927], [116.4568927, 39.9070926], [116.455852, 39.9070899], [116.4553271, 39.9070991], [116.4542214, 39.9071109], [116.452375, 39.907103]]}}, {"type": "Feature", "properties": {"osmWayId": 9745798, "bridge": "yes", "highway": "motorway", "layer": "1", "name": "大望桥", "oneway": "yes", "ref": "G103", "sourceMembership": "g103-tag"}, "geometry": {"type": "LineString", "coordinates": [[116.4717519, 39.9068795], [116.4746929, 39.9068823]]}}, {"type": "Feature", "properties": {"osmWayId": 9745904, "bridge": "yes", "highway": "motorway", "lanes": "4", "layer": "1", "loc_name": "京通快速", "loc_name:zh": "京通快速", "loc_name:zh-Latn-pinyin": "Jīngtōng Kuàisù", "name": "京通快速路", "name:en": "Jingtong Expressway", "name:fr": "Autoroute Jīngtōng", "name:zh": "京通快速路", "name:zh-Latn-pinyin": "Jīngtōng Kuàisù Lù", "oneway": "yes", "ref": "G103", "short_name": "京通快速", "sourceMembership": "g103-tag"}, "geometry": {"type": "LineString", "coordinates": [[116.6234451, 39.9054811], [116.6208108, 39.9055089], [116.6200023, 39.9055075], [116.6194064, 39.9054883], [116.6187709, 39.9054568], [116.6183515, 39.9054424], [116.6180662, 39.9054424], [116.6178278, 39.9054445]]}}, {"type": "Feature", "properties": {"osmWayId": 24400011, "highway": "motorway", "loc_name": "京通快速", "loc_name:en": "Jingtong Expressway", "loc_name:fr": "Autoroute Jīngtōng", "loc_name:zh": "京通快速", "loc_name:zh-Latn-pinyin": "jīngtōng gāosùlù", "name": "京通快速", "name:zh": "京通快速", "oneway": "yes", "ref": "G103", "short_name": "京塘线", "sourceMembership": "g103-tag"}, "geometry": {"type": "LineString", "coordinates": [[116.4788045, 39.9069979], [116.4786088, 39.9069996]]}}, {"type": "Feature", "properties": {"osmWayId": 24635069, "foot": "yes", "highway": "trunk", "lanes": "3", "name": "京滨线（新港四号路）", "name:en": "Jingbin Highway (Xingang 4th Road)", "oneway": "yes", "ref": "G103", "surface": "asphalt", "sourceMembership": "g103-tag"}, "geometry": {"type": "LineString", "coordinates": [[117.7703626, 38.9889911], [117.7701552, 38.9890647], [117.7699684, 38.9891459], [117.7665168, 38.9903479], [117.76527, 38.9907907], [117.7617649, 38.9920983], [117.7592321, 38.993], [117.7551175, 38.9944565], [117.7524339, 38.9954151], [117.7494666, 38.9964814], [117.7484569, 38.9968623], [117.7463704, 38.9977294], [117.7459947, 38.9978814], [117.7427005, 38.9992839], [117.7419621, 38.9996147], [117.7413256, 38.9999312], [117.7388589, 39.0009718], [117.7378414, 39.0013678], [117.7364042, 39.0019105], [117.7345768, 39.0026031], [117.7327913, 39.0032838], [117.7322649, 39.0034771], [117.730818, 39.0040423], [117.7302074, 39.0042662], [117.7261101, 39.0058046], [117.7245775, 39.0063777], [117.7242959, 39.0064882], [117.7219532, 39.0074124], [117.7207348, 39.0078841], [117.7197172, 39.0082716], [117.7173216, 39.0091767], [117.7154359, 39.0098565], [117.712509, 39.0109505], [117.7121955, 39.0110685], [117.7073834, 39.0128801], [117.7050758, 39.0137512], [117.7046865, 39.0138981], [117.7042488, 39.0140574], [117.7037388, 39.0142558]]}}, {"type": "Feature", "properties": {"osmWayId": 29253290, "bridge": "yes", "highway": "motorway", "lanes": "4", "layer": "1", "loc_name": "京通快速", "loc_name:zh": "京通快速", "loc_name:zh-Latn-pinyin": "Jīngtōng Kuàisù", "name": "京通快速路", "name:en": "Jingtong Expressway", "name:fr": "Autoroute Jīngtōng", "name:zh": "京通快速路", "name:zh-Latn-pinyin": "Jīngtōng Kuàisù Lù", "oneway": "yes", "ref": "G103", "short_name": "京通快速", "sourceMembership": "g103-tag"}, "geometry": {"type": "LineString", "coordinates": [[116.6178234, 39.9052877], [116.6187697, 39.9053117], [116.6193954, 39.90533], [116.6200265, 39.9053507], [116.6207993, 39.9053483], [116.6234381, 39.9053304]]}}, {"type": "Feature", "properties": {"osmWayId": 29337322, "foot": "yes", "highway": "trunk", "lanes": "2", "name": "京滨线", "name:en": "Jingbin Highway", "oneway": "yes", "ref": "G103", "source": "GPS", "sourceMembership": "g103-tag"}, "geometry": {"type": "LineString", "coordinates": [[117.0490447, 39.4467759], [117.0490996, 39.4469581], [117.0491394, 39.4470902], [117.0504511, 39.4503601], [117.0506766, 39.4511568], [117.0507583, 39.4516363], [117.0507889, 39.4521707], [117.0507559, 39.4529001], [117.0507199, 39.4533445], [117.0506379, 39.4537912], [117.0505345, 39.4542472], [117.0502103, 39.455109], [117.049955, 39.4556595], [117.0497958, 39.4559344], [117.0495913, 39.4562688], [117.0490616, 39.4570591], [117.0482856, 39.4579], [117.0476412, 39.4584368], [117.0474661, 39.4585827], [117.0462364, 39.4593559], [117.0450016, 39.4599477], [117.0441763, 39.4602831], [117.0432459, 39.4605731], [117.0425416, 39.4607429], [117.0416718, 39.4609119], [117.0410123, 39.4609836], [117.040273, 39.4610781], [117.0392933, 39.4612154], [117.0388074, 39.4612835], [117.035876, 39.4617103], [117.0347533, 39.4618606], [117.0338388, 39.4620233], [117.0329115, 39.4622545], [117.0320146, 39.4626166], [117.0312727, 39.4630345], [117.0309826, 39.4632594], [117.0306347, 39.4635094], [117.0301845, 39.4639187], [117.0296144, 39.4645734], [117.0291321, 39.4652223], [117.0281765, 39.4664216], [117.0273164, 39.4676229], [117.0265904, 39.4685086], [117.0261134, 39.4690365], [117.0258883, 39.4692459], [117.0252398, 39.4697883], [117.0245375, 39.4701772], [117.0237566, 39.4705588], [117.023207, 39.4707514]]}}, {"type": "Feature", "properties": {"osmWayId": 29371180, "highway": "trunk", "lanes": "2", "maxheight": "4", "maxspeed": "60", "motorroad": "yes", "name": "北苑南路", "name:en": "Beiyuan South Road", "name:zh-Latn-pinyin": "Běiyuàn Nán Lù", "oneway": "yes", "ref": "G103", "smoothness": "excellent", "surface": "asphalt", "sourceMembership": "g103-tag"}, "geometry": {"type": "LineString", "coordinates": [[116.6347604, 39.8980275], [116.6356885, 39.8966399], [116.6357047, 39.8966153], [116.6359633, 39.8962235], [116.6360683, 39.8960683], [116.637076, 39.8945786], [116.6372383, 39.8943431], [116.6373445, 39.8941735], [116.6374492, 39.8940651], [116.6377301, 39.8937997], [116.6377935, 39.8937472], [116.6379377, 39.8936277]]}}, {"type": "Feature", "properties": {"osmWayId": 30041628, "bridge": "yes", "highway": "motorway", "layer": "1", "name": "大望桥", "oneway": "yes", "ref": "G103", "sourceMembership": "g103-tag"}, "geometry": {"type": "LineString", "coordinates": [[116.4746955, 39.9070056], [116.4717785, 39.9070173]]}}, {"type": "Feature", "properties": {"osmWayId": 30041629, "highway": "trunk", "int_name": "Jian' Guo Lu", "name": "建国路", "name:en": "Jianguo Road", "oneway": "yes", "ref": "G103", "sourceMembership": "g103-tag"}, "geometry": {"type": "LineString", "coordinates": [[116.4692556, 39.9070363], [116.4669731, 39.9070251]]}}, {"type": "Feature", "properties": {"osmWayId": 30041821, "highway": "trunk", "int_name": "Jian' Guo Lu", "name": "建国路", "name:en": "Jianguo Road", "oneway": "yes", "ref": "G103", "sourceMembership": "g103-tag"}, "geometry": {"type": "LineString", "coordinates": [[116.4598219, 39.9069483], [116.4615873, 39.9069383], [116.4644938, 39.9069102], [116.4646781, 39.9069087], [116.4670474, 39.9069021]]}}, {"type": "Feature", "properties": {"osmWayId": 30041828, "bridge": "yes", "foot": "no", "highway": "trunk", "layer": "1", "name": "国贸桥", "name:zh": "国贸桥", "name:zh-Hans": "国贸桥", "name:zh-Hant": "國貿橋", "oneway": "yes", "ref": "G103", "sourceMembership": "g103-tag"}, "geometry": {"type": "LineString", "coordinates": [[116.4525182, 39.906958], [116.4543453, 39.9069593], [116.4553007, 39.9069551], [116.4558521, 39.906951], [116.456721, 39.9069453], [116.4588928, 39.9069559]]}}, {"type": "Feature", "properties": {"osmWayId": 30041862, "bridge": "yes", "highway": "trunk", "layer": "1", "name": "建国门桥", "name:en": "Jianguomen Bridge", "oneway": "yes", "ref": "G103", "sourceMembership": "g103-tag"}, "geometry": {"type": "LineString", "coordinates": [[116.4331475, 39.9072171], [116.4306492, 39.9072304], [116.4304219, 39.9072316]]}}, {"type": "Feature", "properties": {"osmWayId": 30041876, "highway": "trunk", "name": "建国门外大街", "name:en": "Jianguomen Outer Avenue", "oneway": "yes", "ref": "G103", "sourceMembership": "g103-tag"}, "geometry": {"type": "LineString", "coordinates": [[116.4331648, 39.9070894], [116.4333802, 39.9070875], [116.4346634, 39.9070746], [116.4347526, 39.9070724], [116.4348406, 39.9070748], [116.4368016, 39.9070712], [116.4374113, 39.9070701], [116.4374461, 39.9070701], [116.4375461, 39.9070699], [116.4376685, 39.9070693]]}}, {"type": "Feature", "properties": {"osmWayId": 31788581, "highway": "trunk", "lanes": "3", "name": "北苑南路", "name:en": "Beiyuan South Road", "name:zh-Latn-pinyin": "Běiyuàn Nán Lù", "oneway": "yes", "ref": "G103", "sourceMembership": "g103-tag"}, "geometry": {"type": "LineString", "coordinates": [[116.6452065, 39.8913395], [116.6419519, 39.8922207], [116.6413472, 39.8923939], [116.6398272, 39.8928292], [116.6393714, 39.8929782], [116.639291, 39.8930107], [116.6389495, 39.8931488], [116.6385456, 39.8933501], [116.6384278, 39.8934202], [116.6381918, 39.8935936]]}}, {"type": "Feature", "properties": {"osmWayId": 42712143, "bridge": "yes", "highway": "trunk", "lanes": "5", "layer": "1", "name": "京滨线", "oneway": "yes", "ref": "G103", "sourceMembership": "g103-tag"}, "geometry": {"type": "LineString", "coordinates": [[117.0975701, 39.2895634], [117.0967214, 39.2935399], [117.0965638, 39.2940944], [117.0963909, 39.2946156], [117.0961541, 39.2951762], [117.0957832, 39.296093], [117.0936321, 39.3005759]]}}, {"type": "Feature", "properties": {"osmWayId": 42712280, "highway": "motorway", "loc_name": "京通快速", "loc_name:en": "Jingtong Expressway", "loc_name:fr": "Autoroute Jīngtōng", "loc_name:zh": "京通快速", "loc_name:zh-Latn-pinyin": "jīngtōng gāosùlù", "name": "京通快速", "name:zh": "京通快速", "oneway": "yes", "ref": "G103", "short_name": "京塘线", "sourceMembership": "g103-tag"}, "geometry": {"type": "LineString", "coordinates": [[116.4746929, 39.9068823], [116.4771226, 39.9068327]]}}, {"type": "Feature", "properties": {"osmWayId": 47683634, "highway": "motorway", "loc_name": "京通快速", "loc_name:zh": "京通快速", "loc_name:zh-Latn-pinyin": "Jīngtōng Kuàisù", "name": "京通快速路", "name:en": "Jingtong Expressway", "name:fr": "Autoroute Jīngtōng", "name:zh": "京通快速路", "name:zh-Latn-pinyin": "Jīngtōng Kuàisù Lù", "oneway": "yes", "ref": "G103", "short_name": "京通快速", "toll": "yes", "sourceMembership": "g103-tag"}, "geometry": {"type": "LineString", "coordinates": [[116.6065206, 39.9045475], [116.6072558, 39.9043533], [116.6079188, 39.90422], [116.6084943, 39.9041692], [116.6090733, 39.9041651], [116.6097611, 39.9042038], [116.6105488, 39.9043246], [116.6110461, 39.9044056], [116.6129565, 39.9047811]]}}, {"type": "Feature", "properties": {"osmWayId": 47683663, "bridge": "yes", "bridge:name": "双会桥", "highway": "motorway", "lanes": "3", "layer": "1", "loc_name": "京通快速", "loc_name:zh": "京通快速", "loc_name:zh-Latn-pinyin": "Jīngtōng Kuàisù", "name": "京通快速路", "name:en": "Jingtong Expressway", "name:fr": "Autoroute Jīngtōng", "name:zh": "京通快速路", "name:zh-Latn-pinyin": "Jīngtōng Kuàisù Lù", "oneway": "yes", "ref": "G103", "short_name": "京通快速", "toll": "yes", "sourceMembership": "g103-tag"}, "geometry": {"type": "LineString", "coordinates": [[116.5943598, 39.9078614], [116.5955972, 39.9078381]]}}, {"type": "Feature", "properties": {"osmWayId": 47683691, "bridge": "yes", "highway": "motorway", "layer": "1", "loc_name": "京通快速", "loc_name:zh": "京通快速", "loc_name:zh-Latn-pinyin": "Jīngtōng Kuàisù", "name": "京通快速路", "name:en": "Jingtong Expressway", "name:fr": "Autoroute Jīngtōng", "name:zh": "京通快速路", "name:zh-Latn-pinyin": "Jīngtōng Kuàisù Lù", "oneway": "yes", "ref": "G103", "short_name": "京通快速", "toll": "yes", "sourceMembership": "g103-tag"}, "geometry": {"type": "LineString", "coordinates": [[116.6081016, 39.9052075], [116.6075485, 39.9053678], [116.6057181, 39.9061331]]}}, {"type": "Feature", "properties": {"osmWayId": 47683692, "highway": "motorway", "lanes": "4", "loc_name": "京通快速", "loc_name:zh": "京通快速", "loc_name:zh-Latn-pinyin": "Jīngtōng Kuàisù", "name": "京通快速路", "name:en": "Jingtong Expressway", "name:fr": "Autoroute Jīngtōng", "name:zh": "京通快速路", "name:zh-Latn-pinyin": "Jīngtōng Kuàisù Lù", "oneway": "yes", "ref": "G103", "short_name": "京通快速", "sourceMembership": "g103-tag"}, "geometry": {"type": "LineString", "coordinates": [[116.6178278, 39.9054445], [116.6165559, 39.905531], [116.6160493, 39.9055626], [116.6156959, 39.9055719], [116.6152361, 39.905572], [116.6148166, 39.9055539]]}}, {"type": "Feature", "properties": {"osmWayId": 48163788, "bridge": "yes", "highway": "trunk", "lanes": "3", "layer": "1", "name": "外环东路（京滨线）", "name:en": "Out Ring", "oneway": "yes", "ref": "G103;G233", "sourceMembership": "g103-tag"}, "geometry": {"type": "LineString", "coordinates": [[117.2423108, 39.1784575], [117.2430802, 39.1778278], [117.2439182, 39.1772644], [117.2444551, 39.1769422]]}}, {"type": "Feature", "properties": {"osmWayId": 48163790, "bridge": "yes", "highway": "trunk", "lanes": "3", "layer": "1", "name": "外环东路（京滨线）", "name:en": "Out Ring", "oneway": "yes", "ref": "G103;G233", "sourceMembership": "g103-tag"}, "geometry": {"type": "LineString", "coordinates": [[117.2453526, 39.1767073], [117.2446395, 39.1771155], [117.2434905, 39.1778128], [117.2431588, 39.178053]]}}, {"type": "Feature", "properties": {"osmWayId": 48163791, "foot": "yes", "highway": "trunk", "lanes": "3", "name": "外环东路（京滨线）", "name:en": "Out Ring", "oneway": "yes", "ref": "G103;G233", "sourceMembership": "g103-tag"}, "geometry": {"type": "LineString", "coordinates": [[117.2368335, 39.1836856], [117.2334995, 39.1866183], [117.2332591, 39.1868214], [117.2303975, 39.189521], [117.2302108, 39.1896933], [117.2285945, 39.1911582], [117.227989, 39.1917053]]}}, {"type": "Feature", "properties": {"osmWayId": 48164443, "highway": "trunk", "lanes": "5", "name": "京滨线", "oneway": "yes", "ref": "G103", "sourceMembership": "g103-tag"}, "geometry": {"type": "LineString", "coordinates": [[117.1104827, 39.2497551], [117.110356, 39.2501218], [117.1098722, 39.2513358]]}}, {"type": "Feature", "properties": {"osmWayId": 48164446, "bridge": "yes", "highway": "trunk", "lanes": "5", "layer": "1", "name": "京滨线", "oneway": "yes", "ref": "G103", "sourceMembership": "g103-tag"}, "geometry": {"type": "LineString", "coordinates": [[117.1123688, 39.2443528], [117.1128737, 39.2431491], [117.1136848, 39.2410628], [117.1138551, 39.2406644]]}}, {"type": "Feature", "properties": {"osmWayId": 48164448, "bridge": "yes", "highway": "trunk", "lanes": "5", "layer": "1", "name": "京滨线", "oneway": "yes", "ref": "G103", "sourceMembership": "g103-tag"}, "geometry": {"type": "LineString", "coordinates": [[117.0934065, 39.3005124], [117.0949004, 39.2974473], [117.0956386, 39.2957636], [117.0960237, 39.2948484], [117.0962514, 39.2942421], [117.096503, 39.2934856], [117.0968998, 39.2915836], [117.0973267, 39.289508]]}}, {"type": "Feature", "properties": {"osmWayId": 48164530, "highway": "trunk_link", "oneway": "yes", "ref": "G103", "sourceMembership": "g103-tag"}, "geometry": {"type": "LineString", "coordinates": [[117.1178368, 39.2429227], [117.1170023, 39.2426265], [117.1166626, 39.2425328], [117.1164373, 39.2424833], [117.1161451, 39.2424542], [117.1158791, 39.2424495], [117.1156, 39.2424885]]}}, {"type": "Feature", "properties": {"osmWayId": 48363721, "bridge": "yes", "highway": "trunk", "layer": "1", "name": "无瑕邨立交桥", "oneway": "yes", "ref": "G103", "sourceMembership": "g103-tag"}, "geometry": {"type": "LineString", "coordinates": [[117.4747297, 39.0432509], [117.4763958, 39.0429654], [117.4775681, 39.0427368], [117.4790225, 39.0424479], [117.4800184, 39.0422627], [117.4825816, 39.0418343], [117.4877651, 39.0409486], [117.4898633, 39.0406136], [117.4910866, 39.0404047], [117.4940723, 39.0399349], [117.4962272, 39.0395999], [117.4977809, 39.0393905]]}}, {"type": "Feature", "properties": {"osmWayId": 48363722, "bridge": "yes", "highway": "trunk", "lanes": "2", "layer": "1", "name": "中心桥立交桥", "oneway": "yes", "ref": "G103", "sourceMembership": "g103-tag"}, "geometry": {"type": "LineString", "coordinates": [[117.5639915, 39.0312051], [117.5653831, 39.0310966], [117.5670495, 39.0309909], [117.568944, 39.0308556]]}}, {"type": "Feature", "properties": {"osmWayId": 48363723, "foot": "yes", "highway": "trunk", "lanes": "2", "name": "京滨线（津塘公路）", "oneway": "yes", "ref": "G103", "surface": "asphalt", "sourceMembership": "g103-tag"}, "geometry": {"type": "LineString", "coordinates": [[117.5918841, 39.0292771], [117.5946371, 39.0290933], [117.5951051, 39.0290611], [117.5954809, 39.0290353], [117.5980697, 39.0288672], [117.598727, 39.0288465], [117.5991057, 39.0288396], [117.5994813, 39.0288471], [117.5999497, 39.028863], [117.6005756, 39.0289316], [117.6012389, 39.0290088], [117.6014301, 39.0290422], [117.6016628, 39.0290839], [117.6017999, 39.0291035], [117.6020184, 39.0291454], [117.6021847, 39.029184], [117.6031811, 39.0294632], [117.6037871, 39.0296567], [117.6044626, 39.0299074], [117.6048228, 39.0300586], [117.605212, 39.0302521], [117.6057756, 39.0305637], [117.6063223, 39.0308788]]}}, {"type": "Feature", "properties": {"osmWayId": 48363726, "bridge": "yes", "highway": "trunk", "lanes": "2", "layer": "1", "name": "中心桥立交桥", "oneway": "yes", "ref": "G103", "sourceMembership": "g103-tag"}, "geometry": {"type": "LineString", "coordinates": [[117.568955, 39.0309407], [117.5667491, 39.0310939], [117.5649386, 39.0312231], [117.5640052, 39.0312907]]}}, {"type": "Feature", "properties": {"osmWayId": 48364929, "foot": "yes", "highway": "trunk", "lanes": "2", "name": "京滨线（津塘公路）", "name:en": "Jingbin Highway", "oneway": "yes", "ref": "G103", "sourceMembership": "g103-tag"}, "geometry": {"type": "LineString", "coordinates": [[117.5640052, 39.0312907], [117.5628007, 39.0313943], [117.5618789, 39.031486]]}}, {"type": "Feature", "properties": {"osmWayId": 48364930, "foot": "yes", "highway": "trunk", "lanes": "3", "name": "京滨线（津塘公路）", "oneway": "yes", "ref": "G103", "sourceMembership": "g103-tag"}, "geometry": {"type": "LineString", "coordinates": [[117.4985966, 39.0392408], [117.4996053, 39.0390785], [117.5006843, 39.0388922], [117.503445, 39.0384429], [117.5053561, 39.0381227], [117.5079007, 39.0376893], [117.5082252, 39.0376392], [117.510133, 39.0373249], [117.5103917, 39.0372825], [117.5129212, 39.0368535], [117.5143048, 39.0366348], [117.5172444, 39.0361456], [117.5209694, 39.0355392], [117.5246262, 39.0349046]]}}, {"type": "Feature", "properties": {"osmWayId": 48364932, "bridge": "yes", "highway": "trunk", "layer": "1", "name": "无瑕邨立交桥", "oneway": "yes", "ref": "G103", "sourceMembership": "g103-tag"}, "geometry": {"type": "LineString", "coordinates": [[117.4978117, 39.0394741], [117.4954515, 39.039816], [117.4940185, 39.0400344], [117.492255, 39.0403303], [117.4837742, 39.041737], [117.4794595, 39.0424983], [117.4747762, 39.0433296]]}}, {"type": "Feature", "properties": {"osmWayId": 48364934, "foot": "yes", "highway": "trunk", "name": "京滨线（津塘公路）", "oneway": "yes", "ref": "G103", "sourceMembership": "g103-tag"}, "geometry": {"type": "LineString", "coordinates": [[117.4740835, 39.0434677], [117.4716851, 39.0438717], [117.4715827, 39.0438885]]}}, {"type": "Feature", "properties": {"osmWayId": 48364936, "bridge": "yes", "highway": "trunk", "layer": "1", "name": "军粮城立交桥", "oneway": "yes", "ref": "G103", "sourceMembership": "g103-tag"}, "geometry": {"type": "LineString", "coordinates": [[117.4515727, 39.0470174], [117.4483126, 39.0475598], [117.445342, 39.048035]]}}, {"type": "Feature", "properties": {"osmWayId": 48364938, "bridge": "yes", "highway": "trunk", "layer": "1", "name": "军粮城立交桥", "oneway": "yes", "ref": "G103", "sourceMembership": "g103-tag"}, "geometry": {"type": "LineString", "coordinates": [[117.4453183, 39.0479276], [117.451544, 39.0469073]]}}, {"type": "Feature", "properties": {"osmWayId": 48364942, "foot": "yes", "highway": "trunk", "name": "京滨线（津塘公路）", "oneway": "yes", "ref": "G103", "sourceMembership": "g103-tag"}, "geometry": {"type": "LineString", "coordinates": [[117.4538979, 39.0465136], [117.4553608, 39.0462645], [117.4573811, 39.0459149], [117.4593093, 39.0456187], [117.4605868, 39.0454329], [117.46493, 39.0447966], [117.470513, 39.043907], [117.4705713, 39.0438986], [117.4710792, 39.0438174], [117.4711252, 39.0438097], [117.4711813, 39.0438002], [117.471906, 39.043685]]}}, {"type": "Feature", "properties": {"osmWayId": 48364950, "foot": "yes", "highway": "trunk", "lanes": "3", "name": "京滨线（津塘公路）", "oneway": "yes", "ref": "G103", "sourceMembership": "g103-tag"}, "geometry": {"type": "LineString", "coordinates": [[117.4046819, 39.060845], [117.4049359, 39.0607611], [117.4050799, 39.0607141], [117.4051292, 39.0606992], [117.4063601, 39.0602911], [117.4072051, 39.0600113], [117.4111957, 39.0586902], [117.4122931, 39.0583417], [117.4160605, 39.0571044], [117.4188294, 39.0561916], [117.4196746, 39.0559215], [117.4208715, 39.0555264], [117.4214338, 39.055341], [117.4264898, 39.0536824], [117.4271066, 39.0534828], [117.4299923, 39.052537], [117.4307034, 39.052293], [117.4324814, 39.0516941], [117.4329261, 39.0515443], [117.4330942, 39.0514876], [117.4334156, 39.0513816]]}}, {"type": "Feature", "properties": {"osmWayId": 48364953, "bridge": "yes", "highway": "trunk", "layer": "1", "name": "民族路通道桥", "oneway": "yes", "ref": "G103", "sourceMembership": "g103-tag"}, "geometry": {"type": "LineString", "coordinates": [[117.3684658, 39.0727529], [117.3730491, 39.0712533]]}}, {"type": "Feature", "properties": {"osmWayId": 48364954, "bridge": "yes", "highway": "trunk", "layer": "1", "name": "民族路通道桥", "oneway": "yes", "ref": "G103", "sourceMembership": "g103-tag"}, "geometry": {"type": "LineString", "coordinates": [[117.3731004, 39.0713638], [117.3685463, 39.0728736]]}}, {"type": "Feature", "properties": {"osmWayId": 48364962, "foot": "yes", "highway": "trunk", "lanes": "3", "name": "京滨线（津塘公路）", "oneway": "yes", "ref": "G103", "sourceMembership": "g103-tag"}, "geometry": {"type": "LineString", "coordinates": [[117.4333718, 39.0515779], [117.4331724, 39.0516436], [117.4331312, 39.0516553], [117.4330088, 39.0516965], [117.4300433, 39.0526559], [117.4294003, 39.0528639], [117.4271783, 39.0536178], [117.4270117, 39.0536782], [117.4247084, 39.0544149], [117.4246009, 39.0544504], [117.4231206, 39.0549397], [117.42264, 39.0550985], [117.4209454, 39.0556589], [117.41999, 39.0559637], [117.4172767, 39.0568713], [117.4161273, 39.057253], [117.4112766, 39.0588423], [117.4086243, 39.0597112], [117.4051743, 39.0608394], [117.4050395, 39.0608845], [117.4049874, 39.0609019], [117.4044614, 39.0610729]]}}, {"type": "Feature", "properties": {"osmWayId": 48364964, "foot": "yes", "highway": "trunk", "name": "京滨线（津塘公路）", "oneway": "yes", "ref": "G103", "sourceMembership": "g103-tag"}, "geometry": {"type": "LineString", "coordinates": [[117.3535487, 39.0776294], [117.3537926, 39.0775479], [117.3538739, 39.0775228], [117.3606665, 39.075291], [117.3607213, 39.075273], [117.3625612, 39.0746709]]}}, {"type": "Feature", "properties": {"osmWayId": 48364965, "bridge": "yes", "highway": "trunk", "layer": "1", "name": "新立村立交桥", "oneway": "yes", "ref": "G103", "sourceMembership": "g103-tag"}, "geometry": {"type": "LineString", "coordinates": [[117.3439441, 39.0808011], [117.348183, 39.0793951]]}}, {"type": "Feature", "properties": {"osmWayId": 48364966, "bridge": "yes", "highway": "trunk", "layer": "1", "name": "新立村立交桥", "oneway": "yes", "ref": "G103", "sourceMembership": "g103-tag"}, "geometry": {"type": "LineString", "coordinates": [[117.3482408, 39.0795116], [117.3439987, 39.0808943]]}}, {"type": "Feature", "properties": {"osmWayId": 48365242, "foot": "yes", "highway": "trunk", "name": "京滨线（津塘公路）", "oneway": "yes", "ref": "G103", "sourceMembership": "g103-tag"}, "geometry": {"type": "LineString", "coordinates": [[117.3439987, 39.0808943], [117.3419283, 39.0815805], [117.3394284, 39.0824031], [117.3383581, 39.0827323]]}}, {"type": "Feature", "properties": {"osmWayId": 48914819, "highway": "trunk", "lanes": "2", "name": "京塘路", "oneway": "yes", "ref": "G103", "source": "Bing", "sourceMembership": "g103-tag"}, "geometry": {"type": "LineString", "coordinates": [[116.838511, 39.753451], [116.8383187, 39.7535534], [116.8375281, 39.7539927], [116.836019, 39.7548114], [116.8357388, 39.7549896], [116.8355509, 39.7551092], [116.835368, 39.7552241], [116.8351792, 39.755348], [116.8342685, 39.7559829], [116.8335059, 39.7565561], [116.8315623, 39.7580359], [116.8310753, 39.7584015], [116.8299742, 39.7592043], [116.8296524, 39.7594476], [116.8280662, 39.7606329], [116.8276155, 39.7609601], [116.8272804, 39.76115], [116.8268362, 39.7613853], [116.8263314, 39.7616002], [116.8259472, 39.7617503], [116.8255445, 39.761888], [116.8254854, 39.7619032], [116.8253239, 39.761946], [116.8244576, 39.7621612], [116.8234598, 39.762407], [116.8225567, 39.7625991], [116.822377, 39.7626282], [116.8217083, 39.7627234], [116.821087, 39.7627821], [116.8194433, 39.7628855], [116.8176687, 39.7629888], [116.8173637, 39.7630115], [116.8170984, 39.7630331], [116.8161359, 39.7631476], [116.8156779, 39.7632188], [116.8151369, 39.7633124], [116.8144701, 39.7634467], [116.8127744, 39.7638365], [116.8113815, 39.7641435], [116.8108751, 39.764232], [116.8102868, 39.7643294], [116.8096705, 39.7643979], [116.8093517, 39.7644414], [116.809208, 39.7644493], [116.8088878, 39.7644779], [116.8069188, 39.7645877], [116.8060514, 39.7646361], [116.8055707, 39.7646878], [116.8051027, 39.7647594], [116.8042466, 39.7649778], [116.8034077, 39.7653067], [116.802714, 39.7656742], [116.8023772, 39.7659161], [116.8004374, 39.7674421], [116.7997525, 39.7679895], [116.7984689, 39.7689837], [116.7983609, 39.7690673], [116.7980438, 39.7693147], [116.7977126, 39.7696046], [116.7976021, 39.769701], [116.7975651, 39.7697373], [116.7974649, 39.7698444], [116.7972339, 39.7700898], [116.7971503, 39.7701855], [116.7966732, 39.770728], [116.7957889, 39.7717525], [116.7957466, 39.7717995], [116.7956351, 39.771934], [116.7946487, 39.7730862], [116.7937669, 39.774099], [116.7936769, 39.7742004], [116.7934825, 39.7744231], [116.7923972, 39.7756589], [116.7918881, 39.7762494], [116.791829, 39.7763155], [116.791733, 39.7764255], [116.7915558, 39.7766304], [116.7908138, 39.7774882], [116.7902133, 39.7781751], [116.7895636, 39.7789288], [116.7894628, 39.779051]]}}, {"type": "Feature", "properties": {"osmWayId": 48914835, "foot": "yes", "highway": "trunk", "lanes": "2", "name": "京滨线", "oneway": "yes", "ref": "G103", "surface": "asphalt", "sourceMembership": "g103-tag"}, "geometry": {"type": "LineString", "coordinates": [[116.9194423, 39.6639993], [116.9186928, 39.6646636], [116.9174288, 39.6658631], [116.9118697, 39.6711386], [116.9117637, 39.6712451], [116.9116989, 39.6713041], [116.9111862, 39.671828], [116.9106077, 39.6725243], [116.9101184, 39.6731839], [116.9083665, 39.6755458], [116.9062905, 39.6783446], [116.9055723, 39.6793129], [116.9030869, 39.6826003], [116.9019155, 39.684339], [116.901349, 39.685188], [116.9013138, 39.6852407], [116.9012461, 39.6853422], [116.9006611, 39.686219], [116.9001806, 39.686972], [116.8995825, 39.6879094], [116.897326, 39.6914456], [116.8972333, 39.6915909], [116.8963674, 39.692945], [116.8961447, 39.6932779], [116.8955141, 39.6942793], [116.8940811, 39.6965652], [116.8939566, 39.6967771], [116.8923355, 39.6992853], [116.8919151, 39.6998828], [116.8910048, 39.7009923], [116.8897701, 39.7023248], [116.8874309, 39.7048364], [116.8873753, 39.7048908], [116.8869868, 39.7052873], [116.8851482, 39.707298], [116.8837747, 39.7087534], [116.8831423, 39.7094868], [116.8825352, 39.7102613], [116.8824092, 39.7104132], [116.8823526, 39.7104888]]}}, {"type": "Feature", "properties": {"osmWayId": 58692208, "bridge": "yes", "highway": "trunk", "lanes": "2", "name": "京塘路", "oneway": "yes", "ref": "G103", "source": "Bing", "sourceMembership": "g103-tag"}, "geometry": {"type": "LineString", "coordinates": [[116.7783102, 39.7948807], [116.7779258, 39.7959584]]}}, {"type": "Feature", "properties": {"osmWayId": 58692209, "foot": "no", "highway": "trunk", "lanes": "3", "name": "京塘路", "oneway": "yes", "ref": "G103", "source": "Bing", "sourceMembership": "g103-tag"}, "geometry": {"type": "LineString", "coordinates": [[116.7717399, 39.8152977], [116.771809, 39.8154982], [116.7722886, 39.8167994], [116.7732822, 39.8193437], [116.773312, 39.81942], [116.7733298, 39.8194647], [116.7737094, 39.8204143], [116.7743153, 39.8220273], [116.7745569, 39.8227794], [116.7745808, 39.8228539], [116.7746058, 39.8229316], [116.7748426, 39.8236672], [116.7751135, 39.8245085], [116.7754561, 39.82572], [116.7754801, 39.82585], [116.7754888, 39.8259782], [116.7754914, 39.8261027], [116.7754839, 39.82623], [116.7754288, 39.8266334], [116.7754101, 39.8267119], [116.775321, 39.8270206], [116.775241, 39.8272511], [116.7751503, 39.8274397], [116.7750144, 39.8276804], [116.7747558, 39.828066], [116.7743576, 39.8286793], [116.7742447, 39.8288531], [116.7741674, 39.8289632], [116.7734685, 39.8300029], [116.7725645, 39.8313333], [116.7717408, 39.8326444], [116.7717135, 39.8326879], [116.7716681, 39.8327666], [116.7714694, 39.8330971], [116.7701844, 39.835223], [116.7691842, 39.8368935], [116.768761, 39.8375645], [116.7686156, 39.8378217], [116.7680868, 39.8386698], [116.7678937, 39.8389665], [116.767695, 39.8392245], [116.7675347, 39.8394339], [116.7673496, 39.8396403], [116.7670226, 39.8399876], [116.766852, 39.8401528], [116.7666745, 39.8403187], [116.7665581, 39.8404134], [116.7664836, 39.8404785], [116.7661995, 39.8407115], [116.7658878, 39.8409258], [116.7654692, 39.8412227], [116.7649364, 39.8415883], [116.7643544, 39.8419997], [116.7643067, 39.8420321], [116.7642696, 39.8420572], [116.7641846, 39.8421148], [116.7628895, 39.8429931], [116.7623435, 39.8432986], [116.7617801, 39.8436027], [116.76056, 39.8441781], [116.7578478, 39.8453938], [116.7552723, 39.8465482], [116.754266, 39.8469736], [116.7542438, 39.846983], [116.7535331, 39.8473169], [116.7528242, 39.8476816], [116.7507375, 39.8488633], [116.7499281, 39.849278], [116.7493669, 39.8495963], [116.74931, 39.8496261], [116.7456982, 39.8516081]]}}, {"type": "Feature", "properties": {"osmWayId": 58692210, "highway": "trunk", "lanes": "2", "name": "京塘路", "oneway": "yes", "ref": "G103", "surface": "asphalt", "sourceMembership": "g103-tag"}, "geometry": {"type": "LineString", "coordinates": [[116.7893179, 39.7790716], [116.7893756, 39.7790056], [116.7894788, 39.7788867], [116.790585, 39.7776118], [116.7911809, 39.7769251], [116.7916496, 39.7763848], [116.7917435, 39.7762763], [116.7918036, 39.7762072], [116.7935793, 39.7741469], [116.7936655, 39.7740473], [116.7955316, 39.7718836], [116.7956396, 39.7717492], [116.7956819, 39.7716975], [116.7970614, 39.7701373], [116.7973728, 39.7697954], [116.7974719, 39.7696905], [116.7975043, 39.769658], [116.7979589, 39.7692696], [116.801324, 39.7666165], [116.8019016, 39.7661725], [116.8024828, 39.7657365], [116.8026264, 39.7656343], [116.8029378, 39.7654581], [116.8033982, 39.7652249], [116.8042049, 39.7648928], [116.8050961, 39.7646679], [116.8055532, 39.7645997], [116.8060215, 39.7645614], [116.8067268, 39.764516], [116.8091992, 39.7643604], [116.8093355, 39.7643442], [116.8096554, 39.7643062], [116.8102696, 39.7642332], [116.8108579, 39.7641478], [116.8113648, 39.7640587], [116.8122074, 39.7638768], [116.8151075, 39.7632327], [116.8156265, 39.7631356], [116.8160429, 39.763078], [116.817085, 39.7629434], [116.8173577, 39.7629152], [116.8176613, 39.762898], [116.8187072, 39.7628387], [116.8189596, 39.7628244], [116.8194398, 39.7627971], [116.8199299, 39.7627675], [116.8210706, 39.7626985], [116.821695, 39.7626392], [116.8223601, 39.7625433], [116.8226095, 39.7624922], [116.8234438, 39.7623211], [116.8244302, 39.7620789], [116.8252802, 39.7618541], [116.8254361, 39.7618066], [116.8255054, 39.7617875], [116.8258995, 39.7616623], [116.826287, 39.76152], [116.8267702, 39.7613037], [116.8272324, 39.7610624], [116.8280062, 39.7605624], [116.8295799, 39.759392], [116.8299015, 39.7591483], [116.8309955, 39.7583559], [116.831117, 39.7582629], [116.8314922, 39.7579756], [116.8334263, 39.7565102], [116.8341978, 39.7559306], [116.8351121, 39.7552871], [116.8353298, 39.755139], [116.8355475, 39.7550024], [116.8356745, 39.7549245], [116.8358662, 39.7548132], [116.8363822, 39.7545137], [116.8366864, 39.7543583], [116.8371169, 39.754125], [116.8377263, 39.7537947], [116.8382498, 39.7534913], [116.8384196, 39.7533828], [116.8386653, 39.7532126], [116.8388203, 39.7530929], [116.8391738, 39.7527996], [116.8393901, 39.7525995], [116.839576, 39.7523994], [116.8397926, 39.7521282], [116.8399929, 39.7518598], [116.8408851, 39.750517], [116.8412119, 39.7500137], [116.8417051, 39.749244], [116.8421968, 39.748522], [116.8426123, 39.7480066], [116.8429577, 39.7476272], [116.8437557, 39.7468282], [116.843829, 39.7467601], [116.8439084, 39.7466839], [116.8440407, 39.7465603], [116.8440901, 39.7465138], [116.8451915, 39.7454753], [116.8461562, 39.7445656], [116.8462291, 39.7444969], [116.8481708, 39.7426852], [116.8484357, 39.7424539], [116.8485486, 39.7423631], [116.8486665, 39.7422683], [116.8487352, 39.742213], [116.8489361, 39.7420527], [116.8495218, 39.7416405], [116.8505825, 39.7410247], [116.8511023, 39.7407461], [116.8531521, 39.7396781], [116.8541109, 39.7391815], [116.8548709, 39.7387864], [116.8564567, 39.7378569], [116.857055, 39.7374521], [116.8577986, 39.7369134], [116.8578142, 39.7369024], [116.8579748, 39.7367873], [116.8581455, 39.7366551], [116.8590661, 39.7359419]]}}, {"type": "Feature", "properties": {"osmWayId": 58692211, "bridge": "yes", "highway": "trunk", "lanes": "2", "name": "京塘路", "oneway": "yes", "ref": "G103", "source": "Bing", "sourceMembership": "g103-tag"}, "geometry": {"type": "LineString", "coordinates": [[116.7778066, 39.7959339], [116.7781888, 39.7948409]]}}, {"type": "Feature", "properties": {"osmWayId": 58718696, "foot": "yes", "highway": "trunk", "lanes": "2", "name": "京滨线（津塘公路）", "oneway": "yes", "ref": "G103", "surface": "asphalt", "sourceMembership": "g103-tag"}, "geometry": {"type": "LineString", "coordinates": [[117.6061145, 39.0309686], [117.6058551, 39.0308071], [117.6056067, 39.030666], [117.6052656, 39.0304833], [117.6049089, 39.0303043], [117.6047047, 39.0302019], [117.6042249, 39.0299771], [117.6035478, 39.0297249], [117.6030356, 39.0295593], [117.6023797, 39.0293684], [117.6021592, 39.0293046], [117.602025, 39.0292731], [117.6019826, 39.0292687], [117.6018317, 39.0292467], [117.6016418, 39.0292189], [117.6014315, 39.0291882], [117.6007297, 39.0290761], [117.599924, 39.0290055], [117.5995074, 39.0289789], [117.5994119, 39.0289781], [117.59915, 39.0289758], [117.5987762, 39.0289833], [117.5983848, 39.0289973], [117.5953093, 39.0291891], [117.5951209, 39.0292029], [117.5946822, 39.0292352], [117.5915807, 39.0294384], [117.5915499, 39.0294405], [117.5914322, 39.0294484], [117.5881819, 39.0296723], [117.5842517, 39.0299404], [117.5840449, 39.0299494]]}}, {"type": "Feature", "properties": {"osmWayId": 58718708, "foot": "yes", "highway": "trunk", "name": "津塘公路", "oneway": "yes", "ref": "G103", "sourceMembership": "g103-tag"}, "geometry": {"type": "LineString", "coordinates": [[117.631958, 39.0343872], [117.6295582, 39.0349384], [117.6271345, 39.0354762]]}}, {"type": "Feature", "properties": {"osmWayId": 104700269, "highway": "trunk_link", "oneway": "yes", "ref": "G103", "sourceMembership": "g103-tag"}, "geometry": {"type": "LineString", "coordinates": [[117.1136535, 39.2394423], [117.1134862, 39.2393837], [117.1133364, 39.2393708], [117.1131486, 39.2393966], [117.112988, 39.2394535], [117.112868, 39.2395347], [117.1127709, 39.2396448], [117.112723, 39.2397482], [117.1126969, 39.239877], [117.1127158, 39.2400061], [117.1127741, 39.2401075], [117.1131727, 39.2405147]]}}, {"type": "Feature", "properties": {"osmWayId": 112481789, "foot": "yes", "highway": "trunk", "motorroad": "yes", "name": "京滨线", "name:en": "Jingbin Highway", "oneway": "yes", "ref": "G103", "sourceMembership": "g103-tag"}, "geometry": {"type": "LineString", "coordinates": [[117.1213994, 39.3851298], [117.1215224, 39.3855948], [117.1216012, 39.3859249], [117.1216511, 39.3861405], [117.1216966, 39.3864293], [117.1217244, 39.3867896], [117.1217202, 39.3870544], [117.1217131, 39.3873754], [117.1216684, 39.3877503], [117.1215851, 39.3881996], [117.1214585, 39.3886657], [117.1212885, 39.3891025], [117.1211327, 39.3894421], [117.1209376, 39.3897881], [117.1206807, 39.3901569], [117.1204205, 39.3904907], [117.1201164, 39.3908467], [117.1197991, 39.391165], [117.1191795, 39.3917148], [117.1183432, 39.3924218], [117.1174397, 39.3931853], [117.1166387, 39.3938928], [117.1158206, 39.3945988], [117.1153707, 39.3950066], [117.1148608, 39.3954988], [117.1141468, 39.3961776], [117.1137684, 39.3965662], [117.1132204, 39.3971594], [117.112879, 39.3975396], [117.1125091, 39.3979551], [117.1111026, 39.3996271], [117.1110374, 39.3997159]]}}, {"type": "Feature", "properties": {"osmWayId": 112481790, "bridge": "yes", "foot": "yes", "highway": "trunk", "layer": "1", "name": "京滨线", "name:en": "Jingbin Highway", "oneway": "yes", "ref": "G103", "sourceMembership": "g103-tag"}, "geometry": {"type": "LineString", "coordinates": [[117.1212621, 39.3845705], [117.1213994, 39.3851298]]}}, {"type": "Feature", "properties": {"osmWayId": 112481793, "foot": "yes", "highway": "trunk", "name": "京滨线", "name:en": "Jingbin Highway", "oneway": "yes", "ref": "G103", "sourceMembership": "g103-tag"}, "geometry": {"type": "LineString", "coordinates": [[117.121083, 39.3845727], [117.1209282, 39.3839747], [117.1209127, 39.3839333], [117.1206643, 39.3830388], [117.1204365, 39.3821155], [117.1200352, 39.3805559]]}}, {"type": "Feature", "properties": {"osmWayId": 112481794, "foot": "yes", "highway": "trunk", "motorroad": "yes", "name": "京滨线", "name:en": "Jingbin Highway", "oneway": "yes", "ref": "G103", "sourceMembership": "g103-tag"}, "geometry": {"type": "LineString", "coordinates": [[117.1108853, 39.3996353], [117.1114941, 39.3988612], [117.1121973, 39.3980242], [117.1126564, 39.3975044], [117.1130406, 39.3970734], [117.1134437, 39.3966383], [117.1137339, 39.3963379], [117.1141232, 39.3959298], [117.1147984, 39.395276], [117.1158026, 39.3943659], [117.1164797, 39.3937519], [117.1171603, 39.3931826], [117.1181531, 39.3923494], [117.1190662, 39.3915882], [117.1195035, 39.3911946], [117.1198961, 39.3908045], [117.1201624, 39.3905434], [117.1204658, 39.3901727], [117.1207015, 39.3898283], [117.1209119, 39.3894776], [117.1210309, 39.3892153], [117.121135, 39.3889859], [117.1213123, 39.3884858], [117.1214218, 39.3880922], [117.1214996, 39.3876869], [117.1215343, 39.3871966], [117.1215401, 39.3867629], [117.1215096, 39.3865348], [117.1214573, 39.3862205], [117.1214023, 39.3858757], [117.1213474, 39.3856461], [117.1213349, 39.3855947], [117.1212236, 39.3851245]]}}, {"type": "Feature", "properties": {"osmWayId": 112481795, "bridge": "yes", "foot": "yes", "highway": "trunk", "layer": "1", "name": "京滨线", "name:en": "Jingbin Highway", "oneway": "yes", "ref": "G103", "sourceMembership": "g103-tag"}, "geometry": {"type": "LineString", "coordinates": [[117.1212236, 39.3851245], [117.121083, 39.3845727]]}}, {"type": "Feature", "properties": {"osmWayId": 112489086, "bridge": "yes", "foot": "yes", "highway": "trunk", "layer": "1", "motorroad": "yes", "name": "京滨线", "name:en": "Jingbin Highway", "oneway": "yes", "ref": "G103", "sourceMembership": "g103-tag"}, "geometry": {"type": "LineString", "coordinates": [[117.1110374, 39.3997159], [117.110811, 39.4000251]]}}, {"type": "Feature", "properties": {"osmWayId": 112489100, "foot": "yes", "highway": "trunk", "lanes": "2", "motorroad": "yes", "name": "京滨线", "name:en": "Jingbin Highway", "oneway": "yes", "ref": "G103", "sourceMembership": "g103-tag"}, "geometry": {"type": "LineString", "coordinates": [[117.110811, 39.4000251], [117.1094005, 39.4019793], [117.108572, 39.403098], [117.1075403, 39.4045179], [117.1061235, 39.4064568], [117.1040243, 39.4093533], [117.1039166, 39.4094566], [117.1038099, 39.409527], [117.1037154, 39.4095814], [117.1036431, 39.4096365], [117.1035861, 39.4096906], [117.1033008, 39.4100802], [117.1031726, 39.4102575], [117.1030854, 39.410378]]}}, {"type": "Feature", "properties": {"osmWayId": 112489748, "bridge": "yes", "foot": "yes", "highway": "trunk", "layer": "1", "motorroad": "yes", "name": "京滨线", "name:en": "Jingbin Highway", "oneway": "yes", "ref": "G103", "sourceMembership": "g103-tag"}, "geometry": {"type": "LineString", "coordinates": [[117.1106611, 39.3999436], [117.1108853, 39.3996353]]}}, {"type": "Feature", "properties": {"osmWayId": 112489753, "foot": "yes", "highway": "trunk", "lanes": "2", "motorroad": "yes", "name": "京滨线", "name:en": "Jingbin Highway", "oneway": "yes", "ref": "G103", "sourceMembership": "g103-tag"}, "geometry": {"type": "LineString", "coordinates": [[117.0874744, 39.4307622], [117.0875724, 39.4306563], [117.0894383, 39.4286153], [117.0910704, 39.4266358], [117.0921647, 39.4252325], [117.0932255, 39.4237721], [117.0939407, 39.4227973], [117.0951212, 39.4211739], [117.0971052, 39.4184772], [117.0979048, 39.4173456], [117.1001182, 39.4143741], [117.102133, 39.4116211], [117.1021936, 39.4114991], [117.1022733, 39.4113538], [117.1027688, 39.4106695]]}}, {"type": "Feature", "properties": {"osmWayId": 127024916, "highway": "motorway", "lanes": "3", "loc_name": "京通快速", "loc_name:en": "Jingtong Expressway", "loc_name:fr": "Autoroute Jīngtōng", "loc_name:zh": "京通快速", "loc_name:zh-Latn-pinyin": "jīngtōng gāosùlù", "name": "京通快速", "name:zh": "京通快速", "oneway": "yes", "ref": "G103", "short_name": "京塘线", "sourceMembership": "g103-tag"}, "geometry": {"type": "LineString", "coordinates": [[116.5198963, 39.9080829], [116.5165557, 39.9074097], [116.5137979, 39.9068554], [116.5132263, 39.9067526], [116.5127198, 39.90669], [116.5122064, 39.9066712], [116.5057443, 39.906758]]}}, {"type": "Feature", "properties": {"osmWayId": 127024918, "highway": "motorway", "lanes": "3", "loc_name": "京通快速", "loc_name:zh": "京通快速", "loc_name:zh-Latn-pinyin": "Jīngtōng Kuàisù", "name": "京通快速路", "name:en": "Jingtong Expressway", "name:fr": "Autoroute Jīngtōng", "name:zh": "京通快速路", "name:zh-Latn-pinyin": "Jīngtōng Kuàisù Lù", "oneway": "yes", "ref": "G103", "short_name": "京通快速", "toll": "yes", "sourceMembership": "g103-tag"}, "geometry": {"type": "LineString", "coordinates": [[116.5324545, 39.9080363], [116.5447828, 39.9078949], [116.5465228, 39.9079008], [116.5638955, 39.9082048]]}}, {"type": "Feature", "properties": {"osmWayId": 127024923, "bridge": "yes", "highway": "motorway", "lanes": "3", "layer": "1", "name": "高碑店桥", "oneway": "yes", "ref": "G103", "sourceMembership": "g103-tag"}, "geometry": {"type": "LineString", "coordinates": [[116.5199713, 39.9078038], [116.5206846, 39.9079236], [116.5214944, 39.908025], [116.5223408, 39.9080955], [116.523321, 39.9081327], [116.5243169, 39.908136]]}}, {"type": "Feature", "properties": {"osmWayId": 127024924, "bridge": "yes", "highway": "motorway", "lanes": "3", "layer": "1", "name": "高碑店桥", "oneway": "yes", "ref": "G103", "sourceMembership": "g103-tag"}, "geometry": {"type": "LineString", "coordinates": [[116.5243367, 39.9084551], [116.5233581, 39.908445], [116.5223225, 39.908386], [116.521419, 39.9083072], [116.5206246, 39.9082053], [116.5198963, 39.9080829]]}}, {"type": "Feature", "properties": {"osmWayId": 127031079, "bridge": "yes", "bridge:name": "双桥", "highway": "motorway", "lanes": "3", "layer": "1", "loc_name": "京通快速", "loc_name:zh": "京通快速", "loc_name:zh-Latn-pinyin": "Jīngtōng Kuàisù", "name": "京通快速路", "name:en": "Jingtong Expressway", "name:fr": "Autoroute Jīngtōng", "name:zh": "京通快速路", "name:zh-Latn-pinyin": "Jīngtōng Kuàisù Lù", "oneway": "yes", "ref": "G103", "short_name": "京通快速", "toll": "yes", "sourceMembership": "g103-tag"}, "geometry": {"type": "LineString", "coordinates": [[116.5698963, 39.9088064], [116.5711967, 39.9089525], [116.5720014, 39.9090132], [116.5727831, 39.9090524], [116.5732967, 39.9090594], [116.5742006, 39.9090607]]}}, {"type": "Feature", "properties": {"osmWayId": 127031081, "bridge": "yes", "bridge:name": "双桥", "highway": "motorway", "lanes": "3", "layer": "1", "loc_name": "京通快速", "loc_name:zh": "京通快速", "loc_name:zh-Latn-pinyin": "Jīngtōng Kuàisù", "name": "京通快速路", "name:en": "Jingtong Expressway", "name:fr": "Autoroute Jīngtōng", "name:zh": "京通快速路", "name:zh-Latn-pinyin": "Jīngtōng Kuàisù Lù", "oneway": "yes", "ref": "G103", "short_name": "京通快速", "toll": "yes", "sourceMembership": "g103-tag"}, "geometry": {"type": "LineString", "coordinates": [[116.574241, 39.9093729], [116.5733079, 39.9093807], [116.5727575, 39.9093706], [116.5720308, 39.9093455], [116.5711148, 39.9092757], [116.5698699, 39.9091599]]}}, {"type": "Feature", "properties": {"osmWayId": 127031109, "highway": "motorway", "lanes": "3", "loc_name": "京通快速", "loc_name:zh": "京通快速", "loc_name:zh-Latn-pinyin": "Jīngtōng Kuàisù", "name": "京通快速路", "name:en": "Jingtong Expressway", "name:fr": "Autoroute Jīngtōng", "name:zh": "京通快速路", "name:zh-Latn-pinyin": "Jīngtōng Kuàisù Lù", "oneway": "yes", "ref": "G103", "short_name": "京通快速", "toll": "yes", "sourceMembership": "g103-tag"}, "geometry": {"type": "LineString", "coordinates": [[116.5742006, 39.9090607], [116.5753328, 39.9089873], [116.5809763, 39.9083356], [116.5824035, 39.908208], [116.5830419, 39.9081748], [116.5866593, 39.9080666], [116.5881092, 39.9080341]]}}, {"type": "Feature", "properties": {"osmWayId": 127031110, "highway": "motorway", "lanes": "3", "loc_name": "京通快速", "loc_name:zh": "京通快速", "loc_name:zh-Latn-pinyin": "Jīngtōng Kuàisù", "name": "京通快速路", "name:en": "Jingtong Expressway", "name:fr": "Autoroute Jīngtōng", "name:zh": "京通快速路", "name:zh-Latn-pinyin": "Jīngtōng Kuàisù Lù", "oneway": "yes", "ref": "G103", "short_name": "京通快速", "toll": "yes", "sourceMembership": "g103-tag"}, "geometry": {"type": "LineString", "coordinates": [[116.5878536, 39.9083609], [116.5841766, 39.9084426], [116.5833046, 39.9084976], [116.5823708, 39.9085498], [116.5810072, 39.9086668], [116.5782481, 39.9089616], [116.5753086, 39.9093051], [116.574241, 39.9093729]]}}, {"type": "Feature", "properties": {"osmWayId": 127031111, "highway": "motorway", "lanes": "3", "loc_name": "京通快速", "loc_name:zh": "京通快速", "loc_name:zh-Latn-pinyin": "Jīngtōng Kuàisù", "name": "京通快速路", "name:en": "Jingtong Expressway", "name:fr": "Autoroute Jīngtōng", "name:zh": "京通快速路", "name:zh-Latn-pinyin": "Jīngtōng Kuàisù Lù", "oneway": "yes", "ref": "G103", "short_name": "京通快速", "toll": "yes", "sourceMembership": "g103-tag"}, "geometry": {"type": "LineString", "coordinates": [[116.5631137, 39.908533], [116.5548508, 39.9083488], [116.5516146, 39.9082839], [116.5490917, 39.9082328], [116.5465645, 39.9081976], [116.5456022, 39.9081908], [116.5447534, 39.9082231]]}}, {"type": "Feature", "properties": {"osmWayId": 133782842, "foot": "yes", "highway": "trunk", "lanes": "2", "name": "京滨线", "name:en": "Jingbin Highway", "oneway": "yes", "ref": "G103", "sourceMembership": "g103-tag"}, "geometry": {"type": "LineString", "coordinates": [[117.1199397, 39.3802455], [117.1199258, 39.3801851], [117.1194706, 39.3788367], [117.1189785, 39.3774409], [117.1180656, 39.3750256], [117.1179895, 39.3747793], [117.1177256, 39.3739244], [117.1176382, 39.3735501], [117.117561, 39.3731953], [117.1174713, 39.3726151], [117.1173418, 39.3720832], [117.1171961, 39.371858], [117.1168885, 39.3716202], [117.1163734, 39.371375], [117.1158926, 39.3711803], [117.1154577, 39.3709591], [117.1151715, 39.3706936], [117.1149998, 39.3703485], [117.1150112, 39.3699591], [117.1152058, 39.3691804], [117.1153661, 39.3684459], [117.1154806, 39.3679857], [117.1154348, 39.3675609], [117.1150351, 39.3665247], [117.1144664, 39.3649507], [117.1139493, 39.3635196], [117.1138032, 39.3631563]]}}, {"type": "Feature", "properties": {"osmWayId": 133895859, "foot": "yes", "highway": "trunk", "name": "京滨线", "name:en": "Jingbin Highway", "oneway": "yes", "ref": "G103", "sourceMembership": "g103-tag"}, "geometry": {"type": "LineString", "coordinates": [[117.1018666, 39.3415191], [117.1017055, 39.3410823], [117.1015809, 39.3407013], [117.1015598, 39.3406103], [117.1014933, 39.3403231], [117.101246, 39.3393101], [117.1011362, 39.3389228], [117.1011205, 39.3388643], [117.1010059, 39.3384633], [117.1007018, 39.3375352], [117.1003341, 39.3365861], [117.1001203, 39.3361336], [117.0997947, 39.3354444], [117.0986667, 39.3335238], [117.0983448, 39.3329787], [117.0981065, 39.3325953], [117.0977806, 39.3320956], [117.0974587, 39.3315533], [117.0969107, 39.330596], [117.0961558, 39.3289826], [117.0958511, 39.3284117], [117.0955114, 39.3279599], [117.0952627, 39.3276868], [117.0949125, 39.3274031], [117.0945483, 39.3271544], [117.094226, 39.3269653], [117.0938747, 39.3267746], [117.0937301, 39.3266924], [117.0935784, 39.3266189], [117.0935433, 39.3266062], [117.0933832, 39.326543], [117.0932487, 39.326486]]}}, {"type": "Feature", "properties": {"osmWayId": 133895862, "foot": "yes", "highway": "trunk", "name": "京滨线", "name:en": "Jingbin Highway", "oneway": "yes", "ref": "G103", "sourceMembership": "g103-tag"}, "geometry": {"type": "LineString", "coordinates": [[117.0934315, 39.3264672], [117.0937309, 39.3265707], [117.0939774, 39.3266601], [117.0944799, 39.3269279], [117.0950106, 39.3272735], [117.0954904, 39.3277183], [117.0958721, 39.3281491], [117.0961593, 39.3285764], [117.0964675, 39.3291717], [117.097137, 39.3304848], [117.0976443, 39.3314798], [117.0981601, 39.332327], [117.0985234, 39.3329367], [117.0989159, 39.3335819], [117.0990274, 39.3337616], [117.0999803, 39.3353988], [117.1004741, 39.33646], [117.1006633, 39.3369679], [117.1009575, 39.3377419], [117.1011956, 39.3384844], [117.1013063, 39.3388547], [117.1013667, 39.3390565], [117.1015248, 39.3396891], [117.1017525, 39.3406348], [117.102009, 39.3414018]]}}, {"type": "Feature", "properties": {"osmWayId": 133895866, "bridge": "yes", "foot": "yes", "highway": "trunk", "layer": "1", "name": "京滨线", "name:en": "Jingbin Highway", "oneway": "yes", "ref": "G103", "sourceMembership": "g103-tag"}, "geometry": {"type": "LineString", "coordinates": [[117.1019678, 39.3417733], [117.1018751, 39.3415406], [117.1018666, 39.3415191]]}}, {"type": "Feature", "properties": {"osmWayId": 135174034, "foot": "yes", "highway": "trunk", "lanes": "2", "name": "京滨线", "name:en": "Jingbin Highway", "oneway": "yes", "ref": "G103", "sourceMembership": "g103-tag"}, "geometry": {"type": "LineString", "coordinates": [[117.060468, 39.4461207], [117.0611239, 39.446053], [117.0621136, 39.4459036], [117.0629991, 39.4457552], [117.0638213, 39.4455733], [117.064646, 39.445368], [117.0655349, 39.4451368], [117.0663349, 39.4448907], [117.066993, 39.4446756], [117.0676478, 39.4444348], [117.0684313, 39.4440976], [117.0690843, 39.443809], [117.0695866, 39.4435871], [117.0705415, 39.443105], [117.0713917, 39.4426836], [117.0730744, 39.4417585], [117.0748832, 39.4406959], [117.0770451, 39.4393292], [117.0777146, 39.4388884], [117.0780538, 39.4386567], [117.0785685, 39.4382897], [117.0786806, 39.4382099], [117.0794754, 39.4376214]]}}, {"type": "Feature", "properties": {"osmWayId": 135174037, "bridge": "yes", "highway": "trunk", "lanes": "2", "layer": "1", "name": "北运河桥", "oneway": "yes", "ref": "G103", "sourceMembership": "g103-tag"}, "geometry": {"type": "LineString", "coordinates": [[117.0500196, 39.4465524], [117.0520442, 39.4464774]]}}, {"type": "Feature", "properties": {"osmWayId": 135174038, "bridge": "yes", "foot": "yes", "highway": "trunk", "lanes": "2", "layer": "1", "name": "北京排污河一号桥", "oneway": "yes", "ref": "G103", "sourceMembership": "g103-tag"}, "geometry": {"type": "LineString", "coordinates": [[117.0867135, 39.4314725], [117.0874744, 39.4307622]]}}, {"type": "Feature", "properties": {"osmWayId": 135174043, "foot": "yes", "highway": "trunk", "lanes": "2", "name": "京滨线", "name:en": "Jingbin Highway", "oneway": "yes", "ref": "G103", "sourceMembership": "g103-tag"}, "geometry": {"type": "LineString", "coordinates": [[117.0859338, 39.4322121], [117.0867135, 39.4314725]]}}, {"type": "Feature", "properties": {"osmWayId": 135174046, "bridge": "yes", "foot": "yes", "highway": "trunk", "lanes": "2", "layer": "1", "name": "京滨线", "name:en": "Jingbin Highway", "oneway": "yes", "ref": "G103", "sourceMembership": "g103-tag"}, "geometry": {"type": "LineString", "coordinates": [[117.0815737, 39.4360611], [117.0818303, 39.4358583]]}}, {"type": "Feature", "properties": {"osmWayId": 135174055, "bridge": "yes", "foot": "yes", "highway": "trunk", "lanes": "2", "layer": "1", "name": "京滨线", "name:en": "Jingbin Highway", "oneway": "yes", "ref": "G103", "sourceMembership": "g103-tag"}, "geometry": {"type": "LineString", "coordinates": [[117.0849913, 39.4330962], [117.0859338, 39.4322121]]}}, {"type": "Feature", "properties": {"osmWayId": 135174057, "foot": "yes", "highway": "trunk", "lanes": "2", "name": "京滨线", "name:en": "Jingbin Highway", "oneway": "yes", "ref": "G103", "sourceMembership": "g103-tag"}, "geometry": {"type": "LineString", "coordinates": [[117.0818303, 39.4358583], [117.0835191, 39.4344174], [117.0836461, 39.4343098], [117.0836749, 39.4342874]]}}, {"type": "Feature", "properties": {"osmWayId": 150550347, "bridge": "yes", "highway": "motorway", "layer": "1", "name": "京通快速", "name:zh": "京通快速", "oneway": "yes", "ref": "G103", "sourceMembership": "g103-tag"}, "geometry": {"type": "LineString", "coordinates": [[116.4799037, 39.9068114], [116.4824921, 39.9068152], [116.4837937, 39.9068054], [116.4849904, 39.9067964], [116.4911812, 39.906709]]}}, {"type": "Feature", "properties": {"osmWayId": 150550349, "bridge": "yes", "highway": "motorway", "layer": "1", "name": "京通快速", "name:zh": "京通快速", "oneway": "yes", "ref": "G103", "sourceMembership": "g103-tag"}, "geometry": {"type": "LineString", "coordinates": [[116.4888401, 39.9068949], [116.4837883, 39.9069488], [116.4824788, 39.9069628], [116.4797997, 39.9069833]]}}, {"type": "Feature", "properties": {"osmWayId": 150550353, "highway": "motorway", "lanes": "3", "loc_name": "京通快速", "loc_name:en": "Jingtong Expressway", "loc_name:fr": "Autoroute Jīngtōng", "loc_name:zh": "京通快速", "loc_name:zh-Latn-pinyin": "jīngtōng gāosùlù", "name": "京通快速", "name:en": "Jingtong Expressway", "name:zh": "京通快速", "oneway": "yes", "ref": "G103", "short_name": "京塘线", "sourceMembership": "g103-tag"}, "geometry": {"type": "LineString", "coordinates": [[116.506571, 39.9066007], [116.5122083, 39.9065582], [116.5127326, 39.9065578], [116.5132276, 39.9065789], [116.5138777, 39.9066206], [116.514497, 39.9067044], [116.5150624, 39.9068066], [116.5157776, 39.9069429], [116.5176205, 39.9073304], [116.5199713, 39.9078038]]}}, {"type": "Feature", "properties": {"osmWayId": 150594423, "highway": "trunk", "name": "建国门外大街", "name:en": "Jianguomen Outer Avenue", "oneway": "yes", "ref": "G103", "sourceMembership": "g103-tag"}, "geometry": {"type": "LineString", "coordinates": [[116.4516619, 39.9069667], [116.4522912, 39.906961]]}}, {"type": "Feature", "properties": {"osmWayId": 172428909, "highway": "trunk", "name": "建国门外大街", "name:en": "Jianguomen Outer Avenue", "oneway": "yes", "ref": "G103", "sourceMembership": "g103-tag"}, "geometry": {"type": "LineString", "coordinates": [[116.452375, 39.907103], [116.451121, 39.907124]]}}, {"type": "Feature", "properties": {"osmWayId": 175598175, "bridge": "yes", "highway": "trunk", "layer": "1", "name": "建国门桥", "name:en": "Jianguomen Bridge", "oneway": "yes", "ref": "G103", "sourceMembership": "g103-tag"}, "geometry": {"type": "LineString", "coordinates": [[116.4304849, 39.9071078], [116.4306479, 39.9071087], [116.4331648, 39.9070894]]}}, {"type": "Feature", "properties": {"osmWayId": 184480489, "foot": "yes", "highway": "trunk", "lanes": "3", "name": "京滨线（新港四号路）", "name:en": "Jingbin Highway (Xingang 4th Road)", "oneway": "yes", "ref": "G103", "surface": "asphalt", "sourceMembership": "g103-tag"}, "geometry": {"type": "LineString", "coordinates": [[117.6766085, 39.0241367], [117.677141, 39.0239852], [117.6775162, 39.023874], [117.6780543, 39.023703], [117.6783241, 39.0236326], [117.6785126, 39.0235817], [117.6786852, 39.0235253], [117.6791847, 39.0233625], [117.6796094, 39.0232071], [117.6812648, 39.0225874], [117.6827435, 39.0220271], [117.6845435, 39.0213395], [117.6861173, 39.0207563], [117.6868713, 39.0204812], [117.6885099, 39.0198712], [117.6889518, 39.0196989], [117.6897923, 39.019382], [117.6915627, 39.0187038], [117.6942716, 39.0176752], [117.6943708, 39.0176376], [117.6962029, 39.0169508], [117.7008111, 39.0152034], [117.7043678, 39.0138584], [117.7045383, 39.0137939], [117.7056296, 39.0133812], [117.7100479, 39.0117144], [117.7126381, 39.0107504], [117.7149973, 39.0098651], [117.7171472, 39.009057], [117.7190421, 39.008347], [117.7216027, 39.007361], [117.7226857, 39.0069558], [117.7242376, 39.0063877], [117.724375, 39.0063408], [117.7267414, 39.0054538], [117.730147, 39.0041707], [117.7308956, 39.003897], [117.7322142, 39.0033827], [117.7327335, 39.0031903], [117.7345233, 39.002514], [117.7358506, 39.0019923], [117.7369665, 39.0015336], [117.7380432, 39.0010786], [117.7387571, 39.0007961], [117.741302, 38.9997117], [117.7424022, 38.9992229], [117.7437171, 38.9986311], [117.7445571, 38.9982791], [117.7464634, 38.9975033], [117.7474941, 38.9970694], [117.7484235, 38.9967205], [117.7490305, 38.9964956], [117.7494169, 38.996337], [117.750441, 38.9959812], [117.7511815, 38.9957263], [117.752366, 38.995298], [117.7565281, 38.9938586], [117.7591787, 38.9928924], [117.7617097, 38.9919991], [117.7652857, 38.9906598], [117.7660452, 38.9903878], [117.7695672, 38.9891403], [117.7703115, 38.9888617]]}}, {"type": "Feature", "properties": {"osmWayId": 184480492, "bridge": "yes", "highway": "trunk", "lanes": "2", "layer": "1", "name": "京滨线", "oneway": "yes", "ref": "G103", "surface": "asphalt", "sourceMembership": "g103-tag"}, "geometry": {"type": "LineString", "coordinates": [[117.6766592, 39.0242758], [117.6757313, 39.0244993], [117.6754614, 39.0245463], [117.6753069, 39.0245732], [117.6751168, 39.024612], [117.6725522, 39.0251732], [117.6666512, 39.0265093]]}}, {"type": "Feature", "properties": {"osmWayId": 184498211, "foot": "yes", "highway": "trunk", "name": "京滨线（津塘公路）", "oneway": "yes", "ref": "G103", "sourceMembership": "g103-tag"}, "geometry": {"type": "LineString", "coordinates": [[117.3383217, 39.0826574], [117.3393844, 39.0822738], [117.3399887, 39.0820852], [117.3411311, 39.0817004], [117.3418216, 39.0814799], [117.3439441, 39.0808011]]}}, {"type": "Feature", "properties": {"osmWayId": 184498213, "bridge": "yes", "highway": "trunk", "layer": "2", "name": "京滨线（津塘公路）", "oneway": "yes", "ref": "G103", "sourceMembership": "g103-tag"}, "geometry": {"type": "LineString", "coordinates": [[117.3383581, 39.0827323], [117.3359772, 39.0835373], [117.3350831, 39.083827], [117.3343026, 39.0840696], [117.3331433, 39.0843882], [117.3322266, 39.0846057], [117.3312915, 39.0848102], [117.326541, 39.0858003], [117.3209951, 39.0869589], [117.3202368, 39.0871291], [117.3193121, 39.0873482]]}}, {"type": "Feature", "properties": {"osmWayId": 186828483, "bridge": "yes", "highway": "trunk_link", "layer": "1", "oneway": "yes", "ref": "G103", "sourceMembership": "g103-tag"}, "geometry": {"type": "LineString", "coordinates": [[117.1156, 39.2424885], [117.1150226, 39.2426281], [117.114241, 39.2428282], [117.1138876, 39.2429287], [117.1137471, 39.2429751], [117.1136187, 39.2430395], [117.1134761, 39.2431371], [117.1133049, 39.2432752], [117.1131741, 39.2434152], [117.1130219, 39.2436196], [117.1126117, 39.2444075]]}}, {"type": "Feature", "properties": {"osmWayId": 186828617, "bridge": "yes", "highway": "trunk_link", "layer": "1", "motorroad": "yes", "oneway": "yes", "ref": "G103", "sourceMembership": "g103-tag"}, "geometry": {"type": "LineString", "coordinates": [[117.1138551, 39.2406644], [117.1139562, 39.2402042], [117.1139688, 39.2400633], [117.1139686, 39.2398586], [117.1139459, 39.2397322], [117.1138312, 39.2395542], [117.1136535, 39.2394423]]}}, {"type": "Feature", "properties": {"osmWayId": 187044297, "highway": "motorway", "loc_name": "京通快速", "loc_name:zh": "京通快速", "loc_name:zh-Latn-pinyin": "Jīngtōng Kuàisù", "name": "京通快速路", "name:en": "Jingtong Expressway", "name:fr": "Autoroute Jīngtōng", "name:zh": "京通快速路", "name:zh-Latn-pinyin": "Jīngtōng Kuàisù Lù", "oneway": "yes", "ref": "G103", "short_name": "京通快速", "toll": "yes", "sourceMembership": "g103-tag"}, "geometry": {"type": "LineString", "coordinates": [[116.5998576, 39.9077224], [116.600526, 39.9076163], [116.6011639, 39.9074708], [116.6016992, 39.90732], [116.6023812, 39.9070181], [116.6029857, 39.9066457], [116.60399, 39.9059676]]}}, {"type": "Feature", "properties": {"osmWayId": 187044306, "highway": "motorway", "loc_name": "京通快速", "loc_name:zh": "京通快速", "loc_name:zh-Latn-pinyin": "Jīngtōng Kuàisù", "name": "京通快速路", "name:en": "Jingtong Expressway", "name:fr": "Autoroute Jīngtōng", "name:zh": "京通快速路", "name:zh-Latn-pinyin": "Jīngtōng Kuàisù Lù", "oneway": "yes", "ref": "G103", "short_name": "京通快速", "toll": "yes", "sourceMembership": "g103-tag"}, "geometry": {"type": "LineString", "coordinates": [[116.5997872, 39.9080451], [116.5955749, 39.908129]]}}, {"type": "Feature", "properties": {"osmWayId": 187504451, "bridge": "yes", "foot": "yes", "highway": "trunk", "layer": "1", "name": "京滨线", "name:en": "Jingbin Highway", "oneway": "yes", "ref": "G103", "sourceMembership": "g103-tag"}, "geometry": {"type": "LineString", "coordinates": [[117.1201201, 39.3801752], [117.1202106, 39.3804824]]}}, {"type": "Feature", "properties": {"osmWayId": 187504453, "bridge": "yes", "foot": "yes", "highway": "trunk", "layer": "1", "name": "京滨线", "name:en": "Jingbin Highway", "oneway": "yes", "ref": "G103", "sourceMembership": "g103-tag"}, "geometry": {"type": "LineString", "coordinates": [[117.1200352, 39.3805559], [117.1199397, 39.3802455]]}}, {"type": "Feature", "properties": {"osmWayId": 187504454, "foot": "yes", "highway": "trunk", "name": "京滨线", "name:en": "Jingbin Highway", "oneway": "yes", "ref": "G103", "sourceMembership": "g103-tag"}, "geometry": {"type": "LineString", "coordinates": [[117.1202106, 39.3804824], [117.1205129, 39.3816504], [117.120744, 39.3825641], [117.1209998, 39.3835286], [117.1211089, 39.3839429], [117.1212459, 39.3845039], [117.1212621, 39.3845705]]}}, {"type": "Feature", "properties": {"osmWayId": 187820092, "foot": "yes", "highway": "trunk", "lanes": "2", "name": "京滨线", "oneway": "yes", "ref": "G103", "source": "GPS", "sourceMembership": "g103-tag"}, "geometry": {"type": "LineString", "coordinates": [[117.023207, 39.4707514], [117.0225668, 39.4709442], [117.0206226, 39.4714401], [117.0180971, 39.4721214], [117.0174033, 39.4723448], [117.0167086, 39.4726554], [117.0160662, 39.4730474], [117.0156007, 39.4733914], [117.0152199, 39.4737645], [117.0145549, 39.474545], [117.0138938, 39.4755737], [117.0118566, 39.4784214], [117.0098155, 39.4811963], [117.0094, 39.481746], [117.0077206, 39.4839279], [117.0075315, 39.4841877], [117.007472, 39.4842668], [117.0064173, 39.4856688], [117.0058778, 39.4863952], [117.004761, 39.487899], [117.0043258, 39.4884075], [117.0036723, 39.4892655], [117.0031305, 39.4900204], [117.0028024, 39.4905528], [117.0021553, 39.491972], [117.0014433, 39.4934281], [117.0010662, 39.4941924], [117.0009987, 39.4943293], [116.999493, 39.497381], [116.9973692, 39.5019441], [116.9971945, 39.5023325], [116.9968337, 39.503079], [116.9964744, 39.5038066], [116.9942665, 39.5084788], [116.9942135, 39.5085871], [116.9938811, 39.5092657], [116.9935815, 39.5098666], [116.993191, 39.5107301], [116.9926119, 39.5119433], [116.9917935, 39.5135635], [116.9909725, 39.5152351], [116.9898345, 39.5175719], [116.9885665, 39.5201211], [116.9879323, 39.5214886], [116.987895, 39.5215696], [116.9843473, 39.5292662], [116.984251, 39.529475], [116.983096, 39.531763], [116.982394, 39.533277], [116.981286, 39.535612], [116.980889, 39.536388], [116.9805752, 39.5370303], [116.9784695, 39.5407089], [116.9779114, 39.5416951], [116.9774689, 39.5424861], [116.9766309, 39.5438689], [116.9763229, 39.5444285], [116.9761831, 39.5446826], [116.9758818, 39.5452242], [116.9753603, 39.5461406], [116.9749279, 39.547014], [116.9747173, 39.5476686], [116.9746949, 39.5477704], [116.9746007, 39.5481975], [116.9744789, 39.5487371], [116.9743812, 39.5492451], [116.9741833, 39.5502736], [116.9737818, 39.5520039], [116.9734746, 39.5532048], [116.9718881, 39.5580666], [116.970212, 39.563203], [116.96936, 39.565907], [116.9690319, 39.5670507], [116.9688085, 39.5678708], [116.9686547, 39.5684405], [116.9683404, 39.5696485], [116.9681106, 39.5705011], [116.9678699, 39.5713499], [116.9676019, 39.5724575], [116.9674553, 39.5732745], [116.9674174, 39.5736115], [116.9673805, 39.5744684], [116.9672075, 39.5792336], [116.9671834, 39.579543], [116.9663048, 39.5834857], [116.9662882, 39.5835576], [116.9653174, 39.5877593], [116.9645893, 39.5909107], [116.9641076, 39.5930652], [116.9630685, 39.5977126], [116.9629486, 39.598465], [116.9628761, 39.6000709], [116.9628389, 39.6020832], [116.9627879, 39.6025315], [116.962748, 39.602847], [116.9623823, 39.6042875], [116.9615769, 39.6072619], [116.9610791, 39.6090352], [116.9608385, 39.6099533], [116.960642, 39.610641], [116.9602886, 39.6118777], [116.960122, 39.6125674], [116.9597362, 39.6134075], [116.9595666, 39.6137043], [116.9595106, 39.6138022], [116.9594799, 39.6138559], [116.9594018, 39.6139586], [116.9592073, 39.6141927], [116.9590188, 39.6144195], [116.9583502, 39.6151197], [116.9581528, 39.6153143], [116.9581143, 39.6153523], [116.9580216, 39.6154437], [116.9574009, 39.6160558], [116.9568287, 39.6167325], [116.9565, 39.6171283], [116.9558956, 39.6180786], [116.9557988, 39.6183159], [116.9557737, 39.6183774], [116.9556866, 39.6185671], [116.9554833, 39.6190094], [116.9551916, 39.6198995], [116.9545898, 39.6220536], [116.9545807, 39.6220861], [116.9545334, 39.622241], [116.9537954, 39.6246602], [116.9536075, 39.6253163], [116.9531558, 39.6267466], [116.9530287, 39.6270722], [116.9525804, 39.6278545]]}}, {"type": "Feature", "properties": {"osmWayId": 187820260, "foot": "yes", "highway": "trunk", "lanes": "2", "name": "京滨线", "name:en": "Jingbin Highway", "note": "not accurate", "oneway": "yes", "ref": "G103", "sourceMembership": "g103-tag"}, "geometry": {"type": "LineString", "coordinates": [[116.9193114, 39.6638992], [116.9194303, 39.6637932], [116.9196947, 39.6635676], [116.9207638, 39.6626413], [116.9212387, 39.6622205], [116.9217571, 39.6617595], [116.9218287, 39.6616959], [116.9223888, 39.6612136], [116.9227094, 39.6609466], [116.9231131, 39.6606104], [116.9236124, 39.6601633], [116.9242328, 39.6596209], [116.9255725, 39.6584393], [116.9261274, 39.6579529], [116.92687, 39.6572922], [116.9273892, 39.6568389], [116.9278934, 39.6563955], [116.9286399, 39.6557428], [116.9294828, 39.6550082], [116.9301477, 39.6543993], [116.9314849, 39.6532099], [116.93257, 39.6523173], [116.9332893, 39.6517064], [116.9336996, 39.6513753], [116.9338188, 39.6512708], [116.9342532, 39.65089], [116.9350195, 39.6502715], [116.9354891, 39.6498909], [116.9355622, 39.6498317], [116.9363345, 39.6492057], [116.9370241, 39.64861], [116.9380004, 39.6478316], [116.9387049, 39.6472492], [116.939214, 39.6467982], [116.9395731, 39.6464195], [116.9396225, 39.6463675], [116.9396716, 39.6463077], [116.9397422, 39.6462217], [116.9399704, 39.6459436], [116.940301, 39.6454885], [116.9404762, 39.6451765], [116.9415458, 39.6434269], [116.9441161, 39.6389489], [116.9443248, 39.6385868], [116.9446055, 39.6381], [116.9452121, 39.6370593], [116.9458513, 39.6360556], [116.9479741, 39.6329941], [116.9493838, 39.6309647], [116.9499518, 39.6302433], [116.9503839, 39.6298228], [116.9508306, 39.6293933], [116.9514291, 39.6289256], [116.9518933, 39.6284647], [116.9521457, 39.6281753], [116.9522285, 39.6280804], [116.9522699, 39.6280329], [116.9525849, 39.6276], [116.9528874, 39.6270504], [116.9530287, 39.6267096], [116.9533089, 39.6258416], [116.9534735, 39.6252941], [116.9536644, 39.6246343], [116.9541439, 39.6229317], [116.9543544, 39.6222114], [116.9543966, 39.6220672], [116.9544099, 39.6220216], [116.954541, 39.6215734], [116.9549141, 39.620404], [116.955433, 39.6187595], [116.9555292, 39.6185277], [116.9555985, 39.6183606], [116.9556434, 39.6182711], [116.9556971, 39.6181641], [116.9560717, 39.6175168], [116.9564392, 39.616973], [116.9565203, 39.6168761], [116.9567468, 39.6166056], [116.957044, 39.6162605], [116.9572587, 39.6160237], [116.9573411, 39.6159328], [116.9578626, 39.6154156], [116.9579014, 39.6153767], [116.9579897, 39.6152882], [116.9580293, 39.6152485], [116.9587936, 39.6144819], [116.9590724, 39.6141285], [116.9592334, 39.6139243], [116.9592981, 39.6138423], [116.9593455, 39.6137681], [116.9594164, 39.6136572], [116.9596031, 39.6133649], [116.9599722, 39.6126], [116.9600603, 39.6123102], [116.9602746, 39.6114829], [116.9603936, 39.611039], [116.9605176, 39.6106214], [116.9607063, 39.6099861], [116.9608396, 39.6095403], [116.9609825, 39.608924], [116.9611135, 39.6084489], [116.9613325, 39.607583], [116.961573, 39.6067869], [116.9620409, 39.6050408], [116.962253, 39.6042695], [116.9625477, 39.6031599], [116.9626268, 39.6028135], [116.9626646, 39.6025186], [116.9627371, 39.6016097], [116.9627537, 39.6000742], [116.9627986, 39.5987292], [116.9628652, 39.598166], [116.9629533, 39.5976321], [116.9630299, 39.597243], [116.9631091, 39.5968629], [116.9631714, 39.596606], [116.9633061, 39.5960754], [116.9634357, 39.5955149], [116.963895, 39.5934101], [116.9651801, 39.5877147], [116.9654305, 39.5866684], [116.9656836, 39.5856175], [116.9658111, 39.5850751], [116.9660636, 39.5839488], [116.9661734, 39.5834657], [116.9662252, 39.5832377], [116.9663633, 39.5826693], [116.9665552, 39.5818285], [116.9666697, 39.581312], [116.9668044, 39.5806451], [116.967057, 39.5795005], [116.9670842, 39.5792391], [116.9671108, 39.578984], [116.9671277, 39.5784079], [116.9672534, 39.5744657], [116.9672854, 39.5735649], [116.967312, 39.5732643], [116.967442, 39.5726098], [116.9677684, 39.5713254], [116.9678789, 39.570876], [116.9681584, 39.5698875], [116.9683919, 39.5689937], [116.968636, 39.5680283], [116.9688881, 39.567112], [116.9689081, 39.5670438], [116.9690499, 39.5665597], [116.9693816, 39.5654981], [116.9695885, 39.5647638], [116.9699016, 39.5638229], [116.9703554, 39.5624074], [116.9706525, 39.561491], [116.970902, 39.5607566], [116.9712575, 39.5595845], [116.971491, 39.5589237], [116.9717298, 39.5581852], [116.9717731, 39.558048], [116.9719872, 39.557369], [116.9723693, 39.5562193], [116.9726611, 39.5553417], [116.9727938, 39.5549407], [116.9730989, 39.5539649], [116.9733085, 39.5533491], [116.9733586, 39.5531786], [116.9734439, 39.5528888], [116.973611, 39.5522352], [116.9736692, 39.5519936], [116.9738439, 39.5511948], [116.97408, 39.5501043], [116.9741623, 39.5497156], [116.9742949, 39.5490343], [116.9744196, 39.5483959], [116.9745337, 39.5479213], [116.9745732, 39.5477643], [116.9746372, 39.54751], [116.974815, 39.5469678], [116.9750697, 39.5464338], [116.975412, 39.5458037], [116.9760753, 39.5446517], [116.9762212, 39.5443964], [116.9766962, 39.5435653], [116.9773542, 39.542446], [116.9777416, 39.5417422], [116.9784262, 39.540539], [116.9788932, 39.5397328], [116.9794238, 39.5388059], [116.9800527, 39.5377029], [116.9805117, 39.5368496], [116.9810344, 39.5357855], [116.9824955, 39.5327728], [116.9834719, 39.5307091], [116.9842441, 39.529164], [116.9849127, 39.5276823], [116.9859402, 39.5254468], [116.9861803, 39.5249678], [116.9863547, 39.52462], [116.987071, 39.5230334], [116.9874701, 39.5222045], [116.9877722, 39.5215384], [116.9878094, 39.5214562], [116.9882018, 39.5206455], [116.9885165, 39.5199547], [116.9889182, 39.5191357], [116.9892252, 39.5185002], [116.9897241, 39.5174897], [116.9903943, 39.5161516], [116.991277, 39.514401], [116.9915315, 39.513878], [116.9918705, 39.5131812], [116.9925638, 39.5117917], [116.9932009, 39.5104338], [116.993994, 39.5087481], [116.9940858, 39.5085575], [116.9947384, 39.5072026], [116.9950064, 39.5066482], [116.9950762, 39.5065038], [116.9954164, 39.5057695], [116.9957541, 39.5050845], [116.9960918, 39.5043581], [116.9964346, 39.5036593], [116.9967775, 39.5029329], [116.9971075, 39.5022183], [116.9974145, 39.5016123], [116.997678, 39.5010635], [116.9980055, 39.5003568], [116.998249, 39.499838], [116.998466, 39.4993756], [116.9989853, 39.498282], [116.9992795, 39.4976739], [116.999433, 39.4973364], [116.9997708, 39.4966197], [117.0000189, 39.4960946], [117.0003976, 39.4953009], [117.0007608, 39.4945784], [117.0009051, 39.4942768], [117.0009584, 39.4941652], [117.0011574, 39.4937492], [117.0015437, 39.4929614], [117.0019093, 39.4921579], [117.0022882, 39.49138], [117.0025543, 39.4908173], [117.002718, 39.4904916], [117.0029866, 39.4900138], [117.0031624, 39.4897759], [117.0034013, 39.4894525], [117.0037927, 39.4889372], [117.0040882, 39.4885384], [117.0041785, 39.488423], [117.0044937, 39.4880201], [117.0050079, 39.4873507], [117.005691, 39.4864385], [117.0057824, 39.486319], [117.0063181, 39.485619], [117.0072825, 39.4842519], [117.007346, 39.4841645], [117.0075807, 39.48387], [117.0095501, 39.4812276], [117.0106017, 39.4798307], [117.0117673, 39.4782781], [117.0137185, 39.4755348], [117.0144869, 39.4744229], [117.0146726, 39.4741758], [117.01529, 39.4735044], [117.0153826, 39.4734302], [117.0157337, 39.4731488], [117.0161256, 39.4728843], [117.016782, 39.472492], [117.01717, 39.4723158], [117.0177537, 39.4721018], [117.0206616, 39.4713329], [117.0229771, 39.4707175], [117.0231595, 39.4706505], [117.0235006, 39.4705441], [117.0238072, 39.4704298], [117.0240343, 39.4703097], [117.0242447, 39.4701984], [117.024882, 39.4698687], [117.0253023, 39.4695655], [117.0256296, 39.4693102], [117.0260429, 39.4689565], [117.0263943, 39.4685417], [117.0269179, 39.4678901], [117.027228, 39.4674912], [117.0275415, 39.4670737], [117.0279859, 39.4664859], [117.0281558, 39.4662658], [117.0281891, 39.4662226], [117.0287221, 39.4655388], [117.0292733, 39.4648127], [117.0298727, 39.4641], [117.0301173, 39.463842], [117.0304308, 39.4635308], [117.0307064, 39.4632888], [117.0311548, 39.4629881], [117.0313944, 39.4628409], [117.032106, 39.4624856], [117.0325369, 39.4622941], [117.0328796, 39.4621529], [117.0331897, 39.4620597], [117.0336826, 39.4619538], [117.0340221, 39.4618682], [117.0347826, 39.4617497], [117.0359022, 39.461591], [117.0366954, 39.4614851], [117.0377204, 39.461344], [117.0386784, 39.4612003], [117.0392722, 39.4611241], [117.0394047, 39.4611071], [117.0401, 39.4610164], [117.0404884, 39.4609622], [117.0411723, 39.4608677], [117.0418621, 39.4607596], [117.0423261, 39.4606794], [117.0429769, 39.4605315], [117.0433555, 39.4604245], [117.0437663, 39.4602855], [117.0441264, 39.4601662], [117.0444957, 39.4600218], [117.0448175, 39.4599063], [117.0451364, 39.4597737], [117.0455384, 39.4595828], [117.0459045, 39.4593949], [117.0463027, 39.459153], [117.0467329, 39.458898], [117.047133, 39.4586401], [117.047501, 39.4583779], [117.0477879, 39.458152], [117.0479766, 39.4579728], [117.0482766, 39.4576741], [117.0485578, 39.4573754], [117.0489088, 39.4569747], [117.0491824, 39.4566352], [117.04939, 39.456338], [117.0496674, 39.4559009], [117.049872, 39.4555654], [117.0500577, 39.4552005], [117.0502455, 39.4547264], [117.050391, 39.4542702], [117.0504818, 39.4538711], [117.0505324, 39.4535175], [117.0506316, 39.4527339], [117.0506421, 39.452395], [117.0506419, 39.451846], [117.0505614, 39.451187], [117.0505519, 39.4511502], [117.0504151, 39.4506179], [117.0502967, 39.4502391], [117.0502451, 39.4500741], [117.0500993, 39.4496946], [117.0500132, 39.4494703], [117.0497941, 39.4489477], [117.0496334, 39.4485643], [117.0492199, 39.4475737], [117.0490215, 39.4471173], [117.0489795, 39.4469863], [117.0489178, 39.4467942], [117.0488639, 39.4466279]]}}, {"type": "Feature", "properties": {"osmWayId": 190408044, "highway": "motorway", "loc_name": "京通快速", "loc_name:en": "Jingtong Expressway", "loc_name:fr": "Autoroute Jīngtōng", "loc_name:zh": "京通快速", "loc_name:zh-Latn-pinyin": "jīngtōng gāosùlù", "name": "京通快速", "name:zh": "京通快速", "oneway": "yes", "ref": "G103", "short_name": "京塘线", "sourceMembership": "g103-tag"}, "geometry": {"type": "LineString", "coordinates": [[116.4940717, 39.9068793], [116.4911877, 39.9068804]]}}, {"type": "Feature", "properties": {"osmWayId": 190408045, "highway": "motorway", "loc_name": "京通快速", "loc_name:en": "Jingtong Expressway", "loc_name:fr": "Autoroute Jīngtōng", "loc_name:zh": "京通快速", "loc_name:zh-Latn-pinyin": "jīngtōng gāosùlù", "name": "京通快速", "name:zh": "京通快速", "oneway": "yes", "ref": "G103", "short_name": "京塘线", "sourceMembership": "g103-tag"}, "geometry": {"type": "LineString", "coordinates": [[116.4786088, 39.9069996], [116.4772139, 39.9070088]]}}, {"type": "Feature", "properties": {"osmWayId": 190414341, "highway": "trunk", "int_name": "Jian' Guo Lu", "name": "建国路", "name:en": "Jianguo Road", "oneway": "yes", "ref": "G103", "sourceMembership": "g103-tag"}, "geometry": {"type": "LineString", "coordinates": [[116.4669731, 39.9070251], [116.4641834, 39.9070463]]}}, {"type": "Feature", "properties": {"osmWayId": 190414343, "highway": "trunk", "int_name": "Jian' Guo Lu", "name": "建国路", "name:en": "Jianguo Road", "oneway": "yes", "ref": "G103", "sourceMembership": "g103-tag"}, "geometry": {"type": "LineString", "coordinates": [[116.4600653, 39.9070719], [116.4598394, 39.9070734]]}}, {"type": "Feature", "properties": {"osmWayId": 190414349, "highway": "trunk", "name": "建国门外大街", "name:en": "Jianguomen Outer Avenue", "oneway": "yes", "ref": "G103", "sourceMembership": "g103-tag"}, "geometry": {"type": "LineString", "coordinates": [[116.451121, 39.907124], [116.4499871, 39.9071238], [116.4497298, 39.9071203], [116.448779, 39.9071279], [116.448563, 39.9071296], [116.4475314, 39.9071342], [116.4444409, 39.907163], [116.44423, 39.9071643], [116.4441203, 39.9071643]]}}, {"type": "Feature", "properties": {"osmWayId": 226280295, "highway": "trunk", "name": "建国门外大街", "name:en": "Jianguomen Outer Avenue", "oneway": "yes", "ref": "G103", "sourceMembership": "g103-tag"}, "geometry": {"type": "LineString", "coordinates": [[116.434823, 39.9072277], [116.4331475, 39.9072171]]}}, {"type": "Feature", "properties": {"osmWayId": 226280297, "highway": "trunk", "name": "建国门外大街", "name:en": "Jianguomen Outer Avenue", "oneway": "yes", "ref": "G103", "sourceMembership": "g103-tag"}, "geometry": {"type": "LineString", "coordinates": [[116.4376438, 39.9072079], [116.4374468, 39.9072093], [116.4358198, 39.9072207], [116.4356013, 39.9072222], [116.4350274, 39.9072253], [116.434823, 39.9072277]]}}, {"type": "Feature", "properties": {"osmWayId": 226280298, "highway": "trunk", "lane_markings": "yes", "lanes": "4", "name": "建国门外大街", "name:en": "Jianguomen Outer Avenue", "oneway": "yes", "ref": "G103", "sourceMembership": "g103-tag"}, "geometry": {"type": "LineString", "coordinates": [[116.4376685, 39.9070693], [116.437729, 39.907069], [116.4383612, 39.9070657], [116.4385711, 39.9070646], [116.4402335, 39.907056], [116.4403743, 39.9070553], [116.4419835, 39.907047], [116.4421807, 39.9070459], [116.4438897, 39.9070371], [116.4441178, 39.9070359]]}}, {"type": "Feature", "properties": {"osmWayId": 226280299, "highway": "trunk", "name": "建国门外大街", "name:en": "Jianguomen Outer Avenue", "oneway": "yes", "ref": "G103", "sourceMembership": "g103-tag"}, "geometry": {"type": "LineString", "coordinates": [[116.4442294, 39.9070347], [116.4453632, 39.9070221], [116.448407, 39.9069964], [116.4491035, 39.9069905], [116.4498231, 39.9069951], [116.4516619, 39.9069667]]}}, {"type": "Feature", "properties": {"osmWayId": 240311477, "bridge": "yes", "highway": "motorway", "layer": "1", "loc_name": "京通快速", "loc_name:zh": "京通快速", "loc_name:zh-Latn-pinyin": "Jīngtōng Kuàisù", "name": "京通快速路", "name:en": "Jingtong Expressway", "name:fr": "Autoroute Jīngtōng", "name:zh": "京通快速路", "name:zh-Latn-pinyin": "Jīngtōng Kuàisù Lù", "oneway": "yes", "ref": "G103", "short_name": "京通快速", "toll": "yes", "sourceMembership": "g103-tag"}, "geometry": {"type": "LineString", "coordinates": [[116.60399, 39.9059676], [116.6053892, 39.9050631], [116.6059825, 39.904752], [116.6065206, 39.9045475]]}}, {"type": "Feature", "properties": {"osmWayId": 240311481, "highway": "motorway", "loc_name": "京通快速", "loc_name:zh": "京通快速", "loc_name:zh-Latn-pinyin": "Jīngtōng Kuàisù", "name": "京通快速路", "name:en": "Jingtong Expressway", "name:fr": "Autoroute Jīngtōng", "name:zh": "京通快速路", "name:zh-Latn-pinyin": "Jīngtōng Kuàisù Lù", "oneway": "yes", "ref": "G103", "short_name": "京通快速", "toll": "yes", "sourceMembership": "g103-tag"}, "geometry": {"type": "LineString", "coordinates": [[116.5955972, 39.9078381], [116.5998576, 39.9077224]]}}, {"type": "Feature", "properties": {"osmWayId": 240311482, "highway": "motorway", "loc_name": "京通快速", "loc_name:zh": "京通快速", "loc_name:zh-Latn-pinyin": "Jīngtōng Kuàisù", "name": "京通快速路", "name:en": "Jingtong Expressway", "name:fr": "Autoroute Jīngtōng", "name:zh": "京通快速路", "name:zh-Latn-pinyin": "Jīngtōng Kuàisù Lù", "oneway": "yes", "ref": "G103", "short_name": "京通快速", "toll": "yes", "sourceMembership": "g103-tag"}, "geometry": {"type": "LineString", "coordinates": [[116.6057181, 39.9061331], [116.6044382, 39.9066682], [116.6037513, 39.9069388], [116.6027431, 39.9073859], [116.6018327, 39.9077078], [116.601239, 39.907858], [116.6006734, 39.907965], [116.5997872, 39.9080451]]}}, {"type": "Feature", "properties": {"osmWayId": 240311483, "bridge": "yes", "bridge:name": "双会桥", "highway": "motorway", "lanes": "3", "layer": "1", "loc_name": "京通快速", "loc_name:zh": "京通快速", "loc_name:zh-Latn-pinyin": "Jīngtōng Kuàisù", "name": "京通快速路", "name:en": "Jingtong Expressway", "name:fr": "Autoroute Jīngtōng", "name:zh": "京通快速路", "name:zh-Latn-pinyin": "Jīngtōng Kuàisù Lù", "oneway": "yes", "ref": "G103", "short_name": "京通快速", "toll": "yes", "sourceMembership": "g103-tag"}, "geometry": {"type": "LineString", "coordinates": [[116.5955749, 39.908129], [116.5943145, 39.9081699]]}}, {"type": "Feature", "properties": {"osmWayId": 240312682, "highway": "trunk", "int_name": "Jian' Guo Lu", "name": "建国路", "name:en": "Jianguo Road", "oneway": "yes", "ref": "G103", "sourceMembership": "g103-tag"}, "geometry": {"type": "LineString", "coordinates": [[116.4641834, 39.9070463], [116.4638894, 39.9070461], [116.4637154, 39.9070479], [116.4600653, 39.9070719]]}}, {"type": "Feature", "properties": {"osmWayId": 243050942, "highway": "motorway", "loc_name": "京通快速", "loc_name:zh": "京通快速", "loc_name:zh-Latn-pinyin": "Jīngtōng Kuàisù", "name": "京通快速路", "name:en": "Jingtong Expressway", "name:fr": "Autoroute Jīngtōng", "name:zh": "京通快速路", "name:zh-Latn-pinyin": "Jīngtōng Kuàisù Lù", "oneway": "yes", "ref": "G103", "short_name": "京通快速", "sourceMembership": "g103-tag"}, "geometry": {"type": "LineString", "coordinates": [[116.6148166, 39.9055539], [116.6138891, 39.9055455], [116.6126968, 39.9053402]]}}, {"type": "Feature", "properties": {"osmWayId": 243051146, "highway": "motorway", "lanes": "3", "loc_name": "京通快速", "loc_name:en": "Jingtong Expressway", "loc_name:fr": "Autoroute Jīngtōng", "loc_name:zh": "京通快速", "loc_name:zh-Latn-pinyin": "jīngtōng gāosùlù", "maxheight": "4.5", "name": "京通快速道路", "oneway": "yes", "ref": "G103", "short_name": "京塘线", "sourceMembership": "g103-tag"}, "geometry": {"type": "LineString", "coordinates": [[116.5447534, 39.9082231], [116.5405086, 39.9082131], [116.5354915, 39.9083429], [116.53267, 39.9083743], [116.5323829, 39.9083775], [116.5310443, 39.9083924]]}}, {"type": "Feature", "properties": {"osmWayId": 243051148, "highway": "motorway", "lanes": "3", "loc_name": "京通快速", "loc_name:en": "Jingtong Expressway", "loc_name:fr": "Autoroute Jīngtōng", "loc_name:zh": "京通快速", "loc_name:zh-Latn-pinyin": "jīngtōng gāosùlù", "name": "京通快速", "name:en": "Jingtong Expressway", "name:zh": "京通快速", "oneway": "yes", "ref": "G103", "short_name": "京塘线", "sourceMembership": "g103-tag"}, "geometry": {"type": "LineString", "coordinates": [[116.5057443, 39.906758], [116.4974438, 39.9068249], [116.4940717, 39.9068793]]}}, {"type": "Feature", "properties": {"osmWayId": 243051149, "highway": "motorway", "lanes": "3", "loc_name": "京通快速", "loc_name:en": "Jingtong Expressway", "loc_name:fr": "Autoroute Jīngtōng", "loc_name:zh": "京通快速", "loc_name:zh-Latn-pinyin": "jīngtōng gāosùlù", "name": "京通快速道路", "oneway": "yes", "ref": "G103", "short_name": "京塘线", "sourceMembership": "g103-tag"}, "geometry": {"type": "LineString", "coordinates": [[116.5310443, 39.9083924], [116.5300978, 39.9083957], [116.5243367, 39.9084551]]}}, {"type": "Feature", "properties": {"osmWayId": 243051696, "highway": "trunk", "name": "建国门外大街", "name:en": "Jianguomen Outer Avenue", "oneway": "yes", "ref": "G103", "sourceMembership": "g103-tag"}, "geometry": {"type": "LineString", "coordinates": [[116.4441203, 39.9071643], [116.4426997, 39.9071739], [116.4422745, 39.9071768], [116.4419955, 39.9071786], [116.4415383, 39.9071817], [116.4407958, 39.9071867], [116.4383774, 39.9072029], [116.4377557, 39.9072071], [116.4377122, 39.9072074], [116.4376438, 39.9072079]]}}, {"type": "Feature", "properties": {"osmWayId": 243051697, "highway": "trunk", "name": "建国门外大街", "name:en": "Jianguomen Outer Avenue", "oneway": "yes", "sourceMembership": "g103-relation"}, "geometry": {"type": "LineString", "coordinates": [[116.4441178, 39.9070359], [116.4442294, 39.9070347]]}}, {"type": "Feature", "properties": {"osmWayId": 256282167, "foot": "no", "highway": "trunk", "lanes": "3", "name": "京塘路", "oneway": "yes", "ref": "G103", "source": "Bing", "sourceMembership": "g103-tag"}, "geometry": {"type": "LineString", "coordinates": [[116.7453202, 39.8517065], [116.7492595, 39.8495715], [116.749316, 39.8495405], [116.7498895, 39.8492173], [116.7527983, 39.847612], [116.7535784, 39.8472202], [116.7542019, 39.8469315], [116.7543446, 39.8468623], [116.7546406, 39.8467293], [116.7552419, 39.8464592], [116.7605159, 39.8440912], [116.7617432, 39.8435141], [116.762302, 39.8432133], [116.7628451, 39.8428972], [116.7641046, 39.8420409], [116.7642516, 39.8419406], [116.7648329, 39.8415429], [116.7658088, 39.8408745], [116.7661093, 39.8406463], [116.7663914, 39.8404152], [116.7664618, 39.8403597], [116.7665761, 39.8402696], [116.7667536, 39.8401048], [116.7669228, 39.8399355], [116.7672228, 39.8395993], [116.767416, 39.8393889], [116.76759, 39.8391748], [116.7677902, 39.8389182], [116.7679711, 39.8386515], [116.7686561, 39.8375249], [116.7690609, 39.8368484], [116.7714764, 39.8328684], [116.7715591, 39.832731], [116.7716057, 39.8326465], [116.7716294, 39.8326087], [116.7717655, 39.8323831], [116.7724559, 39.83129], [116.7733744, 39.8299589], [116.7736583, 39.8295256], [116.7736952, 39.8294693], [116.7738741, 39.8291941], [116.7740565, 39.8289179], [116.7741318, 39.8288079], [116.7745988, 39.8280796], [116.7747174, 39.8278898], [116.7748089, 39.8277174], [116.774975, 39.8273557], [116.7750903, 39.8270694], [116.7751742, 39.8267905], [116.7751929, 39.8266924], [116.775224, 39.8263672], [116.775246, 39.8260761], [116.7752437, 39.8258126], [116.7752322, 39.8255454], [116.775214, 39.8254014], [116.775183, 39.8251821], [116.7751148, 39.8249094], [116.7749982, 39.8245284], [116.7744892, 39.822959], [116.7744597, 39.8228681], [116.774439, 39.8228064], [116.7743042, 39.822403], [116.7741875, 39.8220578], [116.7735913, 39.8204407], [116.7732128, 39.8194969], [116.7731948, 39.8194519], [116.773038, 39.8190591], [116.7721777, 39.8168356], [116.7717209, 39.8155819], [116.7716971, 39.8155165], [116.7716203, 39.8153136], [116.7715811, 39.815205]]}}, {"type": "Feature", "properties": {"osmWayId": 256282171, "highway": "trunk", "lanes": "3", "name": "北苑南路", "name:en": "Beiyuan South Road", "name:zh-Latn-pinyin": "Běiyuàn Nán Lù", "oneway": "yes", "ref": "G103", "source": "Bing", "sourceMembership": "g103-tag"}, "geometry": {"type": "LineString", "coordinates": [[116.6328847, 39.9012315], [116.6328025, 39.9013614], [116.6327127, 39.901504], [116.6324467, 39.901911]]}}, {"type": "Feature", "properties": {"osmWayId": 256282172, "highway": "motorway_link", "lanes": "2", "loc_name": "京通快速", "loc_name:zh": "京通快速", "loc_name:zh-Latn-pinyin": "Jīngtōng Kuàisù", "name": "京通快速路", "name:en": "Jingtong Expressway", "name:fr": "Autoroute Jīngtōng", "name:zh": "京通快速路", "name:zh-Latn-pinyin": "Jīngtōng Kuàisù Lù", "oneway": "yes", "ref": "G103", "short_name": "京通快速", "sourceMembership": "g103-tag"}, "geometry": {"type": "LineString", "coordinates": [[116.6324467, 39.901911], [116.6316303, 39.9030772]]}}, {"type": "Feature", "properties": {"osmWayId": 256282173, "highway": "trunk", "lanes": "2", "maxheight": "4", "maxspeed": "60", "motorroad": "yes", "name": "北苑南路", "name:en": "Beiyuan South Road", "name:zh-Latn-pinyin": "Běiyuàn Nán Lù", "oneway": "yes", "ref": "G103", "smoothness": "excellent", "surface": "asphalt", "sourceMembership": "g103-tag"}, "geometry": {"type": "LineString", "coordinates": [[116.6380535, 39.8937086], [116.6379372, 39.8938046], [116.637833, 39.8939029], [116.6376315, 39.8941038], [116.6374097, 39.8943252], [116.6372678, 39.8944748], [116.6372104, 39.8945536], [116.6371689, 39.8946106], [116.6361675, 39.896083], [116.6361518, 39.896106], [116.6360548, 39.8962486], [116.6357936, 39.8966491], [116.6356402, 39.8968844], [116.634861, 39.8980666], [116.6348265, 39.8981283], [116.6347734, 39.8982208]]}}, {"type": "Feature", "properties": {"osmWayId": 324633371, "highway": "trunk", "lanes": "2", "name": "京塘路", "oneway": "yes", "ref": "G103", "surface": "asphalt", "sourceMembership": "g103-tag"}, "geometry": {"type": "LineString", "coordinates": [[116.8591481, 39.736002], [116.857889, 39.7369545], [116.8578642, 39.7369716], [116.8575347, 39.7372167], [116.8571266, 39.7375067], [116.8565526, 39.7378957], [116.8549518, 39.7388386], [116.8541715, 39.739246], [116.8535855, 39.7395456], [116.8531081, 39.7397974], [116.8511594, 39.7408133], [116.8506265, 39.7410888], [116.8503581, 39.7412505], [116.8497281, 39.7416302], [116.8495673, 39.7417271], [116.849015, 39.7421078], [116.8488093, 39.7422783], [116.8486307, 39.7424242], [116.8485213, 39.7425117], [116.8482235, 39.7427682], [116.8480186, 39.7429509], [116.846408, 39.7444618], [116.8463362, 39.7445292], [116.8463118, 39.7445512], [116.8447862, 39.7460141], [116.8441474, 39.7466267], [116.8439713, 39.7468005], [116.8438705, 39.7468946], [116.8430382, 39.7476911], [116.842663, 39.7480944], [116.8422879, 39.7485647], [116.8417776, 39.74931], [116.8413222, 39.7500514], [116.8409827, 39.7505656], [116.8400958, 39.751889], [116.839884, 39.7521695], [116.8396591, 39.7524404], [116.8394647, 39.7526469], [116.8392528, 39.7528463], [116.8388669, 39.7531839], [116.8387507, 39.7532782], [116.838511, 39.753451]]}}, {"type": "Feature", "properties": {"osmWayId": 324633372, "highway": "trunk", "lanes": "2", "name": "京滨线", "oneway": "yes", "ref": "G103", "surface": "asphalt", "sourceMembership": "g103-tag"}, "geometry": {"type": "LineString", "coordinates": [[116.8601204, 39.7351488], [116.8611167, 39.734427], [116.8624857, 39.7334675], [116.8625692, 39.7334108], [116.8633553, 39.732877], [116.8641909, 39.7322794], [116.8652183, 39.7314436], [116.8656624, 39.7310459], [116.8661219, 39.7306167], [116.8668631, 39.7298492], [116.8672566, 39.7293897], [116.869013, 39.7272012], [116.8694878, 39.7266001], [116.8717748, 39.7237053], [116.8718984, 39.7235499], [116.8722045, 39.7231649], [116.8723503, 39.7229814], [116.8724376, 39.7228716], [116.8751255, 39.7194202], [116.8759474, 39.7183903], [116.8765872, 39.7175853], [116.876681, 39.7174791]]}}, {"type": "Feature", "properties": {"osmWayId": 324633426, "highway": "trunk", "lanes": "2", "name": "大柳树桥", "oneway": "yes", "ref": "G103", "surface": "asphalt", "sourceMembership": "g103-tag"}, "geometry": {"type": "LineString", "coordinates": [[116.8593384, 39.7357371], [116.8595247, 39.735597], [116.8596108, 39.7355322]]}}, {"type": "Feature", "properties": {"osmWayId": 324633427, "bridge": "yes", "highway": "trunk", "lanes": "2", "layer": "1", "name": "大柳树桥", "oneway": "yes", "ref": "G103", "surface": "asphalt", "sourceMembership": "g103-tag"}, "geometry": {"type": "LineString", "coordinates": [[116.8602024, 39.7351986], [116.85967, 39.7356011]]}}, {"type": "Feature", "properties": {"osmWayId": 343217416, "foot": "yes", "highway": "trunk", "layer": "1", "name": "津塘公路", "oneway": "yes", "ref": "G103", "sourceMembership": "g103-tag"}, "geometry": {"type": "LineString", "coordinates": [[117.6271425, 39.0352964], [117.6295723, 39.0347393], [117.631937, 39.0342054]]}}, {"type": "Feature", "properties": {"osmWayId": 350468591, "bridge": "viaduct", "highway": "trunk", "layer": "1", "name": "京滨线", "oneway": "yes", "ref": "G103", "sourceMembership": "g103-tag"}, "geometry": {"type": "LineString", "coordinates": [[117.6666512, 39.0265093], [117.6650147, 39.0268734], [117.6641885, 39.0270467], [117.662559, 39.0274055], [117.6609721, 39.0277574], [117.6589737, 39.028203], [117.6576239, 39.0285023], [117.6563931, 39.0287702], [117.6535502, 39.029406], [117.6514368, 39.0298713], [117.6493174, 39.0303313], [117.6465379, 39.0309503], [117.6426364, 39.0318783], [117.6420298, 39.032027], [117.6413072, 39.0321989]]}}, {"type": "Feature", "properties": {"osmWayId": 350468599, "bridge": "viaduct", "highway": "trunk", "lanes": "2", "layer": "1", "name": "京滨线", "oneway": "yes", "ref": "G103", "surface": "asphalt", "sourceMembership": "g103-tag"}, "geometry": {"type": "LineString", "coordinates": [[117.6412733, 39.0321148], [117.6414702, 39.0320646], [117.6420647, 39.0319245], [117.6463376, 39.0309015], [117.6496446, 39.0301762], [117.6536899, 39.0292904], [117.6562117, 39.0287368], [117.6575989, 39.0284072], [117.6587433, 39.028154], [117.6597968, 39.0279356], [117.6612393, 39.0276148], [117.6627442, 39.0272852], [117.6645329, 39.0268757], [117.6649944, 39.0267404], [117.6666022, 39.026379], [117.6677518, 39.0261617], [117.6725526, 39.0250829], [117.6757023, 39.0243749], [117.6763215, 39.024212], [117.6766085, 39.0241367]]}}, {"type": "Feature", "properties": {"osmWayId": 405966354, "highway": "trunk", "lanes": "5", "name": "京滨线", "oneway": "yes", "ref": "G103", "sourceMembership": "g103-tag"}, "geometry": {"type": "LineString", "coordinates": [[117.0991752, 39.2824503], [117.0989855, 39.2832], [117.0985779, 39.2852039], [117.0982289, 39.2866171], [117.0976859, 39.2889412], [117.0975701, 39.2895634]]}}, {"type": "Feature", "properties": {"osmWayId": 405966355, "bridge": "yes", "highway": "trunk", "lanes": "5", "layer": "1", "name": "京滨线", "name:en": "Jingbin Highway", "oneway": "yes", "ref": "G103", "sourceMembership": "g103-tag"}, "geometry": {"type": "LineString", "coordinates": [[117.0989337, 39.2824132], [117.0997155, 39.2790863]]}}, {"type": "Feature", "properties": {"osmWayId": 405966356, "bridge": "yes", "highway": "trunk", "lanes": "5", "layer": "1", "name": "京滨线", "name:en": "Jingbin Highway", "oneway": "yes", "ref": "G103", "sourceMembership": "g103-tag"}, "geometry": {"type": "LineString", "coordinates": [[117.0999324, 39.2791316], [117.0991752, 39.2824503]]}}, {"type": "Feature", "properties": {"osmWayId": 405966357, "highway": "trunk", "lanes": "5", "name": "京滨线", "oneway": "yes", "ref": "G103", "sourceMembership": "g103-tag"}, "geometry": {"type": "LineString", "coordinates": [[117.0997155, 39.2790863], [117.1003722, 39.2763245], [117.1004543, 39.2759365], [117.1009238, 39.2738905], [117.1019096, 39.2695947]]}}, {"type": "Feature", "properties": {"osmWayId": 468646254, "bridge": "yes", "highway": "trunk", "lanes": "5", "layer": "1", "name": "京滨线", "oneway": "yes", "ref": "G103", "sourceMembership": "g103-tag"}, "geometry": {"type": "LineString", "coordinates": [[117.1098722, 39.2513358], [117.1093288, 39.2527865], [117.1090977, 39.253327], [117.1086581, 39.2541331], [117.1083382, 39.2546291], [117.1080472, 39.2551059]]}}, {"type": "Feature", "properties": {"osmWayId": 468646255, "highway": "trunk", "lanes": "5", "name": "京滨线", "oneway": "yes", "ref": "G103", "sourceMembership": "g103-tag"}, "geometry": {"type": "LineString", "coordinates": [[117.1096322, 39.2512724], [117.1100764, 39.2501122], [117.1102446, 39.2497146]]}}, {"type": "Feature", "properties": {"osmWayId": 468646256, "bridge": "yes", "highway": "trunk", "lanes": "5", "layer": "1", "name": "京滨线", "oneway": "yes", "ref": "G103", "sourceMembership": "g103-tag"}, "geometry": {"type": "LineString", "coordinates": [[117.1077973, 39.2550195], [117.1081572, 39.2544844], [117.1085503, 39.2538471], [117.1087747, 39.2534195], [117.1090531, 39.2528383], [117.1096322, 39.2512724]]}}, {"type": "Feature", "properties": {"osmWayId": 468646257, "highway": "trunk", "lanes": "5", "name": "京滨线", "oneway": "yes", "ref": "G103", "surface": "asphalt", "sourceMembership": "g103-tag"}, "geometry": {"type": "LineString", "coordinates": [[117.1080472, 39.2551059], [117.1067948, 39.2570536], [117.1063931, 39.2577267], [117.105904, 39.2586774], [117.1058567, 39.2587807], [117.1057417, 39.2590447], [117.1055384, 39.2595958], [117.1052439, 39.260454]]}}, {"type": "Feature", "properties": {"osmWayId": 469654525, "bridge": "yes", "highway": "trunk", "layer": "1", "name": "外环北路（京滨线）", "name:en": "Out Ring", "oneway": "yes", "ref": "G103", "sourceMembership": "g103-tag"}, "geometry": {"type": "LineString", "coordinates": [[117.191028, 39.227808], [117.1915555, 39.2273852]]}}, {"type": "Feature", "properties": {"osmWayId": 469654526, "highway": "trunk", "lanes": "3", "name": "外环北路（京滨线）", "name:en": "Out Ring (Jingbin Highway)", "oneway": "yes", "ref": "G103", "sourceMembership": "g103-tag"}, "geometry": {"type": "LineString", "coordinates": [[117.1970827, 39.2228687], [117.1972428, 39.2227465], [117.1972947, 39.2227032], [117.1997157, 39.2207844], [117.2013538, 39.2194519], [117.2032196, 39.2178525], [117.2043476, 39.2169313], [117.2044176, 39.2168718], [117.2105933, 39.2118185], [117.2115705, 39.2110137], [117.2120299, 39.2106437]]}}, {"type": "Feature", "properties": {"osmWayId": 469654528, "highway": "trunk", "lanes": "5", "name": "外环北路（京滨线）", "name:en": "Waihuan North Road", "oneway": "yes", "ref": "G103", "sourceMembership": "g103-tag"}, "geometry": {"type": "LineString", "coordinates": [[117.1913415, 39.2278408], [117.1913155, 39.2278625], [117.184439, 39.2334259], [117.1808411, 39.2364225], [117.1799351, 39.2372092], [117.1791574, 39.2379465], [117.1784387, 39.2386543], [117.1776067, 39.2395222], [117.1773006, 39.2398529], [117.1772374, 39.2399246], [117.1740299, 39.2439045], [117.1739306, 39.2440347], [117.173653, 39.2443781]]}}, {"type": "Feature", "properties": {"osmWayId": 469654529, "bridge": "yes", "highway": "trunk", "layer": "1", "name": "外环北路（京滨线）", "name:en": "Out Ring", "oneway": "yes", "ref": "G103", "sourceMembership": "g103-tag"}, "geometry": {"type": "LineString", "coordinates": [[117.1918335, 39.2274419], [117.1913415, 39.2278408]]}}, {"type": "Feature", "properties": {"osmWayId": 469654557, "highway": "trunk", "lanes": "3", "name": "外环北路（京滨线）", "name:en": "Waihuan North Road", "oneway": "yes", "ref": "G103", "sourceMembership": "g103-tag"}, "geometry": {"type": "LineString", "coordinates": [[117.1724144, 39.2455177], [117.1736877, 39.2439269], [117.1737251, 39.243882], [117.1737873, 39.2438072], [117.1769818, 39.2399069], [117.1773933, 39.2394323], [117.1778636, 39.2389206], [117.1805996, 39.2363317], [117.1811867, 39.2358536], [117.191028, 39.227808]]}}, {"type": "Feature", "properties": {"osmWayId": 471055091, "foot": "yes", "highway": "trunk", "lanes": "2", "name": "京滨线", "name:en": "Jingbin Highway", "oneway": "yes", "ref": "G103", "sourceMembership": "g103-tag"}, "geometry": {"type": "LineString", "coordinates": [[117.0785626, 39.4384672], [117.0780549, 39.4388251], [117.0778036, 39.4390302], [117.0771545, 39.4394553], [117.0757181, 39.4403923], [117.0749091, 39.4408743], [117.0733399, 39.4418063], [117.0724539, 39.4422965], [117.0714985, 39.442829], [117.0709843, 39.4430877], [117.0702963, 39.4434236], [117.0698587, 39.4436372], [117.069333, 39.4438838], [117.0687057, 39.4441689], [117.0680431, 39.4444539], [117.0672796, 39.4447312], [117.0664853, 39.4450064], [117.0657539, 39.4452321], [117.064919, 39.4454574], [117.0638437, 39.4457161], [117.063148, 39.4458636], [117.0623846, 39.4460022], [117.0614106, 39.446151], [117.0605517, 39.4462529]]}}, {"type": "Feature", "properties": {"osmWayId": 471055096, "bridge": "yes", "highway": "trunk", "lanes": "2", "layer": "1", "name": "北运河桥", "oneway": "yes", "ref": "G103", "sourceMembership": "g103-tag"}, "geometry": {"type": "LineString", "coordinates": [[117.0520753, 39.4466175], [117.0500615, 39.4466864]]}}, {"type": "Feature", "properties": {"osmWayId": 471055196, "foot": "yes", "highway": "trunk_link", "name": "京滨线", "oneway": "yes", "ref": "G103", "sourceMembership": "g103-tag"}, "geometry": {"type": "LineString", "coordinates": [[117.0870253, 39.3253474], [117.0870506, 39.3254389], [117.0870693, 39.3255035], [117.0870965, 39.3255838], [117.0871449, 39.3256646], [117.087206, 39.3257317], [117.0872825, 39.325785], [117.0873596, 39.3258254], [117.0874291, 39.3258512], [117.0875234, 39.3258598], [117.0876111, 39.3258587], [117.0877342, 39.3258347]]}}, {"type": "Feature", "properties": {"osmWayId": 471148167, "foot": "yes", "highway": "trunk", "lanes": "2", "name": "京滨线", "name:en": "Jingbin Highway", "oneway": "yes", "ref": "G103", "sourceMembership": "g103-tag"}, "geometry": {"type": "LineString", "coordinates": [[117.0868775, 39.4315538], [117.0861279, 39.4322821]]}}, {"type": "Feature", "properties": {"osmWayId": 471148169, "foot": "yes", "highway": "trunk", "lanes": "2", "name": "京滨线", "name:en": "Jingbin Highway", "oneway": "yes", "ref": "G103", "sourceMembership": "g103-tag"}, "geometry": {"type": "LineString", "coordinates": [[117.0843926, 39.433913], [117.0842454, 39.4340472], [117.0839411, 39.4342891], [117.0838244, 39.4343913]]}}, {"type": "Feature", "properties": {"osmWayId": 471148170, "foot": "yes", "highway": "trunk", "lanes": "2", "motorroad": "yes", "name": "京滨线", "name:en": "Jingbin Highway", "oneway": "yes", "ref": "G103", "sourceMembership": "g103-tag"}, "geometry": {"type": "LineString", "coordinates": [[117.1021257, 39.3416861], [117.1022301, 39.3419331], [117.1027038, 39.3428871], [117.1030538, 39.3436145], [117.1031021, 39.3436991], [117.1032305, 39.3439527], [117.1039341, 39.3453107], [117.104405, 39.346212], [117.1049755, 39.3473128], [117.1058052, 39.3488009], [117.1063589, 39.349844], [117.1067156, 39.3504292], [117.1070861, 39.3509939], [117.1073777, 39.3514116], [117.1079865, 39.3521636], [117.108534, 39.3528869]]}}, {"type": "Feature", "properties": {"osmWayId": 471148172, "bridge": "yes", "foot": "yes", "highway": "trunk", "lanes": "2", "layer": "1", "name": "京滨线", "name:en": "Jingbin Highway", "oneway": "yes", "ref": "G103", "sourceMembership": "g103-tag"}, "geometry": {"type": "LineString", "coordinates": [[117.0819729, 39.4359468], [117.0816927, 39.4361657]]}}, {"type": "Feature", "properties": {"osmWayId": 471148177, "bridge": "yes", "foot": "yes", "highway": "trunk", "lanes": "2", "layer": "1", "name": "京滨线", "name:en": "Jingbin Highway", "oneway": "yes", "ref": "G103", "sourceMembership": "g103-tag"}, "geometry": {"type": "LineString", "coordinates": [[117.0861279, 39.4322821], [117.0851888, 39.4331805]]}}, {"type": "Feature", "properties": {"osmWayId": 471148178, "bridge": "yes", "foot": "yes", "highway": "trunk", "layer": "1", "name": "京滨线", "name:en": "Jingbin Highway", "oneway": "yes", "ref": "G103", "sourceMembership": "g103-tag"}, "geometry": {"type": "LineString", "coordinates": [[117.102009, 39.3414018], [117.1021257, 39.3416861]]}}, {"type": "Feature", "properties": {"osmWayId": 471148180, "bridge": "yes", "foot": "yes", "highway": "trunk", "lanes": "2", "layer": "1", "name": "北京排污河一号桥", "oneway": "yes", "ref": "G103", "sourceMembership": "g103-tag"}, "geometry": {"type": "LineString", "coordinates": [[117.0875876, 39.4308543], [117.0868775, 39.4315538]]}}, {"type": "Feature", "properties": {"osmWayId": 471479249, "highway": "trunk", "lanes": "4", "name": "京滨线", "oneway": "yes", "ref": "G103", "sourceMembership": "g103-tag"}, "geometry": {"type": "LineString", "coordinates": [[117.0887971, 39.3101501], [117.089357, 39.3090062], [117.0898265, 39.3080113], [117.0901392, 39.3073553], [117.0906383, 39.3062869], [117.0906633, 39.3062375], [117.0906726, 39.3062183], [117.0915451, 39.3044094], [117.0919105, 39.3036203], [117.0923372, 39.3027326], [117.0934065, 39.3005124]]}}, {"type": "Feature", "properties": {"osmWayId": 471479252, "highway": "trunk", "lanes": "5", "name": "京滨线", "oneway": "yes", "ref": "G103", "sourceMembership": "g103-tag"}, "geometry": {"type": "LineString", "coordinates": [[117.0973267, 39.289508], [117.0974326, 39.2890676], [117.0980766, 39.2861074], [117.0983728, 39.2848238], [117.0989337, 39.2824132]]}}, {"type": "Feature", "properties": {"osmWayId": 471479258, "highway": "trunk", "lanes": "5", "name": "京滨线", "oneway": "yes", "ref": "G103", "sourceMembership": "g103-tag"}, "geometry": {"type": "LineString", "coordinates": [[117.0925869, 39.3027938], [117.0919074, 39.3041852], [117.0915132, 39.3049965], [117.0909079, 39.3062859], [117.0908972, 39.3063088], [117.0908747, 39.3063578], [117.0901981, 39.3078326], [117.0892525, 39.3097967], [117.0891835, 39.3099499], [117.0890749, 39.3102282]]}}, {"type": "Feature", "properties": {"osmWayId": 471479265, "bridge": "yes", "highway": "trunk", "lanes": "5", "layer": "1", "name": "京滨线", "oneway": "yes", "ref": "G103", "sourceMembership": "g103-tag"}, "geometry": {"type": "LineString", "coordinates": [[117.1052439, 39.260454], [117.1048101, 39.2617473], [117.1042624, 39.263355], [117.1034104, 39.2656841]]}}, {"type": "Feature", "properties": {"osmWayId": 471479266, "highway": "trunk", "lanes": "5", "name": "京滨线", "oneway": "yes", "ref": "G103", "surface": "asphalt", "sourceMembership": "g103-tag"}, "geometry": {"type": "LineString", "coordinates": [[117.1049998, 39.2604159], [117.1052235, 39.2597408], [117.1055984, 39.2587566], [117.105901, 39.2581485], [117.1062777, 39.2574494], [117.1065302, 39.2570574], [117.1077973, 39.2550195]]}}, {"type": "Feature", "properties": {"osmWayId": 471479267, "highway": "trunk", "lanes": "5", "name": "京滨线", "oneway": "yes", "ref": "G103", "sourceMembership": "g103-tag"}, "geometry": {"type": "LineString", "coordinates": [[117.1034104, 39.2656841], [117.1030342, 39.266781], [117.1026684, 39.2678505], [117.102441, 39.2685421], [117.1022822, 39.2690737], [117.1021216, 39.2696269], [117.101542, 39.272205], [117.1008929, 39.2752798], [117.1006591, 39.2762599], [117.1002239, 39.2779492], [117.0999324, 39.2791316]]}}, {"type": "Feature", "properties": {"osmWayId": 471479268, "bridge": "yes", "highway": "trunk", "lanes": "5", "layer": "1", "name": "京滨线", "oneway": "yes", "ref": "G103", "sourceMembership": "g103-tag"}, "geometry": {"type": "LineString", "coordinates": [[117.1031663, 39.2656307], [117.1041005, 39.2630363], [117.1049998, 39.2604159]]}}, {"type": "Feature", "properties": {"osmWayId": 471795141, "bridge": "yes", "foot": "yes", "highway": "trunk", "lanes": "3", "name": "外环东路（京滨线）", "name:en": "Out Ring", "oneway": "yes", "ref": "G103;G233", "sourceMembership": "g103-tag"}, "geometry": {"type": "LineString", "coordinates": [[117.2266658, 39.192582], [117.2278681, 39.1916013]]}}, {"type": "Feature", "properties": {"osmWayId": 471795142, "foot": "yes", "highway": "trunk", "lanes": "5", "name": "外环东路（京滨线）", "name:en": "Out Ring", "oneway": "yes", "ref": "G103;G233", "sourceMembership": "g103-tag"}, "geometry": {"type": "LineString", "coordinates": [[117.2267882, 39.192667], [117.2267521, 39.1926988], [117.2261212, 39.1932545], [117.2256056, 39.1936728], [117.2245938, 39.1945036]]}}, {"type": "Feature", "properties": {"osmWayId": 471795143, "bridge": "yes", "foot": "yes", "highway": "trunk", "lanes": "5", "name": "外环东路（京滨线）", "name:en": "Out Ring", "oneway": "yes", "ref": "G103;G233", "sourceMembership": "g103-tag"}, "geometry": {"type": "LineString", "coordinates": [[117.227989, 39.1917053], [117.2267882, 39.192667]]}}, {"type": "Feature", "properties": {"osmWayId": 471795144, "foot": "yes", "highway": "trunk", "lanes": "3", "name": "外环东路（京滨线）", "name:en": "Out Ring", "oneway": "yes", "ref": "G103;G233", "sourceMembership": "g103-tag"}, "geometry": {"type": "LineString", "coordinates": [[117.2278681, 39.1916013], [117.2282273, 39.1912824], [117.2285124, 39.1910293], [117.2300068, 39.1895733], [117.2301975, 39.1893887], [117.2317531, 39.1878829], [117.2330599, 39.1866179], [117.233253, 39.1864683], [117.2352505, 39.1847509], [117.2366583, 39.1835666]]}}, {"type": "Feature", "properties": {"osmWayId": 475559928, "highway": "trunk", "lanes": "5", "name": "京滨线", "oneway": "yes", "ref": "G103", "sourceMembership": "g103-tag"}, "geometry": {"type": "LineString", "coordinates": [[117.1019096, 39.2695947], [117.1021963, 39.2685709], [117.1024465, 39.2677289], [117.102637, 39.2671984], [117.1031663, 39.2656307]]}}, {"type": "Feature", "properties": {"osmWayId": 475948917, "highway": "motorway", "lanes": "3", "loc_name": "京通快速", "loc_name:zh": "京通快速", "loc_name:zh-Latn-pinyin": "Jīngtōng Kuàisù", "name": "京通快速路", "name:en": "Jingtong Expressway", "name:fr": "Autoroute Jīngtōng", "name:zh": "京通快速路", "name:zh-Latn-pinyin": "Jīngtōng Kuàisù Lù", "oneway": "yes", "ref": "G103", "short_name": "京通快速", "sourceMembership": "g103-tag"}, "geometry": {"type": "LineString", "coordinates": [[116.6129565, 39.9047811], [116.6147032, 39.9051495], [116.6150855, 39.9051867], [116.6159215, 39.9052437]]}}, {"type": "Feature", "properties": {"osmWayId": 475948918, "highway": "motorway", "loc_name": "京通快速", "loc_name:zh": "京通快速", "loc_name:zh-Latn-pinyin": "Jīngtōng Kuàisù", "name": "京通快速路", "name:en": "Jingtong Expressway", "name:fr": "Autoroute Jīngtōng", "name:zh": "京通快速路", "name:zh-Latn-pinyin": "Jīngtōng Kuàisù Lù", "oneway": "yes", "ref": "G103", "short_name": "京通快速", "toll": "yes", "sourceMembership": "g103-tag"}, "geometry": {"type": "LineString", "coordinates": [[116.6126968, 39.9053402], [116.6112091, 39.9050203], [116.6105512, 39.9049221], [116.6099992, 39.9049172], [116.609407, 39.9049546], [116.608755, 39.9050522], [116.6081016, 39.9052075]]}}, {"type": "Feature", "properties": {"osmWayId": 477293214, "foot": "yes", "highway": "trunk", "lanes": "3", "name": "京滨线（津塘公路）", "oneway": "yes", "ref": "G103", "sourceMembership": "g103-tag"}, "geometry": {"type": "LineString", "coordinates": [[117.5618789, 39.031486], [117.5607266, 39.0315468], [117.5586588, 39.0316822], [117.5577656, 39.0317382], [117.5573095, 39.0317669], [117.5570209, 39.031784], [117.5558708, 39.031863], [117.5533389, 39.0320255], [117.5522192, 39.0321046], [117.5516794, 39.0321397], [117.5500275, 39.0322584], [117.5469397, 39.0324565], [117.5446008, 39.0326176], [117.5391187, 39.0330281], [117.5364518, 39.0332311], [117.5346359, 39.0333799], [117.5336291, 39.0335029], [117.532909, 39.033612], [117.5321901, 39.0337427]]}}, {"type": "Feature", "properties": {"osmWayId": 477293235, "foot": "yes", "highway": "trunk", "lanes": "2", "name": "京滨线（津塘公路）", "oneway": "yes", "ref": "G103", "sourceMembership": "g103-tag"}, "geometry": {"type": "LineString", "coordinates": [[117.5625716, 39.0312643], [117.5628618, 39.0312711], [117.563238, 39.0312527], [117.5639915, 39.0312051]]}}, {"type": "Feature", "properties": {"osmWayId": 546716400, "bridge": "yes", "foot": "yes", "highway": "trunk", "lanes": "2", "layer": "1", "name": "京滨线", "oneway": "yes", "ref": "G103", "sourceMembership": "g103-tag"}, "geometry": {"type": "LineString", "coordinates": [[117.5840449, 39.0299494], [117.5837005, 39.0299712]]}}, {"type": "Feature", "properties": {"osmWayId": 546716401, "foot": "yes", "highway": "trunk", "lanes": "2", "name": "京滨线（津塘公路）", "oneway": "yes", "ref": "G103", "sourceMembership": "g103-tag"}, "geometry": {"type": "LineString", "coordinates": [[117.5837005, 39.0299712], [117.581225, 39.0301413], [117.5806677, 39.030177], [117.5738054, 39.0306333], [117.5702485, 39.0309041]]}}, {"type": "Feature", "properties": {"osmWayId": 546716402, "bridge": "yes", "foot": "yes", "highway": "trunk", "lanes": "2", "layer": "1", "name": "京滨线", "oneway": "yes", "ref": "G103", "sourceMembership": "g103-tag"}, "geometry": {"type": "LineString", "coordinates": [[117.5837968, 39.0298149], [117.5841481, 39.0297922]]}}, {"type": "Feature", "properties": {"osmWayId": 546716403, "foot": "yes", "highway": "trunk", "lanes": "2", "name": "京滨线（津塘公路）", "oneway": "yes", "ref": "G103", "sourceMembership": "g103-tag"}, "geometry": {"type": "LineString", "coordinates": [[117.570521, 39.0306776], [117.5731337, 39.0305201], [117.5754287, 39.0303749], [117.5808017, 39.0300064], [117.5812438, 39.0299771], [117.5837968, 39.0298149]]}}, {"type": "Feature", "properties": {"osmWayId": 548563137, "bridge": "yes", "highway": "trunk", "lanes": "3", "layer": "1", "name": "京滨线（津塘公路）", "oneway": "yes", "ref": "G103", "sourceMembership": "g103-tag"}, "geometry": {"type": "LineString", "coordinates": [[117.3948049, 39.0643211], [117.3945119, 39.0644259]]}}, {"type": "Feature", "properties": {"osmWayId": 548563138, "bridge": "yes", "highway": "trunk", "lanes": "3", "layer": "1", "name": "京滨线（津塘公路）", "oneway": "yes", "ref": "G103", "sourceMembership": "g103-tag"}, "geometry": {"type": "LineString", "coordinates": [[117.3944949, 39.0642821], [117.3947893, 39.064186]]}}, {"type": "Feature", "properties": {"osmWayId": 548563139, "foot": "yes", "highway": "trunk", "lanes": "3", "name": "京滨线（津塘公路）", "oneway": "yes", "ref": "G103", "sourceMembership": "g103-tag"}, "geometry": {"type": "LineString", "coordinates": [[117.3795357, 39.0691165], [117.3795632, 39.0691075], [117.3824509, 39.0681591], [117.3846957, 39.0674308], [117.3861042, 39.0670263], [117.3870021, 39.0667319]]}}, {"type": "Feature", "properties": {"osmWayId": 548563140, "highway": "trunk", "lanes": "3", "name": "京滨线（津塘公路）", "oneway": "yes", "ref": "G103", "sourceMembership": "g103-tag"}, "geometry": {"type": "LineString", "coordinates": [[117.3945119, 39.0644259], [117.3938871, 39.0646159]]}}, {"type": "Feature", "properties": {"osmWayId": 554040726, "foot": "yes", "highway": "trunk", "lanes": "2", "layer": "-1", "name": "京滨线（津塘公路）", "oneway": "yes", "ref": "G103", "tunnel": "yes", "sourceMembership": "g103-tag"}, "geometry": {"type": "LineString", "coordinates": [[117.6097147, 39.033098], [117.6102485, 39.0334251]]}}, {"type": "Feature", "properties": {"osmWayId": 554040727, "foot": "yes", "highway": "trunk", "lanes": "3", "name": "津塘公路", "oneway": "yes", "ref": "G103", "sourceMembership": "g103-tag"}, "geometry": {"type": "LineString", "coordinates": [[117.6127867, 39.0350307], [117.6128929, 39.035091], [117.6130169, 39.0351601], [117.613309, 39.0353157], [117.6136402, 39.0354837], [117.6137495, 39.0355366], [117.6139651, 39.0356381], [117.614129, 39.0357115], [117.6143007, 39.0357825], [117.6146515, 39.0359184], [117.6148695, 39.0359955], [117.6151216, 39.0360801], [117.6154532, 39.0361864], [117.6156703, 39.0362511], [117.6158892, 39.0363098], [117.616119, 39.0363663], [117.6163537, 39.0364167], [117.6165511, 39.0364594], [117.6167569, 39.0365009], [117.6171697, 39.0365722], [117.6176807, 39.0366517], [117.6180177, 39.0366998], [117.6183343, 39.0367416], [117.618671, 39.0367885], [117.6191853, 39.0368537], [117.6198157, 39.0368556], [117.6199474, 39.036844], [117.6200822, 39.0368251], [117.6212306, 39.0365646], [117.6214856, 39.0365105], [117.6215964, 39.0364876]]}}, {"type": "Feature", "properties": {"osmWayId": 554040728, "foot": "yes", "highway": "trunk", "lanes": "2", "layer": "-1", "name": "京滨线（津塘公路）", "oneway": "yes", "ref": "G103", "tunnel": "yes", "sourceMembership": "g103-tag"}, "geometry": {"type": "LineString", "coordinates": [[117.6100952, 39.0334703], [117.6095803, 39.0331347]]}}, {"type": "Feature", "properties": {"osmWayId": 554040729, "foot": "yes", "highway": "trunk", "lanes": "3", "name": "津塘公路", "oneway": "yes", "ref": "G103", "sourceMembership": "g103-tag"}, "geometry": {"type": "LineString", "coordinates": [[117.621681, 39.0367951], [117.6215559, 39.0368231], [117.6202694, 39.0371059], [117.6200942, 39.0371369], [117.619996, 39.0371348], [117.6198963, 39.0371244], [117.6196936, 39.0371046], [117.6190599, 39.036981], [117.6187636, 39.0369299], [117.6185832, 39.03691], [117.618071, 39.0368357], [117.6176341, 39.0367755], [117.6170783, 39.0366937], [117.6166776, 39.0366181], [117.6160601, 39.0364877], [117.6156032, 39.0363689], [117.6152578, 39.0362602], [117.6146075, 39.0360331], [117.6141858, 39.0358694], [117.6137484, 39.0356763], [117.6136543, 39.0356313], [117.6135602, 39.0355863], [117.6134475, 39.0355301], [117.6133466, 39.0354793], [117.6127939, 39.0351887], [117.6126967, 39.035132]]}}, {"type": "Feature", "properties": {"osmWayId": 606729919, "highway": "trunk", "lanes": "5", "name": "外环北路（京滨线）", "name:en": "Outer Ring", "oneway": "yes", "ref": "G103;G205", "sourceMembership": "g103-tag"}, "geometry": {"type": "LineString", "coordinates": [[117.1506383, 39.2565475], [117.1506825, 39.2566675], [117.1507445, 39.2567737], [117.1508292, 39.2568574], [117.1509764, 39.2569723], [117.151158, 39.2571522]]}}, {"type": "Feature", "properties": {"osmWayId": 606729920, "bridge": "yes", "highway": "trunk", "lanes": "5", "layer": "1", "name": "外环北路（京滨线）", "name:en": "Outer Ring", "oneway": "yes", "ref": "G103;G205", "sourceMembership": "g103-tag"}, "geometry": {"type": "LineString", "coordinates": [[117.1509369, 39.2560665], [117.1508153, 39.256154], [117.1507502, 39.2562203], [117.1506963, 39.2562892], [117.1506431, 39.2563912], [117.1506273, 39.2564935], [117.1506383, 39.2565475]]}}, {"type": "Feature", "properties": {"osmWayId": 621539914, "foot": "yes", "highway": "trunk", "name": "京滨线（津塘公路）", "oneway": "yes", "ref": "G103", "sourceMembership": "g103-tag"}, "geometry": {"type": "LineString", "coordinates": [[117.3626032, 39.074808], [117.362456, 39.0748613], [117.3612978, 39.0752392], [117.3605555, 39.0754837], [117.3593835, 39.0758697], [117.3584661, 39.0761773], [117.3570736, 39.0766187], [117.3566068, 39.0767712], [117.3539391, 39.0776559], [117.3538945, 39.0776709], [117.3538622, 39.0776813], [117.3508726, 39.0786475], [117.3501904, 39.0788702], [117.3500964, 39.0789026], [117.3499722, 39.0789467], [117.3498371, 39.0789908], [117.3496459, 39.0790601]]}}, {"type": "Feature", "properties": {"osmWayId": 669918084, "bridge": "yes", "highway": "trunk", "lanes": "3", "layer": "1", "name": "津宁高速跨线桥", "oneway": "yes", "ref": "G103", "sourceMembership": "g103-tag"}, "geometry": {"type": "LineString", "coordinates": [[117.3938871, 39.0646159], [117.3870848, 39.0668503]]}}, {"type": "Feature", "properties": {"osmWayId": 669918085, "highway": "trunk", "lanes": "3", "name": "京滨线（津塘公路）", "oneway": "yes", "ref": "G103", "sourceMembership": "g103-tag"}, "geometry": {"type": "LineString", "coordinates": [[117.3938175, 39.064504], [117.3944949, 39.0642821]]}}, {"type": "Feature", "properties": {"osmWayId": 669918088, "foot": "yes", "highway": "trunk", "lanes": "3", "name": "京滨线（津塘公路）", "oneway": "yes", "ref": "G103", "sourceMembership": "g103-tag"}, "geometry": {"type": "LineString", "coordinates": [[117.3870848, 39.0668503], [117.3860062, 39.0672011], [117.3852438, 39.0674294], [117.3843307, 39.0677093], [117.383923, 39.0678331], [117.3826518, 39.068227], [117.380112, 39.0690754], [117.3796123, 39.0692378]]}}, {"type": "Feature", "properties": {"osmWayId": 669918089, "bridge": "yes", "highway": "trunk", "lanes": "3", "layer": "1", "name": "津宁高速跨线桥", "oneway": "yes", "ref": "G103", "sourceMembership": "g103-tag"}, "geometry": {"type": "LineString", "coordinates": [[117.3870021, 39.0667319], [117.3921462, 39.065036], [117.3938175, 39.064504]]}}, {"type": "Feature", "properties": {"osmWayId": 670672404, "highway": "trunk_link", "oneway": "yes", "ref": "G103;G205", "sourceMembership": "g103-tag"}, "geometry": {"type": "LineString", "coordinates": [[117.1561789, 39.2598852], [117.1578721, 39.2604655], [117.1584951, 39.2606487], [117.1590274, 39.2608334], [117.1595557, 39.260993], [117.159876, 39.2610812], [117.1603568, 39.2612357], [117.1605803, 39.2613139], [117.1606916, 39.2613724], [117.1607511, 39.2614268], [117.1608012, 39.261491], [117.1608208, 39.2615558], [117.1608044, 39.2616537], [117.1607695, 39.2616993], [117.1607087, 39.2617665], [117.1605983, 39.2618228], [117.1604743, 39.2618416], [117.1603529, 39.2618387], [117.1602591, 39.2618115], [117.160097, 39.261753], [117.1598583, 39.2616461], [117.1596399, 39.2615607], [117.159367, 39.2614573], [117.1583928, 39.2611424], [117.1578684, 39.260963], [117.1573168, 39.2607572], [117.1569952, 39.2606323], [117.1566935, 39.2604976], [117.1563288, 39.2603087], [117.1560441, 39.2601329]]}}, {"type": "Feature", "properties": {"osmWayId": 707723351, "highway": "motorway", "loc_name": "京通快速", "loc_name:en": "Jingtong Expressway", "loc_name:fr": "Autoroute Jīngtōng", "loc_name:zh": "京通快速", "loc_name:zh-Latn-pinyin": "jīngtōng gāosùlù", "name": "京通快速", "name:zh": "京通快速", "oneway": "yes", "ref": "G103", "short_name": "京塘线", "sourceMembership": "g103-tag"}, "geometry": {"type": "LineString", "coordinates": [[116.4772139, 39.9070088], [116.4746955, 39.9070056]]}}, {"type": "Feature", "properties": {"osmWayId": 707723436, "highway": "motorway", "lanes": "3", "loc_name": "京通快速", "loc_name:en": "Jingtong Expressway", "loc_name:fr": "Autoroute Jīngtōng", "loc_name:zh": "京通快速", "loc_name:zh-Latn-pinyin": "jīngtōng gāosùlù", "name": "京通快速", "name:en": "Jingtong Expressway", "name:zh": "京通快速", "oneway": "yes", "ref": "G103", "short_name": "京塘线", "sourceMembership": "g103-tag"}, "geometry": {"type": "LineString", "coordinates": [[116.4911812, 39.906709], [116.4948744, 39.9067017]]}}, {"type": "Feature", "properties": {"osmWayId": 707723437, "highway": "trunk", "int_name": "Jian' Guo Lu", "name": "建国路", "name:en": "Jianguo Road", "oneway": "yes", "ref": "G103", "sourceMembership": "g103-tag"}, "geometry": {"type": "LineString", "coordinates": [[116.4588928, 39.9069559], [116.4598219, 39.9069483]]}}, {"type": "Feature", "properties": {"osmWayId": 740745635, "foot": "yes", "highway": "trunk", "lanes": "3", "name": "外环东路（京滨线）", "name:en": "Out Ring", "oneway": "yes", "ref": "G103;G233", "surface": "asphalt", "sourceMembership": "g103-tag"}, "geometry": {"type": "LineString", "coordinates": [[117.2452082, 39.176522], [117.246417, 39.1759293], [117.2482392, 39.1751097], [117.2484197, 39.1750323], [117.2488854, 39.1748282], [117.2529929, 39.1729152], [117.2560526, 39.1714734], [117.2564961, 39.1712716], [117.2574435, 39.1708881], [117.2575138, 39.1708614], [117.2586013, 39.1704574], [117.258984, 39.1703271]]}}, {"type": "Feature", "properties": {"osmWayId": 740745640, "bridge": "yes", "highway": "trunk", "lanes": "5", "layer": "1", "name": "京滨线", "oneway": "yes", "ref": "G103", "sourceMembership": "g103-tag"}, "geometry": {"type": "LineString", "coordinates": [[117.1107993, 39.248223], [117.1115069, 39.2464954], [117.1123688, 39.2443528]]}}, {"type": "Feature", "properties": {"osmWayId": 740745641, "bridge": "yes", "highway": "trunk", "lanes": "5", "layer": "1", "name": "京滨线", "oneway": "yes", "ref": "G103", "sourceMembership": "g103-tag"}, "geometry": {"type": "LineString", "coordinates": [[117.1126117, 39.2444075], [117.1115761, 39.2468964], [117.1110453, 39.2482917]]}}, {"type": "Feature", "properties": {"osmWayId": 740745642, "highway": "trunk", "int_name": "Jian' Guo Lu", "name": "建国路", "name:en": "Jianguo Road", "oneway": "yes", "ref": "G103", "sourceMembership": "g103-tag"}, "geometry": {"type": "LineString", "coordinates": [[116.4670474, 39.9069021], [116.4692567, 39.9068938]]}}, {"type": "Feature", "properties": {"osmWayId": 790041918, "highway": "trunk", "lanes": "5", "name": "外环北路（京滨线）", "oneway": "yes", "ref": "G103", "sourceMembership": "g103-tag"}, "geometry": {"type": "LineString", "coordinates": [[117.1535785, 39.2556052], [117.1603918, 39.2548958], [117.1609432, 39.2548118], [117.1616643, 39.2546607], [117.1621456, 39.2545381], [117.1626818, 39.2543844], [117.1630797, 39.2542424], [117.1634736, 39.2541013], [117.1638285, 39.2539608], [117.1643879, 39.2537076], [117.1647697, 39.2535156], [117.1651722, 39.2533034], [117.1659776, 39.2528212]]}}, {"type": "Feature", "properties": {"osmWayId": 825094565, "highway": "trunk", "lanes": "3", "name": "外环北路（京滨线）", "name:en": "Out Ring", "oneway": "yes", "ref": "G103;G233", "sourceMembership": "g103-tag"}, "geometry": {"type": "LineString", "coordinates": [[117.2120299, 39.2106437], [117.2129561, 39.2098752], [117.2144407, 39.2086368], [117.2148721, 39.2082639], [117.215129, 39.2080178], [117.2159193, 39.2071937], [117.2167361, 39.2062189], [117.2175574, 39.2050616], [117.2179557, 39.2044347], [117.2182905, 39.2038603], [117.2187274, 39.2029872], [117.2189757, 39.2024856], [117.2195083, 39.2012822], [117.2202992, 39.1997244], [117.2210236, 39.19819], [117.2214027, 39.1975168], [117.2219441, 39.1967524], [117.2223338, 39.1962957], [117.2226136, 39.1959934], [117.2235279, 39.1951378], [117.2244412, 39.1943772]]}}, {"type": "Feature", "properties": {"osmWayId": 825094567, "highway": "trunk", "lanes": "5", "name": "外环北路（京滨线）", "name:en": "Out Ring N. (Jingbin Highway)", "oneway": "yes", "ref": "G103", "sourceMembership": "g103-tag"}, "geometry": {"type": "LineString", "coordinates": [[117.2112598, 39.2115771], [117.2100735, 39.2125451], [117.204609, 39.2169795], [117.2045246, 39.2170496], [117.2017848, 39.219303], [117.201485, 39.2195463], [117.1974615, 39.2228218], [117.1974063, 39.2228694], [117.1972544, 39.2229915]]}}, {"type": "Feature", "properties": {"osmWayId": 825097991, "highway": "trunk", "lanes": "5", "name": "外环北路（京滨线）", "name:en": "Out Ring", "oneway": "yes", "ref": "G103;G233", "sourceMembership": "g103-tag"}, "geometry": {"type": "LineString", "coordinates": [[117.2245938, 39.1945036], [117.2242447, 39.1948039], [117.2233363, 39.195536], [117.2227623, 39.1960409], [117.2224251, 39.1963941], [117.2221465, 39.1967259], [117.2217416, 39.1972609], [117.2214746, 39.1976779], [117.2211695, 39.1982463], [117.2206491, 39.1994113], [117.2204473, 39.1998711], [117.2197016, 39.2015], [117.2188089, 39.2033818], [117.2185236, 39.2039135], [117.2178003, 39.2051468], [117.2172448, 39.2059113], [117.2168036, 39.2064799], [117.216098, 39.2073436], [117.2153112, 39.2081446], [117.2150593, 39.2083784], [117.2141592, 39.2091978], [117.2125372, 39.2105183], [117.2115139, 39.2113598], [117.2114268, 39.2114307], [117.2112598, 39.2115771]]}}, {"type": "Feature", "properties": {"osmWayId": 825097992, "foot": "yes", "highway": "trunk", "lanes": "3", "name": "外环东路（京滨线）", "name:en": "Out Ring", "oneway": "yes", "ref": "G103;G233", "sourceMembership": "g103-tag"}, "geometry": {"type": "LineString", "coordinates": [[117.2244412, 39.1943772], [117.2255818, 39.1934468], [117.2260172, 39.1930886], [117.2266416, 39.1926009], [117.2266658, 39.192582]]}}, {"type": "Feature", "properties": {"osmWayId": 825098000, "foot": "yes", "highway": "trunk", "lanes": "4", "name": "外环东路（京滨线）", "name:en": "Out Ring", "oneway": "yes", "ref": "G103;G233", "surface": "asphalt", "sourceMembership": "g103-tag"}, "geometry": {"type": "LineString", "coordinates": [[117.2589111, 39.1705784], [117.2583517, 39.1707779], [117.257413, 39.1711345], [117.2561812, 39.171653], [117.2531042, 39.173077], [117.2529552, 39.1731492], [117.2489777, 39.1749471], [117.2485299, 39.1751613]]}}, {"type": "Feature", "properties": {"osmWayId": 831718931, "highway": "trunk", "name": "京滨线（津塘公路）", "oneway": "yes", "ref": "G103", "sourceMembership": "g103-tag"}, "geometry": {"type": "LineString", "coordinates": [[117.4532696, 39.0467353], [117.4515727, 39.0470174]]}}, {"type": "Feature", "properties": {"osmWayId": 831718932, "bridge": "yes", "highway": "trunk", "layer": "1", "name": "京滨线（津塘公路）", "oneway": "yes", "ref": "G103", "sourceMembership": "g103-tag"}, "geometry": {"type": "LineString", "coordinates": [[117.4538862, 39.0466354], [117.4532696, 39.0467353]]}}, {"type": "Feature", "properties": {"osmWayId": 832435595, "bridge": "yes", "highway": "trunk", "layer": "1", "name": "京滨线（津塘公路）", "oneway": "yes", "ref": "G103", "sourceMembership": "g103-tag"}, "geometry": {"type": "LineString", "coordinates": [[117.4532611, 39.0466126], [117.4538979, 39.0465136]]}}, {"type": "Feature", "properties": {"osmWayId": 832435596, "highway": "trunk", "name": "京滨线（津塘公路）", "oneway": "yes", "ref": "G103", "sourceMembership": "g103-tag"}, "geometry": {"type": "LineString", "coordinates": [[117.4518708, 39.0468327], [117.4532611, 39.0466126]]}}, {"type": "Feature", "properties": {"osmWayId": 838040302, "bridge": "yes", "highway": "trunk", "layer": "1", "name": "京滨线（津塘公路）", "oneway": "yes", "ref": "G103", "sourceMembership": "g103-tag"}, "geometry": {"type": "LineString", "coordinates": [[117.3191956, 39.0872581], [117.3203155, 39.0870234], [117.3209468, 39.0868904], [117.3264957, 39.0857097], [117.3318436, 39.0846043], [117.3330989, 39.0843045], [117.3336035, 39.0841745], [117.3343168, 39.0839743], [117.3357516, 39.0835217], [117.3383217, 39.0826574]]}}, {"type": "Feature", "properties": {"osmWayId": 838043346, "foot": "yes", "highway": "trunk", "lanes": "5", "name": "外环北路（京滨线）", "oneway": "yes", "ref": "G103;G205", "surface": "asphalt", "sourceMembership": "g103-tag"}, "geometry": {"type": "LineString", "coordinates": [[117.1480253, 39.2559682], [117.1461749, 39.2551278], [117.1447126, 39.2544849], [117.1439964, 39.2541822], [117.1406554, 39.2526745], [117.1403241, 39.2525008], [117.1400361, 39.2523688], [117.1379738, 39.2514239], [117.1357027, 39.2504394], [117.1353001, 39.2502649], [117.1317023, 39.2487232], [117.130426, 39.248197], [117.1296264, 39.2478673], [117.12756, 39.2470518], [117.1255262, 39.2462168], [117.1219985, 39.2448067], [117.1203499, 39.2440739], [117.1183166, 39.2431453], [117.1178368, 39.2429227]]}}, {"type": "Feature", "properties": {"osmWayId": 849988830, "highway": "trunk", "lanes": "5", "name": "外环调整路（京滨线）", "oneway": "yes", "ref": "G103;G205", "surface": "asphalt", "sourceMembership": "g103-tag"}, "geometry": {"type": "LineString", "coordinates": [[117.151158, 39.2571522], [117.1517116, 39.257451], [117.1525293, 39.257905], [117.1547393, 39.2592081], [117.1555235, 39.2595934], [117.1561789, 39.2598852]]}}, {"type": "Feature", "properties": {"osmWayId": 849988833, "highway": "trunk", "lanes": "5", "name": "外环调整路（京滨线）", "oneway": "yes", "ref": "G103;G205", "surface": "asphalt", "sourceMembership": "g103-tag"}, "geometry": {"type": "LineString", "coordinates": [[117.1560441, 39.2601329], [117.1553515, 39.2597892], [117.1547416, 39.259476], [117.1541762, 39.2591756], [117.1536658, 39.2588999], [117.1525529, 39.2582167], [117.1515313, 39.2576128], [117.1508388, 39.2572509], [117.1491888, 39.2564642], [117.1480253, 39.2559682]]}}, {"type": "Feature", "properties": {"osmWayId": 849988838, "foot": "yes", "highway": "trunk", "lanes": "5", "name": "外环北路（京滨线）", "oneway": "yes", "ref": "G103;G205", "surface": "asphalt", "sourceMembership": "g103-tag"}, "geometry": {"type": "LineString", "coordinates": [[117.114302, 39.2410539], [117.1160261, 39.2418517], [117.1180046, 39.2427582], [117.1185346, 39.2430135], [117.1209365, 39.2441111], [117.1234957, 39.2451707], [117.1254135, 39.2459523], [117.1274387, 39.2467612], [117.1280805, 39.2470208], [117.1292075, 39.2474766], [117.1305629, 39.2480248], [117.1315403, 39.2484144], [117.1352344, 39.2500323], [117.1357953, 39.2502896], [117.1378851, 39.251248], [117.1397904, 39.2520907], [117.1400997, 39.2522264], [117.1407486, 39.2525113], [117.1417244, 39.2529082], [117.1433743, 39.2536574], [117.1439286, 39.2538939], [117.1456729, 39.2546382], [117.1467195, 39.2551022], [117.1477261, 39.2555327]]}}, {"type": "Feature", "properties": {"osmWayId": 872897907, "highway": "trunk", "lanes": "5", "name": "外环北路（京滨线）", "name:en": "Waihuan North Road", "oneway": "yes", "ref": "G103;G205", "sourceMembership": "g103-tag"}, "geometry": {"type": "LineString", "coordinates": [[117.1535766, 39.2557564], [117.1529964, 39.255819], [117.1520243, 39.2558939], [117.151302, 39.2559727], [117.151115, 39.2560093], [117.1509369, 39.2560665]]}}, {"type": "Feature", "properties": {"osmWayId": 890498329, "foot": "yes", "highway": "trunk", "lanes": "2", "name": "京滨线", "name:en": "Jingbin Highway", "oneway": "yes", "ref": "G103", "sourceMembership": "g103-tag"}, "geometry": {"type": "LineString", "coordinates": [[117.1140637, 39.3632464], [117.1142784, 39.3638294], [117.1146452, 39.3649877], [117.1148159, 39.3655216], [117.1149084, 39.3658561], [117.115118, 39.3665055], [117.1155234, 39.3675489], [117.1155709, 39.3679894], [117.1154542, 39.3684582], [117.1152939, 39.3691927], [117.1151005, 39.3699665], [117.1150897, 39.3703364], [117.1152498, 39.3706581], [117.115518, 39.3709069], [117.1159381, 39.3711206], [117.1164177, 39.3713148], [117.1169444, 39.3715655], [117.1172697, 39.371817], [117.1174275, 39.3720609], [117.1175473, 39.3726036], [117.1176202, 39.3731441], [117.1176987, 39.3735241], [117.1177859, 39.3739041], [117.1180761, 39.3747615], [117.1181524, 39.3750084], [117.1201014, 39.3800954], [117.1201201, 39.3801752]]}}, {"type": "Feature", "properties": {"osmWayId": 893923811, "foot": "yes", "highway": "trunk", "name": "京滨线（津塘公路）", "oneway": "yes", "ref": "G103", "sourceMembership": "g103-tag"}, "geometry": {"type": "LineString", "coordinates": [[117.471906, 39.043685], [117.4729212, 39.0435262], [117.4740547, 39.0433353]]}}, {"type": "Feature", "properties": {"osmWayId": 893923812, "foot": "yes", "highway": "trunk", "name": "京滨线（津塘公路）", "oneway": "yes", "ref": "G103", "sourceMembership": "g103-tag"}, "geometry": {"type": "LineString", "coordinates": [[117.4715827, 39.0438885], [117.4712229, 39.0439476], [117.4711223, 39.0439641], [117.4692973, 39.0442606], [117.4651711, 39.0449062], [117.4606013, 39.0455911], [117.4592163, 39.0457885], [117.4580901, 39.0459568], [117.4570891, 39.0461124], [117.4555567, 39.0463692], [117.4538862, 39.0466354]]}}, {"type": "Feature", "properties": {"osmWayId": 912813749, "foot": "yes", "highway": "trunk", "name": "京滨线（津塘公路）", "oneway": "yes", "ref": "G103", "sourceMembership": "g103-tag"}, "geometry": {"type": "LineString", "coordinates": [[117.362903, 39.074564], [117.3668669, 39.0732844], [117.3675379, 39.0730613], [117.3684658, 39.0727529]]}}, {"type": "Feature", "properties": {"osmWayId": 912813750, "bridge": "yes", "foot": "yes", "highway": "trunk", "layer": "1", "name": "京滨线（津塘公路）", "oneway": "yes", "ref": "G103", "sourceMembership": "g103-tag"}, "geometry": {"type": "LineString", "coordinates": [[117.3625612, 39.0746709], [117.362903, 39.074564]]}}, {"type": "Feature", "properties": {"osmWayId": 912813751, "foot": "yes", "highway": "trunk", "name": "京滨线（津塘公路）", "oneway": "yes", "ref": "G103", "sourceMembership": "g103-tag"}, "geometry": {"type": "LineString", "coordinates": [[117.3685463, 39.0728736], [117.3675578, 39.0731944], [117.3629487, 39.07469]]}}, {"type": "Feature", "properties": {"osmWayId": 912813753, "bridge": "yes", "foot": "yes", "highway": "trunk", "layer": "1", "name": "京滨线（津塘公路）", "oneway": "yes", "ref": "G103", "sourceMembership": "g103-tag"}, "geometry": {"type": "LineString", "coordinates": [[117.3629487, 39.07469], [117.3626032, 39.074808]]}}, {"type": "Feature", "properties": {"osmWayId": 943438853, "highway": "motorway", "lanes": "3", "loc_name": "京通快速", "loc_name:en": "Jingtong Expressway", "loc_name:fr": "Autoroute Jīngtōng", "loc_name:zh": "京通快速", "loc_name:zh-Latn-pinyin": "jīngtōng gāosùlù", "name": "京通快速道路", "oneway": "yes", "ref": "G103", "short_name": "京塘线", "sourceMembership": "g103-tag"}, "geometry": {"type": "LineString", "coordinates": [[116.5243169, 39.908136], [116.5306414, 39.908079], [116.5324545, 39.9080363]]}}, {"type": "Feature", "properties": {"osmWayId": 949339700, "foot": "yes", "highway": "trunk", "lanes": "3", "name": "京滨线（津塘公路）", "oneway": "yes", "ref": "G103", "sourceMembership": "g103-tag"}, "geometry": {"type": "LineString", "coordinates": [[117.3730491, 39.0712533], [117.3737276, 39.0710278], [117.3752733, 39.0705164], [117.3790254, 39.0692804], [117.379101, 39.0692576]]}}, {"type": "Feature", "properties": {"osmWayId": 949339701, "foot": "yes", "highway": "trunk", "lanes": "3", "name": "京滨线（津塘公路）", "oneway": "yes", "ref": "G103", "sourceMembership": "g103-tag"}, "geometry": {"type": "LineString", "coordinates": [[117.379166, 39.0693825], [117.3790401, 39.0694267], [117.3738958, 39.0710934], [117.3731004, 39.0713638]]}}, {"type": "Feature", "properties": {"osmWayId": 949339702, "bridge": "yes", "foot": "yes", "highway": "trunk", "lanes": "3", "layer": "1", "name": "京滨线（津塘公路）", "oneway": "yes", "ref": "G103", "sourceMembership": "g103-tag"}, "geometry": {"type": "LineString", "coordinates": [[117.3796123, 39.0692378], [117.379166, 39.0693825]]}}, {"type": "Feature", "properties": {"osmWayId": 949339703, "bridge": "yes", "foot": "yes", "highway": "trunk", "lanes": "3", "layer": "1", "name": "京滨线（津塘公路）", "oneway": "yes", "ref": "G103", "sourceMembership": "g103-tag"}, "geometry": {"type": "LineString", "coordinates": [[117.379101, 39.0692576], [117.3795357, 39.0691165]]}}, {"type": "Feature", "properties": {"osmWayId": 953621392, "foot": "yes", "highway": "trunk", "lanes": "2", "name": "京滨线", "oneway": "yes", "ref": "G103", "surface": "asphalt", "sourceMembership": "g103-tag"}, "geometry": {"type": "LineString", "coordinates": [[116.9525804, 39.6278545], [116.9523804, 39.6281079], [116.9523558, 39.6281341], [116.9522667, 39.6282293], [116.9517351, 39.6287965], [116.950888, 39.629585], [116.950062, 39.630346], [116.9481031, 39.6330519], [116.9461827, 39.6358394], [116.9453183, 39.6370941], [116.9451803, 39.6373331], [116.9449054, 39.6378111], [116.9415666, 39.6436161], [116.9404365, 39.6455082], [116.9400798, 39.646014], [116.939855, 39.6462721], [116.9397772, 39.6463615], [116.9397316, 39.6464138], [116.9396762, 39.6464714], [116.9393256, 39.6468356], [116.9378637, 39.6480761], [116.9360894, 39.6495336], [116.9356561, 39.6498916], [116.9341227, 39.6511585], [116.932848, 39.6522099], [116.9305961, 39.6541344], [116.9300654, 39.6546001], [116.9262226, 39.658007], [116.9259195, 39.6582757], [116.9251547, 39.6589549], [116.924403, 39.6596061], [116.9232416, 39.6606123], [116.92262, 39.6611835], [116.9220185, 39.6617362], [116.9219577, 39.6617856], [116.9218887, 39.661842], [116.920957, 39.6626733], [116.9201298, 39.6633992], [116.9197633, 39.6637208], [116.9194423, 39.6639993]]}}, {"type": "Feature", "properties": {"osmWayId": 953621393, "foot": "yes", "highway": "trunk", "lanes": "2", "name": "京滨线", "oneway": "yes", "ref": "G103", "sourceMembership": "g103-tag"}, "geometry": {"type": "LineString", "coordinates": [[116.8938335, 39.6967528], [116.8938783, 39.6966848], [116.8939809, 39.6965287], [116.8946533, 39.6954755], [116.8953512, 39.6943823], [116.8960563, 39.6932459], [116.8966711, 39.6922848], [116.8975744, 39.6908775], [116.8983015, 39.6897612], [116.8988223, 39.6889058], [116.8992872, 39.6881903], [116.8994856, 39.6878826], [116.8997312, 39.6875017], [116.9003184, 39.6865306], [116.9006715, 39.6860195], [116.9011018, 39.6853401], [116.9011751, 39.6852268], [116.90124, 39.6851317], [116.9017907, 39.6843246], [116.9026465, 39.6830146], [116.9033141, 39.6820919], [116.9040412, 39.6810508], [116.9044817, 39.6804213], [116.9047527, 39.6800918], [116.9054464, 39.6792483], [116.9060197, 39.6784627], [116.9061552, 39.6782868], [116.907002, 39.6771875], [116.9075158, 39.6764503], [116.9085156, 39.6751293], [116.9091133, 39.6743518], [116.9098124, 39.6734182], [116.910012, 39.6731341], [116.9103228, 39.6726917], [116.9108821, 39.6719787], [116.9115043, 39.6712792], [116.9115603, 39.6712256], [116.9116863, 39.6711049], [116.9117361, 39.6710572], [116.9119852, 39.6708187], [116.9131915, 39.6696695], [116.914457, 39.6684518], [116.9157028, 39.6672722], [116.9168571, 39.666197], [116.9172919, 39.6657782], [116.917428, 39.6656471], [116.918088, 39.6650344], [116.9193114, 39.6638992]]}}, {"type": "Feature", "properties": {"osmWayId": 956277560, "access": "no", "highway": "trunk", "lanes": "2", "name": "京滨线", "note": "目前进京方向必须驶入觅子店检查站，故此段主线封闭禁止通行", "oneway": "yes", "ref": "G103", "surface": "asphalt", "sourceMembership": "g103-tag"}, "geometry": {"type": "LineString", "coordinates": [[116.8749875, 39.7197984], [116.8749387, 39.7198592], [116.8736372, 39.72148], [116.8735453, 39.7215945]]}}, {"type": "Feature", "properties": {"osmWayId": 992584303, "bridge": "yes", "fixme": "似乎不是匝道", "fixme:laoshubaby": "Ergent-10★", "highway": "motorway_link", "lanes": "2", "layer": "1", "loc_name": "京通快速", "loc_name:zh": "京通快速", "loc_name:zh-Latn-pinyin": "Jīngtōng Kuàisù", "name": "京通快速路", "name:en": "Jingtong Expressway", "name:fr": "Autoroute Jīngtōng", "name:zh": "京通快速路", "name:zh-Latn-pinyin": "Jīngtōng Kuàisù Lù", "oneway": "yes", "ref": "G103", "short_name": "京通快速", "sourceMembership": "g103-tag"}, "geometry": {"type": "LineString", "coordinates": [[116.6316303, 39.9030772], [116.6312657, 39.9036486], [116.6309852, 39.9039767], [116.6305147, 39.9043723], [116.6300071, 39.9046986], [116.629531, 39.9049348], [116.6290106, 39.9051371], [116.6284877, 39.9052647], [116.627975, 39.9053736], [116.6273928, 39.9054463], [116.6268178, 39.9054919], [116.6262216, 39.9055061], [116.6249105, 39.9055182], [116.6234451, 39.9054811]]}}, {"type": "Feature", "properties": {"osmWayId": 992584304, "bridge": "yes", "fixme": "似乎不是匝道", "fixme:laoshubaby": "Ergent-10★", "highway": "motorway_link", "lanes": "2", "layer": "1", "loc_name": "京通快速", "loc_name:zh": "京通快速", "loc_name:zh-Latn-pinyin": "Jīngtōng Kuàisù", "name": "京通快速路", "name:en": "Jingtong Expressway", "name:fr": "Autoroute Jīngtōng", "name:zh": "京通快速路", "name:zh-Latn-pinyin": "Jīngtōng Kuàisù Lù", "oneway": "yes", "ref": "G103", "short_name": "京通快速", "sourceMembership": "g103-tag"}, "geometry": {"type": "LineString", "coordinates": [[116.6234381, 39.9053304], [116.6248843, 39.9052531], [116.6262592, 39.9052164], [116.6274056, 39.9051154], [116.6282065, 39.9050425], [116.6288577, 39.9049532], [116.6293971, 39.9048091], [116.6299252, 39.9045885], [116.6304337, 39.9042893], [116.630897, 39.9039073], [116.6311763, 39.9035932], [116.6315355, 39.9030233]]}}, {"type": "Feature", "properties": {"osmWayId": 992584305, "highway": "motorway_link", "lanes": "2", "loc_name": "京通快速", "loc_name:zh": "京通快速", "loc_name:zh-Latn-pinyin": "Jīngtōng Kuàisù", "name": "京通快速路", "name:en": "Jingtong Expressway", "name:fr": "Autoroute Jīngtōng", "name:zh": "京通快速路", "name:zh-Latn-pinyin": "Jīngtōng Kuàisù Lù", "oneway": "yes", "ref": "G103", "short_name": "京通快速", "sourceMembership": "g103-tag"}, "geometry": {"type": "LineString", "coordinates": [[116.6315355, 39.9030233], [116.6322445, 39.9019121]]}}, {"type": "Feature", "properties": {"osmWayId": 1000394195, "highway": "trunk", "name": "京滨线", "name:en": "Jingbin Highway", "oneway": "yes", "ref": "G103", "sourceMembership": "g103-tag"}, "geometry": {"type": "LineString", "coordinates": [[117.0500615, 39.4466864], [117.0491951, 39.4467596], [117.0490447, 39.4467759]]}}, {"type": "Feature", "properties": {"osmWayId": 1000394196, "highway": "trunk", "name": "京滨线", "name:en": "Jingbin Highway", "oneway": "yes", "ref": "G103", "sourceMembership": "g103-tag"}, "geometry": {"type": "LineString", "coordinates": [[117.0489923, 39.4466128], [117.0500196, 39.4465524]]}}, {"type": "Feature", "properties": {"osmWayId": 1000394198, "foot": "yes", "highway": "trunk", "name": "京滨线", "name:en": "Jingbin Highway", "oneway": "yes", "ref": "G103", "sourceMembership": "g103-tag"}, "geometry": {"type": "LineString", "coordinates": [[117.0488639, 39.4466279], [117.0489923, 39.4466128]]}}, {"type": "Feature", "properties": {"osmWayId": 1000394200, "highway": "trunk", "lanes": "2", "name": "京滨线", "name:en": "Jingbin Highway", "oneway": "yes", "ref": "G103", "sourceMembership": "g103-tag"}, "geometry": {"type": "LineString", "coordinates": [[117.0605517, 39.4462529], [117.0599854, 39.4463041], [117.0590718, 39.4463757], [117.0579449, 39.4464328], [117.0557081, 39.4464812], [117.0524299, 39.4465997], [117.0520753, 39.4466175]]}}, {"type": "Feature", "properties": {"osmWayId": 1000394204, "highway": "trunk", "lanes": "2", "name": "京滨线", "name:en": "Jingbin Highway", "oneway": "yes", "ref": "G103", "sourceMembership": "g103-tag"}, "geometry": {"type": "LineString", "coordinates": [[117.0520442, 39.4464774], [117.0523895, 39.4464638], [117.0557378, 39.446341], [117.0574784, 39.4462919], [117.0585003, 39.4462575], [117.0593916, 39.4462037], [117.060468, 39.4461207]]}}, {"type": "Feature", "properties": {"osmWayId": 1000670692, "foot": "yes", "highway": "trunk", "lanes": "2", "motorroad": "yes", "name": "京滨线", "name:en": "Jingbin Highway", "oneway": "yes", "ref": "G103", "sourceMembership": "g103-tag"}, "geometry": {"type": "LineString", "coordinates": [[117.1029339, 39.4104455], [117.1029868, 39.4103688], [117.1030835, 39.4102379], [117.1035261, 39.4096391], [117.1036178, 39.4095513], [117.1037101, 39.4094581], [117.1059684, 39.4063824], [117.1073909, 39.4044206], [117.1084258, 39.403005], [117.1091963, 39.4019502], [117.1106611, 39.3999436]]}}, {"type": "Feature", "properties": {"osmWayId": 1000670694, "foot": "yes", "highway": "trunk", "lanes": "2", "motorroad": "yes", "name": "京滨线", "name:en": "Jingbin Highway", "oneway": "yes", "ref": "G103", "sourceMembership": "g103-tag"}, "geometry": {"type": "LineString", "coordinates": [[117.1030854, 39.410378], [117.1030229, 39.4104565], [117.1028434, 39.4107036], [117.1023433, 39.4114092], [117.1023358, 39.4114893], [117.1023422, 39.411575], [117.1023353, 39.4116494], [117.1003225, 39.4144004], [117.0981094, 39.4174232], [117.097289, 39.4185294], [117.0960459, 39.4202695], [117.0952835, 39.4212793], [117.0942282, 39.4227373], [117.0934032, 39.4238685], [117.092326, 39.4253293], [117.09132, 39.4266092], [117.0910258, 39.4269897], [117.0901252, 39.4280927], [117.0896491, 39.4286447], [117.0875876, 39.4308543]]}}, {"type": "Feature", "properties": {"osmWayId": 1000670696, "foot": "yes", "highway": "trunk", "lanes": "2", "motorroad": "yes", "name": "京滨线", "name:en": "Jingbin Highway", "oneway": "yes", "ref": "G103", "sourceMembership": "g103-tag"}, "geometry": {"type": "LineString", "coordinates": [[117.1027688, 39.4106695], [117.1029339, 39.4104455]]}}, {"type": "Feature", "properties": {"osmWayId": 1000670713, "foot": "yes", "highway": "trunk", "lanes": "2", "motorroad": "yes", "name": "京滨线", "name:en": "Jingbin Highway", "oneway": "yes", "ref": "G103", "sourceMembership": "g103-tag"}, "geometry": {"type": "LineString", "coordinates": [[117.1139933, 39.3630356], [117.1140637, 39.3632464]]}}, {"type": "Feature", "properties": {"osmWayId": 1000670716, "foot": "yes", "highway": "trunk", "lanes": "2", "name": "京滨线", "name:en": "Jingbin Highway", "oneway": "yes", "ref": "G103", "sourceMembership": "g103-tag"}, "geometry": {"type": "LineString", "coordinates": [[117.1138032, 39.3631563], [117.1137571, 39.3629948]]}}, {"type": "Feature", "properties": {"osmWayId": 1000670718, "foot": "yes", "highway": "trunk", "lanes": "2", "name": "京滨线", "name:en": "Jingbin Highway", "oneway": "yes", "ref": "G103", "sourceMembership": "g103-tag"}, "geometry": {"type": "LineString", "coordinates": [[117.1084046, 39.3529754], [117.1078314, 39.352251], [117.1074929, 39.3518459], [117.1069772, 39.3511437], [117.1064927, 39.3503762], [117.106194, 39.3498921], [117.1056471, 39.3488719], [117.1048193, 39.3473304], [117.104271, 39.3462626], [117.1037283, 39.3452264], [117.1031323, 39.3441609], [117.1030571, 39.3440155], [117.102906, 39.3437346]]}}, {"type": "Feature", "properties": {"osmWayId": 1000674177, "foot": "yes", "highway": "trunk", "lanes": "2", "motorroad": "yes", "name": "京滨线", "name:en": "Jingbin Highway", "oneway": "yes", "ref": "G103", "sourceMembership": "g103-tag"}, "geometry": {"type": "LineString", "coordinates": [[117.1088734, 39.3533198], [117.1095353, 39.3542191], [117.110105, 39.3550276], [117.1106502, 39.3558678], [117.1109616, 39.3563981], [117.1111531, 39.3567313], [117.1115248, 39.3573622], [117.1119509, 39.3581569], [117.1123679, 39.358992], [117.1128165, 39.359966], [117.1130792, 39.3605839], [117.1136368, 39.3620365], [117.1137896, 39.3624646], [117.1139933, 39.3630356]]}}, {"type": "Feature", "properties": {"osmWayId": 1000674178, "bridge": "yes", "highway": "trunk", "lanes": "2", "layer": "1", "motorroad": "yes", "name": "京滨线", "name:en": "Jingbin Highway", "oneway": "yes", "ref": "G103", "sourceMembership": "g103-tag"}, "geometry": {"type": "LineString", "coordinates": [[117.108534, 39.3528869], [117.1088734, 39.3533198]]}}, {"type": "Feature", "properties": {"osmWayId": 1000674179, "foot": "yes", "highway": "trunk", "lanes": "2", "name": "京滨线", "name:en": "Jingbin Highway", "oneway": "yes", "ref": "G103", "sourceMembership": "g103-tag"}, "geometry": {"type": "LineString", "coordinates": [[117.1137571, 39.3629948], [117.1135872, 39.3625319], [117.1134424, 39.3620351], [117.1132734, 39.3615722], [117.1128816, 39.3605816], [117.1126445, 39.3600208], [117.1121933, 39.3590435], [117.1117896, 39.3582054], [117.1113156, 39.3573424], [117.1107922, 39.3564651], [117.1104328, 39.3558943], [117.1099055, 39.3550636], [117.1093792, 39.3542738], [117.1087188, 39.3533777]]}}, {"type": "Feature", "properties": {"osmWayId": 1000674180, "bridge": "yes", "highway": "trunk", "lanes": "2", "layer": "1", "name": "京滨线", "name:en": "Jingbin Highway", "oneway": "yes", "ref": "G103", "sourceMembership": "g103-tag"}, "geometry": {"type": "LineString", "coordinates": [[117.1087188, 39.3533777], [117.1084046, 39.3529754]]}}, {"type": "Feature", "properties": {"osmWayId": 1000674183, "foot": "yes", "highway": "trunk", "lanes": "2", "name": "京滨线", "name:en": "Jingbin Highway", "oneway": "yes", "ref": "G103", "sourceMembership": "g103-tag"}, "geometry": {"type": "LineString", "coordinates": [[117.102906, 39.3437346], [117.10287, 39.3436513]]}}, {"type": "Feature", "properties": {"osmWayId": 1000674185, "foot": "yes", "highway": "trunk", "lanes": "2", "name": "京滨线", "name:en": "Jingbin Highway", "oneway": "yes", "ref": "G103", "sourceMembership": "g103-tag"}, "geometry": {"type": "LineString", "coordinates": [[117.10287, 39.3436513], [117.1027208, 39.3433349], [117.1025301, 39.3429306], [117.1020889, 39.3420548], [117.1020707, 39.3420124], [117.1019678, 39.3417733]]}}, {"type": "Feature", "properties": {"osmWayId": 1000674198, "foot": "yes", "highway": "trunk", "lanes": "4", "name": "京滨线", "oneway": "yes", "ref": "G103", "sourceMembership": "g103-tag"}, "geometry": {"type": "LineString", "coordinates": [[117.0890749, 39.3102282], [117.0890621, 39.3103481], [117.0890304, 39.3104567], [117.0889987, 39.3105564], [117.0889436, 39.3107095], [117.0888921, 39.3108305], [117.0887967, 39.3110413], [117.0886442, 39.3113653], [117.0885503, 39.3115417], [117.0882011, 39.3122204], [117.0880662, 39.3124562], [117.0879302, 39.3126652], [117.0877682, 39.3129342], [117.0876488, 39.3131164], [117.0872241, 39.3137026], [117.0869226, 39.3141095], [117.0868316, 39.3142928], [117.0867385, 39.3144473], [117.0865233, 39.3147397], [117.0863455, 39.314967], [117.0859265, 39.3154975], [117.0856605, 39.3157764], [117.0854849, 39.3159567], [117.0852947, 39.3161203], [117.0850516, 39.3164115], [117.0848872, 39.3166129], [117.0846062, 39.317001], [117.084496, 39.3171483], [117.0843929, 39.3173128], [117.0843022, 39.3174656], [117.0842349, 39.3176077], [117.0841815, 39.3177289], [117.0841282, 39.317869], [117.0840869, 39.3179813], [117.0840363, 39.3181415]]}}, {"type": "Feature", "properties": {"osmWayId": 1000674199, "foot": "yes", "highway": "trunk", "lanes": "4", "name": "京滨线", "oneway": "yes", "ref": "G103", "sourceMembership": "g103-tag"}, "geometry": {"type": "LineString", "coordinates": [[117.0837871, 39.3180913], [117.0838233, 39.3179321], [117.0838701, 39.317781], [117.0839269, 39.3176145], [117.084037, 39.3173066], [117.0841323, 39.317081], [117.0842073, 39.3169191], [117.0842704, 39.3167877], [117.0843295, 39.3166783], [117.0843676, 39.3166134], [117.0844572, 39.3164424], [117.0845234, 39.3163238], [117.0846263, 39.3161435], [117.0847886, 39.3158926], [117.084996, 39.3155654], [117.0850926, 39.3154287], [117.0851653, 39.3153294], [117.085256, 39.3152172], [117.08594, 39.314244], [117.0861623, 39.3139407], [117.0870439, 39.3127222], [117.0877976, 39.3116702], [117.0880844, 39.3112414]]}}, {"type": "Feature", "properties": {"osmWayId": 1000800033, "highway": "trunk", "lanes": "3", "maxspeed": "60", "name": "北苑南路", "name:en": "Beiyuan South Road", "name:zh-Latn-pinyin": "Běiyuàn Nán Lù", "oneway": "yes", "ref": "G103", "sourceMembership": "g103-tag"}, "geometry": {"type": "LineString", "coordinates": [[116.6452978, 39.8911663], [116.6474622, 39.8905675], [116.6480962, 39.8903842], [116.6499783, 39.8898385]]}}, {"type": "Feature", "properties": {"osmWayId": 1000800046, "highway": "trunk", "lanes": "3", "lit": "yes", "maxspeed": "60", "name": "九棵树东路", "name:en": "Jiukeshu East Street", "name:zh-Latn-pinyin": "Jiǔkēshù Dōng Lù", "oneway": "yes", "ref": "G103", "smoothness": "excellent", "surface": "asphalt", "sourceMembership": "g103-tag"}, "geometry": {"type": "LineString", "coordinates": [[116.6802964, 39.8710884], [116.6778753, 39.871723], [116.6772447, 39.8719267], [116.6762909, 39.8723093], [116.6752574, 39.8728811], [116.6751487, 39.8729529]]}}, {"type": "Feature", "properties": {"osmWayId": 1000800047, "highway": "trunk", "lanes": "3", "lit": "yes", "maxspeed": "60", "name": "九棵树东路", "name:en": "Jiukeshu East Street", "name:zh-Latn-pinyin": "Jiǔkēshù Dōng Lù", "oneway": "yes", "ref": "G103", "smoothness": "excellent", "surface": "asphalt", "sourceMembership": "g103-tag"}, "geometry": {"type": "LineString", "coordinates": [[116.6750403, 39.8728564], [116.6751544, 39.8727804], [116.676219, 39.8722313], [116.6771581, 39.8718334], [116.6778417, 39.87162], [116.681443, 39.8706545], [116.6827688, 39.8703155]]}}, {"type": "Feature", "properties": {"osmWayId": 1000800050, "highway": "trunk", "lanes": "3", "maxspeed": "60", "name": "北苑南路", "name:en": "Beiyuan South Road", "name:zh-Latn-pinyin": "Běiyuàn Nán Lù", "oneway": "yes", "ref": "G103", "sourceMembership": "g103-tag"}, "geometry": {"type": "LineString", "coordinates": [[116.6536123, 39.8887523], [116.6549815, 39.8883541], [116.6554994, 39.8882045], [116.6557252, 39.8881393], [116.655922, 39.8880716]]}}, {"type": "Feature", "properties": {"osmWayId": 1000800051, "highway": "trunk", "lanes": "3", "maxspeed": "60", "name": "北苑南路", "name:en": "Beiyuan South Road", "name:zh-Latn-pinyin": "Běiyuàn Nán Lù", "oneway": "yes", "ref": "G103", "sourceMembership": "g103-tag"}, "geometry": {"type": "LineString", "coordinates": [[116.6559809, 39.8881688], [116.6555601, 39.8882987], [116.6550298, 39.8884623], [116.6549694, 39.8884796], [116.6546912, 39.8885594], [116.6543101, 39.8886715], [116.6518648, 39.8893908]]}}, {"type": "Feature", "properties": {"osmWayId": 1000800056, "highway": "trunk", "lanes": "3", "maxspeed": "60", "name": "北苑南路", "name:en": "Beiyuan South Road", "name:zh-Latn-pinyin": "Běiyuàn Nán Lù", "oneway": "yes", "ref": "G103", "sourceMembership": "g103-tag"}, "geometry": {"type": "LineString", "coordinates": [[116.6500626, 39.8899359], [116.6475056, 39.890679], [116.6459103, 39.8911445], [116.6452065, 39.8913395]]}}, {"type": "Feature", "properties": {"osmWayId": 1000800057, "highway": "trunk", "lanes": "3", "name": "北苑南路", "name:en": "Beiyuan South Road", "name:zh-Latn-pinyin": "Běiyuàn Nán Lù", "oneway": "yes", "ref": "G103", "sourceMembership": "g103-tag"}, "geometry": {"type": "LineString", "coordinates": [[116.638326, 39.893332], [116.638345, 39.8933157], [116.6385216, 39.893218], [116.6388856, 39.8930429], [116.6392256, 39.8929062], [116.6393535, 39.8928548], [116.6397796, 39.8927221], [116.639868, 39.8926986], [116.642224, 39.8920339], [116.6447599, 39.8913322], [116.6452978, 39.8911663]]}}, {"type": "Feature", "properties": {"osmWayId": 1000800063, "highway": "trunk", "lanes": "3", "maxspeed": "60", "name": "北苑南路", "name:en": "Beiyuan South Road", "name:zh-Latn-pinyin": "Běiyuàn Nán Lù", "oneway": "yes", "ref": "G103", "smoothness": "excellent", "surface": "asphalt", "sourceMembership": "g103-tag"}, "geometry": {"type": "LineString", "coordinates": [[116.6347734, 39.8982208], [116.6338119, 39.8997507], [116.6337679, 39.8998199], [116.6334591, 39.9003055], [116.6330841, 39.9009085], [116.6330575, 39.9009508], [116.6329488, 39.9011262]]}}, {"type": "Feature", "properties": {"osmWayId": 1000800064, "highway": "trunk", "lanes": "3", "maxspeed": "60", "name": "北苑南路", "name:en": "Beiyuan South Road", "name:zh-Latn-pinyin": "Běiyuàn Nán Lù", "oneway": "yes", "ref": "G103", "smoothness": "excellent", "surface": "asphalt", "sourceMembership": "g103-tag"}, "geometry": {"type": "LineString", "coordinates": [[116.6327441, 39.9011319], [116.6328968, 39.9008898], [116.6329342, 39.9008321], [116.6335981, 39.8998062], [116.6336691, 39.8996965], [116.6339841, 39.899218], [116.6346535, 39.8981758], [116.6347214, 39.8980841], [116.6347604, 39.8980275]]}}, {"type": "Feature", "properties": {"osmWayId": 1000800065, "highway": "trunk", "lanes": "2", "name": "北苑南路", "name:en": "Beiyuan South Road", "name:zh-Latn-pinyin": "Běiyuàn Nán Lù", "oneway": "yes", "ref": "G103", "source": "Bing", "sourceMembership": "g103-tag"}, "geometry": {"type": "LineString", "coordinates": [[116.6322445, 39.9019121], [116.6322814, 39.9018601], [116.6326333, 39.9013061], [116.6326562, 39.9012728], [116.6327441, 39.9011319]]}}, {"type": "Feature", "properties": {"osmWayId": 1055034659, "bridge": "yes", "highway": "trunk", "layer": "1", "name": "大望桥", "oneway": "yes", "ref": "G103", "sourceMembership": "g103-tag"}, "geometry": {"type": "LineString", "coordinates": [[116.4717785, 39.9070173], [116.4692556, 39.9070363]]}}, {"type": "Feature", "properties": {"osmWayId": 1055034660, "bridge": "yes", "highway": "trunk", "layer": "1", "name": "大望桥", "oneway": "yes", "ref": "G103", "sourceMembership": "g103-tag"}, "geometry": {"type": "LineString", "coordinates": [[116.4692567, 39.9068938], [116.4717519, 39.9068795]]}}, {"type": "Feature", "properties": {"osmWayId": 1060989181, "highway": "trunk", "name": "建国门外大街", "name:en": "Jianguomen Outer Avenue", "oneway": "yes", "ref": "G103", "sourceMembership": "g103-tag"}, "geometry": {"type": "LineString", "coordinates": [[116.4522912, 39.906961], [116.4525182, 39.906958]]}}, {"type": "Feature", "properties": {"osmWayId": 1066854244, "highway": "motorway", "loc_name": "京通快速", "loc_name:en": "Jingtong Expressway", "loc_name:fr": "Autoroute Jīngtōng", "loc_name:zh": "京通快速", "loc_name:zh-Latn-pinyin": "jīngtōng gāosùlù", "name": "京通快速", "name:zh": "京通快速", "oneway": "yes", "ref": "G103", "short_name": "京塘线", "sourceMembership": "g103-tag"}, "geometry": {"type": "LineString", "coordinates": [[116.4771226, 39.9068327], [116.4788134, 39.9068187]]}}, {"type": "Feature", "properties": {"osmWayId": 1102638510, "highway": "trunk", "lanes": "3", "lit": "yes", "maxspeed": "60", "name": "九棵树东路", "name:en": "Jiukeshu East Street", "name:zh-Latn-pinyin": "Jiǔkēshù Dōng Lù", "oneway": "yes", "ref": "G103", "smoothness": "excellent", "surface": "asphalt", "sourceMembership": "g103-tag"}, "geometry": {"type": "LineString", "coordinates": [[116.6614751, 39.8840079], [116.6613215, 39.8841266], [116.660308, 39.884951], [116.6600193, 39.8851858], [116.659189, 39.8858612], [116.6581698, 39.8866902], [116.65798, 39.8868466], [116.6576781, 39.8870954], [116.657174, 39.8874964], [116.6568057, 39.8877401], [116.6565584, 39.8878865], [116.6563461, 39.8880014], [116.6562969, 39.888028], [116.6559809, 39.8881688]]}}, {"type": "Feature", "properties": {"osmWayId": 1102638512, "foot": "no", "highway": "trunk", "lanes": "3", "name": "京塘路", "oneway": "yes", "ref": "G103", "source": "Bing", "sourceMembership": "g103-tag"}, "geometry": {"type": "LineString", "coordinates": [[116.7149813, 39.861934], [116.7148917, 39.8619582], [116.7148403, 39.8619735], [116.7141309, 39.8621639], [116.7075187, 39.8638811], [116.706546, 39.8641157], [116.706204, 39.8641906], [116.7060711, 39.8642274], [116.7055233, 39.8643694], [116.7047455, 39.8645783], [116.7030752, 39.8650375], [116.7020547, 39.865318], [116.70202, 39.8653275], [116.7014196, 39.8654842], [116.7008116, 39.8656428], [116.7006373, 39.8656883], [116.7004166, 39.8657458], [116.6971793, 39.8665963], [116.6970335, 39.8666346], [116.6967174, 39.8667176], [116.693269, 39.8676152], [116.6930207, 39.8676858], [116.6929158, 39.8677156], [116.692171, 39.8679273], [116.6920355, 39.8679658], [116.6915035, 39.8681136], [116.6894347, 39.8686883], [116.6893834, 39.8687026], [116.6892574, 39.8687381]]}}, {"type": "Feature", "properties": {"osmWayId": 1102884324, "highway": "motorway", "lanes": "3", "loc_name": "京通快速", "loc_name:zh": "京通快速", "loc_name:zh-Latn-pinyin": "Jīngtōng Kuàisù", "name": "京通快速路", "name:en": "Jingtong Expressway", "name:fr": "Autoroute Jīngtōng", "name:zh": "京通快速路", "name:zh-Latn-pinyin": "Jīngtōng Kuàisù Lù", "oneway": "yes", "ref": "G103", "short_name": "京通快速", "sourceMembership": "g103-tag"}, "geometry": {"type": "LineString", "coordinates": [[116.6159215, 39.9052437], [116.6178234, 39.9052877]]}}, {"type": "Feature", "properties": {"osmWayId": 1102884327, "highway": "motorway", "lanes": "3", "loc_name": "京通快速", "loc_name:en": "Jingtong Expressway", "loc_name:fr": "Autoroute Jīngtōng", "loc_name:zh": "京通快速", "loc_name:zh-Latn-pinyin": "jīngtōng gāosùlù", "name": "京通快速", "name:en": "Jingtong Expressway", "name:zh": "京通快速", "oneway": "yes", "ref": "G103", "short_name": "京塘线", "sourceMembership": "g103-tag"}, "geometry": {"type": "LineString", "coordinates": [[116.4948744, 39.9067017], [116.506571, 39.9066007]]}}, {"type": "Feature", "properties": {"osmWayId": 1151268694, "highway": "trunk", "int_name": "Jian' Guo Lu", "name": "建国路", "name:en": "Jianguo Road", "oneway": "yes", "ref": "G103", "sourceMembership": "g103-tag"}, "geometry": {"type": "LineString", "coordinates": [[116.4598394, 39.9070734], [116.4588882, 39.9070945]]}}, {"type": "Feature", "properties": {"osmWayId": 1151564238, "highway": "trunk", "lanes": "3", "name": "北苑南路", "name:en": "Beiyuan South Road", "name:zh-Latn-pinyin": "Běiyuàn Nán Lù", "oneway": "yes", "ref": "G103", "sourceMembership": "g103-tag"}, "geometry": {"type": "LineString", "coordinates": [[116.6381918, 39.8935936], [116.6380535, 39.8937086]]}}, {"type": "Feature", "properties": {"osmWayId": 1197572653, "highway": "trunk", "lanes": "3", "lit": "yes", "maxspeed": "60", "name": "九棵树东路", "name:en": "Jiukeshu East Street", "name:zh-Latn-pinyin": "Jiǔkēshù Dōng Lù", "oneway": "yes", "ref": "G103", "smoothness": "excellent", "surface": "asphalt", "sourceMembership": "g103-tag"}, "geometry": {"type": "LineString", "coordinates": [[116.655922, 39.8880716], [116.6562247, 39.8879357], [116.6564723, 39.8878029], [116.656587, 39.8877335], [116.6568313, 39.8875857], [116.657086, 39.8874139], [116.6572357, 39.887293], [116.6575856, 39.8870105], [116.6580774, 39.8866139], [116.659051, 39.8858206], [116.6596757, 39.8853115], [116.6597714, 39.8852296], [116.6602349, 39.8848327]]}}, {"type": "Feature", "properties": {"osmWayId": 1197575593, "fixme": "需要GPS轨迹和survey确认当前情况——已知此道路被翻修扩宽而卫星图严重过期", "highway": "trunk", "lanes": "3", "name": "北苑南路", "name:en": "Beiyuan South Road", "name:zh-Latn-pinyin": "Běiyuàn Nán Lù", "oneway": "yes", "ref": "G103", "sourceMembership": "g103-tag"}, "geometry": {"type": "LineString", "coordinates": [[116.6379377, 39.8936277], [116.6380909, 39.8935135], [116.638326, 39.893332]]}}, {"type": "Feature", "properties": {"osmWayId": 1197575597, "highway": "trunk", "lanes": "3", "lit": "yes", "maxspeed": "60", "name": "九棵树东路", "name:en": "Jiukeshu East Street", "name:zh-Latn-pinyin": "Jiǔkēshù Dōng Lù", "oneway": "yes", "ref": "G103", "smoothness": "excellent", "surface": "asphalt", "sourceMembership": "g103-tag"}, "geometry": {"type": "LineString", "coordinates": [[116.6615588, 39.8839479], [116.6614751, 39.8840079]]}}, {"type": "Feature", "properties": {"osmWayId": 1197575598, "highway": "trunk", "lanes": "3", "lit": "yes", "maxspeed": "60", "name": "九棵树东路", "name:en": "Jiukeshu East Street", "name:zh-Latn-pinyin": "Jiǔkēshù Dōng Lù", "oneway": "yes", "ref": "G103", "smoothness": "excellent", "surface": "asphalt", "sourceMembership": "g103-tag"}, "geometry": {"type": "LineString", "coordinates": [[116.6695724, 39.877421], [116.6693796, 39.8775627], [116.6693029, 39.8776186], [116.6684871, 39.8782836], [116.6674786, 39.8791058], [116.6662995, 39.8800671], [116.664012, 39.8819319]]}}, {"type": "Feature", "properties": {"osmWayId": 1197588969, "foot": "no", "highway": "trunk", "lanes": "3", "name": "京塘路", "oneway": "yes", "ref": "G103", "source": "Bing", "sourceMembership": "g103-tag"}, "geometry": {"type": "LineString", "coordinates": [[116.6892039, 39.8686138], [116.6893344, 39.8685747], [116.6893891, 39.8685583], [116.6919558, 39.867789], [116.6929596, 39.8675227], [116.6930957, 39.8674866], [116.6939862, 39.8672503], [116.6965537, 39.8666091], [116.6969656, 39.8665046], [116.6971097, 39.866468], [116.6977906, 39.8662953], [116.6984462, 39.8661284], [116.7007096, 39.8655523], [116.7014298, 39.8653606], [116.7020065, 39.8652072], [116.7020382, 39.8651988], [116.7027875, 39.8650106], [116.7029794, 39.8649624], [116.7035658, 39.8647914], [116.7046498, 39.8644753], [116.7048039, 39.8644304], [116.7052904, 39.8643132]]}}, {"type": "Feature", "properties": {"osmWayId": 1197588970, "highway": "trunk", "lanes": "3", "lit": "yes", "maxspeed": "60", "name": "九棵树东路", "name:en": "Jiukeshu East Street", "name:zh-Latn-pinyin": "Jiǔkēshù Dōng Lù", "oneway": "yes", "ref": "G103", "smoothness": "excellent", "surface": "asphalt", "sourceMembership": "g103-tag"}, "geometry": {"type": "LineString", "coordinates": [[116.6615077, 39.8838133], [116.66155, 39.8837802], [116.6616876, 39.8836724], [116.6616989, 39.8836636], [116.6617082, 39.8836562], [116.6625009, 39.883007], [116.6629627, 39.8826369], [116.6654279, 39.8806221], [116.6658661, 39.8802651], [116.6671888, 39.8791873], [116.66778, 39.8787056], [116.6692649, 39.8774763], [116.6694314, 39.8773385]]}}, {"type": "Feature", "properties": {"osmWayId": 1202867065, "foot": "yes", "highway": "trunk", "lanes": "2", "name": "京滨线", "oneway": "yes", "ref": "G103", "surface": "asphalt", "sourceMembership": "g103-tag"}, "geometry": {"type": "LineString", "coordinates": [[116.8735453, 39.7215945], [116.8725561, 39.7229217], [116.8724734, 39.7230273], [116.8723304, 39.7232098], [116.8720251, 39.7235996], [116.8719064, 39.7237512], [116.8718814, 39.7237831], [116.8691163, 39.7272782], [116.8670113, 39.7298566], [116.8663349, 39.7305373], [116.8661472, 39.730722], [116.8657327, 39.7311206], [116.8652949, 39.7315178], [116.8647919, 39.7319247], [116.8642756, 39.7323426], [116.8634381, 39.7329386], [116.8625892, 39.7335479], [116.8621815, 39.7338298], [116.861166, 39.734532], [116.8602024, 39.7351986]]}}, {"type": "Feature", "properties": {"osmWayId": 1225216590, "highway": "trunk", "lanes": "5", "name": "外环北路（京滨线）", "name:en": "Out Ring N. (Jingbin Highway)", "oneway": "yes", "ref": "G103", "sourceMembership": "g103-tag"}, "geometry": {"type": "LineString", "coordinates": [[117.197082, 39.2231368], [117.1969212, 39.2232695]]}}, {"type": "Feature", "properties": {"osmWayId": 1225216604, "highway": "trunk", "lanes": "5", "name": "外环北路（京滨线）", "name:en": "Out Ring N. (Jingbin Highway)", "oneway": "yes", "ref": "G103", "sourceMembership": "g103-tag"}, "geometry": {"type": "LineString", "coordinates": [[117.1972544, 39.2229915], [117.197082, 39.2231368]]}}, {"type": "Feature", "properties": {"osmWayId": 1225216605, "highway": "trunk", "lanes": "5", "name": "外环北路（京滨线）", "name:en": "Out Ring N. (Jingbin Highway)", "oneway": "yes", "ref": "G103", "sourceMembership": "g103-tag"}, "geometry": {"type": "LineString", "coordinates": [[117.1969212, 39.2232695], [117.1968403, 39.223343], [117.1938324, 39.2258025], [117.1919433, 39.2273518], [117.1918335, 39.2274419]]}}, {"type": "Feature", "properties": {"osmWayId": 1233951814, "foot": "no", "highway": "trunk", "lanes": "3", "name": "京塘路", "oneway": "yes", "ref": "G103", "source": "Bing", "sourceMembership": "g103-tag"}, "geometry": {"type": "LineString", "coordinates": [[116.7151092, 39.8618957], [116.7149813, 39.861934]]}}, {"type": "Feature", "properties": {"osmWayId": 1255570956, "highway": "trunk", "lanes": "3", "lit": "yes", "maxspeed": "60", "name": "九棵树东路", "name:en": "Jiukeshu East Street", "name:zh-Latn-pinyin": "Jiǔkēshù Dōng Lù", "oneway": "yes", "ref": "G103", "smoothness": "excellent", "surface": "asphalt", "sourceMembership": "g103-tag"}, "geometry": {"type": "LineString", "coordinates": [[116.6857709, 39.8695219], [116.6866588, 39.8692987], [116.6888718, 39.868704], [116.6889658, 39.8686809], [116.6890603, 39.8686577]]}}, {"type": "Feature", "properties": {"osmWayId": 1255585835, "highway": "trunk", "lanes": "3", "lit": "yes", "maxspeed": "60", "name": "九棵树东路", "name:en": "Jiukeshu East Street", "name:zh-Latn-pinyin": "Jiǔkēshù Dōng Lù", "oneway": "yes", "ref": "G103", "smoothness": "excellent", "surface": "asphalt", "sourceMembership": "g103-tag"}, "geometry": {"type": "LineString", "coordinates": [[116.6840456, 39.8699739], [116.6841628, 39.8699434], [116.684765, 39.8697855]]}}, {"type": "Feature", "properties": {"osmWayId": 1255585838, "highway": "trunk", "lanes": "3", "lit": "yes", "maxspeed": "60", "name": "九棵树东路", "name:en": "Jiukeshu East Street", "name:zh-Latn-pinyin": "Jiǔkēshù Dōng Lù", "oneway": "yes", "ref": "G103", "smoothness": "excellent", "surface": "asphalt", "sourceMembership": "g103-tag"}, "geometry": {"type": "LineString", "coordinates": [[116.684765, 39.8697855], [116.6853543, 39.8696289]]}}, {"type": "Feature", "properties": {"osmWayId": 1255594215, "highway": "trunk", "lanes": "3", "lit": "yes", "maxspeed": "60", "name": "九棵树东路", "name:en": "Jiukeshu East Street", "name:zh-Latn-pinyin": "Jiǔkēshù Dōng Lù", "oneway": "yes", "ref": "G103", "smoothness": "excellent", "surface": "asphalt", "sourceMembership": "g103-tag"}, "geometry": {"type": "LineString", "coordinates": [[116.6891076, 39.8687753], [116.6890056, 39.8688011], [116.6889197, 39.8688251]]}}, {"type": "Feature", "properties": {"osmWayId": 1255594217, "highway": "trunk", "lanes": "3", "lit": "yes", "maxspeed": "60", "name": "九棵树东路", "name:en": "Jiukeshu East Street", "name:zh-Latn-pinyin": "Jiǔkēshù Dōng Lù", "oneway": "yes", "ref": "G103", "smoothness": "excellent", "surface": "asphalt", "sourceMembership": "g103-tag"}, "geometry": {"type": "LineString", "coordinates": [[116.6854164, 39.8697472], [116.6842037, 39.870051], [116.6840964, 39.8700779]]}}, {"type": "Feature", "properties": {"osmWayId": 1256419462, "foot": "no", "highway": "trunk", "lanes": "3", "name": "京塘路", "oneway": "yes", "ref": "G103", "source": "Bing", "sourceMembership": "g103-tag"}, "geometry": {"type": "LineString", "coordinates": [[116.7151014, 39.8617628], [116.7152216, 39.8617291], [116.7152923, 39.8617102], [116.7156227, 39.8616192], [116.7215894, 39.8600729], [116.7259991, 39.8589258], [116.7264121, 39.8588186], [116.7265986, 39.858765], [116.7268703, 39.8586986], [116.7270384, 39.8586545], [116.7271062, 39.8586368], [116.729143, 39.8581031], [116.7298259, 39.8579258], [116.7337951, 39.85688], [116.7353249, 39.8564778], [116.736559, 39.856134], [116.7373465, 39.8559361], [116.7378375, 39.8558167]]}}, {"type": "Feature", "properties": {"osmWayId": 1256419463, "foot": "no", "highway": "trunk", "lanes": "3", "name": "京塘路", "oneway": "yes", "ref": "G103", "source": "Bing", "sourceMembership": "g103-tag"}, "geometry": {"type": "LineString", "coordinates": [[116.7379775, 39.8559054], [116.7377967, 39.8559549], [116.7374469, 39.8560403], [116.7366679, 39.8562578], [116.7353548, 39.8565867], [116.7291731, 39.8582068], [116.7287596, 39.8583154], [116.7269101, 39.8587886], [116.7266431, 39.8588632], [116.726446, 39.8589151], [116.7259073, 39.8590582], [116.7234583, 39.8597086], [116.7204827, 39.8604901], [116.7185627, 39.8609944], [116.7163212, 39.8615566], [116.7153422, 39.8618287], [116.7152865, 39.8618428], [116.7152233, 39.8618617], [116.7151092, 39.8618957]]}}, {"type": "Feature", "properties": {"osmWayId": 1256421542, "highway": "trunk", "lanes": "3", "lit": "yes", "maxspeed": "60", "name": "九棵树东路", "name:en": "Jiukeshu East Street", "name:zh-Latn-pinyin": "Jiǔkēshù Dōng Lù", "oneway": "yes", "ref": "G103", "smoothness": "excellent", "surface": "asphalt", "sourceMembership": "g103-tag"}, "geometry": {"type": "LineString", "coordinates": [[116.6839622, 39.8701146], [116.6837834, 39.8701628], [116.6826823, 39.8704323]]}}, {"type": "Feature", "properties": {"osmWayId": 1259296689, "highway": "trunk", "lanes": "3", "lit": "yes", "maxspeed": "60", "name": "九棵树东路", "name:en": "Jiukeshu East Street", "name:zh-Latn-pinyin": "Jiǔkēshù Dōng Lù", "oneway": "yes", "ref": "G103", "smoothness": "excellent", "surface": "asphalt", "sourceMembership": "g103-tag"}, "geometry": {"type": "LineString", "coordinates": [[116.6695497, 39.8772509], [116.6697215, 39.8771123], [116.67016, 39.8767585], [116.6706795, 39.8763394]]}}, {"type": "Feature", "properties": {"osmWayId": 1259296690, "highway": "trunk", "lanes": "3", "lit": "yes", "maxspeed": "60", "name": "九棵树东路", "name:en": "Jiukeshu East Street", "name:zh-Latn-pinyin": "Jiǔkēshù Dōng Lù", "oneway": "yes", "ref": "G103", "smoothness": "excellent", "surface": "asphalt", "sourceMembership": "g103-tag"}, "geometry": {"type": "LineString", "coordinates": [[116.6706795, 39.8763394], [116.6739319, 39.8736957]]}}, {"type": "Feature", "properties": {"osmWayId": 1272266924, "highway": "motorway", "lanes": "3", "loc_name": "京通快速", "loc_name:zh": "京通快速", "loc_name:zh-Latn-pinyin": "Jīngtōng Kuàisù", "name": "京通快速路", "name:en": "Jingtong Expressway", "name:fr": "Autoroute Jīngtōng", "name:zh": "京通快速路", "name:zh-Latn-pinyin": "Jīngtōng Kuàisù Lù", "oneway": "yes", "ref": "G103", "short_name": "京通快速", "toll": "yes", "sourceMembership": "g103-tag"}, "geometry": {"type": "LineString", "coordinates": [[116.5881092, 39.9080341], [116.5943598, 39.9078614]]}}, {"type": "Feature", "properties": {"osmWayId": 1272701756, "highway": "motorway", "lanes": "3", "loc_name": "京通快速", "loc_name:zh": "京通快速", "loc_name:zh-Latn-pinyin": "Jīngtōng Kuàisù", "name": "京通快速路", "name:en": "Jingtong Expressway", "name:fr": "Autoroute Jīngtōng", "name:zh": "京通快速路", "name:zh-Latn-pinyin": "Jīngtōng Kuàisù Lù", "oneway": "yes", "ref": "G103", "short_name": "京通快速", "toll": "yes", "sourceMembership": "g103-tag"}, "geometry": {"type": "LineString", "coordinates": [[116.5943145, 39.9081699], [116.5878536, 39.9083609]]}}, {"type": "Feature", "properties": {"osmWayId": 1276405152, "bridge": "yes", "highway": "motorway", "layer": "1", "name": "京通快速", "name:zh": "京通快速", "oneway": "yes", "ref": "G103", "sourceMembership": "g103-tag"}, "geometry": {"type": "LineString", "coordinates": [[116.4911877, 39.9068804], [116.4888401, 39.9068949]]}}, {"type": "Feature", "properties": {"osmWayId": 1277611056, "foot": "no", "highway": "trunk", "lanes": "3", "name": "京塘路", "oneway": "yes", "ref": "G103", "source": "Bing", "sourceMembership": "g103-tag"}, "geometry": {"type": "LineString", "coordinates": [[116.7378375, 39.8558167], [116.7381038, 39.8557478], [116.7385011, 39.8556295], [116.7390489, 39.8554705], [116.7395791, 39.8552918], [116.7400684, 39.8550717], [116.7408012, 39.8546837], [116.7416037, 39.8541492], [116.7432757, 39.8529836], [116.7434772, 39.8528532]]}}, {"type": "Feature", "properties": {"osmWayId": 1277615158, "foot": "no", "highway": "trunk", "lanes": "3", "name": "京塘路", "oneway": "yes", "ref": "G103", "source": "Bing", "sourceMembership": "g103-tag"}, "geometry": {"type": "LineString", "coordinates": [[116.7435631, 39.8529223], [116.7433646, 39.8530613], [116.7416854, 39.8542266], [116.7408675, 39.8547632], [116.7401038, 39.8551694], [116.7396208, 39.8553863], [116.739131, 39.8555552], [116.7388948, 39.8556366], [116.7381457, 39.8558581], [116.7379775, 39.8559054]]}}, {"type": "Feature", "properties": {"osmWayId": 1279079093, "highway": "trunk", "lanes": "3", "lit": "yes", "maxspeed": "60", "name": "九棵树东路", "name:en": "Jiukeshu East Street", "name:zh-Latn-pinyin": "Jiǔkēshù Dōng Lù", "oneway": "yes", "ref": "G103", "smoothness": "excellent", "surface": "asphalt", "sourceMembership": "g103-tag"}, "geometry": {"type": "LineString", "coordinates": [[116.6602349, 39.8848327], [116.660422, 39.8846725], [116.6612554, 39.8840109], [116.6614263, 39.8838769]]}}, {"type": "Feature", "properties": {"osmWayId": 1279082504, "highway": "trunk", "lanes": "3", "maxspeed": "60", "name": "北苑南路", "name:en": "Beiyuan South Road", "name:zh-Latn-pinyin": "Běiyuàn Nán Lù", "oneway": "yes", "ref": "G103", "sourceMembership": "g103-tag"}, "geometry": {"type": "LineString", "coordinates": [[116.6515439, 39.8894852], [116.6513863, 39.8895316], [116.6501941, 39.8898961], [116.6500626, 39.8899359]]}}, {"type": "Feature", "properties": {"osmWayId": 1292129740, "foot": "no", "highway": "trunk", "lanes": "3", "name": "京塘路", "oneway": "yes", "ref": "G103", "source": "Bing", "sourceMembership": "g103-tag"}, "geometry": {"type": "LineString", "coordinates": [[116.7434772, 39.8528532], [116.7436606, 39.8527311], [116.7444463, 39.8522307], [116.7453202, 39.8517065]]}}, {"type": "Feature", "properties": {"osmWayId": 1292129747, "foot": "yes", "highway": "trunk", "lanes": "5", "name": "京滨线", "oneway": "yes", "ref": "G103", "surface": "asphalt", "sourceMembership": "g103-tag"}, "geometry": {"type": "LineString", "coordinates": [[116.8813726, 39.7117121], [116.8812072, 39.7118865], [116.8807882, 39.7124003], [116.8801746, 39.7131675], [116.8788284, 39.7148778], [116.8787144, 39.7150243], [116.8786045, 39.7151681], [116.8783554, 39.7154958], [116.8767926, 39.7175515]]}}, {"type": "Feature", "properties": {"osmWayId": 1292129749, "highway": "trunk", "lanes": "2", "name": "京滨线", "oneway": "yes", "ref": "G103", "surface": "asphalt", "sourceMembership": "g103-tag"}, "geometry": {"type": "LineString", "coordinates": [[116.8822513, 39.7104602], [116.882444, 39.710216], [116.8830522, 39.709459], [116.8836919, 39.7087187], [116.885057, 39.7072494], [116.886925, 39.7052384], [116.8872899, 39.7048443], [116.8873405, 39.7047866], [116.8884968, 39.7035422], [116.8896842, 39.7022789], [116.8907998, 39.7010824], [116.89092, 39.7009472], [116.891818, 39.6998243], [116.8922189, 39.6992419], [116.8929194, 39.698162], [116.8938335, 39.6967528]]}}, {"type": "Feature", "properties": {"osmWayId": 1292596478, "foot": "no", "highway": "trunk", "lanes": "3", "name": "京塘路", "oneway": "yes", "ref": "G103", "source": "Bing", "sourceMembership": "g103-tag"}, "geometry": {"type": "LineString", "coordinates": [[116.7715811, 39.815205], [116.7715522, 39.8150922], [116.7715027, 39.8146891], [116.7714575, 39.8142022], [116.7714566, 39.8137174], [116.7714874, 39.8132534], [116.7715522, 39.8128037], [116.772187, 39.8090955], [116.7722704, 39.8086738], [116.7723712, 39.8082537], [116.772473, 39.807905], [116.7724808, 39.8078608], [116.7725488, 39.80762], [116.7726271, 39.8073732], [116.7728329, 39.8067838], [116.7730264, 39.8062744], [116.774676, 39.8024103], [116.7752449, 39.8010838], [116.7758015, 39.7999576], [116.7760369, 39.7995599], [116.7762106, 39.7992663], [116.7763156, 39.7990885], [116.7768223, 39.798231], [116.7769388, 39.7980339], [116.7771268, 39.7976718], [116.7773008, 39.7972818], [116.7777768, 39.7960134], [116.7778066, 39.7959339]]}}, {"type": "Feature", "properties": {"osmWayId": 1292596479, "foot": "no", "highway": "trunk", "lanes": "3", "name": "京塘路", "oneway": "yes", "ref": "G103", "source": "Bing", "sourceMembership": "g103-tag"}, "geometry": {"type": "LineString", "coordinates": [[116.7779258, 39.7959584], [116.7778995, 39.7960238], [116.777558, 39.7968724], [116.7774, 39.7972982], [116.7772192, 39.7977037], [116.7770409, 39.7980637], [116.7769344, 39.7982623], [116.7763913, 39.7991805], [116.7763131, 39.7993127], [116.7761427, 39.7996035], [116.7759125, 39.7999961], [116.775366, 39.801106], [116.774848, 39.8023107], [116.7747917, 39.8024417], [116.7731364, 39.806315], [116.7729378, 39.8068334], [116.7727521, 39.8073802], [116.7726089, 39.8078843], [116.7725947, 39.8079276], [116.7724944, 39.8082713], [116.7723939, 39.8086891], [116.7723161, 39.8090977], [116.7719696, 39.8109922], [116.7716574, 39.8127997], [116.7715921, 39.8132722], [116.7715589, 39.8137355], [116.7715724, 39.8142004], [116.771608, 39.8146757], [116.7716595, 39.8150383], [116.7716655, 39.8150801], [116.771705, 39.8151901], [116.7717399, 39.8152977]]}}, {"type": "Feature", "properties": {"osmWayId": 1292596483, "foot": "no", "highway": "trunk", "lanes": "3", "name": "京塘路", "oneway": "yes", "ref": "G103", "source": "Bing", "sourceMembership": "g103-tag"}, "geometry": {"type": "LineString", "coordinates": [[116.7456982, 39.8516081], [116.7453714, 39.8517771], [116.7445505, 39.852268], [116.7437362, 39.8528003], [116.7435631, 39.8529223]]}}, {"type": "Feature", "properties": {"osmWayId": 1292598919, "bridge": "yes", "highway": "motorway", "layer": "1", "name": "京通快速", "name:zh": "京通快速", "oneway": "yes", "ref": "G103", "sourceMembership": "g103-tag"}, "geometry": {"type": "LineString", "coordinates": [[116.4788134, 39.9068187], [116.4799037, 39.9068114]]}}, {"type": "Feature", "properties": {"osmWayId": 1292605784, "foot": "yes", "highway": "trunk", "lanes": "2", "name": "京滨线", "oneway": "yes", "ref": "G103", "surface": "asphalt", "sourceMembership": "g103-tag"}, "geometry": {"type": "LineString", "coordinates": [[116.8823526, 39.7104888], [116.8822796, 39.710658], [116.8822622, 39.7107142]]}}, {"type": "Feature", "properties": {"osmWayId": 1292614124, "bridge": "yes", "highway": "motorway", "layer": "1", "name": "京通快速", "name:zh": "京通快速", "oneway": "yes", "ref": "G103", "sourceMembership": "g103-tag"}, "geometry": {"type": "LineString", "coordinates": [[116.4797997, 39.9069833], [116.4788045, 39.9069979]]}}, {"type": "Feature", "properties": {"osmWayId": 1292777545, "highway": "trunk", "lanes": "3", "maxspeed": "60", "name": "北苑南路", "name:en": "Beiyuan South Road", "name:zh-Latn-pinyin": "Běiyuàn Nán Lù", "oneway": "yes", "ref": "G103", "sourceMembership": "g103-tag"}, "geometry": {"type": "LineString", "coordinates": [[116.6499783, 39.8898385], [116.6501206, 39.889798]]}}, {"type": "Feature", "properties": {"osmWayId": 1293021875, "highway": "trunk", "lanes": "3", "lit": "yes", "maxspeed": "60", "name": "九棵树东路", "name:en": "Jiukeshu East Street", "name:zh-Latn-pinyin": "Jiǔkēshù Dōng Lù", "oneway": "yes", "ref": "G103", "smoothness": "excellent", "surface": "asphalt", "sourceMembership": "g103-tag"}, "geometry": {"type": "LineString", "coordinates": [[116.6614263, 39.8838769], [116.6615077, 39.8838133]]}}, {"type": "Feature", "properties": {"osmWayId": 1293026010, "highway": "trunk", "lanes": "3", "lit": "yes", "maxspeed": "60", "name": "九棵树东路", "name:en": "Jiukeshu East Street", "name:zh-Latn-pinyin": "Jiǔkēshù Dōng Lù", "oneway": "yes", "ref": "G103", "smoothness": "excellent", "surface": "asphalt", "sourceMembership": "g103-tag"}, "geometry": {"type": "LineString", "coordinates": [[116.6853543, 39.8696289], [116.6854287, 39.8696104], [116.6857709, 39.8695219]]}}, {"type": "Feature", "properties": {"osmWayId": 1293026013, "highway": "trunk", "lanes": "3", "lit": "yes", "maxspeed": "60", "name": "九棵树东路", "name:en": "Jiukeshu East Street", "name:zh-Latn-pinyin": "Jiǔkēshù Dōng Lù", "oneway": "yes", "ref": "G103", "smoothness": "excellent", "surface": "asphalt", "sourceMembership": "g103-tag"}, "geometry": {"type": "LineString", "coordinates": [[116.6890603, 39.8686577], [116.6892039, 39.8686138]]}}, {"type": "Feature", "properties": {"osmWayId": 1293026014, "foot": "no", "highway": "trunk", "lanes": "3", "name": "京塘路", "oneway": "yes", "ref": "G103", "source": "Bing", "sourceMembership": "g103-tag"}, "geometry": {"type": "LineString", "coordinates": [[116.6892574, 39.8687381], [116.6891076, 39.8687753]]}}, {"type": "Feature", "properties": {"osmWayId": 1293026015, "highway": "trunk", "lanes": "3", "lit": "yes", "maxspeed": "60", "name": "九棵树东路", "name:en": "Jiukeshu East Street", "name:zh-Latn-pinyin": "Jiǔkēshù Dōng Lù", "oneway": "yes", "ref": "G103", "smoothness": "excellent", "surface": "asphalt", "sourceMembership": "g103-tag"}, "geometry": {"type": "LineString", "coordinates": [[116.6889197, 39.8688251], [116.6886503, 39.8688942], [116.6862316, 39.8695368]]}}, {"type": "Feature", "properties": {"osmWayId": 1293038034, "highway": "trunk", "lanes": "3", "lit": "yes", "maxspeed": "60", "name": "九棵树东路", "name:en": "Jiukeshu East Street", "name:zh-Latn-pinyin": "Jiǔkēshù Dōng Lù", "oneway": "yes", "ref": "G103", "smoothness": "excellent", "surface": "asphalt", "sourceMembership": "g103-tag"}, "geometry": {"type": "LineString", "coordinates": [[116.664012, 39.8819319], [116.6631156, 39.8826678], [116.6629769, 39.8827757], [116.6625791, 39.8831137], [116.6623419, 39.8833054], [116.6617351, 39.883796], [116.6615588, 39.8839479]]}}, {"type": "Feature", "properties": {"osmWayId": 1293043349, "highway": "trunk", "lanes": "2", "name": "京塘路", "oneway": "yes", "ref": "G103", "surface": "asphalt", "sourceMembership": "g103-tag"}, "geometry": {"type": "LineString", "coordinates": [[116.7781888, 39.7948409], [116.7782855, 39.7945831], [116.7788003, 39.7931764], [116.7788111, 39.7931461], [116.7789063, 39.7928824], [116.7790713, 39.7924255], [116.7790863, 39.7923845], [116.7792884, 39.791847], [116.7795447, 39.7911857], [116.7801742, 39.7894845], [116.7803489, 39.7890444], [116.7805715, 39.7886138], [116.7807384, 39.7883211], [116.7809479, 39.7879764], [116.7811817, 39.787641], [116.7814011, 39.7873564], [116.7816439, 39.7870782], [116.7822056, 39.7864914], [116.7823632, 39.786342], [116.7827496, 39.7859759], [116.7833415, 39.7854265], [116.7835507, 39.7852308], [116.7836075, 39.7851777], [116.7838132, 39.7849858], [116.7846902, 39.7841649], [116.7847403, 39.784118], [116.7852525, 39.7836389], [116.7859294, 39.7829468], [116.7863231, 39.782516], [116.786962, 39.7817699], [116.7879777, 39.7806066], [116.7891399, 39.7792755], [116.7893179, 39.7790716]]}}, {"type": "Feature", "properties": {"osmWayId": 1293386088, "highway": "trunk", "lanes": "2", "name": "京塘路", "oneway": "yes", "ref": "G103", "source": "Bing", "sourceMembership": "g103-tag"}, "geometry": {"type": "LineString", "coordinates": [[116.7894628, 39.779051], [116.7894087, 39.779116], [116.7892222, 39.7793245], [116.7889095, 39.7796955], [116.7879731, 39.7808067], [116.7865134, 39.7824759], [116.786063, 39.7829762], [116.7857566, 39.7832796], [116.785087, 39.7839457], [116.7848373, 39.7841793], [116.7847873, 39.7842263], [116.7837834, 39.7851693], [116.7837142, 39.7852343], [116.7836522, 39.7852912], [116.7828609, 39.7860151], [116.782296, 39.7865546], [116.781738, 39.78714], [116.7815064, 39.7874142], [116.7812715, 39.7877023], [116.7810634, 39.7880074], [116.7808692, 39.7883101], [116.7806748, 39.788647], [116.7804732, 39.7890622], [116.7802948, 39.7895095], [116.7801529, 39.7898844], [116.7795024, 39.7916441], [116.7793703, 39.7919953], [116.7792151, 39.7924133], [116.779201, 39.7924533], [116.7790047, 39.7929556], [116.778921, 39.7931699], [116.7789097, 39.7931974], [116.7784095, 39.7946074], [116.7783502, 39.7947706], [116.7783102, 39.7948807]]}}, {"type": "Feature", "properties": {"osmWayId": 1293421984, "highway": "trunk", "lanes": "3", "name": "北苑南路", "name:en": "Beiyuan South Road", "name:zh-Latn-pinyin": "Běiyuàn Nán Lù", "oneway": "yes", "ref": "G103", "source": "Bing", "sourceMembership": "g103-tag"}, "geometry": {"type": "LineString", "coordinates": [[116.6329488, 39.9011262], [116.6328847, 39.9012315]]}}, {"type": "Feature", "properties": {"osmWayId": 1300237158, "highway": "trunk", "lanes": "3", "maxspeed": "60", "name": "北苑南路", "name:en": "Beiyuan South Road", "name:zh-Latn-pinyin": "Běiyuàn Nán Lù", "oneway": "yes", "ref": "G103", "sourceMembership": "g103-tag"}, "geometry": {"type": "LineString", "coordinates": [[116.6501206, 39.889798], [116.6504768, 39.8896828], [116.6514748, 39.8893814]]}}, {"type": "Feature", "properties": {"osmWayId": 1300273674, "highway": "trunk", "lanes": "3", "maxspeed": "60", "name": "北苑南路", "name:en": "Beiyuan South Road", "name:zh-Latn-pinyin": "Běiyuàn Nán Lù", "oneway": "yes", "ref": "G103", "sourceMembership": "g103-tag"}, "geometry": {"type": "LineString", "coordinates": [[116.6518648, 39.8893908], [116.6515439, 39.8894852]]}}, {"type": "Feature", "properties": {"osmWayId": 1311836865, "highway": "motorway", "lanes": "3", "loc_name": "京通快速", "loc_name:zh": "京通快速", "loc_name:zh-Latn-pinyin": "Jīngtōng Kuàisù", "name": "京通快速路", "name:en": "Jingtong Expressway", "name:fr": "Autoroute Jīngtōng", "name:zh": "京通快速路", "name:zh-Latn-pinyin": "Jīngtōng Kuàisù Lù", "oneway": "yes", "ref": "G103", "short_name": "京通快速", "toll": "yes", "sourceMembership": "g103-tag"}, "geometry": {"type": "LineString", "coordinates": [[116.5698699, 39.9091599], [116.5666322, 39.9087769], [116.5649472, 39.9085918], [116.5631137, 39.908533]]}}, {"type": "Feature", "properties": {"osmWayId": 1311836867, "highway": "motorway", "lanes": "3", "loc_name": "京通快速", "loc_name:zh": "京通快速", "loc_name:zh-Latn-pinyin": "Jīngtōng Kuàisù", "name": "京通快速路", "name:en": "Jingtong Expressway", "name:fr": "Autoroute Jīngtōng", "name:zh": "京通快速路", "name:zh-Latn-pinyin": "Jīngtōng Kuàisù Lù", "oneway": "yes", "ref": "G103", "short_name": "京通快速", "toll": "yes", "sourceMembership": "g103-tag"}, "geometry": {"type": "LineString", "coordinates": [[116.5638955, 39.9082048], [116.5650062, 39.9082836], [116.5666546, 39.9084362], [116.5698963, 39.9088064]]}}, {"type": "Feature", "properties": {"osmWayId": 1347720420, "highway": "trunk", "lanes": "3", "lit": "yes", "maxspeed": "60", "name": "九棵树东路", "name:en": "Jiukeshu East Street", "name:zh-Latn-pinyin": "Jiǔkēshù Dōng Lù", "oneway": "yes", "ref": "G103", "smoothness": "excellent", "surface": "asphalt", "sourceMembership": "g103-tag"}, "geometry": {"type": "LineString", "coordinates": [[116.6694314, 39.8773385], [116.6695497, 39.8772509]]}}, {"type": "Feature", "properties": {"osmWayId": 1375934392, "highway": "trunk", "lanes": "3", "lit": "yes", "maxspeed": "60", "name": "九棵树东路", "name:en": "Jiukeshu East Street", "name:zh-Latn-pinyin": "Jiǔkēshù Dōng Lù", "oneway": "yes", "ref": "G103", "smoothness": "excellent", "surface": "asphalt", "sourceMembership": "g103-tag"}, "geometry": {"type": "LineString", "coordinates": [[116.6750725, 39.8730019], [116.6749584, 39.8730841], [116.6744128, 39.8734768], [116.6739686, 39.8738188], [116.672593, 39.8749536], [116.6721708, 39.8753019]]}}, {"type": "Feature", "properties": {"osmWayId": 1375934394, "highway": "trunk", "lanes": "3", "lit": "yes", "maxspeed": "60", "name": "九棵树东路", "name:en": "Jiukeshu East Street", "name:zh-Latn-pinyin": "Jiǔkēshù Dōng Lù", "oneway": "yes", "ref": "G103", "smoothness": "excellent", "surface": "asphalt", "sourceMembership": "g103-tag"}, "geometry": {"type": "LineString", "coordinates": [[116.6739319, 39.8736957], [116.6748447, 39.8729817], [116.6749668, 39.8729043]]}}, {"type": "Feature", "properties": {"osmWayId": 1376087541, "highway": "trunk", "lanes": "2", "name": "京滨线", "oneway": "yes", "ref": "G103", "surface": "asphalt", "sourceMembership": "g103-tag"}, "geometry": {"type": "LineString", "coordinates": [[116.876681, 39.7174791], [116.8767413, 39.7174024], [116.8783794, 39.7153196], [116.8785229, 39.7151364], [116.878633, 39.7149939], [116.8787461, 39.7148474], [116.879005, 39.7145042], [116.8800975, 39.7131313], [116.8807126, 39.7123675], [116.8811445, 39.7118313], [116.8821414, 39.7105934], [116.8822513, 39.7104602]]}}, {"type": "Feature", "properties": {"osmWayId": 1376087542, "foot": "yes", "highway": "trunk", "lanes": "2", "name": "京滨线", "oneway": "yes", "ref": "G103", "surface": "asphalt", "sourceMembership": "g103-tag"}, "geometry": {"type": "LineString", "coordinates": [[116.8767926, 39.7175515], [116.8766994, 39.7176793], [116.8761118, 39.7184115], [116.8755795, 39.7190748], [116.8749875, 39.7197984]]}}, {"type": "Feature", "properties": {"osmWayId": 1376189716, "highway": "trunk", "lanes": "3", "lit": "yes", "maxspeed": "60", "name": "九棵树东路", "name:en": "Jiukeshu East Street", "name:zh-Latn-pinyin": "Jiǔkēshù Dōng Lù", "oneway": "yes", "ref": "G103", "smoothness": "excellent", "surface": "asphalt", "sourceMembership": "g103-tag"}, "geometry": {"type": "LineString", "coordinates": [[116.6827688, 39.8703155], [116.6837331, 39.8700619], [116.6839129, 39.8700088]]}}, {"type": "Feature", "properties": {"osmWayId": 1376189717, "foot": "no", "highway": "trunk", "lanes": "3", "name": "京塘路", "oneway": "yes", "ref": "G103", "source": "Bing", "sourceMembership": "g103-tag"}, "geometry": {"type": "LineString", "coordinates": [[116.7052904, 39.8643132], [116.706197, 39.8640947], [116.7065008, 39.8640177], [116.7067894, 39.8639381], [116.7148478, 39.8618301], [116.7149014, 39.8618161], [116.7149441, 39.8618056], [116.7149851, 39.8617948], [116.7151014, 39.8617628]]}}, {"type": "Feature", "properties": {"osmWayId": 1376189721, "highway": "trunk", "lanes": "3", "lit": "yes", "maxspeed": "60", "name": "九棵树东路", "name:en": "Jiukeshu East Street", "name:zh-Latn-pinyin": "Jiǔkēshù Dōng Lù", "oneway": "yes", "ref": "G103", "smoothness": "excellent", "surface": "asphalt", "sourceMembership": "g103-tag"}, "geometry": {"type": "LineString", "coordinates": [[116.6826823, 39.8704323], [116.6817658, 39.8706843], [116.6802964, 39.8710884]]}}, {"type": "Feature", "properties": {"osmWayId": 1376669212, "highway": "trunk", "lanes": "3", "lit": "yes", "maxspeed": "60", "name": "九棵树东路", "name:en": "Jiukeshu East Street", "name:zh-Latn-pinyin": "Jiǔkēshù Dōng Lù", "oneway": "yes", "ref": "G103", "smoothness": "excellent", "surface": "asphalt", "sourceMembership": "g103-tag"}, "geometry": {"type": "LineString", "coordinates": [[116.6721708, 39.8753019], [116.6711515, 39.8761428], [116.6698572, 39.8772142], [116.6697889, 39.8772707], [116.6696933, 39.8773375], [116.6695724, 39.877421]]}}, {"type": "Feature", "properties": {"osmWayId": 1377149242, "highway": "trunk", "lanes": "3", "lit": "yes", "maxspeed": "60", "name": "九棵树东路", "name:en": "Jiukeshu East Street", "name:zh-Latn-pinyin": "Jiǔkēshù Dōng Lù", "oneway": "yes", "ref": "G103", "smoothness": "excellent", "surface": "asphalt", "sourceMembership": "g103-tag"}, "geometry": {"type": "LineString", "coordinates": [[116.6749668, 39.8729043], [116.6750403, 39.8728564]]}}, {"type": "Feature", "properties": {"osmWayId": 1377149243, "highway": "trunk", "lanes": "3", "lit": "yes", "maxspeed": "60", "name": "九棵树东路", "name:en": "Jiukeshu East Street", "name:zh-Latn-pinyin": "Jiǔkēshù Dōng Lù", "oneway": "yes", "ref": "G103", "smoothness": "excellent", "surface": "asphalt", "sourceMembership": "g103-tag"}, "geometry": {"type": "LineString", "coordinates": [[116.6839129, 39.8700088], [116.6840456, 39.8699739]]}}, {"type": "Feature", "properties": {"osmWayId": 1377149264, "highway": "trunk", "lanes": "3", "lit": "yes", "maxspeed": "60", "name": "九棵树东路", "name:en": "Jiukeshu East Street", "name:zh-Latn-pinyin": "Jiǔkēshù Dōng Lù", "oneway": "yes", "ref": "G103", "smoothness": "excellent", "surface": "asphalt", "sourceMembership": "g103-tag"}, "geometry": {"type": "LineString", "coordinates": [[116.6840964, 39.8700779], [116.6839622, 39.8701146]]}}, {"type": "Feature", "properties": {"osmWayId": 1377149265, "highway": "trunk", "lanes": "3", "lit": "yes", "maxspeed": "60", "name": "九棵树东路", "name:en": "Jiukeshu East Street", "name:zh-Latn-pinyin": "Jiǔkēshù Dōng Lù", "oneway": "yes", "ref": "G103", "smoothness": "excellent", "surface": "asphalt", "sourceMembership": "g103-tag"}, "geometry": {"type": "LineString", "coordinates": [[116.6751487, 39.8729529], [116.6750725, 39.8730019]]}}, {"type": "Feature", "properties": {"osmWayId": 1377182036, "highway": "trunk", "lanes": "3", "lit": "yes", "maxspeed": "60", "name": "九棵树东路", "name:en": "Jiukeshu East Street", "name:zh-Latn-pinyin": "Jiǔkēshù Dōng Lù", "oneway": "yes", "ref": "G103", "smoothness": "excellent", "surface": "asphalt", "sourceMembership": "g103-tag"}, "geometry": {"type": "LineString", "coordinates": [[116.6862316, 39.8695368], [116.6859149, 39.8696209], [116.6854834, 39.8697293], [116.6854164, 39.8697472]]}}, {"type": "Feature", "properties": {"osmWayId": 1377190671, "highway": "trunk", "lanes": "3", "maxspeed": "60", "name": "北苑南路", "name:en": "Beiyuan South Road", "name:zh-Latn-pinyin": "Běiyuàn Nán Lù", "oneway": "yes", "ref": "G103", "sourceMembership": "g103-tag"}, "geometry": {"type": "LineString", "coordinates": [[116.6514748, 39.8893814], [116.6533348, 39.888833], [116.6536123, 39.8887523]]}}, {"type": "Feature", "properties": {"osmWayId": 1416506620, "highway": "trunk", "lanes": "3", "name": "外环北路（京滨线）", "name:en": "Out Ring (Jingbin Highway)", "oneway": "yes", "ref": "G103", "sourceMembership": "g103-tag"}, "geometry": {"type": "LineString", "coordinates": [[117.1915555, 39.2273852], [117.1966446, 39.2232142], [117.1967468, 39.22314], [117.1969121, 39.2230035]]}}, {"type": "Feature", "properties": {"osmWayId": 1416506622, "highway": "trunk", "lanes": "3", "name": "外环北路（京滨线）", "name:en": "Out Ring (Jingbin Highway)", "oneway": "yes", "ref": "G103", "sourceMembership": "g103-tag"}, "geometry": {"type": "LineString", "coordinates": [[117.1969121, 39.2230035], [117.1970827, 39.2228687]]}}, {"type": "Feature", "properties": {"osmWayId": 1416566645, "foot": "yes", "highway": "trunk", "lanes": "5", "name": "外环北路（京滨线）", "oneway": "yes", "ref": "G103;G205", "surface": "asphalt", "sourceMembership": "g103-tag"}, "geometry": {"type": "LineString", "coordinates": [[117.1477261, 39.2555327], [117.1484345, 39.2557283], [117.1490621, 39.2558633], [117.1495237, 39.2559207], [117.1498562, 39.2559338], [117.1501821, 39.2559301], [117.1506334, 39.2559027], [117.1515486, 39.2558093], [117.1529862, 39.2556701], [117.1535785, 39.2556052]]}}, {"type": "Feature", "properties": {"osmWayId": 1418710409, "foot": "yes", "highway": "trunk", "lanes": "3", "name": "外环东路（京滨线）", "name:en": "Out Ring", "oneway": "yes", "ref": "G103;G233", "sourceMembership": "g103-tag"}, "geometry": {"type": "LineString", "coordinates": [[117.2424603, 39.1786221], [117.241312, 39.1796104], [117.2401792, 39.1806786], [117.2399032, 39.180983], [117.2384976, 39.1822321]]}}, {"type": "Feature", "properties": {"osmWayId": 1418710411, "foot": "yes", "highway": "trunk", "lanes": "3", "name": "外环东路（京滨线）", "name:en": "Out Ring", "oneway": "yes", "ref": "G103;G233", "sourceMembership": "g103-tag"}, "geometry": {"type": "LineString", "coordinates": [[117.2366583, 39.1835666], [117.2383092, 39.182112]]}}, {"type": "Feature", "properties": {"osmWayId": 1418710412, "bridge": "yes", "highway": "trunk", "lanes": "3", "layer": "1", "name": "外环东路（京滨线）", "name:en": "Out Ring", "oneway": "yes", "ref": "G103;G233", "sourceMembership": "g103-tag"}, "geometry": {"type": "LineString", "coordinates": [[117.2431588, 39.178053], [117.2424603, 39.1786221]]}}, {"type": "Feature", "properties": {"osmWayId": 1418710414, "foot": "yes", "highway": "trunk", "lanes": "3", "name": "外环东路（京滨线）", "name:en": "Out Ring", "oneway": "yes", "ref": "G103;G233", "sourceMembership": "g103-tag"}, "geometry": {"type": "LineString", "coordinates": [[117.2400443, 39.180481], [117.2403764, 39.1801882], [117.2413691, 39.179262], [117.241891, 39.1788038], [117.2423108, 39.1784575]]}}, {"type": "Feature", "properties": {"osmWayId": 1418993261, "foot": "yes", "highway": "trunk", "lanes": "3", "name": "外环东路（京滨线）", "name:en": "Out Ring", "oneway": "yes", "ref": "G103;G233", "sourceMembership": "g103-tag"}, "geometry": {"type": "LineString", "coordinates": [[117.2383092, 39.182112], [117.239785, 39.1807344], [117.2400443, 39.180481]]}}, {"type": "Feature", "properties": {"osmWayId": 1418993263, "foot": "yes", "highway": "trunk", "lanes": "3", "name": "外环东路（京滨线）", "name:en": "Out Ring", "oneway": "yes", "ref": "G103;G233", "sourceMembership": "g103-tag"}, "geometry": {"type": "LineString", "coordinates": [[117.2384976, 39.1822321], [117.2383642, 39.1823514], [117.2368335, 39.1836856]]}}, {"type": "Feature", "properties": {"osmWayId": 1420121953, "highway": "tertiary", "lanes": "3", "name": "新港四号路", "oneway": "yes", "ref": "G103", "sourceMembership": "g103-tag"}, "geometry": {"type": "LineString", "coordinates": [[117.7753401, 38.9872187], [117.7752792, 38.987247], [117.7727994, 38.9881107], [117.7703626, 38.9889911]]}}, {"type": "Feature", "properties": {"osmWayId": 1420121954, "highway": "tertiary", "lanes": "3", "name": "新港四号路", "oneway": "yes", "ref": "G103", "sourceMembership": "g103-tag"}, "geometry": {"type": "LineString", "coordinates": [[117.7703115, 38.9888617], [117.775224, 38.9871171]]}}, {"type": "Feature", "properties": {"osmWayId": 1420420868, "foot": "yes", "highway": "trunk", "lanes": "3", "name": "京滨线（津塘公路）", "oneway": "yes", "ref": "G103", "sourceMembership": "g103-tag"}, "geometry": {"type": "LineString", "coordinates": [[117.445342, 39.048035], [117.4444743, 39.048194]]}}, {"type": "Feature", "properties": {"osmWayId": 1420420869, "foot": "yes", "highway": "trunk", "lanes": "3", "name": "京滨线（津塘公路）", "oneway": "yes", "ref": "G103", "sourceMembership": "g103-tag"}, "geometry": {"type": "LineString", "coordinates": [[117.4444101, 39.0480995], [117.4453183, 39.0479276]]}}, {"type": "Feature", "properties": {"osmWayId": 1420420870, "highway": "trunk", "name": "京滨线（津塘公路）", "oneway": "yes", "ref": "G103", "sourceMembership": "g103-tag"}, "geometry": {"type": "LineString", "coordinates": [[117.451544, 39.0469073], [117.4518708, 39.0468327]]}}, {"type": "Feature", "properties": {"osmWayId": 1420545656, "foot": "yes", "highway": "trunk", "name": "京滨线（津塘公路）", "oneway": "yes", "ref": "G103", "sourceMembership": "g103-tag"}, "geometry": {"type": "LineString", "coordinates": [[117.4747762, 39.0433296], [117.4740835, 39.0434677]]}}, {"type": "Feature", "properties": {"osmWayId": 1420545657, "foot": "yes", "highway": "trunk", "name": "京滨线（津塘公路）", "oneway": "yes", "ref": "G103", "sourceMembership": "g103-tag"}, "geometry": {"type": "LineString", "coordinates": [[117.4740547, 39.0433353], [117.4747297, 39.0432509]]}}, {"type": "Feature", "properties": {"osmWayId": 1420545681, "foot": "yes", "highway": "trunk", "lanes": "3", "name": "京滨线（津塘公路）", "oneway": "yes", "ref": "G103", "sourceMembership": "g103-tag"}, "geometry": {"type": "LineString", "coordinates": [[117.4977809, 39.0393905], [117.4985966, 39.0392408]]}}, {"type": "Feature", "properties": {"osmWayId": 1420545682, "foot": "yes", "highway": "trunk", "lanes": "3", "name": "京滨线（津塘公路）", "oneway": "yes", "ref": "G103", "sourceMembership": "g103-tag"}, "geometry": {"type": "LineString", "coordinates": [[117.4988009, 39.0393364], [117.4978117, 39.0394741]]}}, {"type": "Feature", "properties": {"osmWayId": 1420545684, "foot": "yes", "highway": "trunk", "lanes": "3", "name": "京滨线（津塘公路）", "oneway": "yes", "ref": "G103", "sourceMembership": "g103-tag"}, "geometry": {"type": "LineString", "coordinates": [[117.5246326, 39.0350574], [117.5209995, 39.0356582], [117.5187649, 39.0360375], [117.5172919, 39.0362786], [117.5127305, 39.0370541], [117.5104309, 39.0374312], [117.5101691, 39.0374747], [117.5084155, 39.0377569], [117.5079871, 39.0378247], [117.5065977, 39.038056], [117.5036404, 39.0385443], [117.5007483, 39.0390142], [117.4996305, 39.0391967], [117.4988009, 39.0393364]]}}, {"type": "Feature", "properties": {"osmWayId": 1420545685, "bridge": "yes", "foot": "yes", "highway": "trunk", "lanes": "3", "layer": "1", "name": "于庄子通道桥", "oneway": "yes", "ref": "G103", "sourceMembership": "g103-tag"}, "geometry": {"type": "LineString", "coordinates": [[117.5304321, 39.0340482], [117.529526, 39.0342127], [117.5279218, 39.0344937], [117.5264394, 39.0347387]]}}, {"type": "Feature", "properties": {"osmWayId": 1420545686, "foot": "yes", "highway": "trunk", "lanes": "3", "name": "京滨线（津塘公路）", "oneway": "yes", "ref": "G103", "sourceMembership": "g103-tag"}, "geometry": {"type": "LineString", "coordinates": [[117.5323712, 39.033597], [117.5330837, 39.0334675], [117.5338548, 39.0333539], [117.5346347, 39.0332552], [117.5395837, 39.0328691], [117.5446026, 39.0324918], [117.5468311, 39.0323337], [117.5526504, 39.0319164], [117.5541219, 39.0318171], [117.5587243, 39.0315314], [117.5606773, 39.0313949], [117.5625716, 39.0312643]]}}, {"type": "Feature", "properties": {"osmWayId": 1420545687, "bridge": "yes", "foot": "yes", "highway": "trunk", "lanes": "3", "layer": "1", "name": "于庄子通道桥", "oneway": "yes", "ref": "G103", "sourceMembership": "g103-tag"}, "geometry": {"type": "LineString", "coordinates": [[117.5264099, 39.0346239], [117.5279017, 39.0343819], [117.5294896, 39.0341068], [117.5304094, 39.0339435]]}}, {"type": "Feature", "properties": {"osmWayId": 1420545690, "foot": "yes", "highway": "trunk", "lanes": "2", "name": "京滨线（津塘公路）", "oneway": "yes", "ref": "G103", "sourceMembership": "g103-tag"}, "geometry": {"type": "LineString", "coordinates": [[117.5696058, 39.0309476], [117.568955, 39.0309407]]}}, {"type": "Feature", "properties": {"osmWayId": 1420545691, "foot": "yes", "highway": "trunk", "lanes": "2", "name": "京滨线（津塘公路）", "oneway": "yes", "ref": "G103", "sourceMembership": "g103-tag"}, "geometry": {"type": "LineString", "coordinates": [[117.568944, 39.0308556], [117.5695875, 39.0307584]]}}, {"type": "Feature", "properties": {"osmWayId": 1420602361, "foot": "yes", "highway": "trunk", "lanes": "2", "name": "京滨线（津塘公路）", "oneway": "yes", "ref": "G103", "surface": "asphalt", "sourceMembership": "g103-tag"}, "geometry": {"type": "LineString", "coordinates": [[117.6095803, 39.0331347], [117.6073377, 39.0317326], [117.6071264, 39.0316079]]}}, {"type": "Feature", "properties": {"osmWayId": 1420602362, "foot": "yes", "highway": "trunk", "lanes": "2", "name": "京滨线（津塘公路）", "oneway": "yes", "ref": "G103", "surface": "asphalt", "sourceMembership": "g103-tag"}, "geometry": {"type": "LineString", "coordinates": [[117.6073865, 39.031579], [117.6097147, 39.033098]]}}, {"type": "Feature", "properties": {"osmWayId": 1420809160, "foot": "yes", "highway": "trunk", "lanes": "2", "name": "京滨线（津塘公路）", "oneway": "yes", "ref": "G103", "sourceMembership": "g103-tag"}, "geometry": {"type": "LineString", "coordinates": [[117.5695875, 39.0307584], [117.570521, 39.0306776]]}}, {"type": "Feature", "properties": {"osmWayId": 1424117895, "foot": "yes", "highway": "trunk", "lanes": "2", "name": "京滨线（津塘公路）", "oneway": "yes", "ref": "G103", "surface": "asphalt", "sourceMembership": "g103-tag"}, "geometry": {"type": "LineString", "coordinates": [[117.5841481, 39.0297922], [117.5843628, 39.0297772], [117.5872412, 39.0296021], [117.5914146, 39.0293105], [117.5915639, 39.0292985], [117.5918841, 39.0292771]]}}, {"type": "Feature", "properties": {"osmWayId": 1425070261, "foot": "yes", "highway": "trunk", "name": "津塘公路", "oneway": "yes", "ref": "G103", "sourceMembership": "g103-tag"}, "geometry": {"type": "LineString", "coordinates": [[117.6327504, 39.0341679], [117.6323748, 39.0342622], [117.6321621, 39.0343195], [117.631958, 39.0343872]]}}, {"type": "Feature", "properties": {"osmWayId": 1425070262, "foot": "yes", "highway": "trunk", "layer": "1", "name": "津塘公路", "oneway": "yes", "ref": "G103", "sourceMembership": "g103-tag"}, "geometry": {"type": "LineString", "coordinates": [[117.631937, 39.0342054], [117.632702, 39.0340469]]}}, {"type": "Feature", "properties": {"osmWayId": 1425070270, "foot": "yes", "highway": "trunk", "lanes": "2", "name": "京滨线（津塘公路）", "oneway": "yes", "ref": "G103", "sourceMembership": "g103-tag"}, "geometry": {"type": "LineString", "coordinates": [[117.5702485, 39.0309041], [117.5696058, 39.0309476]]}}, {"type": "Feature", "properties": {"osmWayId": 1426390724, "foot": "yes", "highway": "trunk", "lanes": "2", "name": "京滨线（津塘公路）", "oneway": "yes", "ref": "G103", "surface": "asphalt", "sourceMembership": "g103-tag"}, "geometry": {"type": "LineString", "coordinates": [[117.6071264, 39.0316079], [117.606419, 39.0311689], [117.6061145, 39.0309686]]}}, {"type": "Feature", "properties": {"osmWayId": 1426390725, "foot": "yes", "highway": "trunk", "lanes": "3", "name": "津塘公路", "oneway": "yes", "ref": "G103", "sourceMembership": "g103-tag"}, "geometry": {"type": "LineString", "coordinates": [[117.6215964, 39.0364876], [117.6261697, 39.035436], [117.6266513, 39.0353532], [117.6271425, 39.0352964]]}}, {"type": "Feature", "properties": {"osmWayId": 1426390731, "foot": "yes", "highway": "trunk", "lanes": "3", "name": "津塘公路", "oneway": "yes", "ref": "G103", "sourceMembership": "g103-tag"}, "geometry": {"type": "LineString", "coordinates": [[117.6271345, 39.0354762], [117.6269185, 39.0355496], [117.6265296, 39.0356799], [117.6262313, 39.0357605], [117.6217848, 39.0367721], [117.621681, 39.0367951]]}}, {"type": "Feature", "properties": {"osmWayId": 1426637895, "foot": "yes", "highway": "trunk", "lanes": "3", "name": "京滨线（津塘公路）", "oneway": "yes", "ref": "G103", "sourceMembership": "g103-tag"}, "geometry": {"type": "LineString", "coordinates": [[117.5264394, 39.0347387], [117.5250222, 39.0349799], [117.5246326, 39.0350574]]}}, {"type": "Feature", "properties": {"osmWayId": 1426637896, "foot": "yes", "highway": "trunk", "lanes": "3", "name": "京滨线（津塘公路）", "oneway": "yes", "ref": "G103", "sourceMembership": "g103-tag"}, "geometry": {"type": "LineString", "coordinates": [[117.5246262, 39.0349046], [117.5249798, 39.0348651], [117.5264099, 39.0346239]]}}, {"type": "Feature", "properties": {"osmWayId": 1426637897, "foot": "yes", "highway": "trunk", "lanes": "3", "name": "京滨线（津塘公路）", "oneway": "yes", "ref": "G103", "sourceMembership": "g103-tag"}, "geometry": {"type": "LineString", "coordinates": [[117.5304094, 39.0339435], [117.5323712, 39.033597]]}}, {"type": "Feature", "properties": {"osmWayId": 1426637898, "foot": "yes", "highway": "trunk", "lanes": "3", "name": "京滨线（津塘公路）", "oneway": "yes", "ref": "G103", "sourceMembership": "g103-tag"}, "geometry": {"type": "LineString", "coordinates": [[117.5321901, 39.0337427], [117.5304321, 39.0340482]]}}, {"type": "Feature", "properties": {"osmWayId": 1427313132, "foot": "yes", "highway": "trunk", "lanes": "3", "name": "京滨线（新港四号路）", "name:en": "Jingbin Highway (Xingang 4th Road)", "oneway": "yes", "ref": "G103", "surface": "asphalt", "sourceMembership": "g103-tag"}, "geometry": {"type": "LineString", "coordinates": [[117.6944509, 39.0177702], [117.6943544, 39.0178062], [117.6919933, 39.0186875], [117.6904538, 39.0192649], [117.6890231, 39.0198097], [117.6885764, 39.0199691], [117.6881308, 39.0201362], [117.6846208, 39.0214541], [117.6816638, 39.0225704], [117.6793601, 39.0234402], [117.6781634, 39.0238384], [117.6776669, 39.0239883], [117.6772391, 39.024116], [117.6766592, 39.0242758]]}}, {"type": "Feature", "properties": {"osmWayId": 1427313134, "foot": "yes", "highway": "trunk", "lanes": "3", "name": "京滨线（新港四号路）", "name:en": "Jingbin Highway (Xingang 4th Road)", "oneway": "yes", "ref": "G103", "surface": "asphalt", "sourceMembership": "g103-tag"}, "geometry": {"type": "LineString", "coordinates": [[117.6969338, 39.0168334], [117.6962861, 39.0170796], [117.6944509, 39.0177702]]}}, {"type": "Feature", "properties": {"osmWayId": 1427313139, "foot": "yes", "highway": "trunk", "lanes": "3", "name": "京滨线（新港四号路）", "name:en": "Jingbin Highway (Xingang 4th Road)", "oneway": "yes", "ref": "G103", "surface": "asphalt", "sourceMembership": "g103-tag"}, "geometry": {"type": "LineString", "coordinates": [[117.7037388, 39.0142558], [117.700174, 39.0156014], [117.6969338, 39.0168334]]}}, {"type": "Feature", "properties": {"osmWayId": 1427624640, "foot": "yes", "highway": "trunk", "lanes": "2", "name": "京滨线（津塘公路）", "oneway": "yes", "ref": "G103", "surface": "asphalt", "sourceMembership": "g103-tag"}, "geometry": {"type": "LineString", "coordinates": [[117.6063223, 39.0308788], [117.6067646, 39.0311805], [117.6073865, 39.031579]]}}, {"type": "Feature", "properties": {"osmWayId": 1427624642, "foot": "yes", "highway": "trunk", "lanes": "3", "name": "津塘公路", "oneway": "yes", "ref": "G103", "sourceMembership": "g103-tag"}, "geometry": {"type": "LineString", "coordinates": [[117.6126967, 39.035132], [117.6124952, 39.0350124], [117.6121607, 39.0348024], [117.6111132, 39.0341395], [117.6100952, 39.0334703]]}}, {"type": "Feature", "properties": {"osmWayId": 1427624643, "foot": "yes", "highway": "trunk", "lanes": "3", "name": "津塘公路", "oneway": "yes", "ref": "G103", "sourceMembership": "g103-tag"}, "geometry": {"type": "LineString", "coordinates": [[117.6102485, 39.0334251], [117.6120517, 39.0345858], [117.6126877, 39.0349678], [117.6127867, 39.0350307]]}}, {"type": "Feature", "properties": {"osmWayId": 1429803879, "foot": "yes", "highway": "trunk", "lanes": "5", "name": "外环北路（京滨线）", "oneway": "yes", "ref": "G103;G205", "surface": "asphalt", "sourceMembership": "g103-tag"}, "geometry": {"type": "LineString", "coordinates": [[117.1131727, 39.2405147], [117.114302, 39.2410539]]}}, {"type": "Feature", "properties": {"osmWayId": 1429803883, "highway": "trunk", "lanes": "5", "name": "京滨线", "oneway": "yes", "ref": "G103", "sourceMembership": "g103-tag"}, "geometry": {"type": "LineString", "coordinates": [[117.0936321, 39.3005759], [117.0925869, 39.3027938]]}}, {"type": "Feature", "properties": {"osmWayId": 1429803885, "foot": "yes", "highway": "trunk", "lanes": "4", "name": "京滨线", "oneway": "yes", "ref": "G103", "sourceMembership": "g103-tag"}, "geometry": {"type": "LineString", "coordinates": [[117.0863118, 39.3264665], [117.0864196, 39.3263491], [117.0865091, 39.3262289], [117.0865743, 39.3261399], [117.0866518, 39.3260237], [117.0867385, 39.3258521], [117.0868096, 39.325688], [117.0868746, 39.3255025], [117.0869229, 39.3253286], [117.0869584, 39.3251729], [117.0869808, 39.3250372], [117.0869974, 39.3248497], [117.0869983, 39.3247114], [117.0869979, 39.3245794], [117.0869904, 39.3244336], [117.0869736, 39.3243056], [117.086943, 39.3241347], [117.0869092, 39.3239867], [117.0868641, 39.3238381], [117.0868169, 39.3236894], [117.0867462, 39.3235248], [117.0866801, 39.3233944], [117.0866154, 39.3232774], [117.0865406, 39.3231517], [117.0864339, 39.3229932], [117.0863168, 39.3228313], [117.0862291, 39.3227201], [117.0861378, 39.3226117], [117.0860267, 39.3224828], [117.0859171, 39.3223522], [117.0857996, 39.3222307], [117.0856892, 39.3221228]]}}, {"type": "Feature", "properties": {"osmWayId": 1429803886, "foot": "yes", "highway": "trunk", "lanes": "4", "name": "京滨线", "oneway": "yes", "ref": "G103", "sourceMembership": "g103-tag"}, "geometry": {"type": "LineString", "coordinates": [[117.0857464, 39.3220489], [117.0858904, 39.3221912], [117.0859967, 39.322304], [117.0862068, 39.3225561], [117.0863279, 39.3227108], [117.0864319, 39.3228425], [117.0865256, 39.3229634], [117.0866147, 39.3230954], [117.0866856, 39.3232186], [117.0867665, 39.3233612], [117.0868247, 39.3234816], [117.0868687, 39.3235914], [117.0869286, 39.3237466], [117.0869905, 39.3239408], [117.0870394, 39.3241296], [117.0870651, 39.3242865], [117.0870832, 39.324438], [117.0870934, 39.3246124], [117.0870905, 39.3248009], [117.0870795, 39.3249613], [117.087055, 39.3251793], [117.0870253, 39.3253474]]}}, {"type": "Feature", "properties": {"osmWayId": 1429803887, "foot": "yes", "highway": "trunk", "lanes": "4", "layer": "-1", "name": "京滨线", "oneway": "yes", "ref": "G103", "tunnel": "yes", "sourceMembership": "g103-tag"}, "geometry": {"type": "LineString", "coordinates": [[117.0856892, 39.3221228], [117.085491, 39.3219214]]}}, {"type": "Feature", "properties": {"osmWayId": 1429803888, "foot": "yes", "highway": "trunk", "lanes": "4", "layer": "-1", "name": "京滨线", "oneway": "yes", "ref": "G103", "tunnel": "yes", "sourceMembership": "g103-tag"}, "geometry": {"type": "LineString", "coordinates": [[117.0855484, 39.3218526], [117.0857464, 39.3220489]]}}, {"type": "Feature", "properties": {"osmWayId": 1429810284, "foot": "yes", "highway": "trunk", "lanes": "2", "name": "京滨线", "name:en": "Jingbin Highway", "oneway": "yes", "ref": "G103", "sourceMembership": "g103-tag"}, "geometry": {"type": "LineString", "coordinates": [[117.0816927, 39.4361657], [117.0811288, 39.4366092], [117.0802341, 39.4373124], [117.0793657, 39.4379083], [117.0786807, 39.4383827], [117.0785626, 39.4384672]]}}, {"type": "Feature", "properties": {"osmWayId": 1429810286, "foot": "yes", "highway": "trunk", "lanes": "2", "name": "京滨线", "name:en": "Jingbin Highway", "oneway": "yes", "ref": "G103", "sourceMembership": "g103-tag"}, "geometry": {"type": "LineString", "coordinates": [[117.0794754, 39.4376214], [117.0797566, 39.4374243], [117.0815737, 39.4360611]]}}, {"type": "Feature", "properties": {"osmWayId": 1429810290, "foot": "yes", "highway": "trunk", "lanes": "2", "name": "京滨线", "name:en": "Jingbin Highway", "oneway": "yes", "ref": "G103", "sourceMembership": "g103-tag"}, "geometry": {"type": "LineString", "coordinates": [[117.0834028, 39.4347933], [117.0819729, 39.4359468]]}}, {"type": "Feature", "properties": {"osmWayId": 1429810291, "foot": "yes", "highway": "trunk", "lanes": "2", "name": "京滨线", "name:en": "Jingbin Highway", "oneway": "yes", "ref": "G103", "sourceMembership": "g103-tag"}, "geometry": {"type": "LineString", "coordinates": [[117.0836749, 39.4342874], [117.0838089, 39.4341715], [117.0847377, 39.4333198], [117.0849913, 39.4330962]]}}, {"type": "Feature", "properties": {"osmWayId": 1429810293, "foot": "yes", "highway": "trunk", "lanes": "2", "name": "京滨线", "name:en": "Jingbin Highway", "oneway": "yes", "ref": "G103", "sourceMembership": "g103-tag"}, "geometry": {"type": "LineString", "coordinates": [[117.0851888, 39.4331805], [117.0850025, 39.4333581], [117.0843926, 39.433913]]}}, {"type": "Feature", "properties": {"osmWayId": 1429810295, "foot": "yes", "highway": "trunk", "lanes": "2", "name": "京滨线", "name:en": "Jingbin Highway", "oneway": "yes", "ref": "G103", "sourceMembership": "g103-tag"}, "geometry": {"type": "LineString", "coordinates": [[117.0837965, 39.4344135], [117.0837143, 39.4344837], [117.0836619, 39.4345337], [117.0835768, 39.4346126], [117.0834028, 39.4347933]]}}, {"type": "Feature", "properties": {"osmWayId": 1429810297, "foot": "yes", "highway": "trunk", "lanes": "2", "name": "京滨线", "name:en": "Jingbin Highway", "oneway": "yes", "ref": "G103", "sourceMembership": "g103-tag"}, "geometry": {"type": "LineString", "coordinates": [[117.0838244, 39.4343913], [117.0837965, 39.4344135]]}}, {"type": "Feature", "properties": {"osmWayId": 1430350462, "bridge": "yes", "highway": "trunk", "lanes": "3", "layer": "1", "name": "外环东路（京滨线）", "name:en": "Out Ring", "oneway": "yes", "ref": "G103;G233", "sourceMembership": "g103-tag"}, "geometry": {"type": "LineString", "coordinates": [[117.2444551, 39.1769422], [117.2452082, 39.176522]]}}, {"type": "Feature", "properties": {"osmWayId": 1430350463, "foot": "yes", "highway": "trunk", "lanes": "4", "name": "外环东路（京滨线）", "name:en": "Out Ring", "oneway": "yes", "ref": "G103;G233", "surface": "asphalt", "sourceMembership": "g103-tag"}, "geometry": {"type": "LineString", "coordinates": [[117.2485299, 39.1751613], [117.2462252, 39.1762312], [117.2453526, 39.1767073]]}}, {"type": "Feature", "properties": {"osmWayId": 1456359173, "highway": "trunk", "lanes": "5", "name": "外环北路（京滨线）", "name:en": "Waihuan North Road", "oneway": "yes", "ref": "G103", "sourceMembership": "g103-tag"}, "geometry": {"type": "LineString", "coordinates": [[117.1670204, 39.2522976], [117.1668127, 39.2524796], [117.1662825, 39.2528394], [117.1661781, 39.2529083], [117.16609, 39.2529767], [117.165354, 39.2534319], [117.1646136, 39.2538151], [117.1644611, 39.253894], [117.1635066, 39.254318], [117.1628306, 39.25455], [117.1622687, 39.2547132], [117.1616128, 39.2548751], [117.1609075, 39.2550084], [117.1593924, 39.2551949], [117.156542, 39.2554793], [117.1540101, 39.2557293], [117.1536621, 39.2557523], [117.1535766, 39.2557564]]}}, {"type": "Feature", "properties": {"osmWayId": 1456359177, "highway": "trunk", "lanes": "3", "name": "外环北路（京滨线）", "name:en": "Waihuan North Road", "oneway": "yes", "ref": "G103", "sourceMembership": "g103-tag"}, "geometry": {"type": "LineString", "coordinates": [[117.1663951, 39.2524877], [117.1667493, 39.2522066], [117.1672992, 39.2517128], [117.1681931, 39.2507735], [117.1693342, 39.249366], [117.1724144, 39.2455177]]}}, {"type": "Feature", "properties": {"osmWayId": 1456359179, "highway": "trunk", "lanes": "5", "name": "外环北路（京滨线）", "name:en": "Waihuan North Road", "oneway": "yes", "ref": "G103", "sourceMembership": "g103-tag"}, "geometry": {"type": "LineString", "coordinates": [[117.173653, 39.2443781], [117.1683849, 39.2508957], [117.1675862, 39.2517699], [117.167173, 39.252164], [117.1670204, 39.2522976]]}}, {"type": "Feature", "properties": {"osmWayId": 1456359181, "highway": "trunk", "lanes": "3", "name": "外环北路（京滨线）", "name:en": "Waihuan North Road", "oneway": "yes", "ref": "G103", "sourceMembership": "g103-tag"}, "geometry": {"type": "LineString", "coordinates": [[117.1659776, 39.2528212], [117.16615, 39.2526908], [117.1663951, 39.2524877]]}}, {"type": "Feature", "properties": {"osmWayId": 1457411303, "foot": "yes", "highway": "trunk", "name": "京滨线", "name:en": "Jingbin Highway", "oneway": "yes", "ref": "G103", "sourceMembership": "g103-tag"}, "geometry": {"type": "LineString", "coordinates": [[117.0932487, 39.326486], [117.0927809, 39.3262685], [117.0921737, 39.3259796], [117.0920233, 39.3259111], [117.0913524, 39.3256376], [117.0911759, 39.3255727], [117.0910025, 39.3255202], [117.0908413, 39.3254769], [117.0906957, 39.3254455], [117.0905507, 39.3254198], [117.0904288, 39.3254035], [117.0902884, 39.3253875], [117.0900949, 39.3253695], [117.0899297, 39.3253625], [117.0897531, 39.325365], [117.0895401, 39.3253713], [117.089326, 39.3253898], [117.0889765, 39.3254462], [117.0885926, 39.3255427], [117.0881627, 39.3257068], [117.0879019, 39.3258254], [117.0875975, 39.3259966], [117.0869745, 39.3264207], [117.0868753, 39.32647], [117.0867761, 39.3265096], [117.0866912, 39.3265343], [117.0866143, 39.326545], [117.0865151, 39.3265442], [117.0864367, 39.3265238], [117.0863118, 39.3264665]]}}, {"type": "Feature", "properties": {"osmWayId": 1457411305, "foot": "yes", "highway": "trunk", "name": "京滨线", "name:en": "Jingbin Highway", "oneway": "yes", "ref": "G103", "sourceMembership": "g103-tag"}, "geometry": {"type": "LineString", "coordinates": [[117.0877342, 39.3258347], [117.0879753, 39.3257164], [117.0882301, 39.3255909], [117.0885731, 39.3254694], [117.0889191, 39.3253797], [117.0892003, 39.3253309], [117.0893836, 39.3253078], [117.089583, 39.3252965], [117.089831, 39.3252911], [117.0899986, 39.3252931], [117.0901607, 39.3253025], [117.0903158, 39.3253119], [117.0904807, 39.3253334], [117.0907382, 39.3253748], [117.0910949, 39.3254681], [117.0914042, 39.3255655], [117.0916268, 39.3256588], [117.0922177, 39.3259163], [117.0928435, 39.3262003], [117.0934315, 39.3264672]]}}, {"type": "Feature", "properties": {"osmWayId": 1457411309, "foot": "yes", "highway": "trunk", "lanes": "4", "name": "京滨线", "oneway": "yes", "ref": "G103", "sourceMembership": "g103-tag"}, "geometry": {"type": "LineString", "coordinates": [[117.0880844, 39.3112414], [117.0882497, 39.3110294], [117.0883218, 39.310919], [117.0885559, 39.3104945], [117.0886189, 39.3103889], [117.0886946, 39.3102779], [117.0887971, 39.3101501]]}}, {"type": "Feature", "properties": {"osmWayId": 1457487823, "highway": "trunk", "lanes": "5", "name": "京滨线", "oneway": "yes", "ref": "G103", "sourceMembership": "g103-tag"}, "geometry": {"type": "LineString", "coordinates": [[117.1102446, 39.2497146], [117.1107993, 39.248223]]}}, {"type": "Feature", "properties": {"osmWayId": 1457487824, "highway": "trunk", "lanes": "5", "name": "京滨线", "oneway": "yes", "ref": "G103", "sourceMembership": "g103-tag"}, "geometry": {"type": "LineString", "coordinates": [[117.1110453, 39.2482917], [117.1104827, 39.2497551]]}}, {"type": "Feature", "properties": {"osmWayId": 1458439544, "foot": "yes", "highway": "trunk", "name": "京滨线（津塘公路）", "oneway": "yes", "ref": "G103", "sourceMembership": "g103-tag"}, "geometry": {"type": "LineString", "coordinates": [[117.3492102, 39.0792179], [117.3482408, 39.0795116]]}}, {"type": "Feature", "properties": {"osmWayId": 1458439545, "foot": "yes", "highway": "trunk", "name": "京滨线（津塘公路）", "oneway": "yes", "ref": "G103", "sourceMembership": "g103-tag"}, "geometry": {"type": "LineString", "coordinates": [[117.348183, 39.0793951], [117.3491276, 39.0790705]]}}, {"type": "Feature", "properties": {"osmWayId": 1458439548, "foot": "yes", "highway": "trunk", "lanes": "3", "name": "京滨线（津塘公路）", "oneway": "yes", "ref": "G103", "sourceMembership": "g103-tag"}, "geometry": {"type": "LineString", "coordinates": [[117.4044614, 39.0610729], [117.4039178, 39.0612496], [117.400501, 39.0623755], [117.3992022, 39.0628142], [117.3989005, 39.0629134], [117.3986432, 39.0630019], [117.3970157, 39.0635662], [117.3959295, 39.0639548], [117.3950584, 39.0642385], [117.3948049, 39.0643211]]}}, {"type": "Feature", "properties": {"osmWayId": 1458439551, "foot": "yes", "highway": "trunk", "lanes": "3", "name": "京滨线（津塘公路）", "oneway": "yes", "ref": "G103", "sourceMembership": "g103-tag"}, "geometry": {"type": "LineString", "coordinates": [[117.3947893, 39.064186], [117.397313, 39.0632833], [117.3977931, 39.0631194], [117.4013645, 39.0619402], [117.4046819, 39.060845]]}}, {"type": "Feature", "properties": {"osmWayId": 1458469169, "foot": "yes", "highway": "trunk", "lanes": "3", "name": "京滨线（津塘公路）", "oneway": "yes", "ref": "G103", "sourceMembership": "g103-tag"}, "geometry": {"type": "LineString", "coordinates": [[117.4334156, 39.0513816], [117.4334921, 39.0513564], [117.4336219, 39.0513136], [117.4358784, 39.0505909], [117.4406763, 39.0490229], [117.4416317, 39.0487317], [117.4423284, 39.0485363], [117.4424477, 39.0485082], [117.4430474, 39.048373], [117.4444101, 39.0480995]]}}, {"type": "Feature", "properties": {"osmWayId": 1458469182, "foot": "yes", "highway": "trunk", "lanes": "3", "name": "京滨线（津塘公路）", "oneway": "yes", "ref": "G103", "sourceMembership": "g103-tag"}, "geometry": {"type": "LineString", "coordinates": [[117.4444743, 39.048194], [117.4430279, 39.0485171], [117.4424337, 39.0486601], [117.4416726, 39.0488695], [117.4408293, 39.0491319], [117.4393607, 39.0496116], [117.4375385, 39.0502047], [117.4336137, 39.0514982], [117.4333718, 39.0515779]]}}, {"type": "Feature", "properties": {"osmWayId": 1470894308, "foot": "yes", "highway": "trunk", "name": "京滨线（津塘公路）", "oneway": "yes", "ref": "G103", "sourceMembership": "g103-tag"}, "geometry": {"type": "LineString", "coordinates": [[117.3496459, 39.0790601], [117.3492102, 39.0792179]]}}, {"type": "Feature", "properties": {"osmWayId": 1470894315, "foot": "yes", "highway": "trunk", "name": "京滨线（津塘公路）", "oneway": "yes", "ref": "G103", "sourceMembership": "g103-tag"}, "geometry": {"type": "LineString", "coordinates": [[117.3491276, 39.0790705], [117.3497808, 39.0788539], [117.3499071, 39.0788106], [117.3500261, 39.0787714], [117.3501106, 39.0787436], [117.350256, 39.0786957], [117.3507365, 39.0785373], [117.3535487, 39.0776294]]}}, {"type": "Feature", "properties": {"osmWayId": 1471502723, "bridge": "yes", "highway": "trunk", "lanes": "2", "layer": "1", "name": "大柳树桥", "oneway": "yes", "ref": "G103", "surface": "asphalt", "sourceMembership": "g103-tag"}, "geometry": {"type": "LineString", "coordinates": [[116.8594186, 39.7357959], [116.8591481, 39.736002]]}}, {"type": "Feature", "properties": {"osmWayId": 1471502724, "bridge": "yes", "highway": "trunk", "lanes": "2", "layer": "1", "name": "大柳树桥", "oneway": "yes", "ref": "G103", "surface": "asphalt", "sourceMembership": "g103-tag"}, "geometry": {"type": "LineString", "coordinates": [[116.8596108, 39.7355322], [116.8601204, 39.7351488]]}}, {"type": "Feature", "properties": {"osmWayId": 1471502725, "bridge": "yes", "highway": "trunk", "lanes": "2", "layer": "1", "name": "大柳树桥", "oneway": "yes", "ref": "G103", "surface": "asphalt", "sourceMembership": "g103-tag"}, "geometry": {"type": "LineString", "coordinates": [[116.8590661, 39.7359419], [116.8593384, 39.7357371]]}}, {"type": "Feature", "properties": {"osmWayId": 1471502726, "highway": "trunk", "lanes": "2", "name": "大柳树桥", "oneway": "yes", "ref": "G103", "surface": "asphalt", "sourceMembership": "g103-tag"}, "geometry": {"type": "LineString", "coordinates": [[116.85967, 39.7356011], [116.8595872, 39.7356637], [116.8595517, 39.7356945], [116.8594186, 39.7357959]]}}, {"type": "Feature", "properties": {"osmWayId": 1471767552, "foot": "yes", "highway": "trunk", "lanes": "4", "name": "京滨线", "oneway": "yes", "ref": "G103", "sourceMembership": "g103-tag"}, "geometry": {"type": "LineString", "coordinates": [[117.085491, 39.3219214], [117.0850518, 39.3214667], [117.0848323, 39.321232], [117.0846775, 39.3210577], [117.0845548, 39.3209171], [117.0844552, 39.3207968], [117.0843043, 39.3205896], [117.084201, 39.3204234], [117.0840555, 39.3201943], [117.0839818, 39.3200545], [117.0839034, 39.3198859], [117.0838205, 39.3196698], [117.0837736, 39.3195229], [117.0837365, 39.3193712], [117.0837133, 39.3191952], [117.0837042, 39.3190837], [117.0836905, 39.3188905], [117.0836878, 39.3187328], [117.0836995, 39.3185867], [117.0837105, 39.3184844], [117.0837523, 39.3182206]]}}, {"type": "Feature", "properties": {"osmWayId": 1471767554, "foot": "yes", "highway": "trunk", "lanes": "4", "name": "京滨线", "oneway": "yes", "ref": "G103", "sourceMembership": "g103-tag"}, "geometry": {"type": "LineString", "coordinates": [[117.0840031, 39.3182638], [117.0839813, 39.3183897], [117.0839616, 39.318536], [117.0839432, 39.3186683], [117.0839343, 39.3187717], [117.0839317, 39.3189068], [117.0839338, 39.3190311], [117.0839487, 39.319187], [117.083973, 39.3193574], [117.0839963, 39.319497], [117.0840196, 39.3196222], [117.0840565, 39.319829], [117.0840913, 39.3199545], [117.0841215, 39.3200764], [117.0841617, 39.3201711], [117.0842056, 39.3202549], [117.0842636, 39.3203569], [117.0843391, 39.3204787], [117.0844382, 39.3206349], [117.0845585, 39.320791], [117.0846448, 39.3209019], [117.0847558, 39.3210291], [117.0848752, 39.3211576], [117.0850324, 39.321322], [117.0853856, 39.3216864], [117.0855484, 39.3218526]]}}, {"type": "Feature", "properties": {"osmWayId": 1487075846, "bridge": "viaduct", "highway": "trunk", "layer": "1", "name": "京滨线", "oneway": "yes", "ref": "G103", "sourceMembership": "g103-tag"}, "geometry": {"type": "LineString", "coordinates": [[117.640651, 39.0323608], [117.6403815, 39.0324257], [117.6399399, 39.0325319], [117.6380488, 39.032962], [117.6348422, 39.0336825], [117.6327504, 39.0341679]]}}, {"type": "Feature", "properties": {"osmWayId": 1487075847, "highway": "trunk", "name": "京滨线", "oneway": "yes", "ref": "G103", "sourceMembership": "g103-tag"}, "geometry": {"type": "LineString", "coordinates": [[117.6413072, 39.0321989], [117.6412169, 39.0322204], [117.640651, 39.0323608]]}}, {"type": "Feature", "properties": {"osmWayId": 1487075848, "bridge": "yes", "highway": "trunk", "lanes": "2", "layer": "1", "name": "京滨线", "oneway": "yes", "ref": "G103", "surface": "asphalt", "sourceMembership": "g103-tag"}, "geometry": {"type": "LineString", "coordinates": [[117.632702, 39.0340469], [117.6366787, 39.0331484], [117.640609, 39.0322552]]}}, {"type": "Feature", "properties": {"osmWayId": 1487075849, "highway": "trunk", "lanes": "2", "name": "京滨线", "oneway": "yes", "ref": "G103", "surface": "asphalt", "sourceMembership": "g103-tag"}, "geometry": {"type": "LineString", "coordinates": [[117.640609, 39.0322552], [117.6412733, 39.0321148]]}}, {"type": "Feature", "properties": {"osmWayId": 1535266564, "foot": "yes", "highway": "trunk", "lanes": "4", "name": "京滨线", "oneway": "yes", "ref": "G103", "sourceMembership": "g103-tag"}, "geometry": {"type": "LineString", "coordinates": [[117.0837523, 39.3182206], [117.0837871, 39.3180913]]}}, {"type": "Feature", "properties": {"osmWayId": 1535266566, "foot": "yes", "highway": "trunk", "lanes": "4", "name": "京滨线", "oneway": "yes", "ref": "G103", "sourceMembership": "g103-tag"}, "geometry": {"type": "LineString", "coordinates": [[117.0840363, 39.3181415], [117.0840031, 39.3182638]]}}]}